Raw_Text,1_Matched_Keywords,2_Category_Scores,3_Max_Score,4_Predicted_Category
อาจารย์ครับ ตารางเรียนไม่ขึ้นระบบ รบกวนให้คำแนะนำที,"['ตารางเรียน', 'อาจารย์', 'ระบบ']","{'การเดินทาง / รถเมล์มพ.': 0, 'สิ่งอำนวยความสะดวกและอาคารสถานที่': 0, 'สุขอนามัยและความสะอาด': 0, 'การเรียนการสอนและหลักสูตร': 17, 'โรงอาหาร / ร้านค้าบริการ': 0, 'ความปลอดภัยและจราจร': 0, 'ระบบเครือข่ายและเทคโนโลยี': 4, 'บริการและสวัสดิการนิสิต': 0}",17,การเรียนการสอนและหลักสูตร
แจ้งทำความสะอาดตรงโรงอาหาร กิ่งไม้หักขวางทาง ครับ,"['กิ่งไม้หัก', 'ทำความสะอาด', 'โรงอาหาร', 'อาหาร']","{'การเดินทาง / รถเมล์มพ.': 0, 'สิ่งอำนวยความสะดวกและอาคารสถานที่': 0, 'สุขอนามัยและความสะอาด': 21, 'การเรียนการสอนและหลักสูตร': 0, 'โรงอาหาร / ร้านค้าบริการ': 13, 'ความปลอดภัยและจราจร': 0, 'ระบบเครือข่ายและเทคโนโลยี': 0, 'บริการและสวัสดิการนิสิต': 0}",21,สุขอนามัยและความสะอาด
ลืมรหัสผ่านเข้าระบบ ตอนนี้อยู่ตึกคณะ ทำงานไม่ได้เลย,"['ลืมรหัสผ่าน', 'ระบบ']","{'การเดินทาง / รถเมล์มพ.': 0, 'สิ่งอำนวยความสะดวกและอาคารสถานที่': 0, 'สุขอนามัยและความสะอาด': 0, 'การเรียนการสอนและหลักสูตร': 0, 'โรงอาหาร / ร้านค้าบริการ': 0, 'ความปลอดภัยและจราจร': 0, 'ระบบเครือข่ายและเทคโนโลยี': 15, 'บริการและสวัสดิการนิสิต': 0}",15,ระบบเครือข่ายและเทคโนโลยี
รปภ. ช่วยดูตรงทางแยก หน่อยครับ หมวกกันน็อคหาย,"['รปภ.', 'รปภ', 'หมวกกันน็อคหาย']","{'การเดินทาง / รถเมล์มพ.': 0, 'สิ่งอำนวยความสะดวกและอาคารสถานที่': 0, 'สุขอนามัยและความสะอาด': 0, 'การเรียนการสอนและหลักสูตร': 0, 'โรงอาหาร / ร้านค้าบริการ': 0, 'ความปลอดภัยและจราจร': 7, 'ระบบเครือข่ายและเทคโนโลยี': 0, 'บริการและสวัสดิการนิสิต': 14}",14,บริการและสวัสดิการนิสิต
รปภ. ช่วยดูตรงหน้ามอ หน่อยครับ คนจอดรถขวางทาง,"['รปภ.', 'จอดรถขวาง', 'รปภ']","{'การเดินทาง / รถเมล์มพ.': 0, 'สิ่งอำนวยความสะดวกและอาคารสถานที่': 0, 'สุขอนามัยและความสะอาด': 0, 'การเรียนการสอนและหลักสูตร': 0, 'โรงอาหาร / ร้านค้าบริการ': 0, 'ความปลอดภัยและจราจร': 16, 'ระบบเครือข่ายและเทคโนโลยี': 0, 'บริการและสวัสดิการนิสิต': 0}",16,ความปลอดภัยและจราจร
อาจารย์ครับ เกรดยังไม่ออกครับ รบกวนให้คำแนะนำที,"['เกรด', 'อาจารย์']","{'การเดินทาง / รถเมล์มพ.': 0, 'สิ่งอำนวยความสะดวกและอาคารสถานที่': 0, 'สุขอนามัยและความสะอาด': 0, 'การเรียนการสอนและหลักสูตร': 11, 'โรงอาหาร / ร้านค้าบริการ': 0, 'ความปลอดภัยและจราจร': 0, 'ระบบเครือข่ายและเทคโนโลยี': 0, 'บริการและสวัสดิการนิสิต': 0}",11,การเรียนการสอนและหลักสูตร
สอบถามหน่อยครับ สอบถามเรื่องทุนการศึกษา,"['ทุนการศึกษา', 'สอบถามหน่อยครับ']","{'การเดินทาง / รถเมล์มพ.': 0, 'สิ่งอำนวยความสะดวกและอาคารสถานที่': 0, 'สุขอนามัยและความสะอาด': 0, 'การเรียนการสอนและหลักสูตร': 0, 'โรงอาหาร / ร้านค้าบริการ': 0, 'ความปลอดภัยและจราจร': 0, 'ระบบเครือข่ายและเทคโนโลยี': 0, 'บริการและสวัสดิการนิสิต': 26}",26,บริการและสวัสดิการนิสิต
อาจารย์ครับ ลงทะเบียนวิชานี้ไม่ได้ รบกวนให้คำแนะนำที,"['วิชา', 'อาจารย์']","{'การเดินทาง / รถเมล์มพ.': 0, 'สิ่งอำนวยความสะดวกและอาคารสถานที่': 0, 'สุขอนามัยและความสะอาด': 0, 'การเรียนการสอนและหลักสูตร': 11, 'โรงอาหาร / ร้านค้าบริการ': 0, 'ความปลอดภัยและจราจร': 0, 'ระบบเครือข่ายและเทคโนโลยี': 0, 'บริการและสวัสดิการนิสิต': 0}",11,การเรียนการสอนและหลักสูตร
รปภ. ช่วยดูตรงหน้ามอ หน่อยครับ หมวกกันน็อคหาย,"['รปภ.', 'รปภ', 'หมวกกันน็อคหาย']","{'การเดินทาง / รถเมล์มพ.': 0, 'สิ่งอำนวยความสะดวกและอาคารสถานที่': 0, 'สุขอนามัยและความสะอาด': 0, 'การเรียนการสอนและหลักสูตร': 0, 'โรงอาหาร / ร้านค้าบริการ': 0, 'ความปลอดภัยและจราจร': 7, 'ระบบเครือข่ายและเทคโนโลยี': 0, 'บริการและสวัสดิการนิสิต': 14}",14,บริการและสวัสดิการนิสิต
แจ้งเรื่องลิฟต์ค้าง ตรงห้อง 1204 ช่วยมาดูหน่อย,"['ลิฟต์ค้าง', 'ลิฟต์']","{'การเดินทาง / รถเมล์มพ.': 0, 'สิ่งอำนวยความสะดวกและอาคารสถานที่': 14, 'สุขอนามัยและความสะอาด': 0, 'การเรียนการสอนและหลักสูตร': 0, 'โรงอาหาร / ร้านค้าบริการ': 0, 'ความปลอดภัยและจราจร': 0, 'ระบบเครือข่ายและเทคโนโลยี': 0, 'บริการและสวัสดิการนิสิต': 0}",14,สิ่งอำนวยความสะดวกและอาคารสถานที่
แจ้งเรื่องประตูพัง ตรงห้องบรรยาย ช่วยมาดูหน่อย,"['พัง', 'ประตูพัง']","{'การเดินทาง / รถเมล์มพ.': 0, 'สิ่งอำนวยความสะดวกและอาคารสถานที่': 11, 'สุขอนามัยและความสะอาด': 0, 'การเรียนการสอนและหลักสูตร': 0, 'โรงอาหาร / ร้านค้าบริการ': 0, 'ความปลอดภัยและจราจร': 0, 'ระบบเครือข่ายและเทคโนโลยี': 0, 'บริการและสวัสดิการนิสิต': 0}",11,สิ่งอำนวยความสะดวกและอาคารสถานที่
แจ้งเรื่องไฟดับครับ ตรงห้องน้ำตึกสงวน ช่วยมาดูหน่อย,['ไฟดับ'],"{'การเดินทาง / รถเมล์มพ.': 0, 'สิ่งอำนวยความสะดวกและอาคารสถานที่': 5, 'สุขอนามัยและความสะอาด': 0, 'การเรียนการสอนและหลักสูตร': 0, 'โรงอาหาร / ร้านค้าบริการ': 0, 'ความปลอดภัยและจราจร': 0, 'ระบบเครือข่ายและเทคโนโลยี': 0, 'บริการและสวัสดิการนิสิต': 0}",5,สิ่งอำนวยความสะดวกและอาคารสถานที่
รปภ. ช่วยดูตรงหลังมอ หน่อยครับ รถติดหนักมาก,"['รถติด', 'รปภ.', 'รปภ']","{'การเดินทาง / รถเมล์มพ.': 5, 'สิ่งอำนวยความสะดวกและอาคารสถานที่': 0, 'สุขอนามัยและความสะอาด': 0, 'การเรียนการสอนและหลักสูตร': 0, 'โรงอาหาร / ร้านค้าบริการ': 0, 'ความปลอดภัยและจราจร': 7, 'ระบบเครือข่ายและเทคโนโลยี': 0, 'บริการและสวัสดิการนิสิต': 0}",7,ความปลอดภัยและจราจร
อาจารย์ครับ ขอสอบชดเชยต้องทำไง รบกวนให้คำแนะนำที,"['ขอสอบชดเชย', 'อาจารย์']","{'การเดินทาง / รถเมล์มพ.': 0, 'สิ่งอำนวยความสะดวกและอาคารสถานที่': 0, 'สุขอนามัยและความสะอาด': 0, 'การเรียนการสอนและหลักสูตร': 17, 'โรงอาหาร / ร้านค้าบริการ': 0, 'ความปลอดภัยและจราจร': 0, 'ระบบเครือข่ายและเทคโนโลยี': 0, 'บริการและสวัสดิการนิสิต': 0}",17,การเรียนการสอนและหลักสูตร
รปภ. ช่วยดูตรงหน้ามอ หน่อยครับ หมวกกันน็อคหาย,"['รปภ.', 'รปภ', 'หมวกกันน็อคหาย']","{'การเดินทาง / รถเมล์มพ.': 0, 'สิ่งอำนวยความสะดวกและอาคารสถานที่': 0, 'สุขอนามัยและความสะอาด': 0, 'การเรียนการสอนและหลักสูตร': 0, 'โรงอาหาร / ร้านค้าบริการ': 0, 'ความปลอดภัยและจราจร': 7, 'ระบบเครือข่ายและเทคโนโลยี': 0, 'บริการและสวัสดิการนิสิต': 14}",14,บริการและสวัสดิการนิสิต
อาจารย์ครับ ตารางเรียนไม่ขึ้นระบบ รบกวนให้คำแนะนำที,"['ตารางเรียน', 'อาจารย์', 'ระบบ']","{'การเดินทาง / รถเมล์มพ.': 0, 'สิ่งอำนวยความสะดวกและอาคารสถานที่': 0, 'สุขอนามัยและความสะอาด': 0, 'การเรียนการสอนและหลักสูตร': 17, 'โรงอาหาร / ร้านค้าบริการ': 0, 'ความปลอดภัยและจราจร': 0, 'ระบบเครือข่ายและเทคโนโลยี': 4, 'บริการและสวัสดิการนิสิต': 0}",17,การเรียนการสอนและหลักสูตร
สอบถามหน่อยครับ อยากทราบกำหนดการกิจกรรมรับน้อง,"['กิจกรรม', 'สอบถามหน่อยครับ']","{'การเดินทาง / รถเมล์มพ.': 0, 'สิ่งอำนวยความสะดวกและอาคารสถานที่': 0, 'สุขอนามัยและความสะอาด': 0, 'การเรียนการสอนและหลักสูตร': 0, 'โรงอาหาร / ร้านค้าบริการ': 0, 'ความปลอดภัยและจราจร': 0, 'ระบบเครือข่ายและเทคโนโลยี': 0, 'บริการและสวัสดิการนิสิต': 22}",22,บริการและสวัสดิการนิสิต
อาจารย์ครับ ลงทะเบียนวิชานี้ไม่ได้ รบกวนให้คำแนะนำที,"['วิชา', 'อาจารย์']","{'การเดินทาง / รถเมล์มพ.': 0, 'สิ่งอำนวยความสะดวกและอาคารสถานที่': 0, 'สุขอนามัยและความสะอาด': 0, 'การเรียนการสอนและหลักสูตร': 11, 'โรงอาหาร / ร้านค้าบริการ': 0, 'ความปลอดภัยและจราจร': 0, 'ระบบเครือข่ายและเทคโนโลยี': 0, 'บริการและสวัสดิการนิสิต': 0}",11,การเรียนการสอนและหลักสูตร
อาจารย์ครับ ตารางเรียนไม่ขึ้นระบบ รบกวนให้คำแนะนำที,"['ตารางเรียน', 'อาจารย์', 'ระบบ']","{'การเดินทาง / รถเมล์มพ.': 0, 'สิ่งอำนวยความสะดวกและอาคารสถานที่': 0, 'สุขอนามัยและความสะอาด': 0, 'การเรียนการสอนและหลักสูตร': 17, 'โรงอาหาร / ร้านค้าบริการ': 0, 'ความปลอดภัยและจราจร': 0, 'ระบบเครือข่ายและเทคโนโลยี': 4, 'บริการและสวัสดิการนิสิต': 0}",17,การเรียนการสอนและหลักสูตร
แจ้งทำความสะอาดตรงโรงอาหาร กิ่งไม้หักขวางทาง ครับ,"['กิ่งไม้หัก', 'ทำความสะอาด', 'โรงอาหาร', 'อาหาร']","{'การเดินทาง / รถเมล์มพ.': 0, 'สิ่งอำนวยความสะดวกและอาคารสถานที่': 0, 'สุขอนามัยและความสะอาด': 21, 'การเรียนการสอนและหลักสูตร': 0, 'โรงอาหาร / ร้านค้าบริการ': 13, 'ความปลอดภัยและจราจร': 0, 'ระบบเครือข่ายและเทคโนโลยี': 0, 'บริการและสวัสดิการนิสิต': 0}",21,สุขอนามัยและความสะอาด
รปภ. ช่วยดูตรงทางแยก หน่อยครับ ทางมืดมากอันตราย,"['อันตราย', 'รปภ.', 'ทางมืด', 'รปภ']","{'การเดินทาง / รถเมล์มพ.': 0, 'สิ่งอำนวยความสะดวกและอาคารสถานที่': 0, 'สุขอนามัยและความสะอาด': 0, 'การเรียนการสอนและหลักสูตร': 0, 'โรงอาหาร / ร้านค้าบริการ': 0, 'ความปลอดภัยและจราจร': 20, 'ระบบเครือข่ายและเทคโนโลยี': 0, 'บริการและสวัสดิการนิสิต': 0}",20,ความปลอดภัยและจราจร
รปภ. ช่วยดูตรงหน้ามอ หน่อยครับ หมวกกันน็อคหาย,"['รปภ.', 'รปภ', 'หมวกกันน็อคหาย']","{'การเดินทาง / รถเมล์มพ.': 0, 'สิ่งอำนวยความสะดวกและอาคารสถานที่': 0, 'สุขอนามัยและความสะอาด': 0, 'การเรียนการสอนและหลักสูตร': 0, 'โรงอาหาร / ร้านค้าบริการ': 0, 'ความปลอดภัยและจราจร': 7, 'ระบบเครือข่ายและเทคโนโลยี': 0, 'บริการและสวัสดิการนิสิต': 14}",14,บริการและสวัสดิการนิสิต
สอบถามหน่อยครับ สอบถามเรื่องทุนการศึกษา,"['ทุนการศึกษา', 'สอบถามหน่อยครับ']","{'การเดินทาง / รถเมล์มพ.': 0, 'สิ่งอำนวยความสะดวกและอาคารสถานที่': 0, 'สุขอนามัยและความสะอาด': 0, 'การเรียนการสอนและหลักสูตร': 0, 'โรงอาหาร / ร้านค้าบริการ': 0, 'ความปลอดภัยและจราจร': 0, 'ระบบเครือข่ายและเทคโนโลยี': 0, 'บริการและสวัสดิการนิสิต': 26}",26,บริการและสวัสดิการนิสิต
รปภ. ช่วยดูตรงหลังมอ หน่อยครับ คนจอดรถขวางทาง,"['รปภ.', 'จอดรถขวาง', 'รปภ']","{'การเดินทาง / รถเมล์มพ.': 0, 'สิ่งอำนวยความสะดวกและอาคารสถานที่': 0, 'สุขอนามัยและความสะอาด': 0, 'การเรียนการสอนและหลักสูตร': 0, 'โรงอาหาร / ร้านค้าบริการ': 0, 'ความปลอดภัยและจราจร': 16, 'ระบบเครือข่ายและเทคโนโลยี': 0, 'บริการและสวัสดิการนิสิต': 0}",16,ความปลอดภัยและจราจร
แจ้งเรื่องไฟดับครับ ตรงห้องบรรยาย ช่วยมาดูหน่อย,['ไฟดับ'],"{'การเดินทาง / รถเมล์มพ.': 0, 'สิ่งอำนวยความสะดวกและอาคารสถานที่': 5, 'สุขอนามัยและความสะอาด': 0, 'การเรียนการสอนและหลักสูตร': 0, 'โรงอาหาร / ร้านค้าบริการ': 0, 'ความปลอดภัยและจราจร': 0, 'ระบบเครือข่ายและเทคโนโลยี': 0, 'บริการและสวัสดิการนิสิต': 0}",5,สิ่งอำนวยความสะดวกและอาคารสถานที่
สอบถามหน่อยครับ รถเมล์สาย 1 หมดกี่โมง,"['รถเมล์', 'รถเมล์สาย', 'สอบถามหน่อยครับ']","{'การเดินทาง / รถเมล์มพ.': 15, 'สิ่งอำนวยความสะดวกและอาคารสถานที่': 0, 'สุขอนามัยและความสะอาด': 0, 'การเรียนการสอนและหลักสูตร': 0, 'โรงอาหาร / ร้านค้าบริการ': 0, 'ความปลอดภัยและจราจร': 0, 'ระบบเครือข่ายและเทคโนโลยี': 0, 'บริการและสวัสดิการนิสิต': 15}",15,การเดินทาง / รถเมล์มพ.
อาจารย์ครับ เกรดยังไม่ออกครับ รบกวนให้คำแนะนำที,"['เกรด', 'อาจารย์']","{'การเดินทาง / รถเมล์มพ.': 0, 'สิ่งอำนวยความสะดวกและอาคารสถานที่': 0, 'สุขอนามัยและความสะอาด': 0, 'การเรียนการสอนและหลักสูตร': 11, 'โรงอาหาร / ร้านค้าบริการ': 0, 'ความปลอดภัยและจราจร': 0, 'ระบบเครือข่ายและเทคโนโลยี': 0, 'บริการและสวัสดิการนิสิต': 0}",11,การเรียนการสอนและหลักสูตร
สอบถามหน่อยครับ ทำบัตรนิสิตใหม่ที่ไหน,"['บัตรนิสิต', 'สอบถามหน่อยครับ']","{'การเดินทาง / รถเมล์มพ.': 0, 'สิ่งอำนวยความสะดวกและอาคารสถานที่': 0, 'สุขอนามัยและความสะอาด': 0, 'การเรียนการสอนและหลักสูตร': 0, 'โรงอาหาร / ร้านค้าบริการ': 0, 'ความปลอดภัยและจราจร': 0, 'ระบบเครือข่ายและเทคโนโลยี': 0, 'บริการและสวัสดิการนิสิต': 24}",24,บริการและสวัสดิการนิสิต
สอบถามหน่อยครับ อยากทราบกำหนดการกิจกรรมรับน้อง,"['กิจกรรม', 'สอบถามหน่อยครับ']","{'การเดินทาง / รถเมล์มพ.': 0, 'สิ่งอำนวยความสะดวกและอาคารสถานที่': 0, 'สุขอนามัยและความสะอาด': 0, 'การเรียนการสอนและหลักสูตร': 0, 'โรงอาหาร / ร้านค้าบริการ': 0, 'ความปลอดภัยและจราจร': 0, 'ระบบเครือข่ายและเทคโนโลยี': 0, 'บริการและสวัสดิการนิสิต': 22}",22,บริการและสวัสดิการนิสิต
รปภ. ช่วยดูตรงประตู 2 หน่อยครับ มีรถชนกัน,"['รถชน', 'รปภ.', 'รปภ', 'ประตู 2']","{'การเดินทาง / รถเมล์มพ.': 0, 'สิ่งอำนวยความสะดวกและอาคารสถานที่': 0, 'สุขอนามัยและความสะอาด': 0, 'การเรียนการสอนและหลักสูตร': 0, 'โรงอาหาร / ร้านค้าบริการ': 0, 'ความปลอดภัยและจราจร': 18, 'ระบบเครือข่ายและเทคโนโลยี': 0, 'บริการและสวัสดิการนิสิต': 0}",18,ความปลอดภัยและจราจร
แจ้งทำความสะอาดตรงโรงอาหาร มีหมาจรจัดมาคุ้ยขยะ ครับ,"['หมาจรจัด', 'ทำความสะอาด', 'โรงอาหาร', 'อาหาร']","{'การเดินทาง / รถเมล์มพ.': 0, 'สิ่งอำนวยความสะดวกและอาคารสถานที่': 0, 'สุขอนามัยและความสะอาด': 19, 'การเรียนการสอนและหลักสูตร': 0, 'โรงอาหาร / ร้านค้าบริการ': 13, 'ความปลอดภัยและจราจร': 0, 'ระบบเครือข่ายและเทคโนโลยี': 0, 'บริการและสวัสดิการนิสิต': 0}",19,สุขอนามัยและความสะอาด
แจ้งเรื่องหลังคารั่วหนักมาก ตรงอาคารเรียนรวม ช่วยมาดูหน่อย,['หลังคารั่ว'],"{'การเดินทาง / รถเมล์มพ.': 0, 'สิ่งอำนวยความสะดวกและอาคารสถานที่': 10, 'สุขอนามัยและความสะอาด': 0, 'การเรียนการสอนและหลักสูตร': 0, 'โรงอาหาร / ร้านค้าบริการ': 0, 'ความปลอดภัยและจราจร': 0, 'ระบบเครือข่ายและเทคโนโลยี': 0, 'บริการและสวัสดิการนิสิต': 0}",10,สิ่งอำนวยความสะดวกและอาคารสถานที่
แจ้งเรื่องประตูพัง ตรงอาคารเรียนรวม ช่วยมาดูหน่อย,"['พัง', 'ประตูพัง']","{'การเดินทาง / รถเมล์มพ.': 0, 'สิ่งอำนวยความสะดวกและอาคารสถานที่': 11, 'สุขอนามัยและความสะอาด': 0, 'การเรียนการสอนและหลักสูตร': 0, 'โรงอาหาร / ร้านค้าบริการ': 0, 'ความปลอดภัยและจราจร': 0, 'ระบบเครือข่ายและเทคโนโลยี': 0, 'บริการและสวัสดิการนิสิต': 0}",11,สิ่งอำนวยความสะดวกและอาคารสถานที่
แจ้งเรื่องแอร์ไม่เย็นเลย ตรงห้องบรรยาย ช่วยมาดูหน่อย,"['แอร์ไม่เย็น', 'แอร์']","{'การเดินทาง / รถเมล์มพ.': 0, 'สิ่งอำนวยความสะดวกและอาคารสถานที่': 15, 'สุขอนามัยและความสะอาด': 0, 'การเรียนการสอนและหลักสูตร': 0, 'โรงอาหาร / ร้านค้าบริการ': 0, 'ความปลอดภัยและจราจร': 0, 'ระบบเครือข่ายและเทคโนโลยี': 0, 'บริการและสวัสดิการนิสิต': 0}",15,สิ่งอำนวยความสะดวกและอาคารสถานที่
เน็ตหลุดบ่อยมาก ตอนนี้อยู่หอพักใน ทำงานไม่ได้เลย,"['เน็ตหลุด', 'หลุดบ่อย']","{'การเดินทาง / รถเมล์มพ.': 0, 'สิ่งอำนวยความสะดวกและอาคารสถานที่': 0, 'สุขอนามัยและความสะอาด': 0, 'การเรียนการสอนและหลักสูตร': 0, 'โรงอาหาร / ร้านค้าบริการ': 0, 'ความปลอดภัยและจราจร': 0, 'ระบบเครือข่ายและเทคโนโลยี': 16, 'บริการและสวัสดิการนิสิต': 0}",16,ระบบเครือข่ายและเทคโนโลยี
แจ้งเรื่องไฟดับครับ ตรงห้องน้ำตึกสงวน ช่วยมาดูหน่อย,['ไฟดับ'],"{'การเดินทาง / รถเมล์มพ.': 0, 'สิ่งอำนวยความสะดวกและอาคารสถานที่': 5, 'สุขอนามัยและความสะอาด': 0, 'การเรียนการสอนและหลักสูตร': 0, 'โรงอาหาร / ร้านค้าบริการ': 0, 'ความปลอดภัยและจราจร': 0, 'ระบบเครือข่ายและเทคโนโลยี': 0, 'บริการและสวัสดิการนิสิต': 0}",5,สิ่งอำนวยความสะดวกและอาคารสถานที่
อาจารย์ครับ ตารางเรียนไม่ขึ้นระบบ รบกวนให้คำแนะนำที,"['ตารางเรียน', 'อาจารย์', 'ระบบ']","{'การเดินทาง / รถเมล์มพ.': 0, 'สิ่งอำนวยความสะดวกและอาคารสถานที่': 0, 'สุขอนามัยและความสะอาด': 0, 'การเรียนการสอนและหลักสูตร': 17, 'โรงอาหาร / ร้านค้าบริการ': 0, 'ความปลอดภัยและจราจร': 0, 'ระบบเครือข่ายและเทคโนโลยี': 4, 'บริการและสวัสดิการนิสิต': 0}",17,การเรียนการสอนและหลักสูตร
อาจารย์ครับ เกรดยังไม่ออกครับ รบกวนให้คำแนะนำที,"['เกรด', 'อาจารย์']","{'การเดินทาง / รถเมล์มพ.': 0, 'สิ่งอำนวยความสะดวกและอาคารสถานที่': 0, 'สุขอนามัยและความสะอาด': 0, 'การเรียนการสอนและหลักสูตร': 11, 'โรงอาหาร / ร้านค้าบริการ': 0, 'ความปลอดภัยและจราจร': 0, 'ระบบเครือข่ายและเทคโนโลยี': 0, 'บริการและสวัสดิการนิสิต': 0}",11,การเรียนการสอนและหลักสูตร
ไวไฟเข้าไม่ได้ ตอนนี้อยู่ตึกคณะ ทำงานไม่ได้เลย,"['ไวไฟเข้าไม่ได้', 'ไวไฟ']","{'การเดินทาง / รถเมล์มพ.': 0, 'สิ่งอำนวยความสะดวกและอาคารสถานที่': 0, 'สุขอนามัยและความสะอาด': 0, 'การเรียนการสอนและหลักสูตร': 0, 'โรงอาหาร / ร้านค้าบริการ': 0, 'ความปลอดภัยและจราจร': 0, 'ระบบเครือข่ายและเทคโนโลยี': 18, 'บริการและสวัสดิการนิสิต': 0}",18,ระบบเครือข่ายและเทคโนโลยี
สอบถามหน่อยครับ อยากทราบกำหนดการกิจกรรมรับน้อง,"['กิจกรรม', 'สอบถามหน่อยครับ']","{'การเดินทาง / รถเมล์มพ.': 0, 'สิ่งอำนวยความสะดวกและอาคารสถานที่': 0, 'สุขอนามัยและความสะอาด': 0, 'การเรียนการสอนและหลักสูตร': 0, 'โรงอาหาร / ร้านค้าบริการ': 0, 'ความปลอดภัยและจราจร': 0, 'ระบบเครือข่ายและเทคโนโลยี': 0, 'บริการและสวัสดิการนิสิต': 22}",22,บริการและสวัสดิการนิสิต
รปภ. ช่วยดูตรงลานจอดรถ หน่อยครับ ทางมืดมากอันตราย,"['อันตราย', 'รปภ.', 'ทางมืด', 'รปภ']","{'การเดินทาง / รถเมล์มพ.': 0, 'สิ่งอำนวยความสะดวกและอาคารสถานที่': 0, 'สุขอนามัยและความสะอาด': 0, 'การเรียนการสอนและหลักสูตร': 0, 'โรงอาหาร / ร้านค้าบริการ': 0, 'ความปลอดภัยและจราจร': 20, 'ระบบเครือข่ายและเทคโนโลยี': 0, 'บริการและสวัสดิการนิสิต': 0}",20,ความปลอดภัยและจราจร
รปภ. ช่วยดูตรงหน้ามอ หน่อยครับ คนจอดรถขวางทาง,"['รปภ.', 'จอดรถขวาง', 'รปภ']","{'การเดินทาง / รถเมล์มพ.': 0, 'สิ่งอำนวยความสะดวกและอาคารสถานที่': 0, 'สุขอนามัยและความสะอาด': 0, 'การเรียนการสอนและหลักสูตร': 0, 'โรงอาหาร / ร้านค้าบริการ': 0, 'ความปลอดภัยและจราจร': 16, 'ระบบเครือข่ายและเทคโนโลยี': 0, 'บริการและสวัสดิการนิสิต': 0}",16,ความปลอดภัยและจราจร
แจ้งเรื่องหลังคารั่วหนักมาก ตรงห้องบรรยาย ช่วยมาดูหน่อย,['หลังคารั่ว'],"{'การเดินทาง / รถเมล์มพ.': 0, 'สิ่งอำนวยความสะดวกและอาคารสถานที่': 10, 'สุขอนามัยและความสะอาด': 0, 'การเรียนการสอนและหลักสูตร': 0, 'โรงอาหาร / ร้านค้าบริการ': 0, 'ความปลอดภัยและจราจร': 0, 'ระบบเครือข่ายและเทคโนโลยี': 0, 'บริการและสวัสดิการนิสิต': 0}",10,สิ่งอำนวยความสะดวกและอาคารสถานที่
สอบถามหน่อยครับ รถเมล์สาย 1 หมดกี่โมง,"['รถเมล์', 'รถเมล์สาย', 'สอบถามหน่อยครับ']","{'การเดินทาง / รถเมล์มพ.': 15, 'สิ่งอำนวยความสะดวกและอาคารสถานที่': 0, 'สุขอนามัยและความสะอาด': 0, 'การเรียนการสอนและหลักสูตร': 0, 'โรงอาหาร / ร้านค้าบริการ': 0, 'ความปลอดภัยและจราจร': 0, 'ระบบเครือข่ายและเทคโนโลยี': 0, 'บริการและสวัสดิการนิสิต': 15}",15,การเดินทาง / รถเมล์มพ.
รปภ. ช่วยดูตรงประตู 2 หน่อยครับ คนจอดรถขวางทาง,"['รปภ.', 'จอดรถขวาง', 'รปภ', 'ประตู 2']","{'การเดินทาง / รถเมล์มพ.': 0, 'สิ่งอำนวยความสะดวกและอาคารสถานที่': 0, 'สุขอนามัยและความสะอาด': 0, 'การเรียนการสอนและหลักสูตร': 0, 'โรงอาหาร / ร้านค้าบริการ': 0, 'ความปลอดภัยและจราจร': 23, 'ระบบเครือข่ายและเทคโนโลยี': 0, 'บริการและสวัสดิการนิสิต': 0}",23,ความปลอดภัยและจราจร
สอบถามหน่อยครับ สอบถามเรื่องทุนการศึกษา,"['ทุนการศึกษา', 'สอบถามหน่อยครับ']","{'การเดินทาง / รถเมล์มพ.': 0, 'สิ่งอำนวยความสะดวกและอาคารสถานที่': 0, 'สุขอนามัยและความสะอาด': 0, 'การเรียนการสอนและหลักสูตร': 0, 'โรงอาหาร / ร้านค้าบริการ': 0, 'ความปลอดภัยและจราจร': 0, 'ระบบเครือข่ายและเทคโนโลยี': 0, 'บริการและสวัสดิการนิสิต': 26}",26,บริการและสวัสดิการนิสิต
แจ้งทำความสะอาดตรงสวนหน้าตึก ขยะล้นถังส่งกลิ่นเหม็น ครับ,"['ขยะล้น', 'เหม็น', 'ทำความสะอาด', 'กลิ่นเหม็น']","{'การเดินทาง / รถเมล์มพ.': 0, 'สิ่งอำนวยความสะดวกและอาคารสถานที่': 0, 'สุขอนามัยและความสะอาด': 32, 'การเรียนการสอนและหลักสูตร': 0, 'โรงอาหาร / ร้านค้าบริการ': 0, 'ความปลอดภัยและจราจร': 0, 'ระบบเครือข่ายและเทคโนโลยี': 0, 'บริการและสวัสดิการนิสิต': 0}",32,สุขอนามัยและความสะอาด
รปภ. ช่วยดูตรงหน้ามอ หน่อยครับ รถติดหนักมาก,"['รถติด', 'รปภ.', 'รปภ']","{'การเดินทาง / รถเมล์มพ.': 5, 'สิ่งอำนวยความสะดวกและอาคารสถานที่': 0, 'สุขอนามัยและความสะอาด': 0, 'การเรียนการสอนและหลักสูตร': 0, 'โรงอาหาร / ร้านค้าบริการ': 0, 'ความปลอดภัยและจราจร': 7, 'ระบบเครือข่ายและเทคโนโลยี': 0, 'บริการและสวัสดิการนิสิต': 0}",7,ความปลอดภัยและจราจร
อาจารย์ครับ ลงทะเบียนวิชานี้ไม่ได้ รบกวนให้คำแนะนำที,"['วิชา', 'อาจารย์']","{'การเดินทาง / รถเมล์มพ.': 0, 'สิ่งอำนวยความสะดวกและอาคารสถานที่': 0, 'สุขอนามัยและความสะอาด': 0, 'การเรียนการสอนและหลักสูตร': 11, 'โรงอาหาร / ร้านค้าบริการ': 0, 'ความปลอดภัยและจราจร': 0, 'ระบบเครือข่ายและเทคโนโลยี': 0, 'บริการและสวัสดิการนิสิต': 0}",11,การเรียนการสอนและหลักสูตร
สอบถามหน่อยครับ อยากทราบกำหนดการกิจกรรมรับน้อง,"['กิจกรรม', 'สอบถามหน่อยครับ']","{'การเดินทาง / รถเมล์มพ.': 0, 'สิ่งอำนวยความสะดวกและอาคารสถานที่': 0, 'สุขอนามัยและความสะอาด': 0, 'การเรียนการสอนและหลักสูตร': 0, 'โรงอาหาร / ร้านค้าบริการ': 0, 'ความปลอดภัยและจราจร': 0, 'ระบบเครือข่ายและเทคโนโลยี': 0, 'บริการและสวัสดิการนิสิต': 22}",22,บริการและสวัสดิการนิสิต
รปภ. ช่วยดูตรงหน้ามอ หน่อยครับ คนจอดรถขวางทาง,"['รปภ.', 'จอดรถขวาง', 'รปภ']","{'การเดินทาง / รถเมล์มพ.': 0, 'สิ่งอำนวยความสะดวกและอาคารสถานที่': 0, 'สุขอนามัยและความสะอาด': 0, 'การเรียนการสอนและหลักสูตร': 0, 'โรงอาหาร / ร้านค้าบริการ': 0, 'ความปลอดภัยและจราจร': 16, 'ระบบเครือข่ายและเทคโนโลยี': 0, 'บริการและสวัสดิการนิสิต': 0}",16,ความปลอดภัยและจราจร
แจ้งทำความสะอาดตรงสนามบาส สกปรกมากไม่ทำความสะอาด ครับ,"['สกปรก', 'ไม่ทำความสะอาด', 'ทำความสะอาด']","{'การเดินทาง / รถเมล์มพ.': 0, 'สิ่งอำนวยความสะดวกและอาคารสถานที่': 0, 'สุขอนามัยและความสะอาด': 30, 'การเรียนการสอนและหลักสูตร': 0, 'โรงอาหาร / ร้านค้าบริการ': 0, 'ความปลอดภัยและจราจร': 0, 'ระบบเครือข่ายและเทคโนโลยี': 0, 'บริการและสวัสดิการนิสิต': 0}",30,สุขอนามัยและความสะอาด
แจ้งเรื่องประตูพัง ตรงตึก ICT ช่วยมาดูหน่อย,"['พัง', 'ประตูพัง']","{'การเดินทาง / รถเมล์มพ.': 0, 'สิ่งอำนวยความสะดวกและอาคารสถานที่': 11, 'สุขอนามัยและความสะอาด': 0, 'การเรียนการสอนและหลักสูตร': 0, 'โรงอาหาร / ร้านค้าบริการ': 0, 'ความปลอดภัยและจราจร': 0, 'ระบบเครือข่ายและเทคโนโลยี': 0, 'บริการและสวัสดิการนิสิต': 0}",11,สิ่งอำนวยความสะดวกและอาคารสถานที่
แจ้งเรื่องประตูพัง ตรงห้องบรรยาย ช่วยมาดูหน่อย,"['พัง', 'ประตูพัง']","{'การเดินทาง / รถเมล์มพ.': 0, 'สิ่งอำนวยความสะดวกและอาคารสถานที่': 11, 'สุขอนามัยและความสะอาด': 0, 'การเรียนการสอนและหลักสูตร': 0, 'โรงอาหาร / ร้านค้าบริการ': 0, 'ความปลอดภัยและจราจร': 0, 'ระบบเครือข่ายและเทคโนโลยี': 0, 'บริการและสวัสดิการนิสิต': 0}",11,สิ่งอำนวยความสะดวกและอาคารสถานที่
สอบถามหน่อยครับ อยากทราบกำหนดการกิจกรรมรับน้อง,"['กิจกรรม', 'สอบถามหน่อยครับ']","{'การเดินทาง / รถเมล์มพ.': 0, 'สิ่งอำนวยความสะดวกและอาคารสถานที่': 0, 'สุขอนามัยและความสะอาด': 0, 'การเรียนการสอนและหลักสูตร': 0, 'โรงอาหาร / ร้านค้าบริการ': 0, 'ความปลอดภัยและจราจร': 0, 'ระบบเครือข่ายและเทคโนโลยี': 0, 'บริการและสวัสดิการนิสิต': 22}",22,บริการและสวัสดิการนิสิต
อาจารย์ครับ ขอสอบชดเชยต้องทำไง รบกวนให้คำแนะนำที,"['ขอสอบชดเชย', 'อาจารย์']","{'การเดินทาง / รถเมล์มพ.': 0, 'สิ่งอำนวยความสะดวกและอาคารสถานที่': 0, 'สุขอนามัยและความสะอาด': 0, 'การเรียนการสอนและหลักสูตร': 17, 'โรงอาหาร / ร้านค้าบริการ': 0, 'ความปลอดภัยและจราจร': 0, 'ระบบเครือข่ายและเทคโนโลยี': 0, 'บริการและสวัสดิการนิสิต': 0}",17,การเรียนการสอนและหลักสูตร
รปภ. ช่วยดูตรงหลังมอ หน่อยครับ คนจอดรถขวางทาง,"['รปภ.', 'จอดรถขวาง', 'รปภ']","{'การเดินทาง / รถเมล์มพ.': 0, 'สิ่งอำนวยความสะดวกและอาคารสถานที่': 0, 'สุขอนามัยและความสะอาด': 0, 'การเรียนการสอนและหลักสูตร': 0, 'โรงอาหาร / ร้านค้าบริการ': 0, 'ความปลอดภัยและจราจร': 16, 'ระบบเครือข่ายและเทคโนโลยี': 0, 'บริการและสวัสดิการนิสิต': 0}",16,ความปลอดภัยและจราจร
เน็ตหลุดบ่อยมาก ตอนนี้อยู่หอพักใน ทำงานไม่ได้เลย,"['เน็ตหลุด', 'หลุดบ่อย']","{'การเดินทาง / รถเมล์มพ.': 0, 'สิ่งอำนวยความสะดวกและอาคารสถานที่': 0, 'สุขอนามัยและความสะอาด': 0, 'การเรียนการสอนและหลักสูตร': 0, 'โรงอาหาร / ร้านค้าบริการ': 0, 'ความปลอดภัยและจราจร': 0, 'ระบบเครือข่ายและเทคโนโลยี': 16, 'บริการและสวัสดิการนิสิต': 0}",16,ระบบเครือข่ายและเทคโนโลยี
แจ้งเรื่องลิฟต์ค้าง ตรงอาคารเรียนรวม ช่วยมาดูหน่อย,"['ลิฟต์ค้าง', 'ลิฟต์']","{'การเดินทาง / รถเมล์มพ.': 0, 'สิ่งอำนวยความสะดวกและอาคารสถานที่': 14, 'สุขอนามัยและความสะอาด': 0, 'การเรียนการสอนและหลักสูตร': 0, 'โรงอาหาร / ร้านค้าบริการ': 0, 'ความปลอดภัยและจราจร': 0, 'ระบบเครือข่ายและเทคโนโลยี': 0, 'บริการและสวัสดิการนิสิต': 0}",14,สิ่งอำนวยความสะดวกและอาคารสถานที่
อาจารย์ครับ ตารางเรียนไม่ขึ้นระบบ รบกวนให้คำแนะนำที,"['ตารางเรียน', 'อาจารย์', 'ระบบ']","{'การเดินทาง / รถเมล์มพ.': 0, 'สิ่งอำนวยความสะดวกและอาคารสถานที่': 0, 'สุขอนามัยและความสะอาด': 0, 'การเรียนการสอนและหลักสูตร': 17, 'โรงอาหาร / ร้านค้าบริการ': 0, 'ความปลอดภัยและจราจร': 0, 'ระบบเครือข่ายและเทคโนโลยี': 4, 'บริการและสวัสดิการนิสิต': 0}",17,การเรียนการสอนและหลักสูตร
สอบถามหน่อยครับ ทำบัตรนิสิตใหม่ที่ไหน,"['บัตรนิสิต', 'สอบถามหน่อยครับ']","{'การเดินทาง / รถเมล์มพ.': 0, 'สิ่งอำนวยความสะดวกและอาคารสถานที่': 0, 'สุขอนามัยและความสะอาด': 0, 'การเรียนการสอนและหลักสูตร': 0, 'โรงอาหาร / ร้านค้าบริการ': 0, 'ความปลอดภัยและจราจร': 0, 'ระบบเครือข่ายและเทคโนโลยี': 0, 'บริการและสวัสดิการนิสิต': 24}",24,บริการและสวัสดิการนิสิต
รปภ. ช่วยดูตรงประตู 2 หน่อยครับ ทางมืดมากอันตราย,"['อันตราย', 'รปภ.', 'ทางมืด', 'รปภ', 'ประตู 2']","{'การเดินทาง / รถเมล์มพ.': 0, 'สิ่งอำนวยความสะดวกและอาคารสถานที่': 0, 'สุขอนามัยและความสะอาด': 0, 'การเรียนการสอนและหลักสูตร': 0, 'โรงอาหาร / ร้านค้าบริการ': 0, 'ความปลอดภัยและจราจร': 27, 'ระบบเครือข่ายและเทคโนโลยี': 0, 'บริการและสวัสดิการนิสิต': 0}",27,ความปลอดภัยและจราจร
รปภ. ช่วยดูตรงทางแยก หน่อยครับ มีรถชนกัน,"['รถชน', 'รปภ.', 'รปภ']","{'การเดินทาง / รถเมล์มพ.': 0, 'สิ่งอำนวยความสะดวกและอาคารสถานที่': 0, 'สุขอนามัยและความสะอาด': 0, 'การเรียนการสอนและหลักสูตร': 0, 'โรงอาหาร / ร้านค้าบริการ': 0, 'ความปลอดภัยและจราจร': 11, 'ระบบเครือข่ายและเทคโนโลยี': 0, 'บริการและสวัสดิการนิสิต': 0}",11,ความปลอดภัยและจราจร
ไวไฟเข้าไม่ได้ ตอนนี้อยู่หอพักใน ทำงานไม่ได้เลย,"['ไวไฟเข้าไม่ได้', 'ไวไฟ']","{'การเดินทาง / รถเมล์มพ.': 0, 'สิ่งอำนวยความสะดวกและอาคารสถานที่': 0, 'สุขอนามัยและความสะอาด': 0, 'การเรียนการสอนและหลักสูตร': 0, 'โรงอาหาร / ร้านค้าบริการ': 0, 'ความปลอดภัยและจราจร': 0, 'ระบบเครือข่ายและเทคโนโลยี': 18, 'บริการและสวัสดิการนิสิต': 0}",18,ระบบเครือข่ายและเทคโนโลยี
รปภ. ช่วยดูตรงประตู 2 หน่อยครับ หมวกกันน็อคหาย,"['รปภ.', 'รปภ', 'ประตู 2', 'หมวกกันน็อคหาย']","{'การเดินทาง / รถเมล์มพ.': 0, 'สิ่งอำนวยความสะดวกและอาคารสถานที่': 0, 'สุขอนามัยและความสะอาด': 0, 'การเรียนการสอนและหลักสูตร': 0, 'โรงอาหาร / ร้านค้าบริการ': 0, 'ความปลอดภัยและจราจร': 14, 'ระบบเครือข่ายและเทคโนโลยี': 0, 'บริการและสวัสดิการนิสิต': 14}",14,ความปลอดภัยและจราจร
แจ้งทำความสะอาดตรงริมสระน้ำ หญ้ารกมาก ครับ,"['หญ้ารก', 'ทำความสะอาด']","{'การเดินทาง / รถเมล์มพ.': 0, 'สิ่งอำนวยความสะดวกและอาคารสถานที่': 0, 'สุขอนามัยและความสะอาด': 17, 'การเรียนการสอนและหลักสูตร': 0, 'โรงอาหาร / ร้านค้าบริการ': 0, 'ความปลอดภัยและจราจร': 0, 'ระบบเครือข่ายและเทคโนโลยี': 0, 'บริการและสวัสดิการนิสิต': 0}",17,สุขอนามัยและความสะอาด
อาจารย์ครับ ตารางเรียนไม่ขึ้นระบบ รบกวนให้คำแนะนำที,"['ตารางเรียน', 'อาจารย์', 'ระบบ']","{'การเดินทาง / รถเมล์มพ.': 0, 'สิ่งอำนวยความสะดวกและอาคารสถานที่': 0, 'สุขอนามัยและความสะอาด': 0, 'การเรียนการสอนและหลักสูตร': 17, 'โรงอาหาร / ร้านค้าบริการ': 0, 'ความปลอดภัยและจราจร': 0, 'ระบบเครือข่ายและเทคโนโลยี': 4, 'บริการและสวัสดิการนิสิต': 0}",17,การเรียนการสอนและหลักสูตร
แจ้งเรื่องประตูพัง ตรงห้องบรรยาย ช่วยมาดูหน่อย,"['พัง', 'ประตูพัง']","{'การเดินทาง / รถเมล์มพ.': 0, 'สิ่งอำนวยความสะดวกและอาคารสถานที่': 11, 'สุขอนามัยและความสะอาด': 0, 'การเรียนการสอนและหลักสูตร': 0, 'โรงอาหาร / ร้านค้าบริการ': 0, 'ความปลอดภัยและจราจร': 0, 'ระบบเครือข่ายและเทคโนโลยี': 0, 'บริการและสวัสดิการนิสิต': 0}",11,สิ่งอำนวยความสะดวกและอาคารสถานที่
แจ้งทำความสะอาดตรงสวนหน้าตึก มีหมาจรจัดมาคุ้ยขยะ ครับ,"['หมาจรจัด', 'ทำความสะอาด']","{'การเดินทาง / รถเมล์มพ.': 0, 'สิ่งอำนวยความสะดวกและอาคารสถานที่': 0, 'สุขอนามัยและความสะอาด': 19, 'การเรียนการสอนและหลักสูตร': 0, 'โรงอาหาร / ร้านค้าบริการ': 0, 'ความปลอดภัยและจราจร': 0, 'ระบบเครือข่ายและเทคโนโลยี': 0, 'บริการและสวัสดิการนิสิต': 0}",19,สุขอนามัยและความสะอาด
สอบถามหน่อยครับ รถเมล์สาย 1 หมดกี่โมง,"['รถเมล์', 'รถเมล์สาย', 'สอบถามหน่อยครับ']","{'การเดินทาง / รถเมล์มพ.': 15, 'สิ่งอำนวยความสะดวกและอาคารสถานที่': 0, 'สุขอนามัยและความสะอาด': 0, 'การเรียนการสอนและหลักสูตร': 0, 'โรงอาหาร / ร้านค้าบริการ': 0, 'ความปลอดภัยและจราจร': 0, 'ระบบเครือข่ายและเทคโนโลยี': 0, 'บริการและสวัสดิการนิสิต': 15}",15,การเดินทาง / รถเมล์มพ.
แจ้งทำความสะอาดตรงทางเดิน กิ่งไม้หักขวางทาง ครับ,"['กิ่งไม้หัก', 'ทำความสะอาด']","{'การเดินทาง / รถเมล์มพ.': 0, 'สิ่งอำนวยความสะดวกและอาคารสถานที่': 0, 'สุขอนามัยและความสะอาด': 21, 'การเรียนการสอนและหลักสูตร': 0, 'โรงอาหาร / ร้านค้าบริการ': 0, 'ความปลอดภัยและจราจร': 0, 'ระบบเครือข่ายและเทคโนโลยี': 0, 'บริการและสวัสดิการนิสิต': 0}",21,สุขอนามัยและความสะอาด
รปภ. ช่วยดูตรงลานจอดรถ หน่อยครับ หมวกกันน็อคหาย,"['รปภ.', 'รปภ', 'หมวกกันน็อคหาย']","{'การเดินทาง / รถเมล์มพ.': 0, 'สิ่งอำนวยความสะดวกและอาคารสถานที่': 0, 'สุขอนามัยและความสะอาด': 0, 'การเรียนการสอนและหลักสูตร': 0, 'โรงอาหาร / ร้านค้าบริการ': 0, 'ความปลอดภัยและจราจร': 7, 'ระบบเครือข่ายและเทคโนโลยี': 0, 'บริการและสวัสดิการนิสิต': 14}",14,บริการและสวัสดิการนิสิต
ไวไฟเข้าไม่ได้ ตอนนี้อยู่หน้ามอ ทำงานไม่ได้เลย,"['ไวไฟเข้าไม่ได้', 'ไวไฟ']","{'การเดินทาง / รถเมล์มพ.': 0, 'สิ่งอำนวยความสะดวกและอาคารสถานที่': 0, 'สุขอนามัยและความสะอาด': 0, 'การเรียนการสอนและหลักสูตร': 0, 'โรงอาหาร / ร้านค้าบริการ': 0, 'ความปลอดภัยและจราจร': 0, 'ระบบเครือข่ายและเทคโนโลยี': 18, 'บริการและสวัสดิการนิสิต': 0}",18,ระบบเครือข่ายและเทคโนโลยี
ลงทะเบียนไม่ได้ ตอนนี้อยู่ตึกคณะ ทำงานไม่ได้เลย,['ลงทะเบียนไม่ได้'],"{'การเดินทาง / รถเมล์มพ.': 0, 'สิ่งอำนวยความสะดวกและอาคารสถานที่': 0, 'สุขอนามัยและความสะอาด': 0, 'การเรียนการสอนและหลักสูตร': 0, 'โรงอาหาร / ร้านค้าบริการ': 0, 'ความปลอดภัยและจราจร': 0, 'ระบบเครือข่ายและเทคโนโลยี': 15, 'บริการและสวัสดิการนิสิต': 0}",15,ระบบเครือข่ายและเทคโนโลยี
แจ้งเรื่องประตูพัง ตรงตึกวิทย์ ช่วยมาดูหน่อย,"['พัง', 'ประตูพัง']","{'การเดินทาง / รถเมล์มพ.': 0, 'สิ่งอำนวยความสะดวกและอาคารสถานที่': 11, 'สุขอนามัยและความสะอาด': 0, 'การเรียนการสอนและหลักสูตร': 0, 'โรงอาหาร / ร้านค้าบริการ': 0, 'ความปลอดภัยและจราจร': 0, 'ระบบเครือข่ายและเทคโนโลยี': 0, 'บริการและสวัสดิการนิสิต': 0}",11,สิ่งอำนวยความสะดวกและอาคารสถานที่
สอบถามหน่อยครับ สอบถามเรื่องทุนการศึกษา,"['ทุนการศึกษา', 'สอบถามหน่อยครับ']","{'การเดินทาง / รถเมล์มพ.': 0, 'สิ่งอำนวยความสะดวกและอาคารสถานที่': 0, 'สุขอนามัยและความสะอาด': 0, 'การเรียนการสอนและหลักสูตร': 0, 'โรงอาหาร / ร้านค้าบริการ': 0, 'ความปลอดภัยและจราจร': 0, 'ระบบเครือข่ายและเทคโนโลยี': 0, 'บริการและสวัสดิการนิสิต': 26}",26,บริการและสวัสดิการนิสิต
แจ้งเรื่องลิฟต์ค้าง ตรงตึกวิทย์ ช่วยมาดูหน่อย,"['ลิฟต์ค้าง', 'ลิฟต์']","{'การเดินทาง / รถเมล์มพ.': 0, 'สิ่งอำนวยความสะดวกและอาคารสถานที่': 14, 'สุขอนามัยและความสะอาด': 0, 'การเรียนการสอนและหลักสูตร': 0, 'โรงอาหาร / ร้านค้าบริการ': 0, 'ความปลอดภัยและจราจร': 0, 'ระบบเครือข่ายและเทคโนโลยี': 0, 'บริการและสวัสดิการนิสิต': 0}",14,สิ่งอำนวยความสะดวกและอาคารสถานที่
แจ้งเรื่องแอร์ไม่เย็นเลย ตรงห้องบรรยาย ช่วยมาดูหน่อย,"['แอร์ไม่เย็น', 'แอร์']","{'การเดินทาง / รถเมล์มพ.': 0, 'สิ่งอำนวยความสะดวกและอาคารสถานที่': 15, 'สุขอนามัยและความสะอาด': 0, 'การเรียนการสอนและหลักสูตร': 0, 'โรงอาหาร / ร้านค้าบริการ': 0, 'ความปลอดภัยและจราจร': 0, 'ระบบเครือข่ายและเทคโนโลยี': 0, 'บริการและสวัสดิการนิสิต': 0}",15,สิ่งอำนวยความสะดวกและอาคารสถานที่
อาจารย์ครับ ตารางเรียนไม่ขึ้นระบบ รบกวนให้คำแนะนำที,"['ตารางเรียน', 'อาจารย์', 'ระบบ']","{'การเดินทาง / รถเมล์มพ.': 0, 'สิ่งอำนวยความสะดวกและอาคารสถานที่': 0, 'สุขอนามัยและความสะอาด': 0, 'การเรียนการสอนและหลักสูตร': 17, 'โรงอาหาร / ร้านค้าบริการ': 0, 'ความปลอดภัยและจราจร': 0, 'ระบบเครือข่ายและเทคโนโลยี': 4, 'บริการและสวัสดิการนิสิต': 0}",17,การเรียนการสอนและหลักสูตร
แจ้งทำความสะอาดตรงโรงอาหาร มีหมาจรจัดมาคุ้ยขยะ ครับ,"['หมาจรจัด', 'ทำความสะอาด', 'โรงอาหาร', 'อาหาร']","{'การเดินทาง / รถเมล์มพ.': 0, 'สิ่งอำนวยความสะดวกและอาคารสถานที่': 0, 'สุขอนามัยและความสะอาด': 19, 'การเรียนการสอนและหลักสูตร': 0, 'โรงอาหาร / ร้านค้าบริการ': 13, 'ความปลอดภัยและจราจร': 0, 'ระบบเครือข่ายและเทคโนโลยี': 0, 'บริการและสวัสดิการนิสิต': 0}",19,สุขอนามัยและความสะอาด
ไวไฟเข้าไม่ได้ ตอนนี้อยู่ตึกคณะ ทำงานไม่ได้เลย,"['ไวไฟเข้าไม่ได้', 'ไวไฟ']","{'การเดินทาง / รถเมล์มพ.': 0, 'สิ่งอำนวยความสะดวกและอาคารสถานที่': 0, 'สุขอนามัยและความสะอาด': 0, 'การเรียนการสอนและหลักสูตร': 0, 'โรงอาหาร / ร้านค้าบริการ': 0, 'ความปลอดภัยและจราจร': 0, 'ระบบเครือข่ายและเทคโนโลยี': 18, 'บริการและสวัสดิการนิสิต': 0}",18,ระบบเครือข่ายและเทคโนโลยี
รปภ. ช่วยดูตรงหลังมอ หน่อยครับ คนจอดรถขวางทาง,"['รปภ.', 'จอดรถขวาง', 'รปภ']","{'การเดินทาง / รถเมล์มพ.': 0, 'สิ่งอำนวยความสะดวกและอาคารสถานที่': 0, 'สุขอนามัยและความสะอาด': 0, 'การเรียนการสอนและหลักสูตร': 0, 'โรงอาหาร / ร้านค้าบริการ': 0, 'ความปลอดภัยและจราจร': 16, 'ระบบเครือข่ายและเทคโนโลยี': 0, 'บริการและสวัสดิการนิสิต': 0}",16,ความปลอดภัยและจราจร
รปภ. ช่วยดูตรงหลังมอ หน่อยครับ หมวกกันน็อคหาย,"['รปภ.', 'รปภ', 'หมวกกันน็อคหาย']","{'การเดินทาง / รถเมล์มพ.': 0, 'สิ่งอำนวยความสะดวกและอาคารสถานที่': 0, 'สุขอนามัยและความสะอาด': 0, 'การเรียนการสอนและหลักสูตร': 0, 'โรงอาหาร / ร้านค้าบริการ': 0, 'ความปลอดภัยและจราจร': 7, 'ระบบเครือข่ายและเทคโนโลยี': 0, 'บริการและสวัสดิการนิสิต': 14}",14,บริการและสวัสดิการนิสิต
แจ้งทำความสะอาดตรงทางเดิน หญ้ารกมาก ครับ,"['หญ้ารก', 'ทำความสะอาด']","{'การเดินทาง / รถเมล์มพ.': 0, 'สิ่งอำนวยความสะดวกและอาคารสถานที่': 0, 'สุขอนามัยและความสะอาด': 17, 'การเรียนการสอนและหลักสูตร': 0, 'โรงอาหาร / ร้านค้าบริการ': 0, 'ความปลอดภัยและจราจร': 0, 'ระบบเครือข่ายและเทคโนโลยี': 0, 'บริการและสวัสดิการนิสิต': 0}",17,สุขอนามัยและความสะอาด
ไวไฟเข้าไม่ได้ ตอนนี้อยู่หอพักใน ทำงานไม่ได้เลย,"['ไวไฟเข้าไม่ได้', 'ไวไฟ']","{'การเดินทาง / รถเมล์มพ.': 0, 'สิ่งอำนวยความสะดวกและอาคารสถานที่': 0, 'สุขอนามัยและความสะอาด': 0, 'การเรียนการสอนและหลักสูตร': 0, 'โรงอาหาร / ร้านค้าบริการ': 0, 'ความปลอดภัยและจราจร': 0, 'ระบบเครือข่ายและเทคโนโลยี': 18, 'บริการและสวัสดิการนิสิต': 0}",18,ระบบเครือข่ายและเทคโนโลยี
อาจารย์ครับ ตารางเรียนไม่ขึ้นระบบ รบกวนให้คำแนะนำที,"['ตารางเรียน', 'อาจารย์', 'ระบบ']","{'การเดินทาง / รถเมล์มพ.': 0, 'สิ่งอำนวยความสะดวกและอาคารสถานที่': 0, 'สุขอนามัยและความสะอาด': 0, 'การเรียนการสอนและหลักสูตร': 17, 'โรงอาหาร / ร้านค้าบริการ': 0, 'ความปลอดภัยและจราจร': 0, 'ระบบเครือข่ายและเทคโนโลยี': 4, 'บริการและสวัสดิการนิสิต': 0}",17,การเรียนการสอนและหลักสูตร
อาจารย์ครับ ตารางเรียนไม่ขึ้นระบบ รบกวนให้คำแนะนำที,"['ตารางเรียน', 'อาจารย์', 'ระบบ']","{'การเดินทาง / รถเมล์มพ.': 0, 'สิ่งอำนวยความสะดวกและอาคารสถานที่': 0, 'สุขอนามัยและความสะอาด': 0, 'การเรียนการสอนและหลักสูตร': 17, 'โรงอาหาร / ร้านค้าบริการ': 0, 'ความปลอดภัยและจราจร': 0, 'ระบบเครือข่ายและเทคโนโลยี': 4, 'บริการและสวัสดิการนิสิต': 0}",17,การเรียนการสอนและหลักสูตร
รปภ. ช่วยดูตรงหน้ามอ หน่อยครับ รถติดหนักมาก,"['รถติด', 'รปภ.', 'รปภ']","{'การเดินทาง / รถเมล์มพ.': 5, 'สิ่งอำนวยความสะดวกและอาคารสถานที่': 0, 'สุขอนามัยและความสะอาด': 0, 'การเรียนการสอนและหลักสูตร': 0, 'โรงอาหาร / ร้านค้าบริการ': 0, 'ความปลอดภัยและจราจร': 7, 'ระบบเครือข่ายและเทคโนโลยี': 0, 'บริการและสวัสดิการนิสิต': 0}",7,ความปลอดภัยและจราจร
รปภ. ช่วยดูตรงลานจอดรถ หน่อยครับ มีรถชนกัน,"['รถชน', 'รปภ.', 'รปภ']","{'การเดินทาง / รถเมล์มพ.': 0, 'สิ่งอำนวยความสะดวกและอาคารสถานที่': 0, 'สุขอนามัยและความสะอาด': 0, 'การเรียนการสอนและหลักสูตร': 0, 'โรงอาหาร / ร้านค้าบริการ': 0, 'ความปลอดภัยและจราจร': 11, 'ระบบเครือข่ายและเทคโนโลยี': 0, 'บริการและสวัสดิการนิสิต': 0}",11,ความปลอดภัยและจราจร
สอบถามหน่อยครับ อยากทราบกำหนดการกิจกรรมรับน้อง,"['กิจกรรม', 'สอบถามหน่อยครับ']","{'การเดินทาง / รถเมล์มพ.': 0, 'สิ่งอำนวยความสะดวกและอาคารสถานที่': 0, 'สุขอนามัยและความสะอาด': 0, 'การเรียนการสอนและหลักสูตร': 0, 'โรงอาหาร / ร้านค้าบริการ': 0, 'ความปลอดภัยและจราจร': 0, 'ระบบเครือข่ายและเทคโนโลยี': 0, 'บริการและสวัสดิการนิสิต': 22}",22,บริการและสวัสดิการนิสิต
แจ้งเรื่องหลังคารั่วหนักมาก ตรงห้อง 1204 ช่วยมาดูหน่อย,['หลังคารั่ว'],"{'การเดินทาง / รถเมล์มพ.': 0, 'สิ่งอำนวยความสะดวกและอาคารสถานที่': 10, 'สุขอนามัยและความสะอาด': 0, 'การเรียนการสอนและหลักสูตร': 0, 'โรงอาหาร / ร้านค้าบริการ': 0, 'ความปลอดภัยและจราจร': 0, 'ระบบเครือข่ายและเทคโนโลยี': 0, 'บริการและสวัสดิการนิสิต': 0}",10,สิ่งอำนวยความสะดวกและอาคารสถานที่
ลืมรหัสผ่านเข้าระบบ ตอนนี้อยู่ห้องสมุด ทำงานไม่ได้เลย,"['ลืมรหัสผ่าน', 'ระบบ']","{'การเดินทาง / รถเมล์มพ.': 0, 'สิ่งอำนวยความสะดวกและอาคารสถานที่': 0, 'สุขอนามัยและความสะอาด': 0, 'การเรียนการสอนและหลักสูตร': 0, 'โรงอาหาร / ร้านค้าบริการ': 0, 'ความปลอดภัยและจราจร': 0, 'ระบบเครือข่ายและเทคโนโลยี': 15, 'บริการและสวัสดิการนิสิต': 0}",15,ระบบเครือข่ายและเทคโนโลยี
แจ้งเรื่องไฟดับครับ ตรงตึก ICT ช่วยมาดูหน่อย,['ไฟดับ'],"{'การเดินทาง / รถเมล์มพ.': 0, 'สิ่งอำนวยความสะดวกและอาคารสถานที่': 5, 'สุขอนามัยและความสะอาด': 0, 'การเรียนการสอนและหลักสูตร': 0, 'โรงอาหาร / ร้านค้าบริการ': 0, 'ความปลอดภัยและจราจร': 0, 'ระบบเครือข่ายและเทคโนโลยี': 0, 'บริการและสวัสดิการนิสิต': 0}",5,สิ่งอำนวยความสะดวกและอาคารสถานที่
แจ้งทำความสะอาดตรงสนามบาส กิ่งไม้หักขวางทาง ครับ,"['กิ่งไม้หัก', 'ทำความสะอาด']","{'การเดินทาง / รถเมล์มพ.': 0, 'สิ่งอำนวยความสะดวกและอาคารสถานที่': 0, 'สุขอนามัยและความสะอาด': 21, 'การเรียนการสอนและหลักสูตร': 0, 'โรงอาหาร / ร้านค้าบริการ': 0, 'ความปลอดภัยและจราจร': 0, 'ระบบเครือข่ายและเทคโนโลยี': 0, 'บริการและสวัสดิการนิสิต': 0}",21,สุขอนามัยและความสะอาด
อาจารย์ครับ ลงทะเบียนวิชานี้ไม่ได้ รบกวนให้คำแนะนำที,"['วิชา', 'อาจารย์']","{'การเดินทาง / รถเมล์มพ.': 0, 'สิ่งอำนวยความสะดวกและอาคารสถานที่': 0, 'สุขอนามัยและความสะอาด': 0, 'การเรียนการสอนและหลักสูตร': 11, 'โรงอาหาร / ร้านค้าบริการ': 0, 'ความปลอดภัยและจราจร': 0, 'ระบบเครือข่ายและเทคโนโลยี': 0, 'บริการและสวัสดิการนิสิต': 0}",11,การเรียนการสอนและหลักสูตร
อาจารย์ครับ ตารางเรียนไม่ขึ้นระบบ รบกวนให้คำแนะนำที,"['ตารางเรียน', 'อาจารย์', 'ระบบ']","{'การเดินทาง / รถเมล์มพ.': 0, 'สิ่งอำนวยความสะดวกและอาคารสถานที่': 0, 'สุขอนามัยและความสะอาด': 0, 'การเรียนการสอนและหลักสูตร': 17, 'โรงอาหาร / ร้านค้าบริการ': 0, 'ความปลอดภัยและจราจร': 0, 'ระบบเครือข่ายและเทคโนโลยี': 4, 'บริการและสวัสดิการนิสิต': 0}",17,การเรียนการสอนและหลักสูตร
รปภ. ช่วยดูตรงหน้ามอ หน่อยครับ มีรถชนกัน,"['รถชน', 'รปภ.', 'รปภ']","{'การเดินทาง / รถเมล์มพ.': 0, 'สิ่งอำนวยความสะดวกและอาคารสถานที่': 0, 'สุขอนามัยและความสะอาด': 0, 'การเรียนการสอนและหลักสูตร': 0, 'โรงอาหาร / ร้านค้าบริการ': 0, 'ความปลอดภัยและจราจร': 11, 'ระบบเครือข่ายและเทคโนโลยี': 0, 'บริการและสวัสดิการนิสิต': 0}",11,ความปลอดภัยและจราจร
สอบถามหน่อยครับ ทำบัตรนิสิตใหม่ที่ไหน,"['บัตรนิสิต', 'สอบถามหน่อยครับ']","{'การเดินทาง / รถเมล์มพ.': 0, 'สิ่งอำนวยความสะดวกและอาคารสถานที่': 0, 'สุขอนามัยและความสะอาด': 0, 'การเรียนการสอนและหลักสูตร': 0, 'โรงอาหาร / ร้านค้าบริการ': 0, 'ความปลอดภัยและจราจร': 0, 'ระบบเครือข่ายและเทคโนโลยี': 0, 'บริการและสวัสดิการนิสิต': 24}",24,บริการและสวัสดิการนิสิต
ลงทะเบียนไม่ได้ ตอนนี้อยู่ห้องสมุด ทำงานไม่ได้เลย,['ลงทะเบียนไม่ได้'],"{'การเดินทาง / รถเมล์มพ.': 0, 'สิ่งอำนวยความสะดวกและอาคารสถานที่': 0, 'สุขอนามัยและความสะอาด': 0, 'การเรียนการสอนและหลักสูตร': 0, 'โรงอาหาร / ร้านค้าบริการ': 0, 'ความปลอดภัยและจราจร': 0, 'ระบบเครือข่ายและเทคโนโลยี': 15, 'บริการและสวัสดิการนิสิต': 0}",15,ระบบเครือข่ายและเทคโนโลยี
สอบถามหน่อยครับ สอบถามเรื่องทุนการศึกษา,"['ทุนการศึกษา', 'สอบถามหน่อยครับ']","{'การเดินทาง / รถเมล์มพ.': 0, 'สิ่งอำนวยความสะดวกและอาคารสถานที่': 0, 'สุขอนามัยและความสะอาด': 0, 'การเรียนการสอนและหลักสูตร': 0, 'โรงอาหาร / ร้านค้าบริการ': 0, 'ความปลอดภัยและจราจร': 0, 'ระบบเครือข่ายและเทคโนโลยี': 0, 'บริการและสวัสดิการนิสิต': 26}",26,บริการและสวัสดิการนิสิต
สอบถามหน่อยครับ รถเมล์สาย 1 หมดกี่โมง,"['รถเมล์', 'รถเมล์สาย', 'สอบถามหน่อยครับ']","{'การเดินทาง / รถเมล์มพ.': 15, 'สิ่งอำนวยความสะดวกและอาคารสถานที่': 0, 'สุขอนามัยและความสะอาด': 0, 'การเรียนการสอนและหลักสูตร': 0, 'โรงอาหาร / ร้านค้าบริการ': 0, 'ความปลอดภัยและจราจร': 0, 'ระบบเครือข่ายและเทคโนโลยี': 0, 'บริการและสวัสดิการนิสิต': 15}",15,การเดินทาง / รถเมล์มพ.
อาจารย์ครับ อยากติดต่ออาจารย์เรื่องดรอปเรียน รบกวนให้คำแนะนำที,"['ดรอปเรียน', 'ติดต่ออาจารย์', 'อาจารย์']","{'การเดินทาง / รถเมล์มพ.': 0, 'สิ่งอำนวยความสะดวกและอาคารสถานที่': 0, 'สุขอนามัยและความสะอาด': 0, 'การเรียนการสอนและหลักสูตร': 29, 'โรงอาหาร / ร้านค้าบริการ': 0, 'ความปลอดภัยและจราจร': 0, 'ระบบเครือข่ายและเทคโนโลยี': 0, 'บริการและสวัสดิการนิสิต': 0}",29,การเรียนการสอนและหลักสูตร
แจ้งเรื่องไฟดับครับ ตรงห้องบรรยาย ช่วยมาดูหน่อย,['ไฟดับ'],"{'การเดินทาง / รถเมล์มพ.': 0, 'สิ่งอำนวยความสะดวกและอาคารสถานที่': 5, 'สุขอนามัยและความสะอาด': 0, 'การเรียนการสอนและหลักสูตร': 0, 'โรงอาหาร / ร้านค้าบริการ': 0, 'ความปลอดภัยและจราจร': 0, 'ระบบเครือข่ายและเทคโนโลยี': 0, 'บริการและสวัสดิการนิสิต': 0}",5,สิ่งอำนวยความสะดวกและอาคารสถานที่
แจ้งเรื่องไฟดับครับ ตรงตึกวิทย์ ช่วยมาดูหน่อย,['ไฟดับ'],"{'การเดินทาง / รถเมล์มพ.': 0, 'สิ่งอำนวยความสะดวกและอาคารสถานที่': 5, 'สุขอนามัยและความสะอาด': 0, 'การเรียนการสอนและหลักสูตร': 0, 'โรงอาหาร / ร้านค้าบริการ': 0, 'ความปลอดภัยและจราจร': 0, 'ระบบเครือข่ายและเทคโนโลยี': 0, 'บริการและสวัสดิการนิสิต': 0}",5,สิ่งอำนวยความสะดวกและอาคารสถานที่
รปภ. ช่วยดูตรงทางแยก หน่อยครับ หมวกกันน็อคหาย,"['รปภ.', 'รปภ', 'หมวกกันน็อคหาย']","{'การเดินทาง / รถเมล์มพ.': 0, 'สิ่งอำนวยความสะดวกและอาคารสถานที่': 0, 'สุขอนามัยและความสะอาด': 0, 'การเรียนการสอนและหลักสูตร': 0, 'โรงอาหาร / ร้านค้าบริการ': 0, 'ความปลอดภัยและจราจร': 7, 'ระบบเครือข่ายและเทคโนโลยี': 0, 'บริการและสวัสดิการนิสิต': 14}",14,บริการและสวัสดิการนิสิต
แจ้งทำความสะอาดตรงโรงอาหาร กิ่งไม้หักขวางทาง ครับ,"['กิ่งไม้หัก', 'ทำความสะอาด', 'โรงอาหาร', 'อาหาร']","{'การเดินทาง / รถเมล์มพ.': 0, 'สิ่งอำนวยความสะดวกและอาคารสถานที่': 0, 'สุขอนามัยและความสะอาด': 21, 'การเรียนการสอนและหลักสูตร': 0, 'โรงอาหาร / ร้านค้าบริการ': 13, 'ความปลอดภัยและจราจร': 0, 'ระบบเครือข่ายและเทคโนโลยี': 0, 'บริการและสวัสดิการนิสิต': 0}",21,สุขอนามัยและความสะอาด
แจ้งเรื่องลิฟต์ค้าง ตรงอาคารเรียนรวม ช่วยมาดูหน่อย,"['ลิฟต์ค้าง', 'ลิฟต์']","{'การเดินทาง / รถเมล์มพ.': 0, 'สิ่งอำนวยความสะดวกและอาคารสถานที่': 14, 'สุขอนามัยและความสะอาด': 0, 'การเรียนการสอนและหลักสูตร': 0, 'โรงอาหาร / ร้านค้าบริการ': 0, 'ความปลอดภัยและจราจร': 0, 'ระบบเครือข่ายและเทคโนโลยี': 0, 'บริการและสวัสดิการนิสิต': 0}",14,สิ่งอำนวยความสะดวกและอาคารสถานที่
แจ้งเรื่องน้ำไม่ไหล ตรงห้อง 1204 ช่วยมาดูหน่อย,['น้ำไม่ไหล'],"{'การเดินทาง / รถเมล์มพ.': 0, 'สิ่งอำนวยความสะดวกและอาคารสถานที่': 9, 'สุขอนามัยและความสะอาด': 0, 'การเรียนการสอนและหลักสูตร': 0, 'โรงอาหาร / ร้านค้าบริการ': 0, 'ความปลอดภัยและจราจร': 0, 'ระบบเครือข่ายและเทคโนโลยี': 0, 'บริการและสวัสดิการนิสิต': 0}",9,สิ่งอำนวยความสะดวกและอาคารสถานที่
ไวไฟเข้าไม่ได้ ตอนนี้อยู่ตึกคณะ ทำงานไม่ได้เลย,"['ไวไฟเข้าไม่ได้', 'ไวไฟ']","{'การเดินทาง / รถเมล์มพ.': 0, 'สิ่งอำนวยความสะดวกและอาคารสถานที่': 0, 'สุขอนามัยและความสะอาด': 0, 'การเรียนการสอนและหลักสูตร': 0, 'โรงอาหาร / ร้านค้าบริการ': 0, 'ความปลอดภัยและจราจร': 0, 'ระบบเครือข่ายและเทคโนโลยี': 18, 'บริการและสวัสดิการนิสิต': 0}",18,ระบบเครือข่ายและเทคโนโลยี
สอบถามหน่อยครับ ทำบัตรนิสิตใหม่ที่ไหน,"['บัตรนิสิต', 'สอบถามหน่อยครับ']","{'การเดินทาง / รถเมล์มพ.': 0, 'สิ่งอำนวยความสะดวกและอาคารสถานที่': 0, 'สุขอนามัยและความสะอาด': 0, 'การเรียนการสอนและหลักสูตร': 0, 'โรงอาหาร / ร้านค้าบริการ': 0, 'ความปลอดภัยและจราจร': 0, 'ระบบเครือข่ายและเทคโนโลยี': 0, 'บริการและสวัสดิการนิสิต': 24}",24,บริการและสวัสดิการนิสิต
แจ้งเรื่องหลังคารั่วหนักมาก ตรงอาคารเรียนรวม ช่วยมาดูหน่อย,['หลังคารั่ว'],"{'การเดินทาง / รถเมล์มพ.': 0, 'สิ่งอำนวยความสะดวกและอาคารสถานที่': 10, 'สุขอนามัยและความสะอาด': 0, 'การเรียนการสอนและหลักสูตร': 0, 'โรงอาหาร / ร้านค้าบริการ': 0, 'ความปลอดภัยและจราจร': 0, 'ระบบเครือข่ายและเทคโนโลยี': 0, 'บริการและสวัสดิการนิสิต': 0}",10,สิ่งอำนวยความสะดวกและอาคารสถานที่
แจ้งเรื่องน้ำไม่ไหล ตรงห้องน้ำตึกสงวน ช่วยมาดูหน่อย,['น้ำไม่ไหล'],"{'การเดินทาง / รถเมล์มพ.': 0, 'สิ่งอำนวยความสะดวกและอาคารสถานที่': 9, 'สุขอนามัยและความสะอาด': 0, 'การเรียนการสอนและหลักสูตร': 0, 'โรงอาหาร / ร้านค้าบริการ': 0, 'ความปลอดภัยและจราจร': 0, 'ระบบเครือข่ายและเทคโนโลยี': 0, 'บริการและสวัสดิการนิสิต': 0}",9,สิ่งอำนวยความสะดวกและอาคารสถานที่
รปภ. ช่วยดูตรงหน้ามอ หน่อยครับ หมวกกันน็อคหาย,"['รปภ.', 'รปภ', 'หมวกกันน็อคหาย']","{'การเดินทาง / รถเมล์มพ.': 0, 'สิ่งอำนวยความสะดวกและอาคารสถานที่': 0, 'สุขอนามัยและความสะอาด': 0, 'การเรียนการสอนและหลักสูตร': 0, 'โรงอาหาร / ร้านค้าบริการ': 0, 'ความปลอดภัยและจราจร': 7, 'ระบบเครือข่ายและเทคโนโลยี': 0, 'บริการและสวัสดิการนิสิต': 14}",14,บริการและสวัสดิการนิสิต
ลงทะเบียนไม่ได้ ตอนนี้อยู่หน้ามอ ทำงานไม่ได้เลย,['ลงทะเบียนไม่ได้'],"{'การเดินทาง / รถเมล์มพ.': 0, 'สิ่งอำนวยความสะดวกและอาคารสถานที่': 0, 'สุขอนามัยและความสะอาด': 0, 'การเรียนการสอนและหลักสูตร': 0, 'โรงอาหาร / ร้านค้าบริการ': 0, 'ความปลอดภัยและจราจร': 0, 'ระบบเครือข่ายและเทคโนโลยี': 15, 'บริการและสวัสดิการนิสิต': 0}",15,ระบบเครือข่ายและเทคโนโลยี
ระบบล่ม ตอนนี้อยู่หน้ามอ ทำงานไม่ได้เลย,"['ระบบล่ม', 'ระบบ']","{'การเดินทาง / รถเมล์มพ.': 0, 'สิ่งอำนวยความสะดวกและอาคารสถานที่': 0, 'สุขอนามัยและความสะอาด': 0, 'การเรียนการสอนและหลักสูตร': 0, 'โรงอาหาร / ร้านค้าบริการ': 0, 'ความปลอดภัยและจราจร': 0, 'ระบบเครือข่ายและเทคโนโลยี': 11, 'บริการและสวัสดิการนิสิต': 0}",11,ระบบเครือข่ายและเทคโนโลยี
แจ้งทำความสะอาดตรงริมสระน้ำ มีหมาจรจัดมาคุ้ยขยะ ครับ,"['หมาจรจัด', 'ทำความสะอาด']","{'การเดินทาง / รถเมล์มพ.': 0, 'สิ่งอำนวยความสะดวกและอาคารสถานที่': 0, 'สุขอนามัยและความสะอาด': 19, 'การเรียนการสอนและหลักสูตร': 0, 'โรงอาหาร / ร้านค้าบริการ': 0, 'ความปลอดภัยและจราจร': 0, 'ระบบเครือข่ายและเทคโนโลยี': 0, 'บริการและสวัสดิการนิสิต': 0}",19,สุขอนามัยและความสะอาด
ลืมรหัสผ่านเข้าระบบ ตอนนี้อยู่หอพักใน ทำงานไม่ได้เลย,"['ลืมรหัสผ่าน', 'ระบบ']","{'การเดินทาง / รถเมล์มพ.': 0, 'สิ่งอำนวยความสะดวกและอาคารสถานที่': 0, 'สุขอนามัยและความสะอาด': 0, 'การเรียนการสอนและหลักสูตร': 0, 'โรงอาหาร / ร้านค้าบริการ': 0, 'ความปลอดภัยและจราจร': 0, 'ระบบเครือข่ายและเทคโนโลยี': 15, 'บริการและสวัสดิการนิสิต': 0}",15,ระบบเครือข่ายและเทคโนโลยี
รปภ. ช่วยดูตรงหลังมอ หน่อยครับ หมวกกันน็อคหาย,"['รปภ.', 'รปภ', 'หมวกกันน็อคหาย']","{'การเดินทาง / รถเมล์มพ.': 0, 'สิ่งอำนวยความสะดวกและอาคารสถานที่': 0, 'สุขอนามัยและความสะอาด': 0, 'การเรียนการสอนและหลักสูตร': 0, 'โรงอาหาร / ร้านค้าบริการ': 0, 'ความปลอดภัยและจราจร': 7, 'ระบบเครือข่ายและเทคโนโลยี': 0, 'บริการและสวัสดิการนิสิต': 14}",14,บริการและสวัสดิการนิสิต
เน็ตหลุดบ่อยมาก ตอนนี้อยู่หอพักใน ทำงานไม่ได้เลย,"['เน็ตหลุด', 'หลุดบ่อย']","{'การเดินทาง / รถเมล์มพ.': 0, 'สิ่งอำนวยความสะดวกและอาคารสถานที่': 0, 'สุขอนามัยและความสะอาด': 0, 'การเรียนการสอนและหลักสูตร': 0, 'โรงอาหาร / ร้านค้าบริการ': 0, 'ความปลอดภัยและจราจร': 0, 'ระบบเครือข่ายและเทคโนโลยี': 16, 'บริการและสวัสดิการนิสิต': 0}",16,ระบบเครือข่ายและเทคโนโลยี
แจ้งเรื่องน้ำไม่ไหล ตรงตึก ICT ช่วยมาดูหน่อย,['น้ำไม่ไหล'],"{'การเดินทาง / รถเมล์มพ.': 0, 'สิ่งอำนวยความสะดวกและอาคารสถานที่': 9, 'สุขอนามัยและความสะอาด': 0, 'การเรียนการสอนและหลักสูตร': 0, 'โรงอาหาร / ร้านค้าบริการ': 0, 'ความปลอดภัยและจราจร': 0, 'ระบบเครือข่ายและเทคโนโลยี': 0, 'บริการและสวัสดิการนิสิต': 0}",9,สิ่งอำนวยความสะดวกและอาคารสถานที่
ลืมรหัสผ่านเข้าระบบ ตอนนี้อยู่หน้ามอ ทำงานไม่ได้เลย,"['ลืมรหัสผ่าน', 'ระบบ']","{'การเดินทาง / รถเมล์มพ.': 0, 'สิ่งอำนวยความสะดวกและอาคารสถานที่': 0, 'สุขอนามัยและความสะอาด': 0, 'การเรียนการสอนและหลักสูตร': 0, 'โรงอาหาร / ร้านค้าบริการ': 0, 'ความปลอดภัยและจราจร': 0, 'ระบบเครือข่ายและเทคโนโลยี': 15, 'บริการและสวัสดิการนิสิต': 0}",15,ระบบเครือข่ายและเทคโนโลยี
แจ้งทำความสะอาดตรงทางเดิน สกปรกมากไม่ทำความสะอาด ครับ,"['สกปรก', 'ไม่ทำความสะอาด', 'ทำความสะอาด']","{'การเดินทาง / รถเมล์มพ.': 0, 'สิ่งอำนวยความสะดวกและอาคารสถานที่': 0, 'สุขอนามัยและความสะอาด': 30, 'การเรียนการสอนและหลักสูตร': 0, 'โรงอาหาร / ร้านค้าบริการ': 0, 'ความปลอดภัยและจราจร': 0, 'ระบบเครือข่ายและเทคโนโลยี': 0, 'บริการและสวัสดิการนิสิต': 0}",30,สุขอนามัยและความสะอาด
รปภ. ช่วยดูตรงประตู 2 หน่อยครับ มีรถชนกัน,"['รถชน', 'รปภ.', 'รปภ', 'ประตู 2']","{'การเดินทาง / รถเมล์มพ.': 0, 'สิ่งอำนวยความสะดวกและอาคารสถานที่': 0, 'สุขอนามัยและความสะอาด': 0, 'การเรียนการสอนและหลักสูตร': 0, 'โรงอาหาร / ร้านค้าบริการ': 0, 'ความปลอดภัยและจราจร': 18, 'ระบบเครือข่ายและเทคโนโลยี': 0, 'บริการและสวัสดิการนิสิต': 0}",18,ความปลอดภัยและจราจร
แจ้งเรื่องหลังคารั่วหนักมาก ตรงห้องบรรยาย ช่วยมาดูหน่อย,['หลังคารั่ว'],"{'การเดินทาง / รถเมล์มพ.': 0, 'สิ่งอำนวยความสะดวกและอาคารสถานที่': 10, 'สุขอนามัยและความสะอาด': 0, 'การเรียนการสอนและหลักสูตร': 0, 'โรงอาหาร / ร้านค้าบริการ': 0, 'ความปลอดภัยและจราจร': 0, 'ระบบเครือข่ายและเทคโนโลยี': 0, 'บริการและสวัสดิการนิสิต': 0}",10,สิ่งอำนวยความสะดวกและอาคารสถานที่
แจ้งทำความสะอาดตรงสวนหน้าตึก มีหมาจรจัดมาคุ้ยขยะ ครับ,"['หมาจรจัด', 'ทำความสะอาด']","{'การเดินทาง / รถเมล์มพ.': 0, 'สิ่งอำนวยความสะดวกและอาคารสถานที่': 0, 'สุขอนามัยและความสะอาด': 19, 'การเรียนการสอนและหลักสูตร': 0, 'โรงอาหาร / ร้านค้าบริการ': 0, 'ความปลอดภัยและจราจร': 0, 'ระบบเครือข่ายและเทคโนโลยี': 0, 'บริการและสวัสดิการนิสิต': 0}",19,สุขอนามัยและความสะอาด
แจ้งเรื่องลิฟต์ค้าง ตรงห้องบรรยาย ช่วยมาดูหน่อย,"['ลิฟต์ค้าง', 'ลิฟต์']","{'การเดินทาง / รถเมล์มพ.': 0, 'สิ่งอำนวยความสะดวกและอาคารสถานที่': 14, 'สุขอนามัยและความสะอาด': 0, 'การเรียนการสอนและหลักสูตร': 0, 'โรงอาหาร / ร้านค้าบริการ': 0, 'ความปลอดภัยและจราจร': 0, 'ระบบเครือข่ายและเทคโนโลยี': 0, 'บริการและสวัสดิการนิสิต': 0}",14,สิ่งอำนวยความสะดวกและอาคารสถานที่
ลงทะเบียนไม่ได้ ตอนนี้อยู่หน้ามอ ทำงานไม่ได้เลย,['ลงทะเบียนไม่ได้'],"{'การเดินทาง / รถเมล์มพ.': 0, 'สิ่งอำนวยความสะดวกและอาคารสถานที่': 0, 'สุขอนามัยและความสะอาด': 0, 'การเรียนการสอนและหลักสูตร': 0, 'โรงอาหาร / ร้านค้าบริการ': 0, 'ความปลอดภัยและจราจร': 0, 'ระบบเครือข่ายและเทคโนโลยี': 15, 'บริการและสวัสดิการนิสิต': 0}",15,ระบบเครือข่ายและเทคโนโลยี
สอบถามหน่อยครับ รถเมล์สาย 1 หมดกี่โมง,"['รถเมล์', 'รถเมล์สาย', 'สอบถามหน่อยครับ']","{'การเดินทาง / รถเมล์มพ.': 15, 'สิ่งอำนวยความสะดวกและอาคารสถานที่': 0, 'สุขอนามัยและความสะอาด': 0, 'การเรียนการสอนและหลักสูตร': 0, 'โรงอาหาร / ร้านค้าบริการ': 0, 'ความปลอดภัยและจราจร': 0, 'ระบบเครือข่ายและเทคโนโลยี': 0, 'บริการและสวัสดิการนิสิต': 15}",15,การเดินทาง / รถเมล์มพ.
แจ้งทำความสะอาดตรงริมสระน้ำ ขยะล้นถังส่งกลิ่นเหม็น ครับ,"['ขยะล้น', 'เหม็น', 'ทำความสะอาด', 'กลิ่นเหม็น']","{'การเดินทาง / รถเมล์มพ.': 0, 'สิ่งอำนวยความสะดวกและอาคารสถานที่': 0, 'สุขอนามัยและความสะอาด': 32, 'การเรียนการสอนและหลักสูตร': 0, 'โรงอาหาร / ร้านค้าบริการ': 0, 'ความปลอดภัยและจราจร': 0, 'ระบบเครือข่ายและเทคโนโลยี': 0, 'บริการและสวัสดิการนิสิต': 0}",32,สุขอนามัยและความสะอาด
อาจารย์ครับ เกรดยังไม่ออกครับ รบกวนให้คำแนะนำที,"['เกรด', 'อาจารย์']","{'การเดินทาง / รถเมล์มพ.': 0, 'สิ่งอำนวยความสะดวกและอาคารสถานที่': 0, 'สุขอนามัยและความสะอาด': 0, 'การเรียนการสอนและหลักสูตร': 11, 'โรงอาหาร / ร้านค้าบริการ': 0, 'ความปลอดภัยและจราจร': 0, 'ระบบเครือข่ายและเทคโนโลยี': 0, 'บริการและสวัสดิการนิสิต': 0}",11,การเรียนการสอนและหลักสูตร
รปภ. ช่วยดูตรงหน้ามอ หน่อยครับ มีรถชนกัน,"['รถชน', 'รปภ.', 'รปภ']","{'การเดินทาง / รถเมล์มพ.': 0, 'สิ่งอำนวยความสะดวกและอาคารสถานที่': 0, 'สุขอนามัยและความสะอาด': 0, 'การเรียนการสอนและหลักสูตร': 0, 'โรงอาหาร / ร้านค้าบริการ': 0, 'ความปลอดภัยและจราจร': 11, 'ระบบเครือข่ายและเทคโนโลยี': 0, 'บริการและสวัสดิการนิสิต': 0}",11,ความปลอดภัยและจราจร
ระบบล่ม ตอนนี้อยู่ห้องสมุด ทำงานไม่ได้เลย,"['ระบบล่ม', 'ระบบ']","{'การเดินทาง / รถเมล์มพ.': 0, 'สิ่งอำนวยความสะดวกและอาคารสถานที่': 0, 'สุขอนามัยและความสะอาด': 0, 'การเรียนการสอนและหลักสูตร': 0, 'โรงอาหาร / ร้านค้าบริการ': 0, 'ความปลอดภัยและจราจร': 0, 'ระบบเครือข่ายและเทคโนโลยี': 11, 'บริการและสวัสดิการนิสิต': 0}",11,ระบบเครือข่ายและเทคโนโลยี
อาจารย์ครับ เกรดยังไม่ออกครับ รบกวนให้คำแนะนำที,"['เกรด', 'อาจารย์']","{'การเดินทาง / รถเมล์มพ.': 0, 'สิ่งอำนวยความสะดวกและอาคารสถานที่': 0, 'สุขอนามัยและความสะอาด': 0, 'การเรียนการสอนและหลักสูตร': 11, 'โรงอาหาร / ร้านค้าบริการ': 0, 'ความปลอดภัยและจราจร': 0, 'ระบบเครือข่ายและเทคโนโลยี': 0, 'บริการและสวัสดิการนิสิต': 0}",11,การเรียนการสอนและหลักสูตร
อาจารย์ครับ อยากติดต่ออาจารย์เรื่องดรอปเรียน รบกวนให้คำแนะนำที,"['ดรอปเรียน', 'ติดต่ออาจารย์', 'อาจารย์']","{'การเดินทาง / รถเมล์มพ.': 0, 'สิ่งอำนวยความสะดวกและอาคารสถานที่': 0, 'สุขอนามัยและความสะอาด': 0, 'การเรียนการสอนและหลักสูตร': 29, 'โรงอาหาร / ร้านค้าบริการ': 0, 'ความปลอดภัยและจราจร': 0, 'ระบบเครือข่ายและเทคโนโลยี': 0, 'บริการและสวัสดิการนิสิต': 0}",29,การเรียนการสอนและหลักสูตร
แจ้งเรื่องไฟดับครับ ตรงอาคารเรียนรวม ช่วยมาดูหน่อย,['ไฟดับ'],"{'การเดินทาง / รถเมล์มพ.': 0, 'สิ่งอำนวยความสะดวกและอาคารสถานที่': 5, 'สุขอนามัยและความสะอาด': 0, 'การเรียนการสอนและหลักสูตร': 0, 'โรงอาหาร / ร้านค้าบริการ': 0, 'ความปลอดภัยและจราจร': 0, 'ระบบเครือข่ายและเทคโนโลยี': 0, 'บริการและสวัสดิการนิสิต': 0}",5,สิ่งอำนวยความสะดวกและอาคารสถานที่
ไวไฟเข้าไม่ได้ ตอนนี้อยู่หอพักใน ทำงานไม่ได้เลย,"['ไวไฟเข้าไม่ได้', 'ไวไฟ']","{'การเดินทาง / รถเมล์มพ.': 0, 'สิ่งอำนวยความสะดวกและอาคารสถานที่': 0, 'สุขอนามัยและความสะอาด': 0, 'การเรียนการสอนและหลักสูตร': 0, 'โรงอาหาร / ร้านค้าบริการ': 0, 'ความปลอดภัยและจราจร': 0, 'ระบบเครือข่ายและเทคโนโลยี': 18, 'บริการและสวัสดิการนิสิต': 0}",18,ระบบเครือข่ายและเทคโนโลยี
อาจารย์ครับ ขอสอบชดเชยต้องทำไง รบกวนให้คำแนะนำที,"['ขอสอบชดเชย', 'อาจารย์']","{'การเดินทาง / รถเมล์มพ.': 0, 'สิ่งอำนวยความสะดวกและอาคารสถานที่': 0, 'สุขอนามัยและความสะอาด': 0, 'การเรียนการสอนและหลักสูตร': 17, 'โรงอาหาร / ร้านค้าบริการ': 0, 'ความปลอดภัยและจราจร': 0, 'ระบบเครือข่ายและเทคโนโลยี': 0, 'บริการและสวัสดิการนิสิต': 0}",17,การเรียนการสอนและหลักสูตร
แจ้งเรื่องไฟดับครับ ตรงห้องน้ำตึกสงวน ช่วยมาดูหน่อย,['ไฟดับ'],"{'การเดินทาง / รถเมล์มพ.': 0, 'สิ่งอำนวยความสะดวกและอาคารสถานที่': 5, 'สุขอนามัยและความสะอาด': 0, 'การเรียนการสอนและหลักสูตร': 0, 'โรงอาหาร / ร้านค้าบริการ': 0, 'ความปลอดภัยและจราจร': 0, 'ระบบเครือข่ายและเทคโนโลยี': 0, 'บริการและสวัสดิการนิสิต': 0}",5,สิ่งอำนวยความสะดวกและอาคารสถานที่
ไวไฟเข้าไม่ได้ ตอนนี้อยู่ห้องสมุด ทำงานไม่ได้เลย,"['ไวไฟเข้าไม่ได้', 'ไวไฟ']","{'การเดินทาง / รถเมล์มพ.': 0, 'สิ่งอำนวยความสะดวกและอาคารสถานที่': 0, 'สุขอนามัยและความสะอาด': 0, 'การเรียนการสอนและหลักสูตร': 0, 'โรงอาหาร / ร้านค้าบริการ': 0, 'ความปลอดภัยและจราจร': 0, 'ระบบเครือข่ายและเทคโนโลยี': 18, 'บริการและสวัสดิการนิสิต': 0}",18,ระบบเครือข่ายและเทคโนโลยี
แจ้งทำความสะอาดตรงริมสระน้ำ สกปรกมากไม่ทำความสะอาด ครับ,"['สกปรก', 'ไม่ทำความสะอาด', 'ทำความสะอาด']","{'การเดินทาง / รถเมล์มพ.': 0, 'สิ่งอำนวยความสะดวกและอาคารสถานที่': 0, 'สุขอนามัยและความสะอาด': 30, 'การเรียนการสอนและหลักสูตร': 0, 'โรงอาหาร / ร้านค้าบริการ': 0, 'ความปลอดภัยและจราจร': 0, 'ระบบเครือข่ายและเทคโนโลยี': 0, 'บริการและสวัสดิการนิสิต': 0}",30,สุขอนามัยและความสะอาด
รปภ. ช่วยดูตรงลานจอดรถ หน่อยครับ ทางมืดมากอันตราย,"['อันตราย', 'รปภ.', 'ทางมืด', 'รปภ']","{'การเดินทาง / รถเมล์มพ.': 0, 'สิ่งอำนวยความสะดวกและอาคารสถานที่': 0, 'สุขอนามัยและความสะอาด': 0, 'การเรียนการสอนและหลักสูตร': 0, 'โรงอาหาร / ร้านค้าบริการ': 0, 'ความปลอดภัยและจราจร': 20, 'ระบบเครือข่ายและเทคโนโลยี': 0, 'บริการและสวัสดิการนิสิต': 0}",20,ความปลอดภัยและจราจร
แจ้งทำความสะอาดตรงริมสระน้ำ สกปรกมากไม่ทำความสะอาด ครับ,"['สกปรก', 'ไม่ทำความสะอาด', 'ทำความสะอาด']","{'การเดินทาง / รถเมล์มพ.': 0, 'สิ่งอำนวยความสะดวกและอาคารสถานที่': 0, 'สุขอนามัยและความสะอาด': 30, 'การเรียนการสอนและหลักสูตร': 0, 'โรงอาหาร / ร้านค้าบริการ': 0, 'ความปลอดภัยและจราจร': 0, 'ระบบเครือข่ายและเทคโนโลยี': 0, 'บริการและสวัสดิการนิสิต': 0}",30,สุขอนามัยและความสะอาด
รปภ. ช่วยดูตรงหน้ามอ หน่อยครับ มีรถชนกัน,"['รถชน', 'รปภ.', 'รปภ']","{'การเดินทาง / รถเมล์มพ.': 0, 'สิ่งอำนวยความสะดวกและอาคารสถานที่': 0, 'สุขอนามัยและความสะอาด': 0, 'การเรียนการสอนและหลักสูตร': 0, 'โรงอาหาร / ร้านค้าบริการ': 0, 'ความปลอดภัยและจราจร': 11, 'ระบบเครือข่ายและเทคโนโลยี': 0, 'บริการและสวัสดิการนิสิต': 0}",11,ความปลอดภัยและจราจร
แจ้งทำความสะอาดตรงสนามบาส มีหมาจรจัดมาคุ้ยขยะ ครับ,"['หมาจรจัด', 'ทำความสะอาด']","{'การเดินทาง / รถเมล์มพ.': 0, 'สิ่งอำนวยความสะดวกและอาคารสถานที่': 0, 'สุขอนามัยและความสะอาด': 19, 'การเรียนการสอนและหลักสูตร': 0, 'โรงอาหาร / ร้านค้าบริการ': 0, 'ความปลอดภัยและจราจร': 0, 'ระบบเครือข่ายและเทคโนโลยี': 0, 'บริการและสวัสดิการนิสิต': 0}",19,สุขอนามัยและความสะอาด
แจ้งเรื่องน้ำไม่ไหล ตรงตึก ICT ช่วยมาดูหน่อย,['น้ำไม่ไหล'],"{'การเดินทาง / รถเมล์มพ.': 0, 'สิ่งอำนวยความสะดวกและอาคารสถานที่': 9, 'สุขอนามัยและความสะอาด': 0, 'การเรียนการสอนและหลักสูตร': 0, 'โรงอาหาร / ร้านค้าบริการ': 0, 'ความปลอดภัยและจราจร': 0, 'ระบบเครือข่ายและเทคโนโลยี': 0, 'บริการและสวัสดิการนิสิต': 0}",9,สิ่งอำนวยความสะดวกและอาคารสถานที่
แจ้งเรื่องน้ำไม่ไหล ตรงตึกวิทย์ ช่วยมาดูหน่อย,['น้ำไม่ไหล'],"{'การเดินทาง / รถเมล์มพ.': 0, 'สิ่งอำนวยความสะดวกและอาคารสถานที่': 9, 'สุขอนามัยและความสะอาด': 0, 'การเรียนการสอนและหลักสูตร': 0, 'โรงอาหาร / ร้านค้าบริการ': 0, 'ความปลอดภัยและจราจร': 0, 'ระบบเครือข่ายและเทคโนโลยี': 0, 'บริการและสวัสดิการนิสิต': 0}",9,สิ่งอำนวยความสะดวกและอาคารสถานที่
แจ้งเรื่องแอร์ไม่เย็นเลย ตรงห้อง 1204 ช่วยมาดูหน่อย,"['แอร์ไม่เย็น', 'แอร์']","{'การเดินทาง / รถเมล์มพ.': 0, 'สิ่งอำนวยความสะดวกและอาคารสถานที่': 15, 'สุขอนามัยและความสะอาด': 0, 'การเรียนการสอนและหลักสูตร': 0, 'โรงอาหาร / ร้านค้าบริการ': 0, 'ความปลอดภัยและจราจร': 0, 'ระบบเครือข่ายและเทคโนโลยี': 0, 'บริการและสวัสดิการนิสิต': 0}",15,สิ่งอำนวยความสะดวกและอาคารสถานที่
แจ้งทำความสะอาดตรงทางเดิน ขยะล้นถังส่งกลิ่นเหม็น ครับ,"['ขยะล้น', 'เหม็น', 'ทำความสะอาด', 'กลิ่นเหม็น']","{'การเดินทาง / รถเมล์มพ.': 0, 'สิ่งอำนวยความสะดวกและอาคารสถานที่': 0, 'สุขอนามัยและความสะอาด': 32, 'การเรียนการสอนและหลักสูตร': 0, 'โรงอาหาร / ร้านค้าบริการ': 0, 'ความปลอดภัยและจราจร': 0, 'ระบบเครือข่ายและเทคโนโลยี': 0, 'บริการและสวัสดิการนิสิต': 0}",32,สุขอนามัยและความสะอาด
อาจารย์ครับ อยากติดต่ออาจารย์เรื่องดรอปเรียน รบกวนให้คำแนะนำที,"['ดรอปเรียน', 'ติดต่ออาจารย์', 'อาจารย์']","{'การเดินทาง / รถเมล์มพ.': 0, 'สิ่งอำนวยความสะดวกและอาคารสถานที่': 0, 'สุขอนามัยและความสะอาด': 0, 'การเรียนการสอนและหลักสูตร': 29, 'โรงอาหาร / ร้านค้าบริการ': 0, 'ความปลอดภัยและจราจร': 0, 'ระบบเครือข่ายและเทคโนโลยี': 0, 'บริการและสวัสดิการนิสิต': 0}",29,การเรียนการสอนและหลักสูตร
สอบถามหน่อยครับ อยากทราบกำหนดการกิจกรรมรับน้อง,"['กิจกรรม', 'สอบถามหน่อยครับ']","{'การเดินทาง / รถเมล์มพ.': 0, 'สิ่งอำนวยความสะดวกและอาคารสถานที่': 0, 'สุขอนามัยและความสะอาด': 0, 'การเรียนการสอนและหลักสูตร': 0, 'โรงอาหาร / ร้านค้าบริการ': 0, 'ความปลอดภัยและจราจร': 0, 'ระบบเครือข่ายและเทคโนโลยี': 0, 'บริการและสวัสดิการนิสิต': 22}",22,บริการและสวัสดิการนิสิต
แจ้งทำความสะอาดตรงโรงอาหาร มีหมาจรจัดมาคุ้ยขยะ ครับ,"['หมาจรจัด', 'ทำความสะอาด', 'โรงอาหาร', 'อาหาร']","{'การเดินทาง / รถเมล์มพ.': 0, 'สิ่งอำนวยความสะดวกและอาคารสถานที่': 0, 'สุขอนามัยและความสะอาด': 19, 'การเรียนการสอนและหลักสูตร': 0, 'โรงอาหาร / ร้านค้าบริการ': 13, 'ความปลอดภัยและจราจร': 0, 'ระบบเครือข่ายและเทคโนโลยี': 0, 'บริการและสวัสดิการนิสิต': 0}",19,สุขอนามัยและความสะอาด
ระบบล่ม ตอนนี้อยู่หน้ามอ ทำงานไม่ได้เลย,"['ระบบล่ม', 'ระบบ']","{'การเดินทาง / รถเมล์มพ.': 0, 'สิ่งอำนวยความสะดวกและอาคารสถานที่': 0, 'สุขอนามัยและความสะอาด': 0, 'การเรียนการสอนและหลักสูตร': 0, 'โรงอาหาร / ร้านค้าบริการ': 0, 'ความปลอดภัยและจราจร': 0, 'ระบบเครือข่ายและเทคโนโลยี': 11, 'บริการและสวัสดิการนิสิต': 0}",11,ระบบเครือข่ายและเทคโนโลยี
รปภ. ช่วยดูตรงประตู 2 หน่อยครับ มีรถชนกัน,"['รถชน', 'รปภ.', 'รปภ', 'ประตู 2']","{'การเดินทาง / รถเมล์มพ.': 0, 'สิ่งอำนวยความสะดวกและอาคารสถานที่': 0, 'สุขอนามัยและความสะอาด': 0, 'การเรียนการสอนและหลักสูตร': 0, 'โรงอาหาร / ร้านค้าบริการ': 0, 'ความปลอดภัยและจราจร': 18, 'ระบบเครือข่ายและเทคโนโลยี': 0, 'บริการและสวัสดิการนิสิต': 0}",18,ความปลอดภัยและจราจร
เน็ตหลุดบ่อยมาก ตอนนี้อยู่ตึกคณะ ทำงานไม่ได้เลย,"['เน็ตหลุด', 'หลุดบ่อย']","{'การเดินทาง / รถเมล์มพ.': 0, 'สิ่งอำนวยความสะดวกและอาคารสถานที่': 0, 'สุขอนามัยและความสะอาด': 0, 'การเรียนการสอนและหลักสูตร': 0, 'โรงอาหาร / ร้านค้าบริการ': 0, 'ความปลอดภัยและจราจร': 0, 'ระบบเครือข่ายและเทคโนโลยี': 16, 'บริการและสวัสดิการนิสิต': 0}",16,ระบบเครือข่ายและเทคโนโลยี
แจ้งทำความสะอาดตรงริมสระน้ำ ขยะล้นถังส่งกลิ่นเหม็น ครับ,"['ขยะล้น', 'เหม็น', 'ทำความสะอาด', 'กลิ่นเหม็น']","{'การเดินทาง / รถเมล์มพ.': 0, 'สิ่งอำนวยความสะดวกและอาคารสถานที่': 0, 'สุขอนามัยและความสะอาด': 32, 'การเรียนการสอนและหลักสูตร': 0, 'โรงอาหาร / ร้านค้าบริการ': 0, 'ความปลอดภัยและจราจร': 0, 'ระบบเครือข่ายและเทคโนโลยี': 0, 'บริการและสวัสดิการนิสิต': 0}",32,สุขอนามัยและความสะอาด
อาจารย์ครับ ลงทะเบียนวิชานี้ไม่ได้ รบกวนให้คำแนะนำที,"['วิชา', 'อาจารย์']","{'การเดินทาง / รถเมล์มพ.': 0, 'สิ่งอำนวยความสะดวกและอาคารสถานที่': 0, 'สุขอนามัยและความสะอาด': 0, 'การเรียนการสอนและหลักสูตร': 11, 'โรงอาหาร / ร้านค้าบริการ': 0, 'ความปลอดภัยและจราจร': 0, 'ระบบเครือข่ายและเทคโนโลยี': 0, 'บริการและสวัสดิการนิสิต': 0}",11,การเรียนการสอนและหลักสูตร
แจ้งทำความสะอาดตรงสนามบาส ขยะล้นถังส่งกลิ่นเหม็น ครับ,"['ขยะล้น', 'เหม็น', 'ทำความสะอาด', 'กลิ่นเหม็น']","{'การเดินทาง / รถเมล์มพ.': 0, 'สิ่งอำนวยความสะดวกและอาคารสถานที่': 0, 'สุขอนามัยและความสะอาด': 32, 'การเรียนการสอนและหลักสูตร': 0, 'โรงอาหาร / ร้านค้าบริการ': 0, 'ความปลอดภัยและจราจร': 0, 'ระบบเครือข่ายและเทคโนโลยี': 0, 'บริการและสวัสดิการนิสิต': 0}",32,สุขอนามัยและความสะอาด
แจ้งทำความสะอาดตรงโรงอาหาร หญ้ารกมาก ครับ,"['หญ้ารก', 'ทำความสะอาด', 'โรงอาหาร', 'อาหาร']","{'การเดินทาง / รถเมล์มพ.': 0, 'สิ่งอำนวยความสะดวกและอาคารสถานที่': 0, 'สุขอนามัยและความสะอาด': 17, 'การเรียนการสอนและหลักสูตร': 0, 'โรงอาหาร / ร้านค้าบริการ': 13, 'ความปลอดภัยและจราจร': 0, 'ระบบเครือข่ายและเทคโนโลยี': 0, 'บริการและสวัสดิการนิสิต': 0}",17,สุขอนามัยและความสะอาด
สอบถามหน่อยครับ อยากทราบกำหนดการกิจกรรมรับน้อง,"['กิจกรรม', 'สอบถามหน่อยครับ']","{'การเดินทาง / รถเมล์มพ.': 0, 'สิ่งอำนวยความสะดวกและอาคารสถานที่': 0, 'สุขอนามัยและความสะอาด': 0, 'การเรียนการสอนและหลักสูตร': 0, 'โรงอาหาร / ร้านค้าบริการ': 0, 'ความปลอดภัยและจราจร': 0, 'ระบบเครือข่ายและเทคโนโลยี': 0, 'บริการและสวัสดิการนิสิต': 22}",22,บริการและสวัสดิการนิสิต
แจ้งทำความสะอาดตรงสวนหน้าตึก ขยะล้นถังส่งกลิ่นเหม็น ครับ,"['ขยะล้น', 'เหม็น', 'ทำความสะอาด', 'กลิ่นเหม็น']","{'การเดินทาง / รถเมล์มพ.': 0, 'สิ่งอำนวยความสะดวกและอาคารสถานที่': 0, 'สุขอนามัยและความสะอาด': 32, 'การเรียนการสอนและหลักสูตร': 0, 'โรงอาหาร / ร้านค้าบริการ': 0, 'ความปลอดภัยและจราจร': 0, 'ระบบเครือข่ายและเทคโนโลยี': 0, 'บริการและสวัสดิการนิสิต': 0}",32,สุขอนามัยและความสะอาด
อาจารย์ครับ ขอสอบชดเชยต้องทำไง รบกวนให้คำแนะนำที,"['ขอสอบชดเชย', 'อาจารย์']","{'การเดินทาง / รถเมล์มพ.': 0, 'สิ่งอำนวยความสะดวกและอาคารสถานที่': 0, 'สุขอนามัยและความสะอาด': 0, 'การเรียนการสอนและหลักสูตร': 17, 'โรงอาหาร / ร้านค้าบริการ': 0, 'ความปลอดภัยและจราจร': 0, 'ระบบเครือข่ายและเทคโนโลยี': 0, 'บริการและสวัสดิการนิสิต': 0}",17,การเรียนการสอนและหลักสูตร
ลงทะเบียนไม่ได้ ตอนนี้อยู่หอพักใน ทำงานไม่ได้เลย,['ลงทะเบียนไม่ได้'],"{'การเดินทาง / รถเมล์มพ.': 0, 'สิ่งอำนวยความสะดวกและอาคารสถานที่': 0, 'สุขอนามัยและความสะอาด': 0, 'การเรียนการสอนและหลักสูตร': 0, 'โรงอาหาร / ร้านค้าบริการ': 0, 'ความปลอดภัยและจราจร': 0, 'ระบบเครือข่ายและเทคโนโลยี': 15, 'บริการและสวัสดิการนิสิต': 0}",15,ระบบเครือข่ายและเทคโนโลยี
แจ้งทำความสะอาดตรงทางเดิน สกปรกมากไม่ทำความสะอาด ครับ,"['สกปรก', 'ไม่ทำความสะอาด', 'ทำความสะอาด']","{'การเดินทาง / รถเมล์มพ.': 0, 'สิ่งอำนวยความสะดวกและอาคารสถานที่': 0, 'สุขอนามัยและความสะอาด': 30, 'การเรียนการสอนและหลักสูตร': 0, 'โรงอาหาร / ร้านค้าบริการ': 0, 'ความปลอดภัยและจราจร': 0, 'ระบบเครือข่ายและเทคโนโลยี': 0, 'บริการและสวัสดิการนิสิต': 0}",30,สุขอนามัยและความสะอาด
รปภ. ช่วยดูตรงหลังมอ หน่อยครับ คนจอดรถขวางทาง,"['รปภ.', 'จอดรถขวาง', 'รปภ']","{'การเดินทาง / รถเมล์มพ.': 0, 'สิ่งอำนวยความสะดวกและอาคารสถานที่': 0, 'สุขอนามัยและความสะอาด': 0, 'การเรียนการสอนและหลักสูตร': 0, 'โรงอาหาร / ร้านค้าบริการ': 0, 'ความปลอดภัยและจราจร': 16, 'ระบบเครือข่ายและเทคโนโลยี': 0, 'บริการและสวัสดิการนิสิต': 0}",16,ความปลอดภัยและจราจร
สอบถามหน่อยครับ รถเมล์สาย 1 หมดกี่โมง,"['รถเมล์', 'รถเมล์สาย', 'สอบถามหน่อยครับ']","{'การเดินทาง / รถเมล์มพ.': 15, 'สิ่งอำนวยความสะดวกและอาคารสถานที่': 0, 'สุขอนามัยและความสะอาด': 0, 'การเรียนการสอนและหลักสูตร': 0, 'โรงอาหาร / ร้านค้าบริการ': 0, 'ความปลอดภัยและจราจร': 0, 'ระบบเครือข่ายและเทคโนโลยี': 0, 'บริการและสวัสดิการนิสิต': 15}",15,การเดินทาง / รถเมล์มพ.
แจ้งทำความสะอาดตรงริมสระน้ำ กิ่งไม้หักขวางทาง ครับ,"['กิ่งไม้หัก', 'ทำความสะอาด']","{'การเดินทาง / รถเมล์มพ.': 0, 'สิ่งอำนวยความสะดวกและอาคารสถานที่': 0, 'สุขอนามัยและความสะอาด': 21, 'การเรียนการสอนและหลักสูตร': 0, 'โรงอาหาร / ร้านค้าบริการ': 0, 'ความปลอดภัยและจราจร': 0, 'ระบบเครือข่ายและเทคโนโลยี': 0, 'บริการและสวัสดิการนิสิต': 0}",21,สุขอนามัยและความสะอาด
อาจารย์ครับ ลงทะเบียนวิชานี้ไม่ได้ รบกวนให้คำแนะนำที,"['วิชา', 'อาจารย์']","{'การเดินทาง / รถเมล์มพ.': 0, 'สิ่งอำนวยความสะดวกและอาคารสถานที่': 0, 'สุขอนามัยและความสะอาด': 0, 'การเรียนการสอนและหลักสูตร': 11, 'โรงอาหาร / ร้านค้าบริการ': 0, 'ความปลอดภัยและจราจร': 0, 'ระบบเครือข่ายและเทคโนโลยี': 0, 'บริการและสวัสดิการนิสิต': 0}",11,การเรียนการสอนและหลักสูตร
สอบถามหน่อยครับ รถเมล์สาย 1 หมดกี่โมง,"['รถเมล์', 'รถเมล์สาย', 'สอบถามหน่อยครับ']","{'การเดินทาง / รถเมล์มพ.': 15, 'สิ่งอำนวยความสะดวกและอาคารสถานที่': 0, 'สุขอนามัยและความสะอาด': 0, 'การเรียนการสอนและหลักสูตร': 0, 'โรงอาหาร / ร้านค้าบริการ': 0, 'ความปลอดภัยและจราจร': 0, 'ระบบเครือข่ายและเทคโนโลยี': 0, 'บริการและสวัสดิการนิสิต': 15}",15,การเดินทาง / รถเมล์มพ.
แจ้งเรื่องไฟดับครับ ตรงอาคารเรียนรวม ช่วยมาดูหน่อย,['ไฟดับ'],"{'การเดินทาง / รถเมล์มพ.': 0, 'สิ่งอำนวยความสะดวกและอาคารสถานที่': 5, 'สุขอนามัยและความสะอาด': 0, 'การเรียนการสอนและหลักสูตร': 0, 'โรงอาหาร / ร้านค้าบริการ': 0, 'ความปลอดภัยและจราจร': 0, 'ระบบเครือข่ายและเทคโนโลยี': 0, 'บริการและสวัสดิการนิสิต': 0}",5,สิ่งอำนวยความสะดวกและอาคารสถานที่
ลงทะเบียนไม่ได้ ตอนนี้อยู่ตึกคณะ ทำงานไม่ได้เลย,['ลงทะเบียนไม่ได้'],"{'การเดินทาง / รถเมล์มพ.': 0, 'สิ่งอำนวยความสะดวกและอาคารสถานที่': 0, 'สุขอนามัยและความสะอาด': 0, 'การเรียนการสอนและหลักสูตร': 0, 'โรงอาหาร / ร้านค้าบริการ': 0, 'ความปลอดภัยและจราจร': 0, 'ระบบเครือข่ายและเทคโนโลยี': 15, 'บริการและสวัสดิการนิสิต': 0}",15,ระบบเครือข่ายและเทคโนโลยี
แจ้งทำความสะอาดตรงทางเดิน มีหมาจรจัดมาคุ้ยขยะ ครับ,"['หมาจรจัด', 'ทำความสะอาด']","{'การเดินทาง / รถเมล์มพ.': 0, 'สิ่งอำนวยความสะดวกและอาคารสถานที่': 0, 'สุขอนามัยและความสะอาด': 19, 'การเรียนการสอนและหลักสูตร': 0, 'โรงอาหาร / ร้านค้าบริการ': 0, 'ความปลอดภัยและจราจร': 0, 'ระบบเครือข่ายและเทคโนโลยี': 0, 'บริการและสวัสดิการนิสิต': 0}",19,สุขอนามัยและความสะอาด
อาจารย์ครับ อยากติดต่ออาจารย์เรื่องดรอปเรียน รบกวนให้คำแนะนำที,"['ดรอปเรียน', 'ติดต่ออาจารย์', 'อาจารย์']","{'การเดินทาง / รถเมล์มพ.': 0, 'สิ่งอำนวยความสะดวกและอาคารสถานที่': 0, 'สุขอนามัยและความสะอาด': 0, 'การเรียนการสอนและหลักสูตร': 29, 'โรงอาหาร / ร้านค้าบริการ': 0, 'ความปลอดภัยและจราจร': 0, 'ระบบเครือข่ายและเทคโนโลยี': 0, 'บริการและสวัสดิการนิสิต': 0}",29,การเรียนการสอนและหลักสูตร
สอบถามหน่อยครับ สอบถามเรื่องทุนการศึกษา,"['ทุนการศึกษา', 'สอบถามหน่อยครับ']","{'การเดินทาง / รถเมล์มพ.': 0, 'สิ่งอำนวยความสะดวกและอาคารสถานที่': 0, 'สุขอนามัยและความสะอาด': 0, 'การเรียนการสอนและหลักสูตร': 0, 'โรงอาหาร / ร้านค้าบริการ': 0, 'ความปลอดภัยและจราจร': 0, 'ระบบเครือข่ายและเทคโนโลยี': 0, 'บริการและสวัสดิการนิสิต': 26}",26,บริการและสวัสดิการนิสิต
อาจารย์ครับ ตารางเรียนไม่ขึ้นระบบ รบกวนให้คำแนะนำที,"['ตารางเรียน', 'อาจารย์', 'ระบบ']","{'การเดินทาง / รถเมล์มพ.': 0, 'สิ่งอำนวยความสะดวกและอาคารสถานที่': 0, 'สุขอนามัยและความสะอาด': 0, 'การเรียนการสอนและหลักสูตร': 17, 'โรงอาหาร / ร้านค้าบริการ': 0, 'ความปลอดภัยและจราจร': 0, 'ระบบเครือข่ายและเทคโนโลยี': 4, 'บริการและสวัสดิการนิสิต': 0}",17,การเรียนการสอนและหลักสูตร
เน็ตหลุดบ่อยมาก ตอนนี้อยู่ห้องสมุด ทำงานไม่ได้เลย,"['เน็ตหลุด', 'หลุดบ่อย']","{'การเดินทาง / รถเมล์มพ.': 0, 'สิ่งอำนวยความสะดวกและอาคารสถานที่': 0, 'สุขอนามัยและความสะอาด': 0, 'การเรียนการสอนและหลักสูตร': 0, 'โรงอาหาร / ร้านค้าบริการ': 0, 'ความปลอดภัยและจราจร': 0, 'ระบบเครือข่ายและเทคโนโลยี': 16, 'บริการและสวัสดิการนิสิต': 0}",16,ระบบเครือข่ายและเทคโนโลยี
แจ้งทำความสะอาดตรงสนามบาส ขยะล้นถังส่งกลิ่นเหม็น ครับ,"['ขยะล้น', 'เหม็น', 'ทำความสะอาด', 'กลิ่นเหม็น']","{'การเดินทาง / รถเมล์มพ.': 0, 'สิ่งอำนวยความสะดวกและอาคารสถานที่': 0, 'สุขอนามัยและความสะอาด': 32, 'การเรียนการสอนและหลักสูตร': 0, 'โรงอาหาร / ร้านค้าบริการ': 0, 'ความปลอดภัยและจราจร': 0, 'ระบบเครือข่ายและเทคโนโลยี': 0, 'บริการและสวัสดิการนิสิต': 0}",32,สุขอนามัยและความสะอาด
รปภ. ช่วยดูตรงหลังมอ หน่อยครับ รถติดหนักมาก,"['รถติด', 'รปภ.', 'รปภ']","{'การเดินทาง / รถเมล์มพ.': 5, 'สิ่งอำนวยความสะดวกและอาคารสถานที่': 0, 'สุขอนามัยและความสะอาด': 0, 'การเรียนการสอนและหลักสูตร': 0, 'โรงอาหาร / ร้านค้าบริการ': 0, 'ความปลอดภัยและจราจร': 7, 'ระบบเครือข่ายและเทคโนโลยี': 0, 'บริการและสวัสดิการนิสิต': 0}",7,ความปลอดภัยและจราจร
อาจารย์ครับ ตารางเรียนไม่ขึ้นระบบ รบกวนให้คำแนะนำที,"['ตารางเรียน', 'อาจารย์', 'ระบบ']","{'การเดินทาง / รถเมล์มพ.': 0, 'สิ่งอำนวยความสะดวกและอาคารสถานที่': 0, 'สุขอนามัยและความสะอาด': 0, 'การเรียนการสอนและหลักสูตร': 17, 'โรงอาหาร / ร้านค้าบริการ': 0, 'ความปลอดภัยและจราจร': 0, 'ระบบเครือข่ายและเทคโนโลยี': 4, 'บริการและสวัสดิการนิสิต': 0}",17,การเรียนการสอนและหลักสูตร
ระบบล่ม ตอนนี้อยู่ตึกคณะ ทำงานไม่ได้เลย,"['ระบบล่ม', 'ระบบ']","{'การเดินทาง / รถเมล์มพ.': 0, 'สิ่งอำนวยความสะดวกและอาคารสถานที่': 0, 'สุขอนามัยและความสะอาด': 0, 'การเรียนการสอนและหลักสูตร': 0, 'โรงอาหาร / ร้านค้าบริการ': 0, 'ความปลอดภัยและจราจร': 0, 'ระบบเครือข่ายและเทคโนโลยี': 11, 'บริการและสวัสดิการนิสิต': 0}",11,ระบบเครือข่ายและเทคโนโลยี
ระบบล่ม ตอนนี้อยู่ห้องสมุด ทำงานไม่ได้เลย,"['ระบบล่ม', 'ระบบ']","{'การเดินทาง / รถเมล์มพ.': 0, 'สิ่งอำนวยความสะดวกและอาคารสถานที่': 0, 'สุขอนามัยและความสะอาด': 0, 'การเรียนการสอนและหลักสูตร': 0, 'โรงอาหาร / ร้านค้าบริการ': 0, 'ความปลอดภัยและจราจร': 0, 'ระบบเครือข่ายและเทคโนโลยี': 11, 'บริการและสวัสดิการนิสิต': 0}",11,ระบบเครือข่ายและเทคโนโลยี
อาจารย์ครับ ลงทะเบียนวิชานี้ไม่ได้ รบกวนให้คำแนะนำที,"['วิชา', 'อาจารย์']","{'การเดินทาง / รถเมล์มพ.': 0, 'สิ่งอำนวยความสะดวกและอาคารสถานที่': 0, 'สุขอนามัยและความสะอาด': 0, 'การเรียนการสอนและหลักสูตร': 11, 'โรงอาหาร / ร้านค้าบริการ': 0, 'ความปลอดภัยและจราจร': 0, 'ระบบเครือข่ายและเทคโนโลยี': 0, 'บริการและสวัสดิการนิสิต': 0}",11,การเรียนการสอนและหลักสูตร
แจ้งเรื่องแอร์ไม่เย็นเลย ตรงอาคารเรียนรวม ช่วยมาดูหน่อย,"['แอร์ไม่เย็น', 'แอร์']","{'การเดินทาง / รถเมล์มพ.': 0, 'สิ่งอำนวยความสะดวกและอาคารสถานที่': 15, 'สุขอนามัยและความสะอาด': 0, 'การเรียนการสอนและหลักสูตร': 0, 'โรงอาหาร / ร้านค้าบริการ': 0, 'ความปลอดภัยและจราจร': 0, 'ระบบเครือข่ายและเทคโนโลยี': 0, 'บริการและสวัสดิการนิสิต': 0}",15,สิ่งอำนวยความสะดวกและอาคารสถานที่
แจ้งเรื่องลิฟต์ค้าง ตรงอาคารเรียนรวม ช่วยมาดูหน่อย,"['ลิฟต์ค้าง', 'ลิฟต์']","{'การเดินทาง / รถเมล์มพ.': 0, 'สิ่งอำนวยความสะดวกและอาคารสถานที่': 14, 'สุขอนามัยและความสะอาด': 0, 'การเรียนการสอนและหลักสูตร': 0, 'โรงอาหาร / ร้านค้าบริการ': 0, 'ความปลอดภัยและจราจร': 0, 'ระบบเครือข่ายและเทคโนโลยี': 0, 'บริการและสวัสดิการนิสิต': 0}",14,สิ่งอำนวยความสะดวกและอาคารสถานที่
แจ้งเรื่องไฟดับครับ ตรงห้องน้ำตึกสงวน ช่วยมาดูหน่อย,['ไฟดับ'],"{'การเดินทาง / รถเมล์มพ.': 0, 'สิ่งอำนวยความสะดวกและอาคารสถานที่': 5, 'สุขอนามัยและความสะอาด': 0, 'การเรียนการสอนและหลักสูตร': 0, 'โรงอาหาร / ร้านค้าบริการ': 0, 'ความปลอดภัยและจราจร': 0, 'ระบบเครือข่ายและเทคโนโลยี': 0, 'บริการและสวัสดิการนิสิต': 0}",5,สิ่งอำนวยความสะดวกและอาคารสถานที่
แจ้งเรื่องน้ำไม่ไหล ตรงห้อง 1204 ช่วยมาดูหน่อย,['น้ำไม่ไหล'],"{'การเดินทาง / รถเมล์มพ.': 0, 'สิ่งอำนวยความสะดวกและอาคารสถานที่': 9, 'สุขอนามัยและความสะอาด': 0, 'การเรียนการสอนและหลักสูตร': 0, 'โรงอาหาร / ร้านค้าบริการ': 0, 'ความปลอดภัยและจราจร': 0, 'ระบบเครือข่ายและเทคโนโลยี': 0, 'บริการและสวัสดิการนิสิต': 0}",9,สิ่งอำนวยความสะดวกและอาคารสถานที่
สอบถามหน่อยครับ ทำบัตรนิสิตใหม่ที่ไหน,"['บัตรนิสิต', 'สอบถามหน่อยครับ']","{'การเดินทาง / รถเมล์มพ.': 0, 'สิ่งอำนวยความสะดวกและอาคารสถานที่': 0, 'สุขอนามัยและความสะอาด': 0, 'การเรียนการสอนและหลักสูตร': 0, 'โรงอาหาร / ร้านค้าบริการ': 0, 'ความปลอดภัยและจราจร': 0, 'ระบบเครือข่ายและเทคโนโลยี': 0, 'บริการและสวัสดิการนิสิต': 24}",24,บริการและสวัสดิการนิสิต
แจ้งทำความสะอาดตรงโรงอาหาร มีหมาจรจัดมาคุ้ยขยะ ครับ,"['หมาจรจัด', 'ทำความสะอาด', 'โรงอาหาร', 'อาหาร']","{'การเดินทาง / รถเมล์มพ.': 0, 'สิ่งอำนวยความสะดวกและอาคารสถานที่': 0, 'สุขอนามัยและความสะอาด': 19, 'การเรียนการสอนและหลักสูตร': 0, 'โรงอาหาร / ร้านค้าบริการ': 13, 'ความปลอดภัยและจราจร': 0, 'ระบบเครือข่ายและเทคโนโลยี': 0, 'บริการและสวัสดิการนิสิต': 0}",19,สุขอนามัยและความสะอาด
สอบถามหน่อยครับ สอบถามเรื่องทุนการศึกษา,"['ทุนการศึกษา', 'สอบถามหน่อยครับ']","{'การเดินทาง / รถเมล์มพ.': 0, 'สิ่งอำนวยความสะดวกและอาคารสถานที่': 0, 'สุขอนามัยและความสะอาด': 0, 'การเรียนการสอนและหลักสูตร': 0, 'โรงอาหาร / ร้านค้าบริการ': 0, 'ความปลอดภัยและจราจร': 0, 'ระบบเครือข่ายและเทคโนโลยี': 0, 'บริการและสวัสดิการนิสิต': 26}",26,บริการและสวัสดิการนิสิต
ลืมรหัสผ่านเข้าระบบ ตอนนี้อยู่ห้องสมุด ทำงานไม่ได้เลย,"['ลืมรหัสผ่าน', 'ระบบ']","{'การเดินทาง / รถเมล์มพ.': 0, 'สิ่งอำนวยความสะดวกและอาคารสถานที่': 0, 'สุขอนามัยและความสะอาด': 0, 'การเรียนการสอนและหลักสูตร': 0, 'โรงอาหาร / ร้านค้าบริการ': 0, 'ความปลอดภัยและจราจร': 0, 'ระบบเครือข่ายและเทคโนโลยี': 15, 'บริการและสวัสดิการนิสิต': 0}",15,ระบบเครือข่ายและเทคโนโลยี
แจ้งทำความสะอาดตรงโรงอาหาร หญ้ารกมาก ครับ,"['หญ้ารก', 'ทำความสะอาด', 'โรงอาหาร', 'อาหาร']","{'การเดินทาง / รถเมล์มพ.': 0, 'สิ่งอำนวยความสะดวกและอาคารสถานที่': 0, 'สุขอนามัยและความสะอาด': 17, 'การเรียนการสอนและหลักสูตร': 0, 'โรงอาหาร / ร้านค้าบริการ': 13, 'ความปลอดภัยและจราจร': 0, 'ระบบเครือข่ายและเทคโนโลยี': 0, 'บริการและสวัสดิการนิสิต': 0}",17,สุขอนามัยและความสะอาด
สอบถามหน่อยครับ รถเมล์สาย 1 หมดกี่โมง,"['รถเมล์', 'รถเมล์สาย', 'สอบถามหน่อยครับ']","{'การเดินทาง / รถเมล์มพ.': 15, 'สิ่งอำนวยความสะดวกและอาคารสถานที่': 0, 'สุขอนามัยและความสะอาด': 0, 'การเรียนการสอนและหลักสูตร': 0, 'โรงอาหาร / ร้านค้าบริการ': 0, 'ความปลอดภัยและจราจร': 0, 'ระบบเครือข่ายและเทคโนโลยี': 0, 'บริการและสวัสดิการนิสิต': 15}",15,การเดินทาง / รถเมล์มพ.
อาจารย์ครับ ตารางเรียนไม่ขึ้นระบบ รบกวนให้คำแนะนำที,"['ตารางเรียน', 'อาจารย์', 'ระบบ']","{'การเดินทาง / รถเมล์มพ.': 0, 'สิ่งอำนวยความสะดวกและอาคารสถานที่': 0, 'สุขอนามัยและความสะอาด': 0, 'การเรียนการสอนและหลักสูตร': 17, 'โรงอาหาร / ร้านค้าบริการ': 0, 'ความปลอดภัยและจราจร': 0, 'ระบบเครือข่ายและเทคโนโลยี': 4, 'บริการและสวัสดิการนิสิต': 0}",17,การเรียนการสอนและหลักสูตร
อาจารย์ครับ ลงทะเบียนวิชานี้ไม่ได้ รบกวนให้คำแนะนำที,"['วิชา', 'อาจารย์']","{'การเดินทาง / รถเมล์มพ.': 0, 'สิ่งอำนวยความสะดวกและอาคารสถานที่': 0, 'สุขอนามัยและความสะอาด': 0, 'การเรียนการสอนและหลักสูตร': 11, 'โรงอาหาร / ร้านค้าบริการ': 0, 'ความปลอดภัยและจราจร': 0, 'ระบบเครือข่ายและเทคโนโลยี': 0, 'บริการและสวัสดิการนิสิต': 0}",11,การเรียนการสอนและหลักสูตร
แจ้งทำความสะอาดตรงโรงอาหาร มีหมาจรจัดมาคุ้ยขยะ ครับ,"['หมาจรจัด', 'ทำความสะอาด', 'โรงอาหาร', 'อาหาร']","{'การเดินทาง / รถเมล์มพ.': 0, 'สิ่งอำนวยความสะดวกและอาคารสถานที่': 0, 'สุขอนามัยและความสะอาด': 19, 'การเรียนการสอนและหลักสูตร': 0, 'โรงอาหาร / ร้านค้าบริการ': 13, 'ความปลอดภัยและจราจร': 0, 'ระบบเครือข่ายและเทคโนโลยี': 0, 'บริการและสวัสดิการนิสิต': 0}",19,สุขอนามัยและความสะอาด
แจ้งเรื่องน้ำไม่ไหล ตรงอาคารเรียนรวม ช่วยมาดูหน่อย,['น้ำไม่ไหล'],"{'การเดินทาง / รถเมล์มพ.': 0, 'สิ่งอำนวยความสะดวกและอาคารสถานที่': 9, 'สุขอนามัยและความสะอาด': 0, 'การเรียนการสอนและหลักสูตร': 0, 'โรงอาหาร / ร้านค้าบริการ': 0, 'ความปลอดภัยและจราจร': 0, 'ระบบเครือข่ายและเทคโนโลยี': 0, 'บริการและสวัสดิการนิสิต': 0}",9,สิ่งอำนวยความสะดวกและอาคารสถานที่
สอบถามหน่อยครับ รถเมล์สาย 1 หมดกี่โมง,"['รถเมล์', 'รถเมล์สาย', 'สอบถามหน่อยครับ']","{'การเดินทาง / รถเมล์มพ.': 15, 'สิ่งอำนวยความสะดวกและอาคารสถานที่': 0, 'สุขอนามัยและความสะอาด': 0, 'การเรียนการสอนและหลักสูตร': 0, 'โรงอาหาร / ร้านค้าบริการ': 0, 'ความปลอดภัยและจราจร': 0, 'ระบบเครือข่ายและเทคโนโลยี': 0, 'บริการและสวัสดิการนิสิต': 15}",15,การเดินทาง / รถเมล์มพ.
อาจารย์ครับ ขอสอบชดเชยต้องทำไง รบกวนให้คำแนะนำที,"['ขอสอบชดเชย', 'อาจารย์']","{'การเดินทาง / รถเมล์มพ.': 0, 'สิ่งอำนวยความสะดวกและอาคารสถานที่': 0, 'สุขอนามัยและความสะอาด': 0, 'การเรียนการสอนและหลักสูตร': 17, 'โรงอาหาร / ร้านค้าบริการ': 0, 'ความปลอดภัยและจราจร': 0, 'ระบบเครือข่ายและเทคโนโลยี': 0, 'บริการและสวัสดิการนิสิต': 0}",17,การเรียนการสอนและหลักสูตร
รปภ. ช่วยดูตรงลานจอดรถ หน่อยครับ มีรถชนกัน,"['รถชน', 'รปภ.', 'รปภ']","{'การเดินทาง / รถเมล์มพ.': 0, 'สิ่งอำนวยความสะดวกและอาคารสถานที่': 0, 'สุขอนามัยและความสะอาด': 0, 'การเรียนการสอนและหลักสูตร': 0, 'โรงอาหาร / ร้านค้าบริการ': 0, 'ความปลอดภัยและจราจร': 11, 'ระบบเครือข่ายและเทคโนโลยี': 0, 'บริการและสวัสดิการนิสิต': 0}",11,ความปลอดภัยและจราจร
แจ้งทำความสะอาดตรงทางเดิน กิ่งไม้หักขวางทาง ครับ,"['กิ่งไม้หัก', 'ทำความสะอาด']","{'การเดินทาง / รถเมล์มพ.': 0, 'สิ่งอำนวยความสะดวกและอาคารสถานที่': 0, 'สุขอนามัยและความสะอาด': 21, 'การเรียนการสอนและหลักสูตร': 0, 'โรงอาหาร / ร้านค้าบริการ': 0, 'ความปลอดภัยและจราจร': 0, 'ระบบเครือข่ายและเทคโนโลยี': 0, 'บริการและสวัสดิการนิสิต': 0}",21,สุขอนามัยและความสะอาด
อาจารย์ครับ ขอสอบชดเชยต้องทำไง รบกวนให้คำแนะนำที,"['ขอสอบชดเชย', 'อาจารย์']","{'การเดินทาง / รถเมล์มพ.': 0, 'สิ่งอำนวยความสะดวกและอาคารสถานที่': 0, 'สุขอนามัยและความสะอาด': 0, 'การเรียนการสอนและหลักสูตร': 17, 'โรงอาหาร / ร้านค้าบริการ': 0, 'ความปลอดภัยและจราจร': 0, 'ระบบเครือข่ายและเทคโนโลยี': 0, 'บริการและสวัสดิการนิสิต': 0}",17,การเรียนการสอนและหลักสูตร
อาจารย์ครับ ตารางเรียนไม่ขึ้นระบบ รบกวนให้คำแนะนำที,"['ตารางเรียน', 'อาจารย์', 'ระบบ']","{'การเดินทาง / รถเมล์มพ.': 0, 'สิ่งอำนวยความสะดวกและอาคารสถานที่': 0, 'สุขอนามัยและความสะอาด': 0, 'การเรียนการสอนและหลักสูตร': 17, 'โรงอาหาร / ร้านค้าบริการ': 0, 'ความปลอดภัยและจราจร': 0, 'ระบบเครือข่ายและเทคโนโลยี': 4, 'บริการและสวัสดิการนิสิต': 0}",17,การเรียนการสอนและหลักสูตร
แจ้งเรื่องประตูพัง ตรงตึกวิทย์ ช่วยมาดูหน่อย,"['พัง', 'ประตูพัง']","{'การเดินทาง / รถเมล์มพ.': 0, 'สิ่งอำนวยความสะดวกและอาคารสถานที่': 11, 'สุขอนามัยและความสะอาด': 0, 'การเรียนการสอนและหลักสูตร': 0, 'โรงอาหาร / ร้านค้าบริการ': 0, 'ความปลอดภัยและจราจร': 0, 'ระบบเครือข่ายและเทคโนโลยี': 0, 'บริการและสวัสดิการนิสิต': 0}",11,สิ่งอำนวยความสะดวกและอาคารสถานที่
อาจารย์ครับ ตารางเรียนไม่ขึ้นระบบ รบกวนให้คำแนะนำที,"['ตารางเรียน', 'อาจารย์', 'ระบบ']","{'การเดินทาง / รถเมล์มพ.': 0, 'สิ่งอำนวยความสะดวกและอาคารสถานที่': 0, 'สุขอนามัยและความสะอาด': 0, 'การเรียนการสอนและหลักสูตร': 17, 'โรงอาหาร / ร้านค้าบริการ': 0, 'ความปลอดภัยและจราจร': 0, 'ระบบเครือข่ายและเทคโนโลยี': 4, 'บริการและสวัสดิการนิสิต': 0}",17,การเรียนการสอนและหลักสูตร
แจ้งเรื่องแอร์ไม่เย็นเลย ตรงห้องบรรยาย ช่วยมาดูหน่อย,"['แอร์ไม่เย็น', 'แอร์']","{'การเดินทาง / รถเมล์มพ.': 0, 'สิ่งอำนวยความสะดวกและอาคารสถานที่': 15, 'สุขอนามัยและความสะอาด': 0, 'การเรียนการสอนและหลักสูตร': 0, 'โรงอาหาร / ร้านค้าบริการ': 0, 'ความปลอดภัยและจราจร': 0, 'ระบบเครือข่ายและเทคโนโลยี': 0, 'บริการและสวัสดิการนิสิต': 0}",15,สิ่งอำนวยความสะดวกและอาคารสถานที่
อาจารย์ครับ ตารางเรียนไม่ขึ้นระบบ รบกวนให้คำแนะนำที,"['ตารางเรียน', 'อาจารย์', 'ระบบ']","{'การเดินทาง / รถเมล์มพ.': 0, 'สิ่งอำนวยความสะดวกและอาคารสถานที่': 0, 'สุขอนามัยและความสะอาด': 0, 'การเรียนการสอนและหลักสูตร': 17, 'โรงอาหาร / ร้านค้าบริการ': 0, 'ความปลอดภัยและจราจร': 0, 'ระบบเครือข่ายและเทคโนโลยี': 4, 'บริการและสวัสดิการนิสิต': 0}",17,การเรียนการสอนและหลักสูตร
สอบถามหน่อยครับ ทำบัตรนิสิตใหม่ที่ไหน,"['บัตรนิสิต', 'สอบถามหน่อยครับ']","{'การเดินทาง / รถเมล์มพ.': 0, 'สิ่งอำนวยความสะดวกและอาคารสถานที่': 0, 'สุขอนามัยและความสะอาด': 0, 'การเรียนการสอนและหลักสูตร': 0, 'โรงอาหาร / ร้านค้าบริการ': 0, 'ความปลอดภัยและจราจร': 0, 'ระบบเครือข่ายและเทคโนโลยี': 0, 'บริการและสวัสดิการนิสิต': 24}",24,บริการและสวัสดิการนิสิต
แจ้งเรื่องไฟดับครับ ตรงห้องบรรยาย ช่วยมาดูหน่อย,['ไฟดับ'],"{'การเดินทาง / รถเมล์มพ.': 0, 'สิ่งอำนวยความสะดวกและอาคารสถานที่': 5, 'สุขอนามัยและความสะอาด': 0, 'การเรียนการสอนและหลักสูตร': 0, 'โรงอาหาร / ร้านค้าบริการ': 0, 'ความปลอดภัยและจราจร': 0, 'ระบบเครือข่ายและเทคโนโลยี': 0, 'บริการและสวัสดิการนิสิต': 0}",5,สิ่งอำนวยความสะดวกและอาคารสถานที่
แจ้งทำความสะอาดตรงสนามบาส กิ่งไม้หักขวางทาง ครับ,"['กิ่งไม้หัก', 'ทำความสะอาด']","{'การเดินทาง / รถเมล์มพ.': 0, 'สิ่งอำนวยความสะดวกและอาคารสถานที่': 0, 'สุขอนามัยและความสะอาด': 21, 'การเรียนการสอนและหลักสูตร': 0, 'โรงอาหาร / ร้านค้าบริการ': 0, 'ความปลอดภัยและจราจร': 0, 'ระบบเครือข่ายและเทคโนโลยี': 0, 'บริการและสวัสดิการนิสิต': 0}",21,สุขอนามัยและความสะอาด
แจ้งทำความสะอาดตรงสวนหน้าตึก ขยะล้นถังส่งกลิ่นเหม็น ครับ,"['ขยะล้น', 'เหม็น', 'ทำความสะอาด', 'กลิ่นเหม็น']","{'การเดินทาง / รถเมล์มพ.': 0, 'สิ่งอำนวยความสะดวกและอาคารสถานที่': 0, 'สุขอนามัยและความสะอาด': 32, 'การเรียนการสอนและหลักสูตร': 0, 'โรงอาหาร / ร้านค้าบริการ': 0, 'ความปลอดภัยและจราจร': 0, 'ระบบเครือข่ายและเทคโนโลยี': 0, 'บริการและสวัสดิการนิสิต': 0}",32,สุขอนามัยและความสะอาด
สอบถามหน่อยครับ อยากทราบกำหนดการกิจกรรมรับน้อง,"['กิจกรรม', 'สอบถามหน่อยครับ']","{'การเดินทาง / รถเมล์มพ.': 0, 'สิ่งอำนวยความสะดวกและอาคารสถานที่': 0, 'สุขอนามัยและความสะอาด': 0, 'การเรียนการสอนและหลักสูตร': 0, 'โรงอาหาร / ร้านค้าบริการ': 0, 'ความปลอดภัยและจราจร': 0, 'ระบบเครือข่ายและเทคโนโลยี': 0, 'บริการและสวัสดิการนิสิต': 22}",22,บริการและสวัสดิการนิสิต
แจ้งเรื่องหลังคารั่วหนักมาก ตรงอาคารเรียนรวม ช่วยมาดูหน่อย,['หลังคารั่ว'],"{'การเดินทาง / รถเมล์มพ.': 0, 'สิ่งอำนวยความสะดวกและอาคารสถานที่': 10, 'สุขอนามัยและความสะอาด': 0, 'การเรียนการสอนและหลักสูตร': 0, 'โรงอาหาร / ร้านค้าบริการ': 0, 'ความปลอดภัยและจราจร': 0, 'ระบบเครือข่ายและเทคโนโลยี': 0, 'บริการและสวัสดิการนิสิต': 0}",10,สิ่งอำนวยความสะดวกและอาคารสถานที่
สอบถามหน่อยครับ รถเมล์สาย 1 หมดกี่โมง,"['รถเมล์', 'รถเมล์สาย', 'สอบถามหน่อยครับ']","{'การเดินทาง / รถเมล์มพ.': 15, 'สิ่งอำนวยความสะดวกและอาคารสถานที่': 0, 'สุขอนามัยและความสะอาด': 0, 'การเรียนการสอนและหลักสูตร': 0, 'โรงอาหาร / ร้านค้าบริการ': 0, 'ความปลอดภัยและจราจร': 0, 'ระบบเครือข่ายและเทคโนโลยี': 0, 'บริการและสวัสดิการนิสิต': 15}",15,การเดินทาง / รถเมล์มพ.
แจ้งทำความสะอาดตรงสวนหน้าตึก ขยะล้นถังส่งกลิ่นเหม็น ครับ,"['ขยะล้น', 'เหม็น', 'ทำความสะอาด', 'กลิ่นเหม็น']","{'การเดินทาง / รถเมล์มพ.': 0, 'สิ่งอำนวยความสะดวกและอาคารสถานที่': 0, 'สุขอนามัยและความสะอาด': 32, 'การเรียนการสอนและหลักสูตร': 0, 'โรงอาหาร / ร้านค้าบริการ': 0, 'ความปลอดภัยและจราจร': 0, 'ระบบเครือข่ายและเทคโนโลยี': 0, 'บริการและสวัสดิการนิสิต': 0}",32,สุขอนามัยและความสะอาด
รปภ. ช่วยดูตรงประตู 2 หน่อยครับ มีรถชนกัน,"['รถชน', 'รปภ.', 'รปภ', 'ประตู 2']","{'การเดินทาง / รถเมล์มพ.': 0, 'สิ่งอำนวยความสะดวกและอาคารสถานที่': 0, 'สุขอนามัยและความสะอาด': 0, 'การเรียนการสอนและหลักสูตร': 0, 'โรงอาหาร / ร้านค้าบริการ': 0, 'ความปลอดภัยและจราจร': 18, 'ระบบเครือข่ายและเทคโนโลยี': 0, 'บริการและสวัสดิการนิสิต': 0}",18,ความปลอดภัยและจราจร
อาจารย์ครับ ขอสอบชดเชยต้องทำไง รบกวนให้คำแนะนำที,"['ขอสอบชดเชย', 'อาจารย์']","{'การเดินทาง / รถเมล์มพ.': 0, 'สิ่งอำนวยความสะดวกและอาคารสถานที่': 0, 'สุขอนามัยและความสะอาด': 0, 'การเรียนการสอนและหลักสูตร': 17, 'โรงอาหาร / ร้านค้าบริการ': 0, 'ความปลอดภัยและจราจร': 0, 'ระบบเครือข่ายและเทคโนโลยี': 0, 'บริการและสวัสดิการนิสิต': 0}",17,การเรียนการสอนและหลักสูตร
ระบบล่ม ตอนนี้อยู่ห้องสมุด ทำงานไม่ได้เลย,"['ระบบล่ม', 'ระบบ']","{'การเดินทาง / รถเมล์มพ.': 0, 'สิ่งอำนวยความสะดวกและอาคารสถานที่': 0, 'สุขอนามัยและความสะอาด': 0, 'การเรียนการสอนและหลักสูตร': 0, 'โรงอาหาร / ร้านค้าบริการ': 0, 'ความปลอดภัยและจราจร': 0, 'ระบบเครือข่ายและเทคโนโลยี': 11, 'บริการและสวัสดิการนิสิต': 0}",11,ระบบเครือข่ายและเทคโนโลยี
แจ้งทำความสะอาดตรงสวนหน้าตึก มีหมาจรจัดมาคุ้ยขยะ ครับ,"['หมาจรจัด', 'ทำความสะอาด']","{'การเดินทาง / รถเมล์มพ.': 0, 'สิ่งอำนวยความสะดวกและอาคารสถานที่': 0, 'สุขอนามัยและความสะอาด': 19, 'การเรียนการสอนและหลักสูตร': 0, 'โรงอาหาร / ร้านค้าบริการ': 0, 'ความปลอดภัยและจราจร': 0, 'ระบบเครือข่ายและเทคโนโลยี': 0, 'บริการและสวัสดิการนิสิต': 0}",19,สุขอนามัยและความสะอาด
เน็ตหลุดบ่อยมาก ตอนนี้อยู่หน้ามอ ทำงานไม่ได้เลย,"['เน็ตหลุด', 'หลุดบ่อย']","{'การเดินทาง / รถเมล์มพ.': 0, 'สิ่งอำนวยความสะดวกและอาคารสถานที่': 0, 'สุขอนามัยและความสะอาด': 0, 'การเรียนการสอนและหลักสูตร': 0, 'โรงอาหาร / ร้านค้าบริการ': 0, 'ความปลอดภัยและจราจร': 0, 'ระบบเครือข่ายและเทคโนโลยี': 16, 'บริการและสวัสดิการนิสิต': 0}",16,ระบบเครือข่ายและเทคโนโลยี
สอบถามหน่อยครับ รถเมล์สาย 1 หมดกี่โมง,"['รถเมล์', 'รถเมล์สาย', 'สอบถามหน่อยครับ']","{'การเดินทาง / รถเมล์มพ.': 15, 'สิ่งอำนวยความสะดวกและอาคารสถานที่': 0, 'สุขอนามัยและความสะอาด': 0, 'การเรียนการสอนและหลักสูตร': 0, 'โรงอาหาร / ร้านค้าบริการ': 0, 'ความปลอดภัยและจราจร': 0, 'ระบบเครือข่ายและเทคโนโลยี': 0, 'บริการและสวัสดิการนิสิต': 15}",15,การเดินทาง / รถเมล์มพ.
ลืมรหัสผ่านเข้าระบบ ตอนนี้อยู่ห้องสมุด ทำงานไม่ได้เลย,"['ลืมรหัสผ่าน', 'ระบบ']","{'การเดินทาง / รถเมล์มพ.': 0, 'สิ่งอำนวยความสะดวกและอาคารสถานที่': 0, 'สุขอนามัยและความสะอาด': 0, 'การเรียนการสอนและหลักสูตร': 0, 'โรงอาหาร / ร้านค้าบริการ': 0, 'ความปลอดภัยและจราจร': 0, 'ระบบเครือข่ายและเทคโนโลยี': 15, 'บริการและสวัสดิการนิสิต': 0}",15,ระบบเครือข่ายและเทคโนโลยี
สอบถามหน่อยครับ อยากทราบกำหนดการกิจกรรมรับน้อง,"['กิจกรรม', 'สอบถามหน่อยครับ']","{'การเดินทาง / รถเมล์มพ.': 0, 'สิ่งอำนวยความสะดวกและอาคารสถานที่': 0, 'สุขอนามัยและความสะอาด': 0, 'การเรียนการสอนและหลักสูตร': 0, 'โรงอาหาร / ร้านค้าบริการ': 0, 'ความปลอดภัยและจราจร': 0, 'ระบบเครือข่ายและเทคโนโลยี': 0, 'บริการและสวัสดิการนิสิต': 22}",22,บริการและสวัสดิการนิสิต
อาจารย์ครับ ตารางเรียนไม่ขึ้นระบบ รบกวนให้คำแนะนำที,"['ตารางเรียน', 'อาจารย์', 'ระบบ']","{'การเดินทาง / รถเมล์มพ.': 0, 'สิ่งอำนวยความสะดวกและอาคารสถานที่': 0, 'สุขอนามัยและความสะอาด': 0, 'การเรียนการสอนและหลักสูตร': 17, 'โรงอาหาร / ร้านค้าบริการ': 0, 'ความปลอดภัยและจราจร': 0, 'ระบบเครือข่ายและเทคโนโลยี': 4, 'บริการและสวัสดิการนิสิต': 0}",17,การเรียนการสอนและหลักสูตร
แจ้งทำความสะอาดตรงสนามบาส กิ่งไม้หักขวางทาง ครับ,"['กิ่งไม้หัก', 'ทำความสะอาด']","{'การเดินทาง / รถเมล์มพ.': 0, 'สิ่งอำนวยความสะดวกและอาคารสถานที่': 0, 'สุขอนามัยและความสะอาด': 21, 'การเรียนการสอนและหลักสูตร': 0, 'โรงอาหาร / ร้านค้าบริการ': 0, 'ความปลอดภัยและจราจร': 0, 'ระบบเครือข่ายและเทคโนโลยี': 0, 'บริการและสวัสดิการนิสิต': 0}",21,สุขอนามัยและความสะอาด
รปภ. ช่วยดูตรงประตู 2 หน่อยครับ มีรถชนกัน,"['รถชน', 'รปภ.', 'รปภ', 'ประตู 2']","{'การเดินทาง / รถเมล์มพ.': 0, 'สิ่งอำนวยความสะดวกและอาคารสถานที่': 0, 'สุขอนามัยและความสะอาด': 0, 'การเรียนการสอนและหลักสูตร': 0, 'โรงอาหาร / ร้านค้าบริการ': 0, 'ความปลอดภัยและจราจร': 18, 'ระบบเครือข่ายและเทคโนโลยี': 0, 'บริการและสวัสดิการนิสิต': 0}",18,ความปลอดภัยและจราจร
แจ้งทำความสะอาดตรงทางเดิน สกปรกมากไม่ทำความสะอาด ครับ,"['สกปรก', 'ไม่ทำความสะอาด', 'ทำความสะอาด']","{'การเดินทาง / รถเมล์มพ.': 0, 'สิ่งอำนวยความสะดวกและอาคารสถานที่': 0, 'สุขอนามัยและความสะอาด': 30, 'การเรียนการสอนและหลักสูตร': 0, 'โรงอาหาร / ร้านค้าบริการ': 0, 'ความปลอดภัยและจราจร': 0, 'ระบบเครือข่ายและเทคโนโลยี': 0, 'บริการและสวัสดิการนิสิต': 0}",30,สุขอนามัยและความสะอาด
สอบถามหน่อยครับ อยากทราบกำหนดการกิจกรรมรับน้อง,"['กิจกรรม', 'สอบถามหน่อยครับ']","{'การเดินทาง / รถเมล์มพ.': 0, 'สิ่งอำนวยความสะดวกและอาคารสถานที่': 0, 'สุขอนามัยและความสะอาด': 0, 'การเรียนการสอนและหลักสูตร': 0, 'โรงอาหาร / ร้านค้าบริการ': 0, 'ความปลอดภัยและจราจร': 0, 'ระบบเครือข่ายและเทคโนโลยี': 0, 'บริการและสวัสดิการนิสิต': 22}",22,บริการและสวัสดิการนิสิต
ลงทะเบียนไม่ได้ ตอนนี้อยู่หอพักใน ทำงานไม่ได้เลย,['ลงทะเบียนไม่ได้'],"{'การเดินทาง / รถเมล์มพ.': 0, 'สิ่งอำนวยความสะดวกและอาคารสถานที่': 0, 'สุขอนามัยและความสะอาด': 0, 'การเรียนการสอนและหลักสูตร': 0, 'โรงอาหาร / ร้านค้าบริการ': 0, 'ความปลอดภัยและจราจร': 0, 'ระบบเครือข่ายและเทคโนโลยี': 15, 'บริการและสวัสดิการนิสิต': 0}",15,ระบบเครือข่ายและเทคโนโลยี
สอบถามหน่อยครับ ทำบัตรนิสิตใหม่ที่ไหน,"['บัตรนิสิต', 'สอบถามหน่อยครับ']","{'การเดินทาง / รถเมล์มพ.': 0, 'สิ่งอำนวยความสะดวกและอาคารสถานที่': 0, 'สุขอนามัยและความสะอาด': 0, 'การเรียนการสอนและหลักสูตร': 0, 'โรงอาหาร / ร้านค้าบริการ': 0, 'ความปลอดภัยและจราจร': 0, 'ระบบเครือข่ายและเทคโนโลยี': 0, 'บริการและสวัสดิการนิสิต': 24}",24,บริการและสวัสดิการนิสิต
ระบบล่ม ตอนนี้อยู่หอพักใน ทำงานไม่ได้เลย,"['ระบบล่ม', 'ระบบ']","{'การเดินทาง / รถเมล์มพ.': 0, 'สิ่งอำนวยความสะดวกและอาคารสถานที่': 0, 'สุขอนามัยและความสะอาด': 0, 'การเรียนการสอนและหลักสูตร': 0, 'โรงอาหาร / ร้านค้าบริการ': 0, 'ความปลอดภัยและจราจร': 0, 'ระบบเครือข่ายและเทคโนโลยี': 11, 'บริการและสวัสดิการนิสิต': 0}",11,ระบบเครือข่ายและเทคโนโลยี
แจ้งเรื่องประตูพัง ตรงตึกวิทย์ ช่วยมาดูหน่อย,"['พัง', 'ประตูพัง']","{'การเดินทาง / รถเมล์มพ.': 0, 'สิ่งอำนวยความสะดวกและอาคารสถานที่': 11, 'สุขอนามัยและความสะอาด': 0, 'การเรียนการสอนและหลักสูตร': 0, 'โรงอาหาร / ร้านค้าบริการ': 0, 'ความปลอดภัยและจราจร': 0, 'ระบบเครือข่ายและเทคโนโลยี': 0, 'บริการและสวัสดิการนิสิต': 0}",11,สิ่งอำนวยความสะดวกและอาคารสถานที่
รปภ. ช่วยดูตรงหน้ามอ หน่อยครับ ทางมืดมากอันตราย,"['อันตราย', 'รปภ.', 'ทางมืด', 'รปภ']","{'การเดินทาง / รถเมล์มพ.': 0, 'สิ่งอำนวยความสะดวกและอาคารสถานที่': 0, 'สุขอนามัยและความสะอาด': 0, 'การเรียนการสอนและหลักสูตร': 0, 'โรงอาหาร / ร้านค้าบริการ': 0, 'ความปลอดภัยและจราจร': 20, 'ระบบเครือข่ายและเทคโนโลยี': 0, 'บริการและสวัสดิการนิสิต': 0}",20,ความปลอดภัยและจราจร
ระบบล่ม ตอนนี้อยู่ห้องสมุด ทำงานไม่ได้เลย,"['ระบบล่ม', 'ระบบ']","{'การเดินทาง / รถเมล์มพ.': 0, 'สิ่งอำนวยความสะดวกและอาคารสถานที่': 0, 'สุขอนามัยและความสะอาด': 0, 'การเรียนการสอนและหลักสูตร': 0, 'โรงอาหาร / ร้านค้าบริการ': 0, 'ความปลอดภัยและจราจร': 0, 'ระบบเครือข่ายและเทคโนโลยี': 11, 'บริการและสวัสดิการนิสิต': 0}",11,ระบบเครือข่ายและเทคโนโลยี
แจ้งเรื่องแอร์ไม่เย็นเลย ตรงตึก ICT ช่วยมาดูหน่อย,"['แอร์ไม่เย็น', 'แอร์']","{'การเดินทาง / รถเมล์มพ.': 0, 'สิ่งอำนวยความสะดวกและอาคารสถานที่': 15, 'สุขอนามัยและความสะอาด': 0, 'การเรียนการสอนและหลักสูตร': 0, 'โรงอาหาร / ร้านค้าบริการ': 0, 'ความปลอดภัยและจราจร': 0, 'ระบบเครือข่ายและเทคโนโลยี': 0, 'บริการและสวัสดิการนิสิต': 0}",15,สิ่งอำนวยความสะดวกและอาคารสถานที่
รปภ. ช่วยดูตรงทางแยก หน่อยครับ รถติดหนักมาก,"['รถติด', 'รปภ.', 'รปภ']","{'การเดินทาง / รถเมล์มพ.': 5, 'สิ่งอำนวยความสะดวกและอาคารสถานที่': 0, 'สุขอนามัยและความสะอาด': 0, 'การเรียนการสอนและหลักสูตร': 0, 'โรงอาหาร / ร้านค้าบริการ': 0, 'ความปลอดภัยและจราจร': 7, 'ระบบเครือข่ายและเทคโนโลยี': 0, 'บริการและสวัสดิการนิสิต': 0}",7,ความปลอดภัยและจราจร
แจ้งเรื่องน้ำไม่ไหล ตรงห้อง 1204 ช่วยมาดูหน่อย,['น้ำไม่ไหล'],"{'การเดินทาง / รถเมล์มพ.': 0, 'สิ่งอำนวยความสะดวกและอาคารสถานที่': 9, 'สุขอนามัยและความสะอาด': 0, 'การเรียนการสอนและหลักสูตร': 0, 'โรงอาหาร / ร้านค้าบริการ': 0, 'ความปลอดภัยและจราจร': 0, 'ระบบเครือข่ายและเทคโนโลยี': 0, 'บริการและสวัสดิการนิสิต': 0}",9,สิ่งอำนวยความสะดวกและอาคารสถานที่
รปภ. ช่วยดูตรงหลังมอ หน่อยครับ หมวกกันน็อคหาย,"['รปภ.', 'รปภ', 'หมวกกันน็อคหาย']","{'การเดินทาง / รถเมล์มพ.': 0, 'สิ่งอำนวยความสะดวกและอาคารสถานที่': 0, 'สุขอนามัยและความสะอาด': 0, 'การเรียนการสอนและหลักสูตร': 0, 'โรงอาหาร / ร้านค้าบริการ': 0, 'ความปลอดภัยและจราจร': 7, 'ระบบเครือข่ายและเทคโนโลยี': 0, 'บริการและสวัสดิการนิสิต': 14}",14,บริการและสวัสดิการนิสิต
สอบถามหน่อยครับ ทำบัตรนิสิตใหม่ที่ไหน,"['บัตรนิสิต', 'สอบถามหน่อยครับ']","{'การเดินทาง / รถเมล์มพ.': 0, 'สิ่งอำนวยความสะดวกและอาคารสถานที่': 0, 'สุขอนามัยและความสะอาด': 0, 'การเรียนการสอนและหลักสูตร': 0, 'โรงอาหาร / ร้านค้าบริการ': 0, 'ความปลอดภัยและจราจร': 0, 'ระบบเครือข่ายและเทคโนโลยี': 0, 'บริการและสวัสดิการนิสิต': 24}",24,บริการและสวัสดิการนิสิต
แจ้งทำความสะอาดตรงทางเดิน มีหมาจรจัดมาคุ้ยขยะ ครับ,"['หมาจรจัด', 'ทำความสะอาด']","{'การเดินทาง / รถเมล์มพ.': 0, 'สิ่งอำนวยความสะดวกและอาคารสถานที่': 0, 'สุขอนามัยและความสะอาด': 19, 'การเรียนการสอนและหลักสูตร': 0, 'โรงอาหาร / ร้านค้าบริการ': 0, 'ความปลอดภัยและจราจร': 0, 'ระบบเครือข่ายและเทคโนโลยี': 0, 'บริการและสวัสดิการนิสิต': 0}",19,สุขอนามัยและความสะอาด
รปภ. ช่วยดูตรงลานจอดรถ หน่อยครับ ทางมืดมากอันตราย,"['อันตราย', 'รปภ.', 'ทางมืด', 'รปภ']","{'การเดินทาง / รถเมล์มพ.': 0, 'สิ่งอำนวยความสะดวกและอาคารสถานที่': 0, 'สุขอนามัยและความสะอาด': 0, 'การเรียนการสอนและหลักสูตร': 0, 'โรงอาหาร / ร้านค้าบริการ': 0, 'ความปลอดภัยและจราจร': 20, 'ระบบเครือข่ายและเทคโนโลยี': 0, 'บริการและสวัสดิการนิสิต': 0}",20,ความปลอดภัยและจราจร
ลงทะเบียนไม่ได้ ตอนนี้อยู่หอพักใน ทำงานไม่ได้เลย,['ลงทะเบียนไม่ได้'],"{'การเดินทาง / รถเมล์มพ.': 0, 'สิ่งอำนวยความสะดวกและอาคารสถานที่': 0, 'สุขอนามัยและความสะอาด': 0, 'การเรียนการสอนและหลักสูตร': 0, 'โรงอาหาร / ร้านค้าบริการ': 0, 'ความปลอดภัยและจราจร': 0, 'ระบบเครือข่ายและเทคโนโลยี': 15, 'บริการและสวัสดิการนิสิต': 0}",15,ระบบเครือข่ายและเทคโนโลยี
แจ้งทำความสะอาดตรงสวนหน้าตึก ขยะล้นถังส่งกลิ่นเหม็น ครับ,"['ขยะล้น', 'เหม็น', 'ทำความสะอาด', 'กลิ่นเหม็น']","{'การเดินทาง / รถเมล์มพ.': 0, 'สิ่งอำนวยความสะดวกและอาคารสถานที่': 0, 'สุขอนามัยและความสะอาด': 32, 'การเรียนการสอนและหลักสูตร': 0, 'โรงอาหาร / ร้านค้าบริการ': 0, 'ความปลอดภัยและจราจร': 0, 'ระบบเครือข่ายและเทคโนโลยี': 0, 'บริการและสวัสดิการนิสิต': 0}",32,สุขอนามัยและความสะอาด
รปภ. ช่วยดูตรงหน้ามอ หน่อยครับ ทางมืดมากอันตราย,"['อันตราย', 'รปภ.', 'ทางมืด', 'รปภ']","{'การเดินทาง / รถเมล์มพ.': 0, 'สิ่งอำนวยความสะดวกและอาคารสถานที่': 0, 'สุขอนามัยและความสะอาด': 0, 'การเรียนการสอนและหลักสูตร': 0, 'โรงอาหาร / ร้านค้าบริการ': 0, 'ความปลอดภัยและจราจร': 20, 'ระบบเครือข่ายและเทคโนโลยี': 0, 'บริการและสวัสดิการนิสิต': 0}",20,ความปลอดภัยและจราจร
แจ้งทำความสะอาดตรงทางเดิน มีหมาจรจัดมาคุ้ยขยะ ครับ,"['หมาจรจัด', 'ทำความสะอาด']","{'การเดินทาง / รถเมล์มพ.': 0, 'สิ่งอำนวยความสะดวกและอาคารสถานที่': 0, 'สุขอนามัยและความสะอาด': 19, 'การเรียนการสอนและหลักสูตร': 0, 'โรงอาหาร / ร้านค้าบริการ': 0, 'ความปลอดภัยและจราจร': 0, 'ระบบเครือข่ายและเทคโนโลยี': 0, 'บริการและสวัสดิการนิสิต': 0}",19,สุขอนามัยและความสะอาด
ลืมรหัสผ่านเข้าระบบ ตอนนี้อยู่ห้องสมุด ทำงานไม่ได้เลย,"['ลืมรหัสผ่าน', 'ระบบ']","{'การเดินทาง / รถเมล์มพ.': 0, 'สิ่งอำนวยความสะดวกและอาคารสถานที่': 0, 'สุขอนามัยและความสะอาด': 0, 'การเรียนการสอนและหลักสูตร': 0, 'โรงอาหาร / ร้านค้าบริการ': 0, 'ความปลอดภัยและจราจร': 0, 'ระบบเครือข่ายและเทคโนโลยี': 15, 'บริการและสวัสดิการนิสิต': 0}",15,ระบบเครือข่ายและเทคโนโลยี
อาจารย์ครับ อยากติดต่ออาจารย์เรื่องดรอปเรียน รบกวนให้คำแนะนำที,"['ดรอปเรียน', 'ติดต่ออาจารย์', 'อาจารย์']","{'การเดินทาง / รถเมล์มพ.': 0, 'สิ่งอำนวยความสะดวกและอาคารสถานที่': 0, 'สุขอนามัยและความสะอาด': 0, 'การเรียนการสอนและหลักสูตร': 29, 'โรงอาหาร / ร้านค้าบริการ': 0, 'ความปลอดภัยและจราจร': 0, 'ระบบเครือข่ายและเทคโนโลยี': 0, 'บริการและสวัสดิการนิสิต': 0}",29,การเรียนการสอนและหลักสูตร
ลงทะเบียนไม่ได้ ตอนนี้อยู่ตึกคณะ ทำงานไม่ได้เลย,['ลงทะเบียนไม่ได้'],"{'การเดินทาง / รถเมล์มพ.': 0, 'สิ่งอำนวยความสะดวกและอาคารสถานที่': 0, 'สุขอนามัยและความสะอาด': 0, 'การเรียนการสอนและหลักสูตร': 0, 'โรงอาหาร / ร้านค้าบริการ': 0, 'ความปลอดภัยและจราจร': 0, 'ระบบเครือข่ายและเทคโนโลยี': 15, 'บริการและสวัสดิการนิสิต': 0}",15,ระบบเครือข่ายและเทคโนโลยี
ระบบล่ม ตอนนี้อยู่หน้ามอ ทำงานไม่ได้เลย,"['ระบบล่ม', 'ระบบ']","{'การเดินทาง / รถเมล์มพ.': 0, 'สิ่งอำนวยความสะดวกและอาคารสถานที่': 0, 'สุขอนามัยและความสะอาด': 0, 'การเรียนการสอนและหลักสูตร': 0, 'โรงอาหาร / ร้านค้าบริการ': 0, 'ความปลอดภัยและจราจร': 0, 'ระบบเครือข่ายและเทคโนโลยี': 11, 'บริการและสวัสดิการนิสิต': 0}",11,ระบบเครือข่ายและเทคโนโลยี
สอบถามหน่อยครับ รถเมล์สาย 1 หมดกี่โมง,"['รถเมล์', 'รถเมล์สาย', 'สอบถามหน่อยครับ']","{'การเดินทาง / รถเมล์มพ.': 15, 'สิ่งอำนวยความสะดวกและอาคารสถานที่': 0, 'สุขอนามัยและความสะอาด': 0, 'การเรียนการสอนและหลักสูตร': 0, 'โรงอาหาร / ร้านค้าบริการ': 0, 'ความปลอดภัยและจราจร': 0, 'ระบบเครือข่ายและเทคโนโลยี': 0, 'บริการและสวัสดิการนิสิต': 15}",15,การเดินทาง / รถเมล์มพ.
อาจารย์ครับ เกรดยังไม่ออกครับ รบกวนให้คำแนะนำที,"['เกรด', 'อาจารย์']","{'การเดินทาง / รถเมล์มพ.': 0, 'สิ่งอำนวยความสะดวกและอาคารสถานที่': 0, 'สุขอนามัยและความสะอาด': 0, 'การเรียนการสอนและหลักสูตร': 11, 'โรงอาหาร / ร้านค้าบริการ': 0, 'ความปลอดภัยและจราจร': 0, 'ระบบเครือข่ายและเทคโนโลยี': 0, 'บริการและสวัสดิการนิสิต': 0}",11,การเรียนการสอนและหลักสูตร
แจ้งทำความสะอาดตรงสวนหน้าตึก สกปรกมากไม่ทำความสะอาด ครับ,"['สกปรก', 'ไม่ทำความสะอาด', 'ทำความสะอาด']","{'การเดินทาง / รถเมล์มพ.': 0, 'สิ่งอำนวยความสะดวกและอาคารสถานที่': 0, 'สุขอนามัยและความสะอาด': 30, 'การเรียนการสอนและหลักสูตร': 0, 'โรงอาหาร / ร้านค้าบริการ': 0, 'ความปลอดภัยและจราจร': 0, 'ระบบเครือข่ายและเทคโนโลยี': 0, 'บริการและสวัสดิการนิสิต': 0}",30,สุขอนามัยและความสะอาด
สอบถามหน่อยครับ รถเมล์สาย 1 หมดกี่โมง,"['รถเมล์', 'รถเมล์สาย', 'สอบถามหน่อยครับ']","{'การเดินทาง / รถเมล์มพ.': 15, 'สิ่งอำนวยความสะดวกและอาคารสถานที่': 0, 'สุขอนามัยและความสะอาด': 0, 'การเรียนการสอนและหลักสูตร': 0, 'โรงอาหาร / ร้านค้าบริการ': 0, 'ความปลอดภัยและจราจร': 0, 'ระบบเครือข่ายและเทคโนโลยี': 0, 'บริการและสวัสดิการนิสิต': 15}",15,การเดินทาง / รถเมล์มพ.
อาจารย์ครับ เกรดยังไม่ออกครับ รบกวนให้คำแนะนำที,"['เกรด', 'อาจารย์']","{'การเดินทาง / รถเมล์มพ.': 0, 'สิ่งอำนวยความสะดวกและอาคารสถานที่': 0, 'สุขอนามัยและความสะอาด': 0, 'การเรียนการสอนและหลักสูตร': 11, 'โรงอาหาร / ร้านค้าบริการ': 0, 'ความปลอดภัยและจราจร': 0, 'ระบบเครือข่ายและเทคโนโลยี': 0, 'บริการและสวัสดิการนิสิต': 0}",11,การเรียนการสอนและหลักสูตร
อาจารย์ครับ ลงทะเบียนวิชานี้ไม่ได้ รบกวนให้คำแนะนำที,"['วิชา', 'อาจารย์']","{'การเดินทาง / รถเมล์มพ.': 0, 'สิ่งอำนวยความสะดวกและอาคารสถานที่': 0, 'สุขอนามัยและความสะอาด': 0, 'การเรียนการสอนและหลักสูตร': 11, 'โรงอาหาร / ร้านค้าบริการ': 0, 'ความปลอดภัยและจราจร': 0, 'ระบบเครือข่ายและเทคโนโลยี': 0, 'บริการและสวัสดิการนิสิต': 0}",11,การเรียนการสอนและหลักสูตร
รปภ. ช่วยดูตรงหลังมอ หน่อยครับ คนจอดรถขวางทาง,"['รปภ.', 'จอดรถขวาง', 'รปภ']","{'การเดินทาง / รถเมล์มพ.': 0, 'สิ่งอำนวยความสะดวกและอาคารสถานที่': 0, 'สุขอนามัยและความสะอาด': 0, 'การเรียนการสอนและหลักสูตร': 0, 'โรงอาหาร / ร้านค้าบริการ': 0, 'ความปลอดภัยและจราจร': 16, 'ระบบเครือข่ายและเทคโนโลยี': 0, 'บริการและสวัสดิการนิสิต': 0}",16,ความปลอดภัยและจราจร
อาจารย์ครับ อยากติดต่ออาจารย์เรื่องดรอปเรียน รบกวนให้คำแนะนำที,"['ดรอปเรียน', 'ติดต่ออาจารย์', 'อาจารย์']","{'การเดินทาง / รถเมล์มพ.': 0, 'สิ่งอำนวยความสะดวกและอาคารสถานที่': 0, 'สุขอนามัยและความสะอาด': 0, 'การเรียนการสอนและหลักสูตร': 29, 'โรงอาหาร / ร้านค้าบริการ': 0, 'ความปลอดภัยและจราจร': 0, 'ระบบเครือข่ายและเทคโนโลยี': 0, 'บริการและสวัสดิการนิสิต': 0}",29,การเรียนการสอนและหลักสูตร
รปภ. ช่วยดูตรงหน้ามอ หน่อยครับ รถติดหนักมาก,"['รถติด', 'รปภ.', 'รปภ']","{'การเดินทาง / รถเมล์มพ.': 5, 'สิ่งอำนวยความสะดวกและอาคารสถานที่': 0, 'สุขอนามัยและความสะอาด': 0, 'การเรียนการสอนและหลักสูตร': 0, 'โรงอาหาร / ร้านค้าบริการ': 0, 'ความปลอดภัยและจราจร': 7, 'ระบบเครือข่ายและเทคโนโลยี': 0, 'บริการและสวัสดิการนิสิต': 0}",7,ความปลอดภัยและจราจร
รปภ. ช่วยดูตรงประตู 2 หน่อยครับ หมวกกันน็อคหาย,"['รปภ.', 'รปภ', 'ประตู 2', 'หมวกกันน็อคหาย']","{'การเดินทาง / รถเมล์มพ.': 0, 'สิ่งอำนวยความสะดวกและอาคารสถานที่': 0, 'สุขอนามัยและความสะอาด': 0, 'การเรียนการสอนและหลักสูตร': 0, 'โรงอาหาร / ร้านค้าบริการ': 0, 'ความปลอดภัยและจราจร': 14, 'ระบบเครือข่ายและเทคโนโลยี': 0, 'บริการและสวัสดิการนิสิต': 14}",14,ความปลอดภัยและจราจร
แจ้งทำความสะอาดตรงสนามบาส กิ่งไม้หักขวางทาง ครับ,"['กิ่งไม้หัก', 'ทำความสะอาด']","{'การเดินทาง / รถเมล์มพ.': 0, 'สิ่งอำนวยความสะดวกและอาคารสถานที่': 0, 'สุขอนามัยและความสะอาด': 21, 'การเรียนการสอนและหลักสูตร': 0, 'โรงอาหาร / ร้านค้าบริการ': 0, 'ความปลอดภัยและจราจร': 0, 'ระบบเครือข่ายและเทคโนโลยี': 0, 'บริการและสวัสดิการนิสิต': 0}",21,สุขอนามัยและความสะอาด
แจ้งทำความสะอาดตรงสวนหน้าตึก หญ้ารกมาก ครับ,"['หญ้ารก', 'ทำความสะอาด']","{'การเดินทาง / รถเมล์มพ.': 0, 'สิ่งอำนวยความสะดวกและอาคารสถานที่': 0, 'สุขอนามัยและความสะอาด': 17, 'การเรียนการสอนและหลักสูตร': 0, 'โรงอาหาร / ร้านค้าบริการ': 0, 'ความปลอดภัยและจราจร': 0, 'ระบบเครือข่ายและเทคโนโลยี': 0, 'บริการและสวัสดิการนิสิต': 0}",17,สุขอนามัยและความสะอาด
ลงทะเบียนไม่ได้ ตอนนี้อยู่ตึกคณะ ทำงานไม่ได้เลย,['ลงทะเบียนไม่ได้'],"{'การเดินทาง / รถเมล์มพ.': 0, 'สิ่งอำนวยความสะดวกและอาคารสถานที่': 0, 'สุขอนามัยและความสะอาด': 0, 'การเรียนการสอนและหลักสูตร': 0, 'โรงอาหาร / ร้านค้าบริการ': 0, 'ความปลอดภัยและจราจร': 0, 'ระบบเครือข่ายและเทคโนโลยี': 15, 'บริการและสวัสดิการนิสิต': 0}",15,ระบบเครือข่ายและเทคโนโลยี
สอบถามหน่อยครับ รถเมล์สาย 1 หมดกี่โมง,"['รถเมล์', 'รถเมล์สาย', 'สอบถามหน่อยครับ']","{'การเดินทาง / รถเมล์มพ.': 15, 'สิ่งอำนวยความสะดวกและอาคารสถานที่': 0, 'สุขอนามัยและความสะอาด': 0, 'การเรียนการสอนและหลักสูตร': 0, 'โรงอาหาร / ร้านค้าบริการ': 0, 'ความปลอดภัยและจราจร': 0, 'ระบบเครือข่ายและเทคโนโลยี': 0, 'บริการและสวัสดิการนิสิต': 15}",15,การเดินทาง / รถเมล์มพ.
อาจารย์ครับ อยากติดต่ออาจารย์เรื่องดรอปเรียน รบกวนให้คำแนะนำที,"['ดรอปเรียน', 'ติดต่ออาจารย์', 'อาจารย์']","{'การเดินทาง / รถเมล์มพ.': 0, 'สิ่งอำนวยความสะดวกและอาคารสถานที่': 0, 'สุขอนามัยและความสะอาด': 0, 'การเรียนการสอนและหลักสูตร': 29, 'โรงอาหาร / ร้านค้าบริการ': 0, 'ความปลอดภัยและจราจร': 0, 'ระบบเครือข่ายและเทคโนโลยี': 0, 'บริการและสวัสดิการนิสิต': 0}",29,การเรียนการสอนและหลักสูตร
แจ้งทำความสะอาดตรงสนามบาส หญ้ารกมาก ครับ,"['หญ้ารก', 'ทำความสะอาด']","{'การเดินทาง / รถเมล์มพ.': 0, 'สิ่งอำนวยความสะดวกและอาคารสถานที่': 0, 'สุขอนามัยและความสะอาด': 17, 'การเรียนการสอนและหลักสูตร': 0, 'โรงอาหาร / ร้านค้าบริการ': 0, 'ความปลอดภัยและจราจร': 0, 'ระบบเครือข่ายและเทคโนโลยี': 0, 'บริการและสวัสดิการนิสิต': 0}",17,สุขอนามัยและความสะอาด
แจ้งเรื่องแอร์ไม่เย็นเลย ตรงตึกวิทย์ ช่วยมาดูหน่อย,"['แอร์ไม่เย็น', 'แอร์']","{'การเดินทาง / รถเมล์มพ.': 0, 'สิ่งอำนวยความสะดวกและอาคารสถานที่': 15, 'สุขอนามัยและความสะอาด': 0, 'การเรียนการสอนและหลักสูตร': 0, 'โรงอาหาร / ร้านค้าบริการ': 0, 'ความปลอดภัยและจราจร': 0, 'ระบบเครือข่ายและเทคโนโลยี': 0, 'บริการและสวัสดิการนิสิต': 0}",15,สิ่งอำนวยความสะดวกและอาคารสถานที่
อาจารย์ครับ ลงทะเบียนวิชานี้ไม่ได้ รบกวนให้คำแนะนำที,"['วิชา', 'อาจารย์']","{'การเดินทาง / รถเมล์มพ.': 0, 'สิ่งอำนวยความสะดวกและอาคารสถานที่': 0, 'สุขอนามัยและความสะอาด': 0, 'การเรียนการสอนและหลักสูตร': 11, 'โรงอาหาร / ร้านค้าบริการ': 0, 'ความปลอดภัยและจราจร': 0, 'ระบบเครือข่ายและเทคโนโลยี': 0, 'บริการและสวัสดิการนิสิต': 0}",11,การเรียนการสอนและหลักสูตร
อาจารย์ครับ ขอสอบชดเชยต้องทำไง รบกวนให้คำแนะนำที,"['ขอสอบชดเชย', 'อาจารย์']","{'การเดินทาง / รถเมล์มพ.': 0, 'สิ่งอำนวยความสะดวกและอาคารสถานที่': 0, 'สุขอนามัยและความสะอาด': 0, 'การเรียนการสอนและหลักสูตร': 17, 'โรงอาหาร / ร้านค้าบริการ': 0, 'ความปลอดภัยและจราจร': 0, 'ระบบเครือข่ายและเทคโนโลยี': 0, 'บริการและสวัสดิการนิสิต': 0}",17,การเรียนการสอนและหลักสูตร
สอบถามหน่อยครับ สอบถามเรื่องทุนการศึกษา,"['ทุนการศึกษา', 'สอบถามหน่อยครับ']","{'การเดินทาง / รถเมล์มพ.': 0, 'สิ่งอำนวยความสะดวกและอาคารสถานที่': 0, 'สุขอนามัยและความสะอาด': 0, 'การเรียนการสอนและหลักสูตร': 0, 'โรงอาหาร / ร้านค้าบริการ': 0, 'ความปลอดภัยและจราจร': 0, 'ระบบเครือข่ายและเทคโนโลยี': 0, 'บริการและสวัสดิการนิสิต': 26}",26,บริการและสวัสดิการนิสิต
รปภ. ช่วยดูตรงหลังมอ หน่อยครับ มีรถชนกัน,"['รถชน', 'รปภ.', 'รปภ']","{'การเดินทาง / รถเมล์มพ.': 0, 'สิ่งอำนวยความสะดวกและอาคารสถานที่': 0, 'สุขอนามัยและความสะอาด': 0, 'การเรียนการสอนและหลักสูตร': 0, 'โรงอาหาร / ร้านค้าบริการ': 0, 'ความปลอดภัยและจราจร': 11, 'ระบบเครือข่ายและเทคโนโลยี': 0, 'บริการและสวัสดิการนิสิต': 0}",11,ความปลอดภัยและจราจร
แจ้งเรื่องไฟดับครับ ตรงห้องบรรยาย ช่วยมาดูหน่อย,['ไฟดับ'],"{'การเดินทาง / รถเมล์มพ.': 0, 'สิ่งอำนวยความสะดวกและอาคารสถานที่': 5, 'สุขอนามัยและความสะอาด': 0, 'การเรียนการสอนและหลักสูตร': 0, 'โรงอาหาร / ร้านค้าบริการ': 0, 'ความปลอดภัยและจราจร': 0, 'ระบบเครือข่ายและเทคโนโลยี': 0, 'บริการและสวัสดิการนิสิต': 0}",5,สิ่งอำนวยความสะดวกและอาคารสถานที่
สอบถามหน่อยครับ สอบถามเรื่องทุนการศึกษา,"['ทุนการศึกษา', 'สอบถามหน่อยครับ']","{'การเดินทาง / รถเมล์มพ.': 0, 'สิ่งอำนวยความสะดวกและอาคารสถานที่': 0, 'สุขอนามัยและความสะอาด': 0, 'การเรียนการสอนและหลักสูตร': 0, 'โรงอาหาร / ร้านค้าบริการ': 0, 'ความปลอดภัยและจราจร': 0, 'ระบบเครือข่ายและเทคโนโลยี': 0, 'บริการและสวัสดิการนิสิต': 26}",26,บริการและสวัสดิการนิสิต
แจ้งทำความสะอาดตรงสวนหน้าตึก มีหมาจรจัดมาคุ้ยขยะ ครับ,"['หมาจรจัด', 'ทำความสะอาด']","{'การเดินทาง / รถเมล์มพ.': 0, 'สิ่งอำนวยความสะดวกและอาคารสถานที่': 0, 'สุขอนามัยและความสะอาด': 19, 'การเรียนการสอนและหลักสูตร': 0, 'โรงอาหาร / ร้านค้าบริการ': 0, 'ความปลอดภัยและจราจร': 0, 'ระบบเครือข่ายและเทคโนโลยี': 0, 'บริการและสวัสดิการนิสิต': 0}",19,สุขอนามัยและความสะอาด
แจ้งทำความสะอาดตรงสวนหน้าตึก ขยะล้นถังส่งกลิ่นเหม็น ครับ,"['ขยะล้น', 'เหม็น', 'ทำความสะอาด', 'กลิ่นเหม็น']","{'การเดินทาง / รถเมล์มพ.': 0, 'สิ่งอำนวยความสะดวกและอาคารสถานที่': 0, 'สุขอนามัยและความสะอาด': 32, 'การเรียนการสอนและหลักสูตร': 0, 'โรงอาหาร / ร้านค้าบริการ': 0, 'ความปลอดภัยและจราจร': 0, 'ระบบเครือข่ายและเทคโนโลยี': 0, 'บริการและสวัสดิการนิสิต': 0}",32,สุขอนามัยและความสะอาด
สอบถามหน่อยครับ อยากทราบกำหนดการกิจกรรมรับน้อง,"['กิจกรรม', 'สอบถามหน่อยครับ']","{'การเดินทาง / รถเมล์มพ.': 0, 'สิ่งอำนวยความสะดวกและอาคารสถานที่': 0, 'สุขอนามัยและความสะอาด': 0, 'การเรียนการสอนและหลักสูตร': 0, 'โรงอาหาร / ร้านค้าบริการ': 0, 'ความปลอดภัยและจราจร': 0, 'ระบบเครือข่ายและเทคโนโลยี': 0, 'บริการและสวัสดิการนิสิต': 22}",22,บริการและสวัสดิการนิสิต
สอบถามหน่อยครับ สอบถามเรื่องทุนการศึกษา,"['ทุนการศึกษา', 'สอบถามหน่อยครับ']","{'การเดินทาง / รถเมล์มพ.': 0, 'สิ่งอำนวยความสะดวกและอาคารสถานที่': 0, 'สุขอนามัยและความสะอาด': 0, 'การเรียนการสอนและหลักสูตร': 0, 'โรงอาหาร / ร้านค้าบริการ': 0, 'ความปลอดภัยและจราจร': 0, 'ระบบเครือข่ายและเทคโนโลยี': 0, 'บริการและสวัสดิการนิสิต': 26}",26,บริการและสวัสดิการนิสิต
รปภ. ช่วยดูตรงหน้ามอ หน่อยครับ ทางมืดมากอันตราย,"['อันตราย', 'รปภ.', 'ทางมืด', 'รปภ']","{'การเดินทาง / รถเมล์มพ.': 0, 'สิ่งอำนวยความสะดวกและอาคารสถานที่': 0, 'สุขอนามัยและความสะอาด': 0, 'การเรียนการสอนและหลักสูตร': 0, 'โรงอาหาร / ร้านค้าบริการ': 0, 'ความปลอดภัยและจราจร': 20, 'ระบบเครือข่ายและเทคโนโลยี': 0, 'บริการและสวัสดิการนิสิต': 0}",20,ความปลอดภัยและจราจร
ไวไฟเข้าไม่ได้ ตอนนี้อยู่ห้องสมุด ทำงานไม่ได้เลย,"['ไวไฟเข้าไม่ได้', 'ไวไฟ']","{'การเดินทาง / รถเมล์มพ.': 0, 'สิ่งอำนวยความสะดวกและอาคารสถานที่': 0, 'สุขอนามัยและความสะอาด': 0, 'การเรียนการสอนและหลักสูตร': 0, 'โรงอาหาร / ร้านค้าบริการ': 0, 'ความปลอดภัยและจราจร': 0, 'ระบบเครือข่ายและเทคโนโลยี': 18, 'บริการและสวัสดิการนิสิต': 0}",18,ระบบเครือข่ายและเทคโนโลยี
ระบบล่ม ตอนนี้อยู่หอพักใน ทำงานไม่ได้เลย,"['ระบบล่ม', 'ระบบ']","{'การเดินทาง / รถเมล์มพ.': 0, 'สิ่งอำนวยความสะดวกและอาคารสถานที่': 0, 'สุขอนามัยและความสะอาด': 0, 'การเรียนการสอนและหลักสูตร': 0, 'โรงอาหาร / ร้านค้าบริการ': 0, 'ความปลอดภัยและจราจร': 0, 'ระบบเครือข่ายและเทคโนโลยี': 11, 'บริการและสวัสดิการนิสิต': 0}",11,ระบบเครือข่ายและเทคโนโลยี
รปภ. ช่วยดูตรงประตู 2 หน่อยครับ รถติดหนักมาก,"['รถติด', 'รปภ.', 'รปภ', 'ประตู 2']","{'การเดินทาง / รถเมล์มพ.': 5, 'สิ่งอำนวยความสะดวกและอาคารสถานที่': 0, 'สุขอนามัยและความสะอาด': 0, 'การเรียนการสอนและหลักสูตร': 0, 'โรงอาหาร / ร้านค้าบริการ': 0, 'ความปลอดภัยและจราจร': 14, 'ระบบเครือข่ายและเทคโนโลยี': 0, 'บริการและสวัสดิการนิสิต': 0}",14,ความปลอดภัยและจราจร
แจ้งทำความสะอาดตรงทางเดิน หญ้ารกมาก ครับ,"['หญ้ารก', 'ทำความสะอาด']","{'การเดินทาง / รถเมล์มพ.': 0, 'สิ่งอำนวยความสะดวกและอาคารสถานที่': 0, 'สุขอนามัยและความสะอาด': 17, 'การเรียนการสอนและหลักสูตร': 0, 'โรงอาหาร / ร้านค้าบริการ': 0, 'ความปลอดภัยและจราจร': 0, 'ระบบเครือข่ายและเทคโนโลยี': 0, 'บริการและสวัสดิการนิสิต': 0}",17,สุขอนามัยและความสะอาด
แจ้งทำความสะอาดตรงทางเดิน สกปรกมากไม่ทำความสะอาด ครับ,"['สกปรก', 'ไม่ทำความสะอาด', 'ทำความสะอาด']","{'การเดินทาง / รถเมล์มพ.': 0, 'สิ่งอำนวยความสะดวกและอาคารสถานที่': 0, 'สุขอนามัยและความสะอาด': 30, 'การเรียนการสอนและหลักสูตร': 0, 'โรงอาหาร / ร้านค้าบริการ': 0, 'ความปลอดภัยและจราจร': 0, 'ระบบเครือข่ายและเทคโนโลยี': 0, 'บริการและสวัสดิการนิสิต': 0}",30,สุขอนามัยและความสะอาด
แจ้งเรื่องลิฟต์ค้าง ตรงห้องบรรยาย ช่วยมาดูหน่อย,"['ลิฟต์ค้าง', 'ลิฟต์']","{'การเดินทาง / รถเมล์มพ.': 0, 'สิ่งอำนวยความสะดวกและอาคารสถานที่': 14, 'สุขอนามัยและความสะอาด': 0, 'การเรียนการสอนและหลักสูตร': 0, 'โรงอาหาร / ร้านค้าบริการ': 0, 'ความปลอดภัยและจราจร': 0, 'ระบบเครือข่ายและเทคโนโลยี': 0, 'บริการและสวัสดิการนิสิต': 0}",14,สิ่งอำนวยความสะดวกและอาคารสถานที่
สอบถามหน่อยครับ ทำบัตรนิสิตใหม่ที่ไหน,"['บัตรนิสิต', 'สอบถามหน่อยครับ']","{'การเดินทาง / รถเมล์มพ.': 0, 'สิ่งอำนวยความสะดวกและอาคารสถานที่': 0, 'สุขอนามัยและความสะอาด': 0, 'การเรียนการสอนและหลักสูตร': 0, 'โรงอาหาร / ร้านค้าบริการ': 0, 'ความปลอดภัยและจราจร': 0, 'ระบบเครือข่ายและเทคโนโลยี': 0, 'บริการและสวัสดิการนิสิต': 24}",24,บริการและสวัสดิการนิสิต
ลืมรหัสผ่านเข้าระบบ ตอนนี้อยู่ห้องสมุด ทำงานไม่ได้เลย,"['ลืมรหัสผ่าน', 'ระบบ']","{'การเดินทาง / รถเมล์มพ.': 0, 'สิ่งอำนวยความสะดวกและอาคารสถานที่': 0, 'สุขอนามัยและความสะอาด': 0, 'การเรียนการสอนและหลักสูตร': 0, 'โรงอาหาร / ร้านค้าบริการ': 0, 'ความปลอดภัยและจราจร': 0, 'ระบบเครือข่ายและเทคโนโลยี': 15, 'บริการและสวัสดิการนิสิต': 0}",15,ระบบเครือข่ายและเทคโนโลยี
แจ้งทำความสะอาดตรงโรงอาหาร มีหมาจรจัดมาคุ้ยขยะ ครับ,"['หมาจรจัด', 'ทำความสะอาด', 'โรงอาหาร', 'อาหาร']","{'การเดินทาง / รถเมล์มพ.': 0, 'สิ่งอำนวยความสะดวกและอาคารสถานที่': 0, 'สุขอนามัยและความสะอาด': 19, 'การเรียนการสอนและหลักสูตร': 0, 'โรงอาหาร / ร้านค้าบริการ': 13, 'ความปลอดภัยและจราจร': 0, 'ระบบเครือข่ายและเทคโนโลยี': 0, 'บริการและสวัสดิการนิสิต': 0}",19,สุขอนามัยและความสะอาด
รปภ. ช่วยดูตรงทางแยก หน่อยครับ หมวกกันน็อคหาย,"['รปภ.', 'รปภ', 'หมวกกันน็อคหาย']","{'การเดินทาง / รถเมล์มพ.': 0, 'สิ่งอำนวยความสะดวกและอาคารสถานที่': 0, 'สุขอนามัยและความสะอาด': 0, 'การเรียนการสอนและหลักสูตร': 0, 'โรงอาหาร / ร้านค้าบริการ': 0, 'ความปลอดภัยและจราจร': 7, 'ระบบเครือข่ายและเทคโนโลยี': 0, 'บริการและสวัสดิการนิสิต': 14}",14,บริการและสวัสดิการนิสิต
รปภ. ช่วยดูตรงลานจอดรถ หน่อยครับ หมวกกันน็อคหาย,"['รปภ.', 'รปภ', 'หมวกกันน็อคหาย']","{'การเดินทาง / รถเมล์มพ.': 0, 'สิ่งอำนวยความสะดวกและอาคารสถานที่': 0, 'สุขอนามัยและความสะอาด': 0, 'การเรียนการสอนและหลักสูตร': 0, 'โรงอาหาร / ร้านค้าบริการ': 0, 'ความปลอดภัยและจราจร': 7, 'ระบบเครือข่ายและเทคโนโลยี': 0, 'บริการและสวัสดิการนิสิต': 14}",14,บริการและสวัสดิการนิสิต
สอบถามหน่อยครับ ทำบัตรนิสิตใหม่ที่ไหน,"['บัตรนิสิต', 'สอบถามหน่อยครับ']","{'การเดินทาง / รถเมล์มพ.': 0, 'สิ่งอำนวยความสะดวกและอาคารสถานที่': 0, 'สุขอนามัยและความสะอาด': 0, 'การเรียนการสอนและหลักสูตร': 0, 'โรงอาหาร / ร้านค้าบริการ': 0, 'ความปลอดภัยและจราจร': 0, 'ระบบเครือข่ายและเทคโนโลยี': 0, 'บริการและสวัสดิการนิสิต': 24}",24,บริการและสวัสดิการนิสิต
แจ้งเรื่องไฟดับครับ ตรงห้อง 1204 ช่วยมาดูหน่อย,['ไฟดับ'],"{'การเดินทาง / รถเมล์มพ.': 0, 'สิ่งอำนวยความสะดวกและอาคารสถานที่': 5, 'สุขอนามัยและความสะอาด': 0, 'การเรียนการสอนและหลักสูตร': 0, 'โรงอาหาร / ร้านค้าบริการ': 0, 'ความปลอดภัยและจราจร': 0, 'ระบบเครือข่ายและเทคโนโลยี': 0, 'บริการและสวัสดิการนิสิต': 0}",5,สิ่งอำนวยความสะดวกและอาคารสถานที่
แจ้งทำความสะอาดตรงริมสระน้ำ มีหมาจรจัดมาคุ้ยขยะ ครับ,"['หมาจรจัด', 'ทำความสะอาด']","{'การเดินทาง / รถเมล์มพ.': 0, 'สิ่งอำนวยความสะดวกและอาคารสถานที่': 0, 'สุขอนามัยและความสะอาด': 19, 'การเรียนการสอนและหลักสูตร': 0, 'โรงอาหาร / ร้านค้าบริการ': 0, 'ความปลอดภัยและจราจร': 0, 'ระบบเครือข่ายและเทคโนโลยี': 0, 'บริการและสวัสดิการนิสิต': 0}",19,สุขอนามัยและความสะอาด
แจ้งเรื่องแอร์ไม่เย็นเลย ตรงห้องน้ำตึกสงวน ช่วยมาดูหน่อย,"['แอร์ไม่เย็น', 'แอร์']","{'การเดินทาง / รถเมล์มพ.': 0, 'สิ่งอำนวยความสะดวกและอาคารสถานที่': 15, 'สุขอนามัยและความสะอาด': 0, 'การเรียนการสอนและหลักสูตร': 0, 'โรงอาหาร / ร้านค้าบริการ': 0, 'ความปลอดภัยและจราจร': 0, 'ระบบเครือข่ายและเทคโนโลยี': 0, 'บริการและสวัสดิการนิสิต': 0}",15,สิ่งอำนวยความสะดวกและอาคารสถานที่
สอบถามหน่อยครับ รถเมล์สาย 1 หมดกี่โมง,"['รถเมล์', 'รถเมล์สาย', 'สอบถามหน่อยครับ']","{'การเดินทาง / รถเมล์มพ.': 15, 'สิ่งอำนวยความสะดวกและอาคารสถานที่': 0, 'สุขอนามัยและความสะอาด': 0, 'การเรียนการสอนและหลักสูตร': 0, 'โรงอาหาร / ร้านค้าบริการ': 0, 'ความปลอดภัยและจราจร': 0, 'ระบบเครือข่ายและเทคโนโลยี': 0, 'บริการและสวัสดิการนิสิต': 15}",15,การเดินทาง / รถเมล์มพ.
อาจารย์ครับ ขอสอบชดเชยต้องทำไง รบกวนให้คำแนะนำที,"['ขอสอบชดเชย', 'อาจารย์']","{'การเดินทาง / รถเมล์มพ.': 0, 'สิ่งอำนวยความสะดวกและอาคารสถานที่': 0, 'สุขอนามัยและความสะอาด': 0, 'การเรียนการสอนและหลักสูตร': 17, 'โรงอาหาร / ร้านค้าบริการ': 0, 'ความปลอดภัยและจราจร': 0, 'ระบบเครือข่ายและเทคโนโลยี': 0, 'บริการและสวัสดิการนิสิต': 0}",17,การเรียนการสอนและหลักสูตร
แจ้งเรื่องไฟดับครับ ตรงห้องน้ำตึกสงวน ช่วยมาดูหน่อย,['ไฟดับ'],"{'การเดินทาง / รถเมล์มพ.': 0, 'สิ่งอำนวยความสะดวกและอาคารสถานที่': 5, 'สุขอนามัยและความสะอาด': 0, 'การเรียนการสอนและหลักสูตร': 0, 'โรงอาหาร / ร้านค้าบริการ': 0, 'ความปลอดภัยและจราจร': 0, 'ระบบเครือข่ายและเทคโนโลยี': 0, 'บริการและสวัสดิการนิสิต': 0}",5,สิ่งอำนวยความสะดวกและอาคารสถานที่
ไวไฟเข้าไม่ได้ ตอนนี้อยู่หอพักใน ทำงานไม่ได้เลย,"['ไวไฟเข้าไม่ได้', 'ไวไฟ']","{'การเดินทาง / รถเมล์มพ.': 0, 'สิ่งอำนวยความสะดวกและอาคารสถานที่': 0, 'สุขอนามัยและความสะอาด': 0, 'การเรียนการสอนและหลักสูตร': 0, 'โรงอาหาร / ร้านค้าบริการ': 0, 'ความปลอดภัยและจราจร': 0, 'ระบบเครือข่ายและเทคโนโลยี': 18, 'บริการและสวัสดิการนิสิต': 0}",18,ระบบเครือข่ายและเทคโนโลยี
แจ้งเรื่องหลังคารั่วหนักมาก ตรงห้อง 1204 ช่วยมาดูหน่อย,['หลังคารั่ว'],"{'การเดินทาง / รถเมล์มพ.': 0, 'สิ่งอำนวยความสะดวกและอาคารสถานที่': 10, 'สุขอนามัยและความสะอาด': 0, 'การเรียนการสอนและหลักสูตร': 0, 'โรงอาหาร / ร้านค้าบริการ': 0, 'ความปลอดภัยและจราจร': 0, 'ระบบเครือข่ายและเทคโนโลยี': 0, 'บริการและสวัสดิการนิสิต': 0}",10,สิ่งอำนวยความสะดวกและอาคารสถานที่
แจ้งเรื่องแอร์ไม่เย็นเลย ตรงห้องน้ำตึกสงวน ช่วยมาดูหน่อย,"['แอร์ไม่เย็น', 'แอร์']","{'การเดินทาง / รถเมล์มพ.': 0, 'สิ่งอำนวยความสะดวกและอาคารสถานที่': 15, 'สุขอนามัยและความสะอาด': 0, 'การเรียนการสอนและหลักสูตร': 0, 'โรงอาหาร / ร้านค้าบริการ': 0, 'ความปลอดภัยและจราจร': 0, 'ระบบเครือข่ายและเทคโนโลยี': 0, 'บริการและสวัสดิการนิสิต': 0}",15,สิ่งอำนวยความสะดวกและอาคารสถานที่
สอบถามหน่อยครับ รถเมล์สาย 1 หมดกี่โมง,"['รถเมล์', 'รถเมล์สาย', 'สอบถามหน่อยครับ']","{'การเดินทาง / รถเมล์มพ.': 15, 'สิ่งอำนวยความสะดวกและอาคารสถานที่': 0, 'สุขอนามัยและความสะอาด': 0, 'การเรียนการสอนและหลักสูตร': 0, 'โรงอาหาร / ร้านค้าบริการ': 0, 'ความปลอดภัยและจราจร': 0, 'ระบบเครือข่ายและเทคโนโลยี': 0, 'บริการและสวัสดิการนิสิต': 15}",15,การเดินทาง / รถเมล์มพ.
อาจารย์ครับ ลงทะเบียนวิชานี้ไม่ได้ รบกวนให้คำแนะนำที,"['วิชา', 'อาจารย์']","{'การเดินทาง / รถเมล์มพ.': 0, 'สิ่งอำนวยความสะดวกและอาคารสถานที่': 0, 'สุขอนามัยและความสะอาด': 0, 'การเรียนการสอนและหลักสูตร': 11, 'โรงอาหาร / ร้านค้าบริการ': 0, 'ความปลอดภัยและจราจร': 0, 'ระบบเครือข่ายและเทคโนโลยี': 0, 'บริการและสวัสดิการนิสิต': 0}",11,การเรียนการสอนและหลักสูตร
ระบบล่ม ตอนนี้อยู่หอพักใน ทำงานไม่ได้เลย,"['ระบบล่ม', 'ระบบ']","{'การเดินทาง / รถเมล์มพ.': 0, 'สิ่งอำนวยความสะดวกและอาคารสถานที่': 0, 'สุขอนามัยและความสะอาด': 0, 'การเรียนการสอนและหลักสูตร': 0, 'โรงอาหาร / ร้านค้าบริการ': 0, 'ความปลอดภัยและจราจร': 0, 'ระบบเครือข่ายและเทคโนโลยี': 11, 'บริการและสวัสดิการนิสิต': 0}",11,ระบบเครือข่ายและเทคโนโลยี
อาจารย์ครับ ลงทะเบียนวิชานี้ไม่ได้ รบกวนให้คำแนะนำที,"['วิชา', 'อาจารย์']","{'การเดินทาง / รถเมล์มพ.': 0, 'สิ่งอำนวยความสะดวกและอาคารสถานที่': 0, 'สุขอนามัยและความสะอาด': 0, 'การเรียนการสอนและหลักสูตร': 11, 'โรงอาหาร / ร้านค้าบริการ': 0, 'ความปลอดภัยและจราจร': 0, 'ระบบเครือข่ายและเทคโนโลยี': 0, 'บริการและสวัสดิการนิสิต': 0}",11,การเรียนการสอนและหลักสูตร
อาจารย์ครับ เกรดยังไม่ออกครับ รบกวนให้คำแนะนำที,"['เกรด', 'อาจารย์']","{'การเดินทาง / รถเมล์มพ.': 0, 'สิ่งอำนวยความสะดวกและอาคารสถานที่': 0, 'สุขอนามัยและความสะอาด': 0, 'การเรียนการสอนและหลักสูตร': 11, 'โรงอาหาร / ร้านค้าบริการ': 0, 'ความปลอดภัยและจราจร': 0, 'ระบบเครือข่ายและเทคโนโลยี': 0, 'บริการและสวัสดิการนิสิต': 0}",11,การเรียนการสอนและหลักสูตร
ลืมรหัสผ่านเข้าระบบ ตอนนี้อยู่หน้ามอ ทำงานไม่ได้เลย,"['ลืมรหัสผ่าน', 'ระบบ']","{'การเดินทาง / รถเมล์มพ.': 0, 'สิ่งอำนวยความสะดวกและอาคารสถานที่': 0, 'สุขอนามัยและความสะอาด': 0, 'การเรียนการสอนและหลักสูตร': 0, 'โรงอาหาร / ร้านค้าบริการ': 0, 'ความปลอดภัยและจราจร': 0, 'ระบบเครือข่ายและเทคโนโลยี': 15, 'บริการและสวัสดิการนิสิต': 0}",15,ระบบเครือข่ายและเทคโนโลยี
อาจารย์ครับ เกรดยังไม่ออกครับ รบกวนให้คำแนะนำที,"['เกรด', 'อาจารย์']","{'การเดินทาง / รถเมล์มพ.': 0, 'สิ่งอำนวยความสะดวกและอาคารสถานที่': 0, 'สุขอนามัยและความสะอาด': 0, 'การเรียนการสอนและหลักสูตร': 11, 'โรงอาหาร / ร้านค้าบริการ': 0, 'ความปลอดภัยและจราจร': 0, 'ระบบเครือข่ายและเทคโนโลยี': 0, 'บริการและสวัสดิการนิสิต': 0}",11,การเรียนการสอนและหลักสูตร
ลืมรหัสผ่านเข้าระบบ ตอนนี้อยู่หน้ามอ ทำงานไม่ได้เลย,"['ลืมรหัสผ่าน', 'ระบบ']","{'การเดินทาง / รถเมล์มพ.': 0, 'สิ่งอำนวยความสะดวกและอาคารสถานที่': 0, 'สุขอนามัยและความสะอาด': 0, 'การเรียนการสอนและหลักสูตร': 0, 'โรงอาหาร / ร้านค้าบริการ': 0, 'ความปลอดภัยและจราจร': 0, 'ระบบเครือข่ายและเทคโนโลยี': 15, 'บริการและสวัสดิการนิสิต': 0}",15,ระบบเครือข่ายและเทคโนโลยี
สอบถามหน่อยครับ รถเมล์สาย 1 หมดกี่โมง,"['รถเมล์', 'รถเมล์สาย', 'สอบถามหน่อยครับ']","{'การเดินทาง / รถเมล์มพ.': 15, 'สิ่งอำนวยความสะดวกและอาคารสถานที่': 0, 'สุขอนามัยและความสะอาด': 0, 'การเรียนการสอนและหลักสูตร': 0, 'โรงอาหาร / ร้านค้าบริการ': 0, 'ความปลอดภัยและจราจร': 0, 'ระบบเครือข่ายและเทคโนโลยี': 0, 'บริการและสวัสดิการนิสิต': 15}",15,การเดินทาง / รถเมล์มพ.
รปภ. ช่วยดูตรงลานจอดรถ หน่อยครับ หมวกกันน็อคหาย,"['รปภ.', 'รปภ', 'หมวกกันน็อคหาย']","{'การเดินทาง / รถเมล์มพ.': 0, 'สิ่งอำนวยความสะดวกและอาคารสถานที่': 0, 'สุขอนามัยและความสะอาด': 0, 'การเรียนการสอนและหลักสูตร': 0, 'โรงอาหาร / ร้านค้าบริการ': 0, 'ความปลอดภัยและจราจร': 7, 'ระบบเครือข่ายและเทคโนโลยี': 0, 'บริการและสวัสดิการนิสิต': 14}",14,บริการและสวัสดิการนิสิต
เน็ตหลุดบ่อยมาก ตอนนี้อยู่ตึกคณะ ทำงานไม่ได้เลย,"['เน็ตหลุด', 'หลุดบ่อย']","{'การเดินทาง / รถเมล์มพ.': 0, 'สิ่งอำนวยความสะดวกและอาคารสถานที่': 0, 'สุขอนามัยและความสะอาด': 0, 'การเรียนการสอนและหลักสูตร': 0, 'โรงอาหาร / ร้านค้าบริการ': 0, 'ความปลอดภัยและจราจร': 0, 'ระบบเครือข่ายและเทคโนโลยี': 16, 'บริการและสวัสดิการนิสิต': 0}",16,ระบบเครือข่ายและเทคโนโลยี
สอบถามหน่อยครับ อยากทราบกำหนดการกิจกรรมรับน้อง,"['กิจกรรม', 'สอบถามหน่อยครับ']","{'การเดินทาง / รถเมล์มพ.': 0, 'สิ่งอำนวยความสะดวกและอาคารสถานที่': 0, 'สุขอนามัยและความสะอาด': 0, 'การเรียนการสอนและหลักสูตร': 0, 'โรงอาหาร / ร้านค้าบริการ': 0, 'ความปลอดภัยและจราจร': 0, 'ระบบเครือข่ายและเทคโนโลยี': 0, 'บริการและสวัสดิการนิสิต': 22}",22,บริการและสวัสดิการนิสิต
แจ้งทำความสะอาดตรงสวนหน้าตึก มีหมาจรจัดมาคุ้ยขยะ ครับ,"['หมาจรจัด', 'ทำความสะอาด']","{'การเดินทาง / รถเมล์มพ.': 0, 'สิ่งอำนวยความสะดวกและอาคารสถานที่': 0, 'สุขอนามัยและความสะอาด': 19, 'การเรียนการสอนและหลักสูตร': 0, 'โรงอาหาร / ร้านค้าบริการ': 0, 'ความปลอดภัยและจราจร': 0, 'ระบบเครือข่ายและเทคโนโลยี': 0, 'บริการและสวัสดิการนิสิต': 0}",19,สุขอนามัยและความสะอาด
รปภ. ช่วยดูตรงประตู 2 หน่อยครับ คนจอดรถขวางทาง,"['รปภ.', 'จอดรถขวาง', 'รปภ', 'ประตู 2']","{'การเดินทาง / รถเมล์มพ.': 0, 'สิ่งอำนวยความสะดวกและอาคารสถานที่': 0, 'สุขอนามัยและความสะอาด': 0, 'การเรียนการสอนและหลักสูตร': 0, 'โรงอาหาร / ร้านค้าบริการ': 0, 'ความปลอดภัยและจราจร': 23, 'ระบบเครือข่ายและเทคโนโลยี': 0, 'บริการและสวัสดิการนิสิต': 0}",23,ความปลอดภัยและจราจร
อาจารย์ครับ ตารางเรียนไม่ขึ้นระบบ รบกวนให้คำแนะนำที,"['ตารางเรียน', 'อาจารย์', 'ระบบ']","{'การเดินทาง / รถเมล์มพ.': 0, 'สิ่งอำนวยความสะดวกและอาคารสถานที่': 0, 'สุขอนามัยและความสะอาด': 0, 'การเรียนการสอนและหลักสูตร': 17, 'โรงอาหาร / ร้านค้าบริการ': 0, 'ความปลอดภัยและจราจร': 0, 'ระบบเครือข่ายและเทคโนโลยี': 4, 'บริการและสวัสดิการนิสิต': 0}",17,การเรียนการสอนและหลักสูตร
แจ้งทำความสะอาดตรงทางเดิน หญ้ารกมาก ครับ,"['หญ้ารก', 'ทำความสะอาด']","{'การเดินทาง / รถเมล์มพ.': 0, 'สิ่งอำนวยความสะดวกและอาคารสถานที่': 0, 'สุขอนามัยและความสะอาด': 17, 'การเรียนการสอนและหลักสูตร': 0, 'โรงอาหาร / ร้านค้าบริการ': 0, 'ความปลอดภัยและจราจร': 0, 'ระบบเครือข่ายและเทคโนโลยี': 0, 'บริการและสวัสดิการนิสิต': 0}",17,สุขอนามัยและความสะอาด
สอบถามหน่อยครับ อยากทราบกำหนดการกิจกรรมรับน้อง,"['กิจกรรม', 'สอบถามหน่อยครับ']","{'การเดินทาง / รถเมล์มพ.': 0, 'สิ่งอำนวยความสะดวกและอาคารสถานที่': 0, 'สุขอนามัยและความสะอาด': 0, 'การเรียนการสอนและหลักสูตร': 0, 'โรงอาหาร / ร้านค้าบริการ': 0, 'ความปลอดภัยและจราจร': 0, 'ระบบเครือข่ายและเทคโนโลยี': 0, 'บริการและสวัสดิการนิสิต': 22}",22,บริการและสวัสดิการนิสิต
รปภ. ช่วยดูตรงหลังมอ หน่อยครับ รถติดหนักมาก,"['รถติด', 'รปภ.', 'รปภ']","{'การเดินทาง / รถเมล์มพ.': 5, 'สิ่งอำนวยความสะดวกและอาคารสถานที่': 0, 'สุขอนามัยและความสะอาด': 0, 'การเรียนการสอนและหลักสูตร': 0, 'โรงอาหาร / ร้านค้าบริการ': 0, 'ความปลอดภัยและจราจร': 7, 'ระบบเครือข่ายและเทคโนโลยี': 0, 'บริการและสวัสดิการนิสิต': 0}",7,ความปลอดภัยและจราจร
แจ้งทำความสะอาดตรงริมสระน้ำ กิ่งไม้หักขวางทาง ครับ,"['กิ่งไม้หัก', 'ทำความสะอาด']","{'การเดินทาง / รถเมล์มพ.': 0, 'สิ่งอำนวยความสะดวกและอาคารสถานที่': 0, 'สุขอนามัยและความสะอาด': 21, 'การเรียนการสอนและหลักสูตร': 0, 'โรงอาหาร / ร้านค้าบริการ': 0, 'ความปลอดภัยและจราจร': 0, 'ระบบเครือข่ายและเทคโนโลยี': 0, 'บริการและสวัสดิการนิสิต': 0}",21,สุขอนามัยและความสะอาด
ลงทะเบียนไม่ได้ ตอนนี้อยู่หน้ามอ ทำงานไม่ได้เลย,['ลงทะเบียนไม่ได้'],"{'การเดินทาง / รถเมล์มพ.': 0, 'สิ่งอำนวยความสะดวกและอาคารสถานที่': 0, 'สุขอนามัยและความสะอาด': 0, 'การเรียนการสอนและหลักสูตร': 0, 'โรงอาหาร / ร้านค้าบริการ': 0, 'ความปลอดภัยและจราจร': 0, 'ระบบเครือข่ายและเทคโนโลยี': 15, 'บริการและสวัสดิการนิสิต': 0}",15,ระบบเครือข่ายและเทคโนโลยี
ลืมรหัสผ่านเข้าระบบ ตอนนี้อยู่หน้ามอ ทำงานไม่ได้เลย,"['ลืมรหัสผ่าน', 'ระบบ']","{'การเดินทาง / รถเมล์มพ.': 0, 'สิ่งอำนวยความสะดวกและอาคารสถานที่': 0, 'สุขอนามัยและความสะอาด': 0, 'การเรียนการสอนและหลักสูตร': 0, 'โรงอาหาร / ร้านค้าบริการ': 0, 'ความปลอดภัยและจราจร': 0, 'ระบบเครือข่ายและเทคโนโลยี': 15, 'บริการและสวัสดิการนิสิต': 0}",15,ระบบเครือข่ายและเทคโนโลยี
ลืมรหัสผ่านเข้าระบบ ตอนนี้อยู่ห้องสมุด ทำงานไม่ได้เลย,"['ลืมรหัสผ่าน', 'ระบบ']","{'การเดินทาง / รถเมล์มพ.': 0, 'สิ่งอำนวยความสะดวกและอาคารสถานที่': 0, 'สุขอนามัยและความสะอาด': 0, 'การเรียนการสอนและหลักสูตร': 0, 'โรงอาหาร / ร้านค้าบริการ': 0, 'ความปลอดภัยและจราจร': 0, 'ระบบเครือข่ายและเทคโนโลยี': 15, 'บริการและสวัสดิการนิสิต': 0}",15,ระบบเครือข่ายและเทคโนโลยี
สอบถามหน่อยครับ รถเมล์สาย 1 หมดกี่โมง,"['รถเมล์', 'รถเมล์สาย', 'สอบถามหน่อยครับ']","{'การเดินทาง / รถเมล์มพ.': 15, 'สิ่งอำนวยความสะดวกและอาคารสถานที่': 0, 'สุขอนามัยและความสะอาด': 0, 'การเรียนการสอนและหลักสูตร': 0, 'โรงอาหาร / ร้านค้าบริการ': 0, 'ความปลอดภัยและจราจร': 0, 'ระบบเครือข่ายและเทคโนโลยี': 0, 'บริการและสวัสดิการนิสิต': 15}",15,การเดินทาง / รถเมล์มพ.
อาจารย์ครับ อยากติดต่ออาจารย์เรื่องดรอปเรียน รบกวนให้คำแนะนำที,"['ดรอปเรียน', 'ติดต่ออาจารย์', 'อาจารย์']","{'การเดินทาง / รถเมล์มพ.': 0, 'สิ่งอำนวยความสะดวกและอาคารสถานที่': 0, 'สุขอนามัยและความสะอาด': 0, 'การเรียนการสอนและหลักสูตร': 29, 'โรงอาหาร / ร้านค้าบริการ': 0, 'ความปลอดภัยและจราจร': 0, 'ระบบเครือข่ายและเทคโนโลยี': 0, 'บริการและสวัสดิการนิสิต': 0}",29,การเรียนการสอนและหลักสูตร
แจ้งทำความสะอาดตรงริมสระน้ำ สกปรกมากไม่ทำความสะอาด ครับ,"['สกปรก', 'ไม่ทำความสะอาด', 'ทำความสะอาด']","{'การเดินทาง / รถเมล์มพ.': 0, 'สิ่งอำนวยความสะดวกและอาคารสถานที่': 0, 'สุขอนามัยและความสะอาด': 30, 'การเรียนการสอนและหลักสูตร': 0, 'โรงอาหาร / ร้านค้าบริการ': 0, 'ความปลอดภัยและจราจร': 0, 'ระบบเครือข่ายและเทคโนโลยี': 0, 'บริการและสวัสดิการนิสิต': 0}",30,สุขอนามัยและความสะอาด
สอบถามหน่อยครับ ทำบัตรนิสิตใหม่ที่ไหน,"['บัตรนิสิต', 'สอบถามหน่อยครับ']","{'การเดินทาง / รถเมล์มพ.': 0, 'สิ่งอำนวยความสะดวกและอาคารสถานที่': 0, 'สุขอนามัยและความสะอาด': 0, 'การเรียนการสอนและหลักสูตร': 0, 'โรงอาหาร / ร้านค้าบริการ': 0, 'ความปลอดภัยและจราจร': 0, 'ระบบเครือข่ายและเทคโนโลยี': 0, 'บริการและสวัสดิการนิสิต': 24}",24,บริการและสวัสดิการนิสิต
ลืมรหัสผ่านเข้าระบบ ตอนนี้อยู่ตึกคณะ ทำงานไม่ได้เลย,"['ลืมรหัสผ่าน', 'ระบบ']","{'การเดินทาง / รถเมล์มพ.': 0, 'สิ่งอำนวยความสะดวกและอาคารสถานที่': 0, 'สุขอนามัยและความสะอาด': 0, 'การเรียนการสอนและหลักสูตร': 0, 'โรงอาหาร / ร้านค้าบริการ': 0, 'ความปลอดภัยและจราจร': 0, 'ระบบเครือข่ายและเทคโนโลยี': 15, 'บริการและสวัสดิการนิสิต': 0}",15,ระบบเครือข่ายและเทคโนโลยี
แจ้งเรื่องน้ำไม่ไหล ตรงห้อง 1204 ช่วยมาดูหน่อย,['น้ำไม่ไหล'],"{'การเดินทาง / รถเมล์มพ.': 0, 'สิ่งอำนวยความสะดวกและอาคารสถานที่': 9, 'สุขอนามัยและความสะอาด': 0, 'การเรียนการสอนและหลักสูตร': 0, 'โรงอาหาร / ร้านค้าบริการ': 0, 'ความปลอดภัยและจราจร': 0, 'ระบบเครือข่ายและเทคโนโลยี': 0, 'บริการและสวัสดิการนิสิต': 0}",9,สิ่งอำนวยความสะดวกและอาคารสถานที่
แจ้งทำความสะอาดตรงโรงอาหาร กิ่งไม้หักขวางทาง ครับ,"['กิ่งไม้หัก', 'ทำความสะอาด', 'โรงอาหาร', 'อาหาร']","{'การเดินทาง / รถเมล์มพ.': 0, 'สิ่งอำนวยความสะดวกและอาคารสถานที่': 0, 'สุขอนามัยและความสะอาด': 21, 'การเรียนการสอนและหลักสูตร': 0, 'โรงอาหาร / ร้านค้าบริการ': 13, 'ความปลอดภัยและจราจร': 0, 'ระบบเครือข่ายและเทคโนโลยี': 0, 'บริการและสวัสดิการนิสิต': 0}",21,สุขอนามัยและความสะอาด
รปภ. ช่วยดูตรงลานจอดรถ หน่อยครับ รถติดหนักมาก,"['รถติด', 'รปภ.', 'รปภ']","{'การเดินทาง / รถเมล์มพ.': 5, 'สิ่งอำนวยความสะดวกและอาคารสถานที่': 0, 'สุขอนามัยและความสะอาด': 0, 'การเรียนการสอนและหลักสูตร': 0, 'โรงอาหาร / ร้านค้าบริการ': 0, 'ความปลอดภัยและจราจร': 7, 'ระบบเครือข่ายและเทคโนโลยี': 0, 'บริการและสวัสดิการนิสิต': 0}",7,ความปลอดภัยและจราจร
อาจารย์ครับ ลงทะเบียนวิชานี้ไม่ได้ รบกวนให้คำแนะนำที,"['วิชา', 'อาจารย์']","{'การเดินทาง / รถเมล์มพ.': 0, 'สิ่งอำนวยความสะดวกและอาคารสถานที่': 0, 'สุขอนามัยและความสะอาด': 0, 'การเรียนการสอนและหลักสูตร': 11, 'โรงอาหาร / ร้านค้าบริการ': 0, 'ความปลอดภัยและจราจร': 0, 'ระบบเครือข่ายและเทคโนโลยี': 0, 'บริการและสวัสดิการนิสิต': 0}",11,การเรียนการสอนและหลักสูตร
สอบถามหน่อยครับ สอบถามเรื่องทุนการศึกษา,"['ทุนการศึกษา', 'สอบถามหน่อยครับ']","{'การเดินทาง / รถเมล์มพ.': 0, 'สิ่งอำนวยความสะดวกและอาคารสถานที่': 0, 'สุขอนามัยและความสะอาด': 0, 'การเรียนการสอนและหลักสูตร': 0, 'โรงอาหาร / ร้านค้าบริการ': 0, 'ความปลอดภัยและจราจร': 0, 'ระบบเครือข่ายและเทคโนโลยี': 0, 'บริการและสวัสดิการนิสิต': 26}",26,บริการและสวัสดิการนิสิต
แจ้งเรื่องประตูพัง ตรงตึก ICT ช่วยมาดูหน่อย,"['พัง', 'ประตูพัง']","{'การเดินทาง / รถเมล์มพ.': 0, 'สิ่งอำนวยความสะดวกและอาคารสถานที่': 11, 'สุขอนามัยและความสะอาด': 0, 'การเรียนการสอนและหลักสูตร': 0, 'โรงอาหาร / ร้านค้าบริการ': 0, 'ความปลอดภัยและจราจร': 0, 'ระบบเครือข่ายและเทคโนโลยี': 0, 'บริการและสวัสดิการนิสิต': 0}",11,สิ่งอำนวยความสะดวกและอาคารสถานที่
อาจารย์ครับ ตารางเรียนไม่ขึ้นระบบ รบกวนให้คำแนะนำที,"['ตารางเรียน', 'อาจารย์', 'ระบบ']","{'การเดินทาง / รถเมล์มพ.': 0, 'สิ่งอำนวยความสะดวกและอาคารสถานที่': 0, 'สุขอนามัยและความสะอาด': 0, 'การเรียนการสอนและหลักสูตร': 17, 'โรงอาหาร / ร้านค้าบริการ': 0, 'ความปลอดภัยและจราจร': 0, 'ระบบเครือข่ายและเทคโนโลยี': 4, 'บริการและสวัสดิการนิสิต': 0}",17,การเรียนการสอนและหลักสูตร
อาจารย์ครับ อยากติดต่ออาจารย์เรื่องดรอปเรียน รบกวนให้คำแนะนำที,"['ดรอปเรียน', 'ติดต่ออาจารย์', 'อาจารย์']","{'การเดินทาง / รถเมล์มพ.': 0, 'สิ่งอำนวยความสะดวกและอาคารสถานที่': 0, 'สุขอนามัยและความสะอาด': 0, 'การเรียนการสอนและหลักสูตร': 29, 'โรงอาหาร / ร้านค้าบริการ': 0, 'ความปลอดภัยและจราจร': 0, 'ระบบเครือข่ายและเทคโนโลยี': 0, 'บริการและสวัสดิการนิสิต': 0}",29,การเรียนการสอนและหลักสูตร
รปภ. ช่วยดูตรงทางแยก หน่อยครับ มีรถชนกัน,"['รถชน', 'รปภ.', 'รปภ']","{'การเดินทาง / รถเมล์มพ.': 0, 'สิ่งอำนวยความสะดวกและอาคารสถานที่': 0, 'สุขอนามัยและความสะอาด': 0, 'การเรียนการสอนและหลักสูตร': 0, 'โรงอาหาร / ร้านค้าบริการ': 0, 'ความปลอดภัยและจราจร': 11, 'ระบบเครือข่ายและเทคโนโลยี': 0, 'บริการและสวัสดิการนิสิต': 0}",11,ความปลอดภัยและจราจร
แจ้งทำความสะอาดตรงสนามบาส มีหมาจรจัดมาคุ้ยขยะ ครับ,"['หมาจรจัด', 'ทำความสะอาด']","{'การเดินทาง / รถเมล์มพ.': 0, 'สิ่งอำนวยความสะดวกและอาคารสถานที่': 0, 'สุขอนามัยและความสะอาด': 19, 'การเรียนการสอนและหลักสูตร': 0, 'โรงอาหาร / ร้านค้าบริการ': 0, 'ความปลอดภัยและจราจร': 0, 'ระบบเครือข่ายและเทคโนโลยี': 0, 'บริการและสวัสดิการนิสิต': 0}",19,สุขอนามัยและความสะอาด
แจ้งทำความสะอาดตรงโรงอาหาร สกปรกมากไม่ทำความสะอาด ครับ,"['สกปรก', 'ไม่ทำความสะอาด', 'ทำความสะอาด', 'โรงอาหาร', 'อาหาร']","{'การเดินทาง / รถเมล์มพ.': 0, 'สิ่งอำนวยความสะดวกและอาคารสถานที่': 0, 'สุขอนามัยและความสะอาด': 30, 'การเรียนการสอนและหลักสูตร': 0, 'โรงอาหาร / ร้านค้าบริการ': 13, 'ความปลอดภัยและจราจร': 0, 'ระบบเครือข่ายและเทคโนโลยี': 0, 'บริการและสวัสดิการนิสิต': 0}",30,สุขอนามัยและความสะอาด
แจ้งทำความสะอาดตรงสนามบาส หญ้ารกมาก ครับ,"['หญ้ารก', 'ทำความสะอาด']","{'การเดินทาง / รถเมล์มพ.': 0, 'สิ่งอำนวยความสะดวกและอาคารสถานที่': 0, 'สุขอนามัยและความสะอาด': 17, 'การเรียนการสอนและหลักสูตร': 0, 'โรงอาหาร / ร้านค้าบริการ': 0, 'ความปลอดภัยและจราจร': 0, 'ระบบเครือข่ายและเทคโนโลยี': 0, 'บริการและสวัสดิการนิสิต': 0}",17,สุขอนามัยและความสะอาด
แจ้งทำความสะอาดตรงสวนหน้าตึก สกปรกมากไม่ทำความสะอาด ครับ,"['สกปรก', 'ไม่ทำความสะอาด', 'ทำความสะอาด']","{'การเดินทาง / รถเมล์มพ.': 0, 'สิ่งอำนวยความสะดวกและอาคารสถานที่': 0, 'สุขอนามัยและความสะอาด': 30, 'การเรียนการสอนและหลักสูตร': 0, 'โรงอาหาร / ร้านค้าบริการ': 0, 'ความปลอดภัยและจราจร': 0, 'ระบบเครือข่ายและเทคโนโลยี': 0, 'บริการและสวัสดิการนิสิต': 0}",30,สุขอนามัยและความสะอาด
แจ้งทำความสะอาดตรงริมสระน้ำ สกปรกมากไม่ทำความสะอาด ครับ,"['สกปรก', 'ไม่ทำความสะอาด', 'ทำความสะอาด']","{'การเดินทาง / รถเมล์มพ.': 0, 'สิ่งอำนวยความสะดวกและอาคารสถานที่': 0, 'สุขอนามัยและความสะอาด': 30, 'การเรียนการสอนและหลักสูตร': 0, 'โรงอาหาร / ร้านค้าบริการ': 0, 'ความปลอดภัยและจราจร': 0, 'ระบบเครือข่ายและเทคโนโลยี': 0, 'บริการและสวัสดิการนิสิต': 0}",30,สุขอนามัยและความสะอาด
สอบถามหน่อยครับ สอบถามเรื่องทุนการศึกษา,"['ทุนการศึกษา', 'สอบถามหน่อยครับ']","{'การเดินทาง / รถเมล์มพ.': 0, 'สิ่งอำนวยความสะดวกและอาคารสถานที่': 0, 'สุขอนามัยและความสะอาด': 0, 'การเรียนการสอนและหลักสูตร': 0, 'โรงอาหาร / ร้านค้าบริการ': 0, 'ความปลอดภัยและจราจร': 0, 'ระบบเครือข่ายและเทคโนโลยี': 0, 'บริการและสวัสดิการนิสิต': 26}",26,บริการและสวัสดิการนิสิต
แจ้งทำความสะอาดตรงริมสระน้ำ ขยะล้นถังส่งกลิ่นเหม็น ครับ,"['ขยะล้น', 'เหม็น', 'ทำความสะอาด', 'กลิ่นเหม็น']","{'การเดินทาง / รถเมล์มพ.': 0, 'สิ่งอำนวยความสะดวกและอาคารสถานที่': 0, 'สุขอนามัยและความสะอาด': 32, 'การเรียนการสอนและหลักสูตร': 0, 'โรงอาหาร / ร้านค้าบริการ': 0, 'ความปลอดภัยและจราจร': 0, 'ระบบเครือข่ายและเทคโนโลยี': 0, 'บริการและสวัสดิการนิสิต': 0}",32,สุขอนามัยและความสะอาด
แจ้งเรื่องแอร์ไม่เย็นเลย ตรงตึก ICT ช่วยมาดูหน่อย,"['แอร์ไม่เย็น', 'แอร์']","{'การเดินทาง / รถเมล์มพ.': 0, 'สิ่งอำนวยความสะดวกและอาคารสถานที่': 15, 'สุขอนามัยและความสะอาด': 0, 'การเรียนการสอนและหลักสูตร': 0, 'โรงอาหาร / ร้านค้าบริการ': 0, 'ความปลอดภัยและจราจร': 0, 'ระบบเครือข่ายและเทคโนโลยี': 0, 'บริการและสวัสดิการนิสิต': 0}",15,สิ่งอำนวยความสะดวกและอาคารสถานที่
แจ้งเรื่องน้ำไม่ไหล ตรงห้องน้ำตึกสงวน ช่วยมาดูหน่อย,['น้ำไม่ไหล'],"{'การเดินทาง / รถเมล์มพ.': 0, 'สิ่งอำนวยความสะดวกและอาคารสถานที่': 9, 'สุขอนามัยและความสะอาด': 0, 'การเรียนการสอนและหลักสูตร': 0, 'โรงอาหาร / ร้านค้าบริการ': 0, 'ความปลอดภัยและจราจร': 0, 'ระบบเครือข่ายและเทคโนโลยี': 0, 'บริการและสวัสดิการนิสิต': 0}",9,สิ่งอำนวยความสะดวกและอาคารสถานที่
อาจารย์ครับ ขอสอบชดเชยต้องทำไง รบกวนให้คำแนะนำที,"['ขอสอบชดเชย', 'อาจารย์']","{'การเดินทาง / รถเมล์มพ.': 0, 'สิ่งอำนวยความสะดวกและอาคารสถานที่': 0, 'สุขอนามัยและความสะอาด': 0, 'การเรียนการสอนและหลักสูตร': 17, 'โรงอาหาร / ร้านค้าบริการ': 0, 'ความปลอดภัยและจราจร': 0, 'ระบบเครือข่ายและเทคโนโลยี': 0, 'บริการและสวัสดิการนิสิต': 0}",17,การเรียนการสอนและหลักสูตร
อาจารย์ครับ ขอสอบชดเชยต้องทำไง รบกวนให้คำแนะนำที,"['ขอสอบชดเชย', 'อาจารย์']","{'การเดินทาง / รถเมล์มพ.': 0, 'สิ่งอำนวยความสะดวกและอาคารสถานที่': 0, 'สุขอนามัยและความสะอาด': 0, 'การเรียนการสอนและหลักสูตร': 17, 'โรงอาหาร / ร้านค้าบริการ': 0, 'ความปลอดภัยและจราจร': 0, 'ระบบเครือข่ายและเทคโนโลยี': 0, 'บริการและสวัสดิการนิสิต': 0}",17,การเรียนการสอนและหลักสูตร
ระบบล่ม ตอนนี้อยู่ตึกคณะ ทำงานไม่ได้เลย,"['ระบบล่ม', 'ระบบ']","{'การเดินทาง / รถเมล์มพ.': 0, 'สิ่งอำนวยความสะดวกและอาคารสถานที่': 0, 'สุขอนามัยและความสะอาด': 0, 'การเรียนการสอนและหลักสูตร': 0, 'โรงอาหาร / ร้านค้าบริการ': 0, 'ความปลอดภัยและจราจร': 0, 'ระบบเครือข่ายและเทคโนโลยี': 11, 'บริการและสวัสดิการนิสิต': 0}",11,ระบบเครือข่ายและเทคโนโลยี
แจ้งเรื่องน้ำไม่ไหล ตรงห้องน้ำตึกสงวน ช่วยมาดูหน่อย,['น้ำไม่ไหล'],"{'การเดินทาง / รถเมล์มพ.': 0, 'สิ่งอำนวยความสะดวกและอาคารสถานที่': 9, 'สุขอนามัยและความสะอาด': 0, 'การเรียนการสอนและหลักสูตร': 0, 'โรงอาหาร / ร้านค้าบริการ': 0, 'ความปลอดภัยและจราจร': 0, 'ระบบเครือข่ายและเทคโนโลยี': 0, 'บริการและสวัสดิการนิสิต': 0}",9,สิ่งอำนวยความสะดวกและอาคารสถานที่
รปภ. ช่วยดูตรงลานจอดรถ หน่อยครับ รถติดหนักมาก,"['รถติด', 'รปภ.', 'รปภ']","{'การเดินทาง / รถเมล์มพ.': 5, 'สิ่งอำนวยความสะดวกและอาคารสถานที่': 0, 'สุขอนามัยและความสะอาด': 0, 'การเรียนการสอนและหลักสูตร': 0, 'โรงอาหาร / ร้านค้าบริการ': 0, 'ความปลอดภัยและจราจร': 7, 'ระบบเครือข่ายและเทคโนโลยี': 0, 'บริการและสวัสดิการนิสิต': 0}",7,ความปลอดภัยและจราจร
สอบถามหน่อยครับ ทำบัตรนิสิตใหม่ที่ไหน,"['บัตรนิสิต', 'สอบถามหน่อยครับ']","{'การเดินทาง / รถเมล์มพ.': 0, 'สิ่งอำนวยความสะดวกและอาคารสถานที่': 0, 'สุขอนามัยและความสะอาด': 0, 'การเรียนการสอนและหลักสูตร': 0, 'โรงอาหาร / ร้านค้าบริการ': 0, 'ความปลอดภัยและจราจร': 0, 'ระบบเครือข่ายและเทคโนโลยี': 0, 'บริการและสวัสดิการนิสิต': 24}",24,บริการและสวัสดิการนิสิต
ลงทะเบียนไม่ได้ ตอนนี้อยู่ห้องสมุด ทำงานไม่ได้เลย,['ลงทะเบียนไม่ได้'],"{'การเดินทาง / รถเมล์มพ.': 0, 'สิ่งอำนวยความสะดวกและอาคารสถานที่': 0, 'สุขอนามัยและความสะอาด': 0, 'การเรียนการสอนและหลักสูตร': 0, 'โรงอาหาร / ร้านค้าบริการ': 0, 'ความปลอดภัยและจราจร': 0, 'ระบบเครือข่ายและเทคโนโลยี': 15, 'บริการและสวัสดิการนิสิต': 0}",15,ระบบเครือข่ายและเทคโนโลยี
แจ้งทำความสะอาดตรงทางเดิน กิ่งไม้หักขวางทาง ครับ,"['กิ่งไม้หัก', 'ทำความสะอาด']","{'การเดินทาง / รถเมล์มพ.': 0, 'สิ่งอำนวยความสะดวกและอาคารสถานที่': 0, 'สุขอนามัยและความสะอาด': 21, 'การเรียนการสอนและหลักสูตร': 0, 'โรงอาหาร / ร้านค้าบริการ': 0, 'ความปลอดภัยและจราจร': 0, 'ระบบเครือข่ายและเทคโนโลยี': 0, 'บริการและสวัสดิการนิสิต': 0}",21,สุขอนามัยและความสะอาด
รปภ. ช่วยดูตรงประตู 2 หน่อยครับ มีรถชนกัน,"['รถชน', 'รปภ.', 'รปภ', 'ประตู 2']","{'การเดินทาง / รถเมล์มพ.': 0, 'สิ่งอำนวยความสะดวกและอาคารสถานที่': 0, 'สุขอนามัยและความสะอาด': 0, 'การเรียนการสอนและหลักสูตร': 0, 'โรงอาหาร / ร้านค้าบริการ': 0, 'ความปลอดภัยและจราจร': 18, 'ระบบเครือข่ายและเทคโนโลยี': 0, 'บริการและสวัสดิการนิสิต': 0}",18,ความปลอดภัยและจราจร
แจ้งทำความสะอาดตรงโรงอาหาร ขยะล้นถังส่งกลิ่นเหม็น ครับ,"['ขยะล้น', 'เหม็น', 'ทำความสะอาด', 'กลิ่นเหม็น', 'โรงอาหาร', 'อาหาร']","{'การเดินทาง / รถเมล์มพ.': 0, 'สิ่งอำนวยความสะดวกและอาคารสถานที่': 0, 'สุขอนามัยและความสะอาด': 32, 'การเรียนการสอนและหลักสูตร': 0, 'โรงอาหาร / ร้านค้าบริการ': 13, 'ความปลอดภัยและจราจร': 0, 'ระบบเครือข่ายและเทคโนโลยี': 0, 'บริการและสวัสดิการนิสิต': 0}",32,สุขอนามัยและความสะอาด
สอบถามหน่อยครับ อยากทราบกำหนดการกิจกรรมรับน้อง,"['กิจกรรม', 'สอบถามหน่อยครับ']","{'การเดินทาง / รถเมล์มพ.': 0, 'สิ่งอำนวยความสะดวกและอาคารสถานที่': 0, 'สุขอนามัยและความสะอาด': 0, 'การเรียนการสอนและหลักสูตร': 0, 'โรงอาหาร / ร้านค้าบริการ': 0, 'ความปลอดภัยและจราจร': 0, 'ระบบเครือข่ายและเทคโนโลยี': 0, 'บริการและสวัสดิการนิสิต': 22}",22,บริการและสวัสดิการนิสิต
ไวไฟเข้าไม่ได้ ตอนนี้อยู่ห้องสมุด ทำงานไม่ได้เลย,"['ไวไฟเข้าไม่ได้', 'ไวไฟ']","{'การเดินทาง / รถเมล์มพ.': 0, 'สิ่งอำนวยความสะดวกและอาคารสถานที่': 0, 'สุขอนามัยและความสะอาด': 0, 'การเรียนการสอนและหลักสูตร': 0, 'โรงอาหาร / ร้านค้าบริการ': 0, 'ความปลอดภัยและจราจร': 0, 'ระบบเครือข่ายและเทคโนโลยี': 18, 'บริการและสวัสดิการนิสิต': 0}",18,ระบบเครือข่ายและเทคโนโลยี
ลงทะเบียนไม่ได้ ตอนนี้อยู่หน้ามอ ทำงานไม่ได้เลย,['ลงทะเบียนไม่ได้'],"{'การเดินทาง / รถเมล์มพ.': 0, 'สิ่งอำนวยความสะดวกและอาคารสถานที่': 0, 'สุขอนามัยและความสะอาด': 0, 'การเรียนการสอนและหลักสูตร': 0, 'โรงอาหาร / ร้านค้าบริการ': 0, 'ความปลอดภัยและจราจร': 0, 'ระบบเครือข่ายและเทคโนโลยี': 15, 'บริการและสวัสดิการนิสิต': 0}",15,ระบบเครือข่ายและเทคโนโลยี
ลืมรหัสผ่านเข้าระบบ ตอนนี้อยู่หอพักใน ทำงานไม่ได้เลย,"['ลืมรหัสผ่าน', 'ระบบ']","{'การเดินทาง / รถเมล์มพ.': 0, 'สิ่งอำนวยความสะดวกและอาคารสถานที่': 0, 'สุขอนามัยและความสะอาด': 0, 'การเรียนการสอนและหลักสูตร': 0, 'โรงอาหาร / ร้านค้าบริการ': 0, 'ความปลอดภัยและจราจร': 0, 'ระบบเครือข่ายและเทคโนโลยี': 15, 'บริการและสวัสดิการนิสิต': 0}",15,ระบบเครือข่ายและเทคโนโลยี
ระบบล่ม ตอนนี้อยู่หอพักใน ทำงานไม่ได้เลย,"['ระบบล่ม', 'ระบบ']","{'การเดินทาง / รถเมล์มพ.': 0, 'สิ่งอำนวยความสะดวกและอาคารสถานที่': 0, 'สุขอนามัยและความสะอาด': 0, 'การเรียนการสอนและหลักสูตร': 0, 'โรงอาหาร / ร้านค้าบริการ': 0, 'ความปลอดภัยและจราจร': 0, 'ระบบเครือข่ายและเทคโนโลยี': 11, 'บริการและสวัสดิการนิสิต': 0}",11,ระบบเครือข่ายและเทคโนโลยี
สอบถามหน่อยครับ ทำบัตรนิสิตใหม่ที่ไหน,"['บัตรนิสิต', 'สอบถามหน่อยครับ']","{'การเดินทาง / รถเมล์มพ.': 0, 'สิ่งอำนวยความสะดวกและอาคารสถานที่': 0, 'สุขอนามัยและความสะอาด': 0, 'การเรียนการสอนและหลักสูตร': 0, 'โรงอาหาร / ร้านค้าบริการ': 0, 'ความปลอดภัยและจราจร': 0, 'ระบบเครือข่ายและเทคโนโลยี': 0, 'บริการและสวัสดิการนิสิต': 24}",24,บริการและสวัสดิการนิสิต
อาจารย์ครับ เกรดยังไม่ออกครับ รบกวนให้คำแนะนำที,"['เกรด', 'อาจารย์']","{'การเดินทาง / รถเมล์มพ.': 0, 'สิ่งอำนวยความสะดวกและอาคารสถานที่': 0, 'สุขอนามัยและความสะอาด': 0, 'การเรียนการสอนและหลักสูตร': 11, 'โรงอาหาร / ร้านค้าบริการ': 0, 'ความปลอดภัยและจราจร': 0, 'ระบบเครือข่ายและเทคโนโลยี': 0, 'บริการและสวัสดิการนิสิต': 0}",11,การเรียนการสอนและหลักสูตร
สอบถามหน่อยครับ ทำบัตรนิสิตใหม่ที่ไหน,"['บัตรนิสิต', 'สอบถามหน่อยครับ']","{'การเดินทาง / รถเมล์มพ.': 0, 'สิ่งอำนวยความสะดวกและอาคารสถานที่': 0, 'สุขอนามัยและความสะอาด': 0, 'การเรียนการสอนและหลักสูตร': 0, 'โรงอาหาร / ร้านค้าบริการ': 0, 'ความปลอดภัยและจราจร': 0, 'ระบบเครือข่ายและเทคโนโลยี': 0, 'บริการและสวัสดิการนิสิต': 24}",24,บริการและสวัสดิการนิสิต
แจ้งเรื่องน้ำไม่ไหล ตรงห้อง 1204 ช่วยมาดูหน่อย,['น้ำไม่ไหล'],"{'การเดินทาง / รถเมล์มพ.': 0, 'สิ่งอำนวยความสะดวกและอาคารสถานที่': 9, 'สุขอนามัยและความสะอาด': 0, 'การเรียนการสอนและหลักสูตร': 0, 'โรงอาหาร / ร้านค้าบริการ': 0, 'ความปลอดภัยและจราจร': 0, 'ระบบเครือข่ายและเทคโนโลยี': 0, 'บริการและสวัสดิการนิสิต': 0}",9,สิ่งอำนวยความสะดวกและอาคารสถานที่
แจ้งทำความสะอาดตรงทางเดิน มีหมาจรจัดมาคุ้ยขยะ ครับ,"['หมาจรจัด', 'ทำความสะอาด']","{'การเดินทาง / รถเมล์มพ.': 0, 'สิ่งอำนวยความสะดวกและอาคารสถานที่': 0, 'สุขอนามัยและความสะอาด': 19, 'การเรียนการสอนและหลักสูตร': 0, 'โรงอาหาร / ร้านค้าบริการ': 0, 'ความปลอดภัยและจราจร': 0, 'ระบบเครือข่ายและเทคโนโลยี': 0, 'บริการและสวัสดิการนิสิต': 0}",19,สุขอนามัยและความสะอาด
แจ้งเรื่องลิฟต์ค้าง ตรงตึก ICT ช่วยมาดูหน่อย,"['ลิฟต์ค้าง', 'ลิฟต์']","{'การเดินทาง / รถเมล์มพ.': 0, 'สิ่งอำนวยความสะดวกและอาคารสถานที่': 14, 'สุขอนามัยและความสะอาด': 0, 'การเรียนการสอนและหลักสูตร': 0, 'โรงอาหาร / ร้านค้าบริการ': 0, 'ความปลอดภัยและจราจร': 0, 'ระบบเครือข่ายและเทคโนโลยี': 0, 'บริการและสวัสดิการนิสิต': 0}",14,สิ่งอำนวยความสะดวกและอาคารสถานที่
แจ้งเรื่องหลังคารั่วหนักมาก ตรงห้องบรรยาย ช่วยมาดูหน่อย,['หลังคารั่ว'],"{'การเดินทาง / รถเมล์มพ.': 0, 'สิ่งอำนวยความสะดวกและอาคารสถานที่': 10, 'สุขอนามัยและความสะอาด': 0, 'การเรียนการสอนและหลักสูตร': 0, 'โรงอาหาร / ร้านค้าบริการ': 0, 'ความปลอดภัยและจราจร': 0, 'ระบบเครือข่ายและเทคโนโลยี': 0, 'บริการและสวัสดิการนิสิต': 0}",10,สิ่งอำนวยความสะดวกและอาคารสถานที่
รปภ. ช่วยดูตรงประตู 2 หน่อยครับ คนจอดรถขวางทาง,"['รปภ.', 'จอดรถขวาง', 'รปภ', 'ประตู 2']","{'การเดินทาง / รถเมล์มพ.': 0, 'สิ่งอำนวยความสะดวกและอาคารสถานที่': 0, 'สุขอนามัยและความสะอาด': 0, 'การเรียนการสอนและหลักสูตร': 0, 'โรงอาหาร / ร้านค้าบริการ': 0, 'ความปลอดภัยและจราจร': 23, 'ระบบเครือข่ายและเทคโนโลยี': 0, 'บริการและสวัสดิการนิสิต': 0}",23,ความปลอดภัยและจราจร
แจ้งทำความสะอาดตรงสวนหน้าตึก สกปรกมากไม่ทำความสะอาด ครับ,"['สกปรก', 'ไม่ทำความสะอาด', 'ทำความสะอาด']","{'การเดินทาง / รถเมล์มพ.': 0, 'สิ่งอำนวยความสะดวกและอาคารสถานที่': 0, 'สุขอนามัยและความสะอาด': 30, 'การเรียนการสอนและหลักสูตร': 0, 'โรงอาหาร / ร้านค้าบริการ': 0, 'ความปลอดภัยและจราจร': 0, 'ระบบเครือข่ายและเทคโนโลยี': 0, 'บริการและสวัสดิการนิสิต': 0}",30,สุขอนามัยและความสะอาด
แจ้งเรื่องแอร์ไม่เย็นเลย ตรงห้อง 1204 ช่วยมาดูหน่อย,"['แอร์ไม่เย็น', 'แอร์']","{'การเดินทาง / รถเมล์มพ.': 0, 'สิ่งอำนวยความสะดวกและอาคารสถานที่': 15, 'สุขอนามัยและความสะอาด': 0, 'การเรียนการสอนและหลักสูตร': 0, 'โรงอาหาร / ร้านค้าบริการ': 0, 'ความปลอดภัยและจราจร': 0, 'ระบบเครือข่ายและเทคโนโลยี': 0, 'บริการและสวัสดิการนิสิต': 0}",15,สิ่งอำนวยความสะดวกและอาคารสถานที่
อาจารย์ครับ อยากติดต่ออาจารย์เรื่องดรอปเรียน รบกวนให้คำแนะนำที,"['ดรอปเรียน', 'ติดต่ออาจารย์', 'อาจารย์']","{'การเดินทาง / รถเมล์มพ.': 0, 'สิ่งอำนวยความสะดวกและอาคารสถานที่': 0, 'สุขอนามัยและความสะอาด': 0, 'การเรียนการสอนและหลักสูตร': 29, 'โรงอาหาร / ร้านค้าบริการ': 0, 'ความปลอดภัยและจราจร': 0, 'ระบบเครือข่ายและเทคโนโลยี': 0, 'บริการและสวัสดิการนิสิต': 0}",29,การเรียนการสอนและหลักสูตร
สอบถามหน่อยครับ สอบถามเรื่องทุนการศึกษา,"['ทุนการศึกษา', 'สอบถามหน่อยครับ']","{'การเดินทาง / รถเมล์มพ.': 0, 'สิ่งอำนวยความสะดวกและอาคารสถานที่': 0, 'สุขอนามัยและความสะอาด': 0, 'การเรียนการสอนและหลักสูตร': 0, 'โรงอาหาร / ร้านค้าบริการ': 0, 'ความปลอดภัยและจราจร': 0, 'ระบบเครือข่ายและเทคโนโลยี': 0, 'บริการและสวัสดิการนิสิต': 26}",26,บริการและสวัสดิการนิสิต
แจ้งเรื่องไฟดับครับ ตรงอาคารเรียนรวม ช่วยมาดูหน่อย,['ไฟดับ'],"{'การเดินทาง / รถเมล์มพ.': 0, 'สิ่งอำนวยความสะดวกและอาคารสถานที่': 5, 'สุขอนามัยและความสะอาด': 0, 'การเรียนการสอนและหลักสูตร': 0, 'โรงอาหาร / ร้านค้าบริการ': 0, 'ความปลอดภัยและจราจร': 0, 'ระบบเครือข่ายและเทคโนโลยี': 0, 'บริการและสวัสดิการนิสิต': 0}",5,สิ่งอำนวยความสะดวกและอาคารสถานที่
ลงทะเบียนไม่ได้ ตอนนี้อยู่หน้ามอ ทำงานไม่ได้เลย,['ลงทะเบียนไม่ได้'],"{'การเดินทาง / รถเมล์มพ.': 0, 'สิ่งอำนวยความสะดวกและอาคารสถานที่': 0, 'สุขอนามัยและความสะอาด': 0, 'การเรียนการสอนและหลักสูตร': 0, 'โรงอาหาร / ร้านค้าบริการ': 0, 'ความปลอดภัยและจราจร': 0, 'ระบบเครือข่ายและเทคโนโลยี': 15, 'บริการและสวัสดิการนิสิต': 0}",15,ระบบเครือข่ายและเทคโนโลยี
รปภ. ช่วยดูตรงหน้ามอ หน่อยครับ หมวกกันน็อคหาย,"['รปภ.', 'รปภ', 'หมวกกันน็อคหาย']","{'การเดินทาง / รถเมล์มพ.': 0, 'สิ่งอำนวยความสะดวกและอาคารสถานที่': 0, 'สุขอนามัยและความสะอาด': 0, 'การเรียนการสอนและหลักสูตร': 0, 'โรงอาหาร / ร้านค้าบริการ': 0, 'ความปลอดภัยและจราจร': 7, 'ระบบเครือข่ายและเทคโนโลยี': 0, 'บริการและสวัสดิการนิสิต': 14}",14,บริการและสวัสดิการนิสิต
สอบถามหน่อยครับ รถเมล์สาย 1 หมดกี่โมง,"['รถเมล์', 'รถเมล์สาย', 'สอบถามหน่อยครับ']","{'การเดินทาง / รถเมล์มพ.': 15, 'สิ่งอำนวยความสะดวกและอาคารสถานที่': 0, 'สุขอนามัยและความสะอาด': 0, 'การเรียนการสอนและหลักสูตร': 0, 'โรงอาหาร / ร้านค้าบริการ': 0, 'ความปลอดภัยและจราจร': 0, 'ระบบเครือข่ายและเทคโนโลยี': 0, 'บริการและสวัสดิการนิสิต': 15}",15,การเดินทาง / รถเมล์มพ.
รปภ. ช่วยดูตรงลานจอดรถ หน่อยครับ รถติดหนักมาก,"['รถติด', 'รปภ.', 'รปภ']","{'การเดินทาง / รถเมล์มพ.': 5, 'สิ่งอำนวยความสะดวกและอาคารสถานที่': 0, 'สุขอนามัยและความสะอาด': 0, 'การเรียนการสอนและหลักสูตร': 0, 'โรงอาหาร / ร้านค้าบริการ': 0, 'ความปลอดภัยและจราจร': 7, 'ระบบเครือข่ายและเทคโนโลยี': 0, 'บริการและสวัสดิการนิสิต': 0}",7,ความปลอดภัยและจราจร
แจ้งทำความสะอาดตรงสวนหน้าตึก มีหมาจรจัดมาคุ้ยขยะ ครับ,"['หมาจรจัด', 'ทำความสะอาด']","{'การเดินทาง / รถเมล์มพ.': 0, 'สิ่งอำนวยความสะดวกและอาคารสถานที่': 0, 'สุขอนามัยและความสะอาด': 19, 'การเรียนการสอนและหลักสูตร': 0, 'โรงอาหาร / ร้านค้าบริการ': 0, 'ความปลอดภัยและจราจร': 0, 'ระบบเครือข่ายและเทคโนโลยี': 0, 'บริการและสวัสดิการนิสิต': 0}",19,สุขอนามัยและความสะอาด
อาจารย์ครับ ลงทะเบียนวิชานี้ไม่ได้ รบกวนให้คำแนะนำที,"['วิชา', 'อาจารย์']","{'การเดินทาง / รถเมล์มพ.': 0, 'สิ่งอำนวยความสะดวกและอาคารสถานที่': 0, 'สุขอนามัยและความสะอาด': 0, 'การเรียนการสอนและหลักสูตร': 11, 'โรงอาหาร / ร้านค้าบริการ': 0, 'ความปลอดภัยและจราจร': 0, 'ระบบเครือข่ายและเทคโนโลยี': 0, 'บริการและสวัสดิการนิสิต': 0}",11,การเรียนการสอนและหลักสูตร
อาจารย์ครับ เกรดยังไม่ออกครับ รบกวนให้คำแนะนำที,"['เกรด', 'อาจารย์']","{'การเดินทาง / รถเมล์มพ.': 0, 'สิ่งอำนวยความสะดวกและอาคารสถานที่': 0, 'สุขอนามัยและความสะอาด': 0, 'การเรียนการสอนและหลักสูตร': 11, 'โรงอาหาร / ร้านค้าบริการ': 0, 'ความปลอดภัยและจราจร': 0, 'ระบบเครือข่ายและเทคโนโลยี': 0, 'บริการและสวัสดิการนิสิต': 0}",11,การเรียนการสอนและหลักสูตร
ระบบล่ม ตอนนี้อยู่หอพักใน ทำงานไม่ได้เลย,"['ระบบล่ม', 'ระบบ']","{'การเดินทาง / รถเมล์มพ.': 0, 'สิ่งอำนวยความสะดวกและอาคารสถานที่': 0, 'สุขอนามัยและความสะอาด': 0, 'การเรียนการสอนและหลักสูตร': 0, 'โรงอาหาร / ร้านค้าบริการ': 0, 'ความปลอดภัยและจราจร': 0, 'ระบบเครือข่ายและเทคโนโลยี': 11, 'บริการและสวัสดิการนิสิต': 0}",11,ระบบเครือข่ายและเทคโนโลยี
แจ้งเรื่องน้ำไม่ไหล ตรงห้องบรรยาย ช่วยมาดูหน่อย,['น้ำไม่ไหล'],"{'การเดินทาง / รถเมล์มพ.': 0, 'สิ่งอำนวยความสะดวกและอาคารสถานที่': 9, 'สุขอนามัยและความสะอาด': 0, 'การเรียนการสอนและหลักสูตร': 0, 'โรงอาหาร / ร้านค้าบริการ': 0, 'ความปลอดภัยและจราจร': 0, 'ระบบเครือข่ายและเทคโนโลยี': 0, 'บริการและสวัสดิการนิสิต': 0}",9,สิ่งอำนวยความสะดวกและอาคารสถานที่
อาจารย์ครับ อยากติดต่ออาจารย์เรื่องดรอปเรียน รบกวนให้คำแนะนำที,"['ดรอปเรียน', 'ติดต่ออาจารย์', 'อาจารย์']","{'การเดินทาง / รถเมล์มพ.': 0, 'สิ่งอำนวยความสะดวกและอาคารสถานที่': 0, 'สุขอนามัยและความสะอาด': 0, 'การเรียนการสอนและหลักสูตร': 29, 'โรงอาหาร / ร้านค้าบริการ': 0, 'ความปลอดภัยและจราจร': 0, 'ระบบเครือข่ายและเทคโนโลยี': 0, 'บริการและสวัสดิการนิสิต': 0}",29,การเรียนการสอนและหลักสูตร
อาจารย์ครับ อยากติดต่ออาจารย์เรื่องดรอปเรียน รบกวนให้คำแนะนำที,"['ดรอปเรียน', 'ติดต่ออาจารย์', 'อาจารย์']","{'การเดินทาง / รถเมล์มพ.': 0, 'สิ่งอำนวยความสะดวกและอาคารสถานที่': 0, 'สุขอนามัยและความสะอาด': 0, 'การเรียนการสอนและหลักสูตร': 29, 'โรงอาหาร / ร้านค้าบริการ': 0, 'ความปลอดภัยและจราจร': 0, 'ระบบเครือข่ายและเทคโนโลยี': 0, 'บริการและสวัสดิการนิสิต': 0}",29,การเรียนการสอนและหลักสูตร
อาจารย์ครับ ลงทะเบียนวิชานี้ไม่ได้ รบกวนให้คำแนะนำที,"['วิชา', 'อาจารย์']","{'การเดินทาง / รถเมล์มพ.': 0, 'สิ่งอำนวยความสะดวกและอาคารสถานที่': 0, 'สุขอนามัยและความสะอาด': 0, 'การเรียนการสอนและหลักสูตร': 11, 'โรงอาหาร / ร้านค้าบริการ': 0, 'ความปลอดภัยและจราจร': 0, 'ระบบเครือข่ายและเทคโนโลยี': 0, 'บริการและสวัสดิการนิสิต': 0}",11,การเรียนการสอนและหลักสูตร
สอบถามหน่อยครับ สอบถามเรื่องทุนการศึกษา,"['ทุนการศึกษา', 'สอบถามหน่อยครับ']","{'การเดินทาง / รถเมล์มพ.': 0, 'สิ่งอำนวยความสะดวกและอาคารสถานที่': 0, 'สุขอนามัยและความสะอาด': 0, 'การเรียนการสอนและหลักสูตร': 0, 'โรงอาหาร / ร้านค้าบริการ': 0, 'ความปลอดภัยและจราจร': 0, 'ระบบเครือข่ายและเทคโนโลยี': 0, 'บริการและสวัสดิการนิสิต': 26}",26,บริการและสวัสดิการนิสิต
สอบถามหน่อยครับ ทำบัตรนิสิตใหม่ที่ไหน,"['บัตรนิสิต', 'สอบถามหน่อยครับ']","{'การเดินทาง / รถเมล์มพ.': 0, 'สิ่งอำนวยความสะดวกและอาคารสถานที่': 0, 'สุขอนามัยและความสะอาด': 0, 'การเรียนการสอนและหลักสูตร': 0, 'โรงอาหาร / ร้านค้าบริการ': 0, 'ความปลอดภัยและจราจร': 0, 'ระบบเครือข่ายและเทคโนโลยี': 0, 'บริการและสวัสดิการนิสิต': 24}",24,บริการและสวัสดิการนิสิต
ลืมรหัสผ่านเข้าระบบ ตอนนี้อยู่ห้องสมุด ทำงานไม่ได้เลย,"['ลืมรหัสผ่าน', 'ระบบ']","{'การเดินทาง / รถเมล์มพ.': 0, 'สิ่งอำนวยความสะดวกและอาคารสถานที่': 0, 'สุขอนามัยและความสะอาด': 0, 'การเรียนการสอนและหลักสูตร': 0, 'โรงอาหาร / ร้านค้าบริการ': 0, 'ความปลอดภัยและจราจร': 0, 'ระบบเครือข่ายและเทคโนโลยี': 15, 'บริการและสวัสดิการนิสิต': 0}",15,ระบบเครือข่ายและเทคโนโลยี
เน็ตหลุดบ่อยมาก ตอนนี้อยู่ตึกคณะ ทำงานไม่ได้เลย,"['เน็ตหลุด', 'หลุดบ่อย']","{'การเดินทาง / รถเมล์มพ.': 0, 'สิ่งอำนวยความสะดวกและอาคารสถานที่': 0, 'สุขอนามัยและความสะอาด': 0, 'การเรียนการสอนและหลักสูตร': 0, 'โรงอาหาร / ร้านค้าบริการ': 0, 'ความปลอดภัยและจราจร': 0, 'ระบบเครือข่ายและเทคโนโลยี': 16, 'บริการและสวัสดิการนิสิต': 0}",16,ระบบเครือข่ายและเทคโนโลยี
รปภ. ช่วยดูตรงหน้ามอ หน่อยครับ รถติดหนักมาก,"['รถติด', 'รปภ.', 'รปภ']","{'การเดินทาง / รถเมล์มพ.': 5, 'สิ่งอำนวยความสะดวกและอาคารสถานที่': 0, 'สุขอนามัยและความสะอาด': 0, 'การเรียนการสอนและหลักสูตร': 0, 'โรงอาหาร / ร้านค้าบริการ': 0, 'ความปลอดภัยและจราจร': 7, 'ระบบเครือข่ายและเทคโนโลยี': 0, 'บริการและสวัสดิการนิสิต': 0}",7,ความปลอดภัยและจราจร
รปภ. ช่วยดูตรงลานจอดรถ หน่อยครับ มีรถชนกัน,"['รถชน', 'รปภ.', 'รปภ']","{'การเดินทาง / รถเมล์มพ.': 0, 'สิ่งอำนวยความสะดวกและอาคารสถานที่': 0, 'สุขอนามัยและความสะอาด': 0, 'การเรียนการสอนและหลักสูตร': 0, 'โรงอาหาร / ร้านค้าบริการ': 0, 'ความปลอดภัยและจราจร': 11, 'ระบบเครือข่ายและเทคโนโลยี': 0, 'บริการและสวัสดิการนิสิต': 0}",11,ความปลอดภัยและจราจร
สอบถามหน่อยครับ รถเมล์สาย 1 หมดกี่โมง,"['รถเมล์', 'รถเมล์สาย', 'สอบถามหน่อยครับ']","{'การเดินทาง / รถเมล์มพ.': 15, 'สิ่งอำนวยความสะดวกและอาคารสถานที่': 0, 'สุขอนามัยและความสะอาด': 0, 'การเรียนการสอนและหลักสูตร': 0, 'โรงอาหาร / ร้านค้าบริการ': 0, 'ความปลอดภัยและจราจร': 0, 'ระบบเครือข่ายและเทคโนโลยี': 0, 'บริการและสวัสดิการนิสิต': 15}",15,การเดินทาง / รถเมล์มพ.
ลงทะเบียนไม่ได้ ตอนนี้อยู่หน้ามอ ทำงานไม่ได้เลย,['ลงทะเบียนไม่ได้'],"{'การเดินทาง / รถเมล์มพ.': 0, 'สิ่งอำนวยความสะดวกและอาคารสถานที่': 0, 'สุขอนามัยและความสะอาด': 0, 'การเรียนการสอนและหลักสูตร': 0, 'โรงอาหาร / ร้านค้าบริการ': 0, 'ความปลอดภัยและจราจร': 0, 'ระบบเครือข่ายและเทคโนโลยี': 15, 'บริการและสวัสดิการนิสิต': 0}",15,ระบบเครือข่ายและเทคโนโลยี
สอบถามหน่อยครับ รถเมล์สาย 1 หมดกี่โมง,"['รถเมล์', 'รถเมล์สาย', 'สอบถามหน่อยครับ']","{'การเดินทาง / รถเมล์มพ.': 15, 'สิ่งอำนวยความสะดวกและอาคารสถานที่': 0, 'สุขอนามัยและความสะอาด': 0, 'การเรียนการสอนและหลักสูตร': 0, 'โรงอาหาร / ร้านค้าบริการ': 0, 'ความปลอดภัยและจราจร': 0, 'ระบบเครือข่ายและเทคโนโลยี': 0, 'บริการและสวัสดิการนิสิต': 15}",15,การเดินทาง / รถเมล์มพ.
อาจารย์ครับ ลงทะเบียนวิชานี้ไม่ได้ รบกวนให้คำแนะนำที,"['วิชา', 'อาจารย์']","{'การเดินทาง / รถเมล์มพ.': 0, 'สิ่งอำนวยความสะดวกและอาคารสถานที่': 0, 'สุขอนามัยและความสะอาด': 0, 'การเรียนการสอนและหลักสูตร': 11, 'โรงอาหาร / ร้านค้าบริการ': 0, 'ความปลอดภัยและจราจร': 0, 'ระบบเครือข่ายและเทคโนโลยี': 0, 'บริการและสวัสดิการนิสิต': 0}",11,การเรียนการสอนและหลักสูตร
ไวไฟเข้าไม่ได้ ตอนนี้อยู่ห้องสมุด ทำงานไม่ได้เลย,"['ไวไฟเข้าไม่ได้', 'ไวไฟ']","{'การเดินทาง / รถเมล์มพ.': 0, 'สิ่งอำนวยความสะดวกและอาคารสถานที่': 0, 'สุขอนามัยและความสะอาด': 0, 'การเรียนการสอนและหลักสูตร': 0, 'โรงอาหาร / ร้านค้าบริการ': 0, 'ความปลอดภัยและจราจร': 0, 'ระบบเครือข่ายและเทคโนโลยี': 18, 'บริการและสวัสดิการนิสิต': 0}",18,ระบบเครือข่ายและเทคโนโลยี
แจ้งทำความสะอาดตรงริมสระน้ำ ขยะล้นถังส่งกลิ่นเหม็น ครับ,"['ขยะล้น', 'เหม็น', 'ทำความสะอาด', 'กลิ่นเหม็น']","{'การเดินทาง / รถเมล์มพ.': 0, 'สิ่งอำนวยความสะดวกและอาคารสถานที่': 0, 'สุขอนามัยและความสะอาด': 32, 'การเรียนการสอนและหลักสูตร': 0, 'โรงอาหาร / ร้านค้าบริการ': 0, 'ความปลอดภัยและจราจร': 0, 'ระบบเครือข่ายและเทคโนโลยี': 0, 'บริการและสวัสดิการนิสิต': 0}",32,สุขอนามัยและความสะอาด
อาจารย์ครับ อยากติดต่ออาจารย์เรื่องดรอปเรียน รบกวนให้คำแนะนำที,"['ดรอปเรียน', 'ติดต่ออาจารย์', 'อาจารย์']","{'การเดินทาง / รถเมล์มพ.': 0, 'สิ่งอำนวยความสะดวกและอาคารสถานที่': 0, 'สุขอนามัยและความสะอาด': 0, 'การเรียนการสอนและหลักสูตร': 29, 'โรงอาหาร / ร้านค้าบริการ': 0, 'ความปลอดภัยและจราจร': 0, 'ระบบเครือข่ายและเทคโนโลยี': 0, 'บริการและสวัสดิการนิสิต': 0}",29,การเรียนการสอนและหลักสูตร
แจ้งทำความสะอาดตรงริมสระน้ำ กิ่งไม้หักขวางทาง ครับ,"['กิ่งไม้หัก', 'ทำความสะอาด']","{'การเดินทาง / รถเมล์มพ.': 0, 'สิ่งอำนวยความสะดวกและอาคารสถานที่': 0, 'สุขอนามัยและความสะอาด': 21, 'การเรียนการสอนและหลักสูตร': 0, 'โรงอาหาร / ร้านค้าบริการ': 0, 'ความปลอดภัยและจราจร': 0, 'ระบบเครือข่ายและเทคโนโลยี': 0, 'บริการและสวัสดิการนิสิต': 0}",21,สุขอนามัยและความสะอาด
แจ้งทำความสะอาดตรงทางเดิน ขยะล้นถังส่งกลิ่นเหม็น ครับ,"['ขยะล้น', 'เหม็น', 'ทำความสะอาด', 'กลิ่นเหม็น']","{'การเดินทาง / รถเมล์มพ.': 0, 'สิ่งอำนวยความสะดวกและอาคารสถานที่': 0, 'สุขอนามัยและความสะอาด': 32, 'การเรียนการสอนและหลักสูตร': 0, 'โรงอาหาร / ร้านค้าบริการ': 0, 'ความปลอดภัยและจราจร': 0, 'ระบบเครือข่ายและเทคโนโลยี': 0, 'บริการและสวัสดิการนิสิต': 0}",32,สุขอนามัยและความสะอาด
รปภ. ช่วยดูตรงประตู 2 หน่อยครับ รถติดหนักมาก,"['รถติด', 'รปภ.', 'รปภ', 'ประตู 2']","{'การเดินทาง / รถเมล์มพ.': 5, 'สิ่งอำนวยความสะดวกและอาคารสถานที่': 0, 'สุขอนามัยและความสะอาด': 0, 'การเรียนการสอนและหลักสูตร': 0, 'โรงอาหาร / ร้านค้าบริการ': 0, 'ความปลอดภัยและจราจร': 14, 'ระบบเครือข่ายและเทคโนโลยี': 0, 'บริการและสวัสดิการนิสิต': 0}",14,ความปลอดภัยและจราจร
สอบถามหน่อยครับ อยากทราบกำหนดการกิจกรรมรับน้อง,"['กิจกรรม', 'สอบถามหน่อยครับ']","{'การเดินทาง / รถเมล์มพ.': 0, 'สิ่งอำนวยความสะดวกและอาคารสถานที่': 0, 'สุขอนามัยและความสะอาด': 0, 'การเรียนการสอนและหลักสูตร': 0, 'โรงอาหาร / ร้านค้าบริการ': 0, 'ความปลอดภัยและจราจร': 0, 'ระบบเครือข่ายและเทคโนโลยี': 0, 'บริการและสวัสดิการนิสิต': 22}",22,บริการและสวัสดิการนิสิต
แจ้งเรื่องหลังคารั่วหนักมาก ตรงห้องน้ำตึกสงวน ช่วยมาดูหน่อย,['หลังคารั่ว'],"{'การเดินทาง / รถเมล์มพ.': 0, 'สิ่งอำนวยความสะดวกและอาคารสถานที่': 10, 'สุขอนามัยและความสะอาด': 0, 'การเรียนการสอนและหลักสูตร': 0, 'โรงอาหาร / ร้านค้าบริการ': 0, 'ความปลอดภัยและจราจร': 0, 'ระบบเครือข่ายและเทคโนโลยี': 0, 'บริการและสวัสดิการนิสิต': 0}",10,สิ่งอำนวยความสะดวกและอาคารสถานที่
รปภ. ช่วยดูตรงลานจอดรถ หน่อยครับ มีรถชนกัน,"['รถชน', 'รปภ.', 'รปภ']","{'การเดินทาง / รถเมล์มพ.': 0, 'สิ่งอำนวยความสะดวกและอาคารสถานที่': 0, 'สุขอนามัยและความสะอาด': 0, 'การเรียนการสอนและหลักสูตร': 0, 'โรงอาหาร / ร้านค้าบริการ': 0, 'ความปลอดภัยและจราจร': 11, 'ระบบเครือข่ายและเทคโนโลยี': 0, 'บริการและสวัสดิการนิสิต': 0}",11,ความปลอดภัยและจราจร
แจ้งทำความสะอาดตรงสนามบาส หญ้ารกมาก ครับ,"['หญ้ารก', 'ทำความสะอาด']","{'การเดินทาง / รถเมล์มพ.': 0, 'สิ่งอำนวยความสะดวกและอาคารสถานที่': 0, 'สุขอนามัยและความสะอาด': 17, 'การเรียนการสอนและหลักสูตร': 0, 'โรงอาหาร / ร้านค้าบริการ': 0, 'ความปลอดภัยและจราจร': 0, 'ระบบเครือข่ายและเทคโนโลยี': 0, 'บริการและสวัสดิการนิสิต': 0}",17,สุขอนามัยและความสะอาด
รปภ. ช่วยดูตรงหลังมอ หน่อยครับ หมวกกันน็อคหาย,"['รปภ.', 'รปภ', 'หมวกกันน็อคหาย']","{'การเดินทาง / รถเมล์มพ.': 0, 'สิ่งอำนวยความสะดวกและอาคารสถานที่': 0, 'สุขอนามัยและความสะอาด': 0, 'การเรียนการสอนและหลักสูตร': 0, 'โรงอาหาร / ร้านค้าบริการ': 0, 'ความปลอดภัยและจราจร': 7, 'ระบบเครือข่ายและเทคโนโลยี': 0, 'บริการและสวัสดิการนิสิต': 14}",14,บริการและสวัสดิการนิสิต
รปภ. ช่วยดูตรงประตู 2 หน่อยครับ หมวกกันน็อคหาย,"['รปภ.', 'รปภ', 'ประตู 2', 'หมวกกันน็อคหาย']","{'การเดินทาง / รถเมล์มพ.': 0, 'สิ่งอำนวยความสะดวกและอาคารสถานที่': 0, 'สุขอนามัยและความสะอาด': 0, 'การเรียนการสอนและหลักสูตร': 0, 'โรงอาหาร / ร้านค้าบริการ': 0, 'ความปลอดภัยและจราจร': 14, 'ระบบเครือข่ายและเทคโนโลยี': 0, 'บริการและสวัสดิการนิสิต': 14}",14,ความปลอดภัยและจราจร
สอบถามหน่อยครับ รถเมล์สาย 1 หมดกี่โมง,"['รถเมล์', 'รถเมล์สาย', 'สอบถามหน่อยครับ']","{'การเดินทาง / รถเมล์มพ.': 15, 'สิ่งอำนวยความสะดวกและอาคารสถานที่': 0, 'สุขอนามัยและความสะอาด': 0, 'การเรียนการสอนและหลักสูตร': 0, 'โรงอาหาร / ร้านค้าบริการ': 0, 'ความปลอดภัยและจราจร': 0, 'ระบบเครือข่ายและเทคโนโลยี': 0, 'บริการและสวัสดิการนิสิต': 15}",15,การเดินทาง / รถเมล์มพ.
อาจารย์ครับ ขอสอบชดเชยต้องทำไง รบกวนให้คำแนะนำที,"['ขอสอบชดเชย', 'อาจารย์']","{'การเดินทาง / รถเมล์มพ.': 0, 'สิ่งอำนวยความสะดวกและอาคารสถานที่': 0, 'สุขอนามัยและความสะอาด': 0, 'การเรียนการสอนและหลักสูตร': 17, 'โรงอาหาร / ร้านค้าบริการ': 0, 'ความปลอดภัยและจราจร': 0, 'ระบบเครือข่ายและเทคโนโลยี': 0, 'บริการและสวัสดิการนิสิต': 0}",17,การเรียนการสอนและหลักสูตร
อาจารย์ครับ ตารางเรียนไม่ขึ้นระบบ รบกวนให้คำแนะนำที,"['ตารางเรียน', 'อาจารย์', 'ระบบ']","{'การเดินทาง / รถเมล์มพ.': 0, 'สิ่งอำนวยความสะดวกและอาคารสถานที่': 0, 'สุขอนามัยและความสะอาด': 0, 'การเรียนการสอนและหลักสูตร': 17, 'โรงอาหาร / ร้านค้าบริการ': 0, 'ความปลอดภัยและจราจร': 0, 'ระบบเครือข่ายและเทคโนโลยี': 4, 'บริการและสวัสดิการนิสิต': 0}",17,การเรียนการสอนและหลักสูตร
อาจารย์ครับ ลงทะเบียนวิชานี้ไม่ได้ รบกวนให้คำแนะนำที,"['วิชา', 'อาจารย์']","{'การเดินทาง / รถเมล์มพ.': 0, 'สิ่งอำนวยความสะดวกและอาคารสถานที่': 0, 'สุขอนามัยและความสะอาด': 0, 'การเรียนการสอนและหลักสูตร': 11, 'โรงอาหาร / ร้านค้าบริการ': 0, 'ความปลอดภัยและจราจร': 0, 'ระบบเครือข่ายและเทคโนโลยี': 0, 'บริการและสวัสดิการนิสิต': 0}",11,การเรียนการสอนและหลักสูตร
สอบถามหน่อยครับ ทำบัตรนิสิตใหม่ที่ไหน,"['บัตรนิสิต', 'สอบถามหน่อยครับ']","{'การเดินทาง / รถเมล์มพ.': 0, 'สิ่งอำนวยความสะดวกและอาคารสถานที่': 0, 'สุขอนามัยและความสะอาด': 0, 'การเรียนการสอนและหลักสูตร': 0, 'โรงอาหาร / ร้านค้าบริการ': 0, 'ความปลอดภัยและจราจร': 0, 'ระบบเครือข่ายและเทคโนโลยี': 0, 'บริการและสวัสดิการนิสิต': 24}",24,บริการและสวัสดิการนิสิต
แจ้งเรื่องประตูพัง ตรงตึก ICT ช่วยมาดูหน่อย,"['พัง', 'ประตูพัง']","{'การเดินทาง / รถเมล์มพ.': 0, 'สิ่งอำนวยความสะดวกและอาคารสถานที่': 11, 'สุขอนามัยและความสะอาด': 0, 'การเรียนการสอนและหลักสูตร': 0, 'โรงอาหาร / ร้านค้าบริการ': 0, 'ความปลอดภัยและจราจร': 0, 'ระบบเครือข่ายและเทคโนโลยี': 0, 'บริการและสวัสดิการนิสิต': 0}",11,สิ่งอำนวยความสะดวกและอาคารสถานที่
แจ้งทำความสะอาดตรงริมสระน้ำ กิ่งไม้หักขวางทาง ครับ,"['กิ่งไม้หัก', 'ทำความสะอาด']","{'การเดินทาง / รถเมล์มพ.': 0, 'สิ่งอำนวยความสะดวกและอาคารสถานที่': 0, 'สุขอนามัยและความสะอาด': 21, 'การเรียนการสอนและหลักสูตร': 0, 'โรงอาหาร / ร้านค้าบริการ': 0, 'ความปลอดภัยและจราจร': 0, 'ระบบเครือข่ายและเทคโนโลยี': 0, 'บริการและสวัสดิการนิสิต': 0}",21,สุขอนามัยและความสะอาด
สอบถามหน่อยครับ ทำบัตรนิสิตใหม่ที่ไหน,"['บัตรนิสิต', 'สอบถามหน่อยครับ']","{'การเดินทาง / รถเมล์มพ.': 0, 'สิ่งอำนวยความสะดวกและอาคารสถานที่': 0, 'สุขอนามัยและความสะอาด': 0, 'การเรียนการสอนและหลักสูตร': 0, 'โรงอาหาร / ร้านค้าบริการ': 0, 'ความปลอดภัยและจราจร': 0, 'ระบบเครือข่ายและเทคโนโลยี': 0, 'บริการและสวัสดิการนิสิต': 24}",24,บริการและสวัสดิการนิสิต
แจ้งทำความสะอาดตรงสนามบาส มีหมาจรจัดมาคุ้ยขยะ ครับ,"['หมาจรจัด', 'ทำความสะอาด']","{'การเดินทาง / รถเมล์มพ.': 0, 'สิ่งอำนวยความสะดวกและอาคารสถานที่': 0, 'สุขอนามัยและความสะอาด': 19, 'การเรียนการสอนและหลักสูตร': 0, 'โรงอาหาร / ร้านค้าบริการ': 0, 'ความปลอดภัยและจราจร': 0, 'ระบบเครือข่ายและเทคโนโลยี': 0, 'บริการและสวัสดิการนิสิต': 0}",19,สุขอนามัยและความสะอาด
รปภ. ช่วยดูตรงทางแยก หน่อยครับ หมวกกันน็อคหาย,"['รปภ.', 'รปภ', 'หมวกกันน็อคหาย']","{'การเดินทาง / รถเมล์มพ.': 0, 'สิ่งอำนวยความสะดวกและอาคารสถานที่': 0, 'สุขอนามัยและความสะอาด': 0, 'การเรียนการสอนและหลักสูตร': 0, 'โรงอาหาร / ร้านค้าบริการ': 0, 'ความปลอดภัยและจราจร': 7, 'ระบบเครือข่ายและเทคโนโลยี': 0, 'บริการและสวัสดิการนิสิต': 14}",14,บริการและสวัสดิการนิสิต
รปภ. ช่วยดูตรงหลังมอ หน่อยครับ ทางมืดมากอันตราย,"['อันตราย', 'รปภ.', 'ทางมืด', 'รปภ']","{'การเดินทาง / รถเมล์มพ.': 0, 'สิ่งอำนวยความสะดวกและอาคารสถานที่': 0, 'สุขอนามัยและความสะอาด': 0, 'การเรียนการสอนและหลักสูตร': 0, 'โรงอาหาร / ร้านค้าบริการ': 0, 'ความปลอดภัยและจราจร': 20, 'ระบบเครือข่ายและเทคโนโลยี': 0, 'บริการและสวัสดิการนิสิต': 0}",20,ความปลอดภัยและจราจร
อาจารย์ครับ อยากติดต่ออาจารย์เรื่องดรอปเรียน รบกวนให้คำแนะนำที,"['ดรอปเรียน', 'ติดต่ออาจารย์', 'อาจารย์']","{'การเดินทาง / รถเมล์มพ.': 0, 'สิ่งอำนวยความสะดวกและอาคารสถานที่': 0, 'สุขอนามัยและความสะอาด': 0, 'การเรียนการสอนและหลักสูตร': 29, 'โรงอาหาร / ร้านค้าบริการ': 0, 'ความปลอดภัยและจราจร': 0, 'ระบบเครือข่ายและเทคโนโลยี': 0, 'บริการและสวัสดิการนิสิต': 0}",29,การเรียนการสอนและหลักสูตร
อาจารย์ครับ ตารางเรียนไม่ขึ้นระบบ รบกวนให้คำแนะนำที,"['ตารางเรียน', 'อาจารย์', 'ระบบ']","{'การเดินทาง / รถเมล์มพ.': 0, 'สิ่งอำนวยความสะดวกและอาคารสถานที่': 0, 'สุขอนามัยและความสะอาด': 0, 'การเรียนการสอนและหลักสูตร': 17, 'โรงอาหาร / ร้านค้าบริการ': 0, 'ความปลอดภัยและจราจร': 0, 'ระบบเครือข่ายและเทคโนโลยี': 4, 'บริการและสวัสดิการนิสิต': 0}",17,การเรียนการสอนและหลักสูตร
แจ้งทำความสะอาดตรงริมสระน้ำ ขยะล้นถังส่งกลิ่นเหม็น ครับ,"['ขยะล้น', 'เหม็น', 'ทำความสะอาด', 'กลิ่นเหม็น']","{'การเดินทาง / รถเมล์มพ.': 0, 'สิ่งอำนวยความสะดวกและอาคารสถานที่': 0, 'สุขอนามัยและความสะอาด': 32, 'การเรียนการสอนและหลักสูตร': 0, 'โรงอาหาร / ร้านค้าบริการ': 0, 'ความปลอดภัยและจราจร': 0, 'ระบบเครือข่ายและเทคโนโลยี': 0, 'บริการและสวัสดิการนิสิต': 0}",32,สุขอนามัยและความสะอาด
อาจารย์ครับ ตารางเรียนไม่ขึ้นระบบ รบกวนให้คำแนะนำที,"['ตารางเรียน', 'อาจารย์', 'ระบบ']","{'การเดินทาง / รถเมล์มพ.': 0, 'สิ่งอำนวยความสะดวกและอาคารสถานที่': 0, 'สุขอนามัยและความสะอาด': 0, 'การเรียนการสอนและหลักสูตร': 17, 'โรงอาหาร / ร้านค้าบริการ': 0, 'ความปลอดภัยและจราจร': 0, 'ระบบเครือข่ายและเทคโนโลยี': 4, 'บริการและสวัสดิการนิสิต': 0}",17,การเรียนการสอนและหลักสูตร
รปภ. ช่วยดูตรงประตู 2 หน่อยครับ มีรถชนกัน,"['รถชน', 'รปภ.', 'รปภ', 'ประตู 2']","{'การเดินทาง / รถเมล์มพ.': 0, 'สิ่งอำนวยความสะดวกและอาคารสถานที่': 0, 'สุขอนามัยและความสะอาด': 0, 'การเรียนการสอนและหลักสูตร': 0, 'โรงอาหาร / ร้านค้าบริการ': 0, 'ความปลอดภัยและจราจร': 18, 'ระบบเครือข่ายและเทคโนโลยี': 0, 'บริการและสวัสดิการนิสิต': 0}",18,ความปลอดภัยและจราจร
อาจารย์ครับ อยากติดต่ออาจารย์เรื่องดรอปเรียน รบกวนให้คำแนะนำที,"['ดรอปเรียน', 'ติดต่ออาจารย์', 'อาจารย์']","{'การเดินทาง / รถเมล์มพ.': 0, 'สิ่งอำนวยความสะดวกและอาคารสถานที่': 0, 'สุขอนามัยและความสะอาด': 0, 'การเรียนการสอนและหลักสูตร': 29, 'โรงอาหาร / ร้านค้าบริการ': 0, 'ความปลอดภัยและจราจร': 0, 'ระบบเครือข่ายและเทคโนโลยี': 0, 'บริการและสวัสดิการนิสิต': 0}",29,การเรียนการสอนและหลักสูตร
รปภ. ช่วยดูตรงทางแยก หน่อยครับ หมวกกันน็อคหาย,"['รปภ.', 'รปภ', 'หมวกกันน็อคหาย']","{'การเดินทาง / รถเมล์มพ.': 0, 'สิ่งอำนวยความสะดวกและอาคารสถานที่': 0, 'สุขอนามัยและความสะอาด': 0, 'การเรียนการสอนและหลักสูตร': 0, 'โรงอาหาร / ร้านค้าบริการ': 0, 'ความปลอดภัยและจราจร': 7, 'ระบบเครือข่ายและเทคโนโลยี': 0, 'บริการและสวัสดิการนิสิต': 14}",14,บริการและสวัสดิการนิสิต
อาจารย์ครับ ขอสอบชดเชยต้องทำไง รบกวนให้คำแนะนำที,"['ขอสอบชดเชย', 'อาจารย์']","{'การเดินทาง / รถเมล์มพ.': 0, 'สิ่งอำนวยความสะดวกและอาคารสถานที่': 0, 'สุขอนามัยและความสะอาด': 0, 'การเรียนการสอนและหลักสูตร': 17, 'โรงอาหาร / ร้านค้าบริการ': 0, 'ความปลอดภัยและจราจร': 0, 'ระบบเครือข่ายและเทคโนโลยี': 0, 'บริการและสวัสดิการนิสิต': 0}",17,การเรียนการสอนและหลักสูตร
แจ้งทำความสะอาดตรงริมสระน้ำ มีหมาจรจัดมาคุ้ยขยะ ครับ,"['หมาจรจัด', 'ทำความสะอาด']","{'การเดินทาง / รถเมล์มพ.': 0, 'สิ่งอำนวยความสะดวกและอาคารสถานที่': 0, 'สุขอนามัยและความสะอาด': 19, 'การเรียนการสอนและหลักสูตร': 0, 'โรงอาหาร / ร้านค้าบริการ': 0, 'ความปลอดภัยและจราจร': 0, 'ระบบเครือข่ายและเทคโนโลยี': 0, 'บริการและสวัสดิการนิสิต': 0}",19,สุขอนามัยและความสะอาด
แจ้งเรื่องประตูพัง ตรงตึกวิทย์ ช่วยมาดูหน่อย,"['พัง', 'ประตูพัง']","{'การเดินทาง / รถเมล์มพ.': 0, 'สิ่งอำนวยความสะดวกและอาคารสถานที่': 11, 'สุขอนามัยและความสะอาด': 0, 'การเรียนการสอนและหลักสูตร': 0, 'โรงอาหาร / ร้านค้าบริการ': 0, 'ความปลอดภัยและจราจร': 0, 'ระบบเครือข่ายและเทคโนโลยี': 0, 'บริการและสวัสดิการนิสิต': 0}",11,สิ่งอำนวยความสะดวกและอาคารสถานที่
แจ้งเรื่องหลังคารั่วหนักมาก ตรงตึกวิทย์ ช่วยมาดูหน่อย,['หลังคารั่ว'],"{'การเดินทาง / รถเมล์มพ.': 0, 'สิ่งอำนวยความสะดวกและอาคารสถานที่': 10, 'สุขอนามัยและความสะอาด': 0, 'การเรียนการสอนและหลักสูตร': 0, 'โรงอาหาร / ร้านค้าบริการ': 0, 'ความปลอดภัยและจราจร': 0, 'ระบบเครือข่ายและเทคโนโลยี': 0, 'บริการและสวัสดิการนิสิต': 0}",10,สิ่งอำนวยความสะดวกและอาคารสถานที่
อาจารย์ครับ อยากติดต่ออาจารย์เรื่องดรอปเรียน รบกวนให้คำแนะนำที,"['ดรอปเรียน', 'ติดต่ออาจารย์', 'อาจารย์']","{'การเดินทาง / รถเมล์มพ.': 0, 'สิ่งอำนวยความสะดวกและอาคารสถานที่': 0, 'สุขอนามัยและความสะอาด': 0, 'การเรียนการสอนและหลักสูตร': 29, 'โรงอาหาร / ร้านค้าบริการ': 0, 'ความปลอดภัยและจราจร': 0, 'ระบบเครือข่ายและเทคโนโลยี': 0, 'บริการและสวัสดิการนิสิต': 0}",29,การเรียนการสอนและหลักสูตร
สอบถามหน่อยครับ อยากทราบกำหนดการกิจกรรมรับน้อง,"['กิจกรรม', 'สอบถามหน่อยครับ']","{'การเดินทาง / รถเมล์มพ.': 0, 'สิ่งอำนวยความสะดวกและอาคารสถานที่': 0, 'สุขอนามัยและความสะอาด': 0, 'การเรียนการสอนและหลักสูตร': 0, 'โรงอาหาร / ร้านค้าบริการ': 0, 'ความปลอดภัยและจราจร': 0, 'ระบบเครือข่ายและเทคโนโลยี': 0, 'บริการและสวัสดิการนิสิต': 22}",22,บริการและสวัสดิการนิสิต
สอบถามหน่อยครับ รถเมล์สาย 1 หมดกี่โมง,"['รถเมล์', 'รถเมล์สาย', 'สอบถามหน่อยครับ']","{'การเดินทาง / รถเมล์มพ.': 15, 'สิ่งอำนวยความสะดวกและอาคารสถานที่': 0, 'สุขอนามัยและความสะอาด': 0, 'การเรียนการสอนและหลักสูตร': 0, 'โรงอาหาร / ร้านค้าบริการ': 0, 'ความปลอดภัยและจราจร': 0, 'ระบบเครือข่ายและเทคโนโลยี': 0, 'บริการและสวัสดิการนิสิต': 15}",15,การเดินทาง / รถเมล์มพ.
แจ้งเรื่องหลังคารั่วหนักมาก ตรงตึก ICT ช่วยมาดูหน่อย,['หลังคารั่ว'],"{'การเดินทาง / รถเมล์มพ.': 0, 'สิ่งอำนวยความสะดวกและอาคารสถานที่': 10, 'สุขอนามัยและความสะอาด': 0, 'การเรียนการสอนและหลักสูตร': 0, 'โรงอาหาร / ร้านค้าบริการ': 0, 'ความปลอดภัยและจราจร': 0, 'ระบบเครือข่ายและเทคโนโลยี': 0, 'บริการและสวัสดิการนิสิต': 0}",10,สิ่งอำนวยความสะดวกและอาคารสถานที่
แจ้งเรื่องประตูพัง ตรงตึกวิทย์ ช่วยมาดูหน่อย,"['พัง', 'ประตูพัง']","{'การเดินทาง / รถเมล์มพ.': 0, 'สิ่งอำนวยความสะดวกและอาคารสถานที่': 11, 'สุขอนามัยและความสะอาด': 0, 'การเรียนการสอนและหลักสูตร': 0, 'โรงอาหาร / ร้านค้าบริการ': 0, 'ความปลอดภัยและจราจร': 0, 'ระบบเครือข่ายและเทคโนโลยี': 0, 'บริการและสวัสดิการนิสิต': 0}",11,สิ่งอำนวยความสะดวกและอาคารสถานที่
แจ้งเรื่องประตูพัง ตรงห้องน้ำตึกสงวน ช่วยมาดูหน่อย,"['พัง', 'ประตูพัง']","{'การเดินทาง / รถเมล์มพ.': 0, 'สิ่งอำนวยความสะดวกและอาคารสถานที่': 11, 'สุขอนามัยและความสะอาด': 0, 'การเรียนการสอนและหลักสูตร': 0, 'โรงอาหาร / ร้านค้าบริการ': 0, 'ความปลอดภัยและจราจร': 0, 'ระบบเครือข่ายและเทคโนโลยี': 0, 'บริการและสวัสดิการนิสิต': 0}",11,สิ่งอำนวยความสะดวกและอาคารสถานที่
อาจารย์ครับ ตารางเรียนไม่ขึ้นระบบ รบกวนให้คำแนะนำที,"['ตารางเรียน', 'อาจารย์', 'ระบบ']","{'การเดินทาง / รถเมล์มพ.': 0, 'สิ่งอำนวยความสะดวกและอาคารสถานที่': 0, 'สุขอนามัยและความสะอาด': 0, 'การเรียนการสอนและหลักสูตร': 17, 'โรงอาหาร / ร้านค้าบริการ': 0, 'ความปลอดภัยและจราจร': 0, 'ระบบเครือข่ายและเทคโนโลยี': 4, 'บริการและสวัสดิการนิสิต': 0}",17,การเรียนการสอนและหลักสูตร
ลงทะเบียนไม่ได้ ตอนนี้อยู่ห้องสมุด ทำงานไม่ได้เลย,['ลงทะเบียนไม่ได้'],"{'การเดินทาง / รถเมล์มพ.': 0, 'สิ่งอำนวยความสะดวกและอาคารสถานที่': 0, 'สุขอนามัยและความสะอาด': 0, 'การเรียนการสอนและหลักสูตร': 0, 'โรงอาหาร / ร้านค้าบริการ': 0, 'ความปลอดภัยและจราจร': 0, 'ระบบเครือข่ายและเทคโนโลยี': 15, 'บริการและสวัสดิการนิสิต': 0}",15,ระบบเครือข่ายและเทคโนโลยี
อาจารย์ครับ เกรดยังไม่ออกครับ รบกวนให้คำแนะนำที,"['เกรด', 'อาจารย์']","{'การเดินทาง / รถเมล์มพ.': 0, 'สิ่งอำนวยความสะดวกและอาคารสถานที่': 0, 'สุขอนามัยและความสะอาด': 0, 'การเรียนการสอนและหลักสูตร': 11, 'โรงอาหาร / ร้านค้าบริการ': 0, 'ความปลอดภัยและจราจร': 0, 'ระบบเครือข่ายและเทคโนโลยี': 0, 'บริการและสวัสดิการนิสิต': 0}",11,การเรียนการสอนและหลักสูตร
แจ้งเรื่องลิฟต์ค้าง ตรงห้อง 1204 ช่วยมาดูหน่อย,"['ลิฟต์ค้าง', 'ลิฟต์']","{'การเดินทาง / รถเมล์มพ.': 0, 'สิ่งอำนวยความสะดวกและอาคารสถานที่': 14, 'สุขอนามัยและความสะอาด': 0, 'การเรียนการสอนและหลักสูตร': 0, 'โรงอาหาร / ร้านค้าบริการ': 0, 'ความปลอดภัยและจราจร': 0, 'ระบบเครือข่ายและเทคโนโลยี': 0, 'บริการและสวัสดิการนิสิต': 0}",14,สิ่งอำนวยความสะดวกและอาคารสถานที่
สอบถามหน่อยครับ ทำบัตรนิสิตใหม่ที่ไหน,"['บัตรนิสิต', 'สอบถามหน่อยครับ']","{'การเดินทาง / รถเมล์มพ.': 0, 'สิ่งอำนวยความสะดวกและอาคารสถานที่': 0, 'สุขอนามัยและความสะอาด': 0, 'การเรียนการสอนและหลักสูตร': 0, 'โรงอาหาร / ร้านค้าบริการ': 0, 'ความปลอดภัยและจราจร': 0, 'ระบบเครือข่ายและเทคโนโลยี': 0, 'บริการและสวัสดิการนิสิต': 24}",24,บริการและสวัสดิการนิสิต
แจ้งเรื่องประตูพัง ตรงตึกวิทย์ ช่วยมาดูหน่อย,"['พัง', 'ประตูพัง']","{'การเดินทาง / รถเมล์มพ.': 0, 'สิ่งอำนวยความสะดวกและอาคารสถานที่': 11, 'สุขอนามัยและความสะอาด': 0, 'การเรียนการสอนและหลักสูตร': 0, 'โรงอาหาร / ร้านค้าบริการ': 0, 'ความปลอดภัยและจราจร': 0, 'ระบบเครือข่ายและเทคโนโลยี': 0, 'บริการและสวัสดิการนิสิต': 0}",11,สิ่งอำนวยความสะดวกและอาคารสถานที่
รปภ. ช่วยดูตรงทางแยก หน่อยครับ มีรถชนกัน,"['รถชน', 'รปภ.', 'รปภ']","{'การเดินทาง / รถเมล์มพ.': 0, 'สิ่งอำนวยความสะดวกและอาคารสถานที่': 0, 'สุขอนามัยและความสะอาด': 0, 'การเรียนการสอนและหลักสูตร': 0, 'โรงอาหาร / ร้านค้าบริการ': 0, 'ความปลอดภัยและจราจร': 11, 'ระบบเครือข่ายและเทคโนโลยี': 0, 'บริการและสวัสดิการนิสิต': 0}",11,ความปลอดภัยและจราจร
อาจารย์ครับ ตารางเรียนไม่ขึ้นระบบ รบกวนให้คำแนะนำที,"['ตารางเรียน', 'อาจารย์', 'ระบบ']","{'การเดินทาง / รถเมล์มพ.': 0, 'สิ่งอำนวยความสะดวกและอาคารสถานที่': 0, 'สุขอนามัยและความสะอาด': 0, 'การเรียนการสอนและหลักสูตร': 17, 'โรงอาหาร / ร้านค้าบริการ': 0, 'ความปลอดภัยและจราจร': 0, 'ระบบเครือข่ายและเทคโนโลยี': 4, 'บริการและสวัสดิการนิสิต': 0}",17,การเรียนการสอนและหลักสูตร
รปภ. ช่วยดูตรงทางแยก หน่อยครับ คนจอดรถขวางทาง,"['รปภ.', 'จอดรถขวาง', 'รปภ']","{'การเดินทาง / รถเมล์มพ.': 0, 'สิ่งอำนวยความสะดวกและอาคารสถานที่': 0, 'สุขอนามัยและความสะอาด': 0, 'การเรียนการสอนและหลักสูตร': 0, 'โรงอาหาร / ร้านค้าบริการ': 0, 'ความปลอดภัยและจราจร': 16, 'ระบบเครือข่ายและเทคโนโลยี': 0, 'บริการและสวัสดิการนิสิต': 0}",16,ความปลอดภัยและจราจร
แจ้งเรื่องน้ำไม่ไหล ตรงห้อง 1204 ช่วยมาดูหน่อย,['น้ำไม่ไหล'],"{'การเดินทาง / รถเมล์มพ.': 0, 'สิ่งอำนวยความสะดวกและอาคารสถานที่': 9, 'สุขอนามัยและความสะอาด': 0, 'การเรียนการสอนและหลักสูตร': 0, 'โรงอาหาร / ร้านค้าบริการ': 0, 'ความปลอดภัยและจราจร': 0, 'ระบบเครือข่ายและเทคโนโลยี': 0, 'บริการและสวัสดิการนิสิต': 0}",9,สิ่งอำนวยความสะดวกและอาคารสถานที่
แจ้งทำความสะอาดตรงสวนหน้าตึก สกปรกมากไม่ทำความสะอาด ครับ,"['สกปรก', 'ไม่ทำความสะอาด', 'ทำความสะอาด']","{'การเดินทาง / รถเมล์มพ.': 0, 'สิ่งอำนวยความสะดวกและอาคารสถานที่': 0, 'สุขอนามัยและความสะอาด': 30, 'การเรียนการสอนและหลักสูตร': 0, 'โรงอาหาร / ร้านค้าบริการ': 0, 'ความปลอดภัยและจราจร': 0, 'ระบบเครือข่ายและเทคโนโลยี': 0, 'บริการและสวัสดิการนิสิต': 0}",30,สุขอนามัยและความสะอาด
สอบถามหน่อยครับ สอบถามเรื่องทุนการศึกษา,"['ทุนการศึกษา', 'สอบถามหน่อยครับ']","{'การเดินทาง / รถเมล์มพ.': 0, 'สิ่งอำนวยความสะดวกและอาคารสถานที่': 0, 'สุขอนามัยและความสะอาด': 0, 'การเรียนการสอนและหลักสูตร': 0, 'โรงอาหาร / ร้านค้าบริการ': 0, 'ความปลอดภัยและจราจร': 0, 'ระบบเครือข่ายและเทคโนโลยี': 0, 'บริการและสวัสดิการนิสิต': 26}",26,บริการและสวัสดิการนิสิต
แจ้งทำความสะอาดตรงสนามบาส กิ่งไม้หักขวางทาง ครับ,"['กิ่งไม้หัก', 'ทำความสะอาด']","{'การเดินทาง / รถเมล์มพ.': 0, 'สิ่งอำนวยความสะดวกและอาคารสถานที่': 0, 'สุขอนามัยและความสะอาด': 21, 'การเรียนการสอนและหลักสูตร': 0, 'โรงอาหาร / ร้านค้าบริการ': 0, 'ความปลอดภัยและจราจร': 0, 'ระบบเครือข่ายและเทคโนโลยี': 0, 'บริการและสวัสดิการนิสิต': 0}",21,สุขอนามัยและความสะอาด
แจ้งทำความสะอาดตรงทางเดิน หญ้ารกมาก ครับ,"['หญ้ารก', 'ทำความสะอาด']","{'การเดินทาง / รถเมล์มพ.': 0, 'สิ่งอำนวยความสะดวกและอาคารสถานที่': 0, 'สุขอนามัยและความสะอาด': 17, 'การเรียนการสอนและหลักสูตร': 0, 'โรงอาหาร / ร้านค้าบริการ': 0, 'ความปลอดภัยและจราจร': 0, 'ระบบเครือข่ายและเทคโนโลยี': 0, 'บริการและสวัสดิการนิสิต': 0}",17,สุขอนามัยและความสะอาด
เน็ตหลุดบ่อยมาก ตอนนี้อยู่หน้ามอ ทำงานไม่ได้เลย,"['เน็ตหลุด', 'หลุดบ่อย']","{'การเดินทาง / รถเมล์มพ.': 0, 'สิ่งอำนวยความสะดวกและอาคารสถานที่': 0, 'สุขอนามัยและความสะอาด': 0, 'การเรียนการสอนและหลักสูตร': 0, 'โรงอาหาร / ร้านค้าบริการ': 0, 'ความปลอดภัยและจราจร': 0, 'ระบบเครือข่ายและเทคโนโลยี': 16, 'บริการและสวัสดิการนิสิต': 0}",16,ระบบเครือข่ายและเทคโนโลยี
รปภ. ช่วยดูตรงประตู 2 หน่อยครับ หมวกกันน็อคหาย,"['รปภ.', 'รปภ', 'ประตู 2', 'หมวกกันน็อคหาย']","{'การเดินทาง / รถเมล์มพ.': 0, 'สิ่งอำนวยความสะดวกและอาคารสถานที่': 0, 'สุขอนามัยและความสะอาด': 0, 'การเรียนการสอนและหลักสูตร': 0, 'โรงอาหาร / ร้านค้าบริการ': 0, 'ความปลอดภัยและจราจร': 14, 'ระบบเครือข่ายและเทคโนโลยี': 0, 'บริการและสวัสดิการนิสิต': 14}",14,ความปลอดภัยและจราจร
แจ้งเรื่องประตูพัง ตรงห้องบรรยาย ช่วยมาดูหน่อย,"['พัง', 'ประตูพัง']","{'การเดินทาง / รถเมล์มพ.': 0, 'สิ่งอำนวยความสะดวกและอาคารสถานที่': 11, 'สุขอนามัยและความสะอาด': 0, 'การเรียนการสอนและหลักสูตร': 0, 'โรงอาหาร / ร้านค้าบริการ': 0, 'ความปลอดภัยและจราจร': 0, 'ระบบเครือข่ายและเทคโนโลยี': 0, 'บริการและสวัสดิการนิสิต': 0}",11,สิ่งอำนวยความสะดวกและอาคารสถานที่
แจ้งเรื่องหลังคารั่วหนักมาก ตรงอาคารเรียนรวม ช่วยมาดูหน่อย,['หลังคารั่ว'],"{'การเดินทาง / รถเมล์มพ.': 0, 'สิ่งอำนวยความสะดวกและอาคารสถานที่': 10, 'สุขอนามัยและความสะอาด': 0, 'การเรียนการสอนและหลักสูตร': 0, 'โรงอาหาร / ร้านค้าบริการ': 0, 'ความปลอดภัยและจราจร': 0, 'ระบบเครือข่ายและเทคโนโลยี': 0, 'บริการและสวัสดิการนิสิต': 0}",10,สิ่งอำนวยความสะดวกและอาคารสถานที่
สอบถามหน่อยครับ ทำบัตรนิสิตใหม่ที่ไหน,"['บัตรนิสิต', 'สอบถามหน่อยครับ']","{'การเดินทาง / รถเมล์มพ.': 0, 'สิ่งอำนวยความสะดวกและอาคารสถานที่': 0, 'สุขอนามัยและความสะอาด': 0, 'การเรียนการสอนและหลักสูตร': 0, 'โรงอาหาร / ร้านค้าบริการ': 0, 'ความปลอดภัยและจราจร': 0, 'ระบบเครือข่ายและเทคโนโลยี': 0, 'บริการและสวัสดิการนิสิต': 24}",24,บริการและสวัสดิการนิสิต
รปภ. ช่วยดูตรงหลังมอ หน่อยครับ ทางมืดมากอันตราย,"['อันตราย', 'รปภ.', 'ทางมืด', 'รปภ']","{'การเดินทาง / รถเมล์มพ.': 0, 'สิ่งอำนวยความสะดวกและอาคารสถานที่': 0, 'สุขอนามัยและความสะอาด': 0, 'การเรียนการสอนและหลักสูตร': 0, 'โรงอาหาร / ร้านค้าบริการ': 0, 'ความปลอดภัยและจราจร': 20, 'ระบบเครือข่ายและเทคโนโลยี': 0, 'บริการและสวัสดิการนิสิต': 0}",20,ความปลอดภัยและจราจร
ลงทะเบียนไม่ได้ ตอนนี้อยู่หน้ามอ ทำงานไม่ได้เลย,['ลงทะเบียนไม่ได้'],"{'การเดินทาง / รถเมล์มพ.': 0, 'สิ่งอำนวยความสะดวกและอาคารสถานที่': 0, 'สุขอนามัยและความสะอาด': 0, 'การเรียนการสอนและหลักสูตร': 0, 'โรงอาหาร / ร้านค้าบริการ': 0, 'ความปลอดภัยและจราจร': 0, 'ระบบเครือข่ายและเทคโนโลยี': 15, 'บริการและสวัสดิการนิสิต': 0}",15,ระบบเครือข่ายและเทคโนโลยี
แจ้งเรื่องแอร์ไม่เย็นเลย ตรงตึก ICT ช่วยมาดูหน่อย,"['แอร์ไม่เย็น', 'แอร์']","{'การเดินทาง / รถเมล์มพ.': 0, 'สิ่งอำนวยความสะดวกและอาคารสถานที่': 15, 'สุขอนามัยและความสะอาด': 0, 'การเรียนการสอนและหลักสูตร': 0, 'โรงอาหาร / ร้านค้าบริการ': 0, 'ความปลอดภัยและจราจร': 0, 'ระบบเครือข่ายและเทคโนโลยี': 0, 'บริการและสวัสดิการนิสิต': 0}",15,สิ่งอำนวยความสะดวกและอาคารสถานที่
ลืมรหัสผ่านเข้าระบบ ตอนนี้อยู่ห้องสมุด ทำงานไม่ได้เลย,"['ลืมรหัสผ่าน', 'ระบบ']","{'การเดินทาง / รถเมล์มพ.': 0, 'สิ่งอำนวยความสะดวกและอาคารสถานที่': 0, 'สุขอนามัยและความสะอาด': 0, 'การเรียนการสอนและหลักสูตร': 0, 'โรงอาหาร / ร้านค้าบริการ': 0, 'ความปลอดภัยและจราจร': 0, 'ระบบเครือข่ายและเทคโนโลยี': 15, 'บริการและสวัสดิการนิสิต': 0}",15,ระบบเครือข่ายและเทคโนโลยี
สอบถามหน่อยครับ รถเมล์สาย 1 หมดกี่โมง,"['รถเมล์', 'รถเมล์สาย', 'สอบถามหน่อยครับ']","{'การเดินทาง / รถเมล์มพ.': 15, 'สิ่งอำนวยความสะดวกและอาคารสถานที่': 0, 'สุขอนามัยและความสะอาด': 0, 'การเรียนการสอนและหลักสูตร': 0, 'โรงอาหาร / ร้านค้าบริการ': 0, 'ความปลอดภัยและจราจร': 0, 'ระบบเครือข่ายและเทคโนโลยี': 0, 'บริการและสวัสดิการนิสิต': 15}",15,การเดินทาง / รถเมล์มพ.
ลืมรหัสผ่านเข้าระบบ ตอนนี้อยู่หอพักใน ทำงานไม่ได้เลย,"['ลืมรหัสผ่าน', 'ระบบ']","{'การเดินทาง / รถเมล์มพ.': 0, 'สิ่งอำนวยความสะดวกและอาคารสถานที่': 0, 'สุขอนามัยและความสะอาด': 0, 'การเรียนการสอนและหลักสูตร': 0, 'โรงอาหาร / ร้านค้าบริการ': 0, 'ความปลอดภัยและจราจร': 0, 'ระบบเครือข่ายและเทคโนโลยี': 15, 'บริการและสวัสดิการนิสิต': 0}",15,ระบบเครือข่ายและเทคโนโลยี
แจ้งเรื่องหลังคารั่วหนักมาก ตรงอาคารเรียนรวม ช่วยมาดูหน่อย,['หลังคารั่ว'],"{'การเดินทาง / รถเมล์มพ.': 0, 'สิ่งอำนวยความสะดวกและอาคารสถานที่': 10, 'สุขอนามัยและความสะอาด': 0, 'การเรียนการสอนและหลักสูตร': 0, 'โรงอาหาร / ร้านค้าบริการ': 0, 'ความปลอดภัยและจราจร': 0, 'ระบบเครือข่ายและเทคโนโลยี': 0, 'บริการและสวัสดิการนิสิต': 0}",10,สิ่งอำนวยความสะดวกและอาคารสถานที่
รปภ. ช่วยดูตรงประตู 2 หน่อยครับ หมวกกันน็อคหาย,"['รปภ.', 'รปภ', 'ประตู 2', 'หมวกกันน็อคหาย']","{'การเดินทาง / รถเมล์มพ.': 0, 'สิ่งอำนวยความสะดวกและอาคารสถานที่': 0, 'สุขอนามัยและความสะอาด': 0, 'การเรียนการสอนและหลักสูตร': 0, 'โรงอาหาร / ร้านค้าบริการ': 0, 'ความปลอดภัยและจราจร': 14, 'ระบบเครือข่ายและเทคโนโลยี': 0, 'บริการและสวัสดิการนิสิต': 14}",14,ความปลอดภัยและจราจร
ระบบล่ม ตอนนี้อยู่หอพักใน ทำงานไม่ได้เลย,"['ระบบล่ม', 'ระบบ']","{'การเดินทาง / รถเมล์มพ.': 0, 'สิ่งอำนวยความสะดวกและอาคารสถานที่': 0, 'สุขอนามัยและความสะอาด': 0, 'การเรียนการสอนและหลักสูตร': 0, 'โรงอาหาร / ร้านค้าบริการ': 0, 'ความปลอดภัยและจราจร': 0, 'ระบบเครือข่ายและเทคโนโลยี': 11, 'บริการและสวัสดิการนิสิต': 0}",11,ระบบเครือข่ายและเทคโนโลยี
อาจารย์ครับ ขอสอบชดเชยต้องทำไง รบกวนให้คำแนะนำที,"['ขอสอบชดเชย', 'อาจารย์']","{'การเดินทาง / รถเมล์มพ.': 0, 'สิ่งอำนวยความสะดวกและอาคารสถานที่': 0, 'สุขอนามัยและความสะอาด': 0, 'การเรียนการสอนและหลักสูตร': 17, 'โรงอาหาร / ร้านค้าบริการ': 0, 'ความปลอดภัยและจราจร': 0, 'ระบบเครือข่ายและเทคโนโลยี': 0, 'บริการและสวัสดิการนิสิต': 0}",17,การเรียนการสอนและหลักสูตร
อาจารย์ครับ ลงทะเบียนวิชานี้ไม่ได้ รบกวนให้คำแนะนำที,"['วิชา', 'อาจารย์']","{'การเดินทาง / รถเมล์มพ.': 0, 'สิ่งอำนวยความสะดวกและอาคารสถานที่': 0, 'สุขอนามัยและความสะอาด': 0, 'การเรียนการสอนและหลักสูตร': 11, 'โรงอาหาร / ร้านค้าบริการ': 0, 'ความปลอดภัยและจราจร': 0, 'ระบบเครือข่ายและเทคโนโลยี': 0, 'บริการและสวัสดิการนิสิต': 0}",11,การเรียนการสอนและหลักสูตร
แจ้งเรื่องประตูพัง ตรงตึก ICT ช่วยมาดูหน่อย,"['พัง', 'ประตูพัง']","{'การเดินทาง / รถเมล์มพ.': 0, 'สิ่งอำนวยความสะดวกและอาคารสถานที่': 11, 'สุขอนามัยและความสะอาด': 0, 'การเรียนการสอนและหลักสูตร': 0, 'โรงอาหาร / ร้านค้าบริการ': 0, 'ความปลอดภัยและจราจร': 0, 'ระบบเครือข่ายและเทคโนโลยี': 0, 'บริการและสวัสดิการนิสิต': 0}",11,สิ่งอำนวยความสะดวกและอาคารสถานที่
รปภ. ช่วยดูตรงหลังมอ หน่อยครับ มีรถชนกัน,"['รถชน', 'รปภ.', 'รปภ']","{'การเดินทาง / รถเมล์มพ.': 0, 'สิ่งอำนวยความสะดวกและอาคารสถานที่': 0, 'สุขอนามัยและความสะอาด': 0, 'การเรียนการสอนและหลักสูตร': 0, 'โรงอาหาร / ร้านค้าบริการ': 0, 'ความปลอดภัยและจราจร': 11, 'ระบบเครือข่ายและเทคโนโลยี': 0, 'บริการและสวัสดิการนิสิต': 0}",11,ความปลอดภัยและจราจร
แจ้งเรื่องไฟดับครับ ตรงอาคารเรียนรวม ช่วยมาดูหน่อย,['ไฟดับ'],"{'การเดินทาง / รถเมล์มพ.': 0, 'สิ่งอำนวยความสะดวกและอาคารสถานที่': 5, 'สุขอนามัยและความสะอาด': 0, 'การเรียนการสอนและหลักสูตร': 0, 'โรงอาหาร / ร้านค้าบริการ': 0, 'ความปลอดภัยและจราจร': 0, 'ระบบเครือข่ายและเทคโนโลยี': 0, 'บริการและสวัสดิการนิสิต': 0}",5,สิ่งอำนวยความสะดวกและอาคารสถานที่
รปภ. ช่วยดูตรงหลังมอ หน่อยครับ รถติดหนักมาก,"['รถติด', 'รปภ.', 'รปภ']","{'การเดินทาง / รถเมล์มพ.': 5, 'สิ่งอำนวยความสะดวกและอาคารสถานที่': 0, 'สุขอนามัยและความสะอาด': 0, 'การเรียนการสอนและหลักสูตร': 0, 'โรงอาหาร / ร้านค้าบริการ': 0, 'ความปลอดภัยและจราจร': 7, 'ระบบเครือข่ายและเทคโนโลยี': 0, 'บริการและสวัสดิการนิสิต': 0}",7,ความปลอดภัยและจราจร
ลงทะเบียนไม่ได้ ตอนนี้อยู่หน้ามอ ทำงานไม่ได้เลย,['ลงทะเบียนไม่ได้'],"{'การเดินทาง / รถเมล์มพ.': 0, 'สิ่งอำนวยความสะดวกและอาคารสถานที่': 0, 'สุขอนามัยและความสะอาด': 0, 'การเรียนการสอนและหลักสูตร': 0, 'โรงอาหาร / ร้านค้าบริการ': 0, 'ความปลอดภัยและจราจร': 0, 'ระบบเครือข่ายและเทคโนโลยี': 15, 'บริการและสวัสดิการนิสิต': 0}",15,ระบบเครือข่ายและเทคโนโลยี
แจ้งทำความสะอาดตรงทางเดิน มีหมาจรจัดมาคุ้ยขยะ ครับ,"['หมาจรจัด', 'ทำความสะอาด']","{'การเดินทาง / รถเมล์มพ.': 0, 'สิ่งอำนวยความสะดวกและอาคารสถานที่': 0, 'สุขอนามัยและความสะอาด': 19, 'การเรียนการสอนและหลักสูตร': 0, 'โรงอาหาร / ร้านค้าบริการ': 0, 'ความปลอดภัยและจราจร': 0, 'ระบบเครือข่ายและเทคโนโลยี': 0, 'บริการและสวัสดิการนิสิต': 0}",19,สุขอนามัยและความสะอาด
แจ้งทำความสะอาดตรงทางเดิน สกปรกมากไม่ทำความสะอาด ครับ,"['สกปรก', 'ไม่ทำความสะอาด', 'ทำความสะอาด']","{'การเดินทาง / รถเมล์มพ.': 0, 'สิ่งอำนวยความสะดวกและอาคารสถานที่': 0, 'สุขอนามัยและความสะอาด': 30, 'การเรียนการสอนและหลักสูตร': 0, 'โรงอาหาร / ร้านค้าบริการ': 0, 'ความปลอดภัยและจราจร': 0, 'ระบบเครือข่ายและเทคโนโลยี': 0, 'บริการและสวัสดิการนิสิต': 0}",30,สุขอนามัยและความสะอาด
อาจารย์ครับ ตารางเรียนไม่ขึ้นระบบ รบกวนให้คำแนะนำที,"['ตารางเรียน', 'อาจารย์', 'ระบบ']","{'การเดินทาง / รถเมล์มพ.': 0, 'สิ่งอำนวยความสะดวกและอาคารสถานที่': 0, 'สุขอนามัยและความสะอาด': 0, 'การเรียนการสอนและหลักสูตร': 17, 'โรงอาหาร / ร้านค้าบริการ': 0, 'ความปลอดภัยและจราจร': 0, 'ระบบเครือข่ายและเทคโนโลยี': 4, 'บริการและสวัสดิการนิสิต': 0}",17,การเรียนการสอนและหลักสูตร
แจ้งทำความสะอาดตรงโรงอาหาร กิ่งไม้หักขวางทาง ครับ,"['กิ่งไม้หัก', 'ทำความสะอาด', 'โรงอาหาร', 'อาหาร']","{'การเดินทาง / รถเมล์มพ.': 0, 'สิ่งอำนวยความสะดวกและอาคารสถานที่': 0, 'สุขอนามัยและความสะอาด': 21, 'การเรียนการสอนและหลักสูตร': 0, 'โรงอาหาร / ร้านค้าบริการ': 13, 'ความปลอดภัยและจราจร': 0, 'ระบบเครือข่ายและเทคโนโลยี': 0, 'บริการและสวัสดิการนิสิต': 0}",21,สุขอนามัยและความสะอาด
สอบถามหน่อยครับ ทำบัตรนิสิตใหม่ที่ไหน,"['บัตรนิสิต', 'สอบถามหน่อยครับ']","{'การเดินทาง / รถเมล์มพ.': 0, 'สิ่งอำนวยความสะดวกและอาคารสถานที่': 0, 'สุขอนามัยและความสะอาด': 0, 'การเรียนการสอนและหลักสูตร': 0, 'โรงอาหาร / ร้านค้าบริการ': 0, 'ความปลอดภัยและจราจร': 0, 'ระบบเครือข่ายและเทคโนโลยี': 0, 'บริการและสวัสดิการนิสิต': 24}",24,บริการและสวัสดิการนิสิต
รปภ. ช่วยดูตรงประตู 2 หน่อยครับ รถติดหนักมาก,"['รถติด', 'รปภ.', 'รปภ', 'ประตู 2']","{'การเดินทาง / รถเมล์มพ.': 5, 'สิ่งอำนวยความสะดวกและอาคารสถานที่': 0, 'สุขอนามัยและความสะอาด': 0, 'การเรียนการสอนและหลักสูตร': 0, 'โรงอาหาร / ร้านค้าบริการ': 0, 'ความปลอดภัยและจราจร': 14, 'ระบบเครือข่ายและเทคโนโลยี': 0, 'บริการและสวัสดิการนิสิต': 0}",14,ความปลอดภัยและจราจร
แจ้งเรื่องลิฟต์ค้าง ตรงห้องน้ำตึกสงวน ช่วยมาดูหน่อย,"['ลิฟต์ค้าง', 'ลิฟต์']","{'การเดินทาง / รถเมล์มพ.': 0, 'สิ่งอำนวยความสะดวกและอาคารสถานที่': 14, 'สุขอนามัยและความสะอาด': 0, 'การเรียนการสอนและหลักสูตร': 0, 'โรงอาหาร / ร้านค้าบริการ': 0, 'ความปลอดภัยและจราจร': 0, 'ระบบเครือข่ายและเทคโนโลยี': 0, 'บริการและสวัสดิการนิสิต': 0}",14,สิ่งอำนวยความสะดวกและอาคารสถานที่
แจ้งทำความสะอาดตรงสวนหน้าตึก หญ้ารกมาก ครับ,"['หญ้ารก', 'ทำความสะอาด']","{'การเดินทาง / รถเมล์มพ.': 0, 'สิ่งอำนวยความสะดวกและอาคารสถานที่': 0, 'สุขอนามัยและความสะอาด': 17, 'การเรียนการสอนและหลักสูตร': 0, 'โรงอาหาร / ร้านค้าบริการ': 0, 'ความปลอดภัยและจราจร': 0, 'ระบบเครือข่ายและเทคโนโลยี': 0, 'บริการและสวัสดิการนิสิต': 0}",17,สุขอนามัยและความสะอาด
แจ้งทำความสะอาดตรงสนามบาส กิ่งไม้หักขวางทาง ครับ,"['กิ่งไม้หัก', 'ทำความสะอาด']","{'การเดินทาง / รถเมล์มพ.': 0, 'สิ่งอำนวยความสะดวกและอาคารสถานที่': 0, 'สุขอนามัยและความสะอาด': 21, 'การเรียนการสอนและหลักสูตร': 0, 'โรงอาหาร / ร้านค้าบริการ': 0, 'ความปลอดภัยและจราจร': 0, 'ระบบเครือข่ายและเทคโนโลยี': 0, 'บริการและสวัสดิการนิสิต': 0}",21,สุขอนามัยและความสะอาด
รปภ. ช่วยดูตรงประตู 2 หน่อยครับ หมวกกันน็อคหาย,"['รปภ.', 'รปภ', 'ประตู 2', 'หมวกกันน็อคหาย']","{'การเดินทาง / รถเมล์มพ.': 0, 'สิ่งอำนวยความสะดวกและอาคารสถานที่': 0, 'สุขอนามัยและความสะอาด': 0, 'การเรียนการสอนและหลักสูตร': 0, 'โรงอาหาร / ร้านค้าบริการ': 0, 'ความปลอดภัยและจราจร': 14, 'ระบบเครือข่ายและเทคโนโลยี': 0, 'บริการและสวัสดิการนิสิต': 14}",14,ความปลอดภัยและจราจร
อาจารย์ครับ ขอสอบชดเชยต้องทำไง รบกวนให้คำแนะนำที,"['ขอสอบชดเชย', 'อาจารย์']","{'การเดินทาง / รถเมล์มพ.': 0, 'สิ่งอำนวยความสะดวกและอาคารสถานที่': 0, 'สุขอนามัยและความสะอาด': 0, 'การเรียนการสอนและหลักสูตร': 17, 'โรงอาหาร / ร้านค้าบริการ': 0, 'ความปลอดภัยและจราจร': 0, 'ระบบเครือข่ายและเทคโนโลยี': 0, 'บริการและสวัสดิการนิสิต': 0}",17,การเรียนการสอนและหลักสูตร
แจ้งเรื่องน้ำไม่ไหล ตรงห้องบรรยาย ช่วยมาดูหน่อย,['น้ำไม่ไหล'],"{'การเดินทาง / รถเมล์มพ.': 0, 'สิ่งอำนวยความสะดวกและอาคารสถานที่': 9, 'สุขอนามัยและความสะอาด': 0, 'การเรียนการสอนและหลักสูตร': 0, 'โรงอาหาร / ร้านค้าบริการ': 0, 'ความปลอดภัยและจราจร': 0, 'ระบบเครือข่ายและเทคโนโลยี': 0, 'บริการและสวัสดิการนิสิต': 0}",9,สิ่งอำนวยความสะดวกและอาคารสถานที่
อาจารย์ครับ เกรดยังไม่ออกครับ รบกวนให้คำแนะนำที,"['เกรด', 'อาจารย์']","{'การเดินทาง / รถเมล์มพ.': 0, 'สิ่งอำนวยความสะดวกและอาคารสถานที่': 0, 'สุขอนามัยและความสะอาด': 0, 'การเรียนการสอนและหลักสูตร': 11, 'โรงอาหาร / ร้านค้าบริการ': 0, 'ความปลอดภัยและจราจร': 0, 'ระบบเครือข่ายและเทคโนโลยี': 0, 'บริการและสวัสดิการนิสิต': 0}",11,การเรียนการสอนและหลักสูตร
แจ้งทำความสะอาดตรงทางเดิน สกปรกมากไม่ทำความสะอาด ครับ,"['สกปรก', 'ไม่ทำความสะอาด', 'ทำความสะอาด']","{'การเดินทาง / รถเมล์มพ.': 0, 'สิ่งอำนวยความสะดวกและอาคารสถานที่': 0, 'สุขอนามัยและความสะอาด': 30, 'การเรียนการสอนและหลักสูตร': 0, 'โรงอาหาร / ร้านค้าบริการ': 0, 'ความปลอดภัยและจราจร': 0, 'ระบบเครือข่ายและเทคโนโลยี': 0, 'บริการและสวัสดิการนิสิต': 0}",30,สุขอนามัยและความสะอาด
อาจารย์ครับ อยากติดต่ออาจารย์เรื่องดรอปเรียน รบกวนให้คำแนะนำที,"['ดรอปเรียน', 'ติดต่ออาจารย์', 'อาจารย์']","{'การเดินทาง / รถเมล์มพ.': 0, 'สิ่งอำนวยความสะดวกและอาคารสถานที่': 0, 'สุขอนามัยและความสะอาด': 0, 'การเรียนการสอนและหลักสูตร': 29, 'โรงอาหาร / ร้านค้าบริการ': 0, 'ความปลอดภัยและจราจร': 0, 'ระบบเครือข่ายและเทคโนโลยี': 0, 'บริการและสวัสดิการนิสิต': 0}",29,การเรียนการสอนและหลักสูตร
รปภ. ช่วยดูตรงหลังมอ หน่อยครับ รถติดหนักมาก,"['รถติด', 'รปภ.', 'รปภ']","{'การเดินทาง / รถเมล์มพ.': 5, 'สิ่งอำนวยความสะดวกและอาคารสถานที่': 0, 'สุขอนามัยและความสะอาด': 0, 'การเรียนการสอนและหลักสูตร': 0, 'โรงอาหาร / ร้านค้าบริการ': 0, 'ความปลอดภัยและจราจร': 7, 'ระบบเครือข่ายและเทคโนโลยี': 0, 'บริการและสวัสดิการนิสิต': 0}",7,ความปลอดภัยและจราจร
อาจารย์ครับ ขอสอบชดเชยต้องทำไง รบกวนให้คำแนะนำที,"['ขอสอบชดเชย', 'อาจารย์']","{'การเดินทาง / รถเมล์มพ.': 0, 'สิ่งอำนวยความสะดวกและอาคารสถานที่': 0, 'สุขอนามัยและความสะอาด': 0, 'การเรียนการสอนและหลักสูตร': 17, 'โรงอาหาร / ร้านค้าบริการ': 0, 'ความปลอดภัยและจราจร': 0, 'ระบบเครือข่ายและเทคโนโลยี': 0, 'บริการและสวัสดิการนิสิต': 0}",17,การเรียนการสอนและหลักสูตร
แจ้งเรื่องหลังคารั่วหนักมาก ตรงตึก ICT ช่วยมาดูหน่อย,['หลังคารั่ว'],"{'การเดินทาง / รถเมล์มพ.': 0, 'สิ่งอำนวยความสะดวกและอาคารสถานที่': 10, 'สุขอนามัยและความสะอาด': 0, 'การเรียนการสอนและหลักสูตร': 0, 'โรงอาหาร / ร้านค้าบริการ': 0, 'ความปลอดภัยและจราจร': 0, 'ระบบเครือข่ายและเทคโนโลยี': 0, 'บริการและสวัสดิการนิสิต': 0}",10,สิ่งอำนวยความสะดวกและอาคารสถานที่
แจ้งเรื่องหลังคารั่วหนักมาก ตรงตึก ICT ช่วยมาดูหน่อย,['หลังคารั่ว'],"{'การเดินทาง / รถเมล์มพ.': 0, 'สิ่งอำนวยความสะดวกและอาคารสถานที่': 10, 'สุขอนามัยและความสะอาด': 0, 'การเรียนการสอนและหลักสูตร': 0, 'โรงอาหาร / ร้านค้าบริการ': 0, 'ความปลอดภัยและจราจร': 0, 'ระบบเครือข่ายและเทคโนโลยี': 0, 'บริการและสวัสดิการนิสิต': 0}",10,สิ่งอำนวยความสะดวกและอาคารสถานที่
อาจารย์ครับ ตารางเรียนไม่ขึ้นระบบ รบกวนให้คำแนะนำที,"['ตารางเรียน', 'อาจารย์', 'ระบบ']","{'การเดินทาง / รถเมล์มพ.': 0, 'สิ่งอำนวยความสะดวกและอาคารสถานที่': 0, 'สุขอนามัยและความสะอาด': 0, 'การเรียนการสอนและหลักสูตร': 17, 'โรงอาหาร / ร้านค้าบริการ': 0, 'ความปลอดภัยและจราจร': 0, 'ระบบเครือข่ายและเทคโนโลยี': 4, 'บริการและสวัสดิการนิสิต': 0}",17,การเรียนการสอนและหลักสูตร
แจ้งทำความสะอาดตรงสวนหน้าตึก กิ่งไม้หักขวางทาง ครับ,"['กิ่งไม้หัก', 'ทำความสะอาด']","{'การเดินทาง / รถเมล์มพ.': 0, 'สิ่งอำนวยความสะดวกและอาคารสถานที่': 0, 'สุขอนามัยและความสะอาด': 21, 'การเรียนการสอนและหลักสูตร': 0, 'โรงอาหาร / ร้านค้าบริการ': 0, 'ความปลอดภัยและจราจร': 0, 'ระบบเครือข่ายและเทคโนโลยี': 0, 'บริการและสวัสดิการนิสิต': 0}",21,สุขอนามัยและความสะอาด
แจ้งทำความสะอาดตรงริมสระน้ำ หญ้ารกมาก ครับ,"['หญ้ารก', 'ทำความสะอาด']","{'การเดินทาง / รถเมล์มพ.': 0, 'สิ่งอำนวยความสะดวกและอาคารสถานที่': 0, 'สุขอนามัยและความสะอาด': 17, 'การเรียนการสอนและหลักสูตร': 0, 'โรงอาหาร / ร้านค้าบริการ': 0, 'ความปลอดภัยและจราจร': 0, 'ระบบเครือข่ายและเทคโนโลยี': 0, 'บริการและสวัสดิการนิสิต': 0}",17,สุขอนามัยและความสะอาด
รปภ. ช่วยดูตรงประตู 2 หน่อยครับ คนจอดรถขวางทาง,"['รปภ.', 'จอดรถขวาง', 'รปภ', 'ประตู 2']","{'การเดินทาง / รถเมล์มพ.': 0, 'สิ่งอำนวยความสะดวกและอาคารสถานที่': 0, 'สุขอนามัยและความสะอาด': 0, 'การเรียนการสอนและหลักสูตร': 0, 'โรงอาหาร / ร้านค้าบริการ': 0, 'ความปลอดภัยและจราจร': 23, 'ระบบเครือข่ายและเทคโนโลยี': 0, 'บริการและสวัสดิการนิสิต': 0}",23,ความปลอดภัยและจราจร
แจ้งเรื่องลิฟต์ค้าง ตรงห้องน้ำตึกสงวน ช่วยมาดูหน่อย,"['ลิฟต์ค้าง', 'ลิฟต์']","{'การเดินทาง / รถเมล์มพ.': 0, 'สิ่งอำนวยความสะดวกและอาคารสถานที่': 14, 'สุขอนามัยและความสะอาด': 0, 'การเรียนการสอนและหลักสูตร': 0, 'โรงอาหาร / ร้านค้าบริการ': 0, 'ความปลอดภัยและจราจร': 0, 'ระบบเครือข่ายและเทคโนโลยี': 0, 'บริการและสวัสดิการนิสิต': 0}",14,สิ่งอำนวยความสะดวกและอาคารสถานที่
อาจารย์ครับ ลงทะเบียนวิชานี้ไม่ได้ รบกวนให้คำแนะนำที,"['วิชา', 'อาจารย์']","{'การเดินทาง / รถเมล์มพ.': 0, 'สิ่งอำนวยความสะดวกและอาคารสถานที่': 0, 'สุขอนามัยและความสะอาด': 0, 'การเรียนการสอนและหลักสูตร': 11, 'โรงอาหาร / ร้านค้าบริการ': 0, 'ความปลอดภัยและจราจร': 0, 'ระบบเครือข่ายและเทคโนโลยี': 0, 'บริการและสวัสดิการนิสิต': 0}",11,การเรียนการสอนและหลักสูตร
รปภ. ช่วยดูตรงประตู 2 หน่อยครับ ทางมืดมากอันตราย,"['อันตราย', 'รปภ.', 'ทางมืด', 'รปภ', 'ประตู 2']","{'การเดินทาง / รถเมล์มพ.': 0, 'สิ่งอำนวยความสะดวกและอาคารสถานที่': 0, 'สุขอนามัยและความสะอาด': 0, 'การเรียนการสอนและหลักสูตร': 0, 'โรงอาหาร / ร้านค้าบริการ': 0, 'ความปลอดภัยและจราจร': 27, 'ระบบเครือข่ายและเทคโนโลยี': 0, 'บริการและสวัสดิการนิสิต': 0}",27,ความปลอดภัยและจราจร
แจ้งทำความสะอาดตรงทางเดิน สกปรกมากไม่ทำความสะอาด ครับ,"['สกปรก', 'ไม่ทำความสะอาด', 'ทำความสะอาด']","{'การเดินทาง / รถเมล์มพ.': 0, 'สิ่งอำนวยความสะดวกและอาคารสถานที่': 0, 'สุขอนามัยและความสะอาด': 30, 'การเรียนการสอนและหลักสูตร': 0, 'โรงอาหาร / ร้านค้าบริการ': 0, 'ความปลอดภัยและจราจร': 0, 'ระบบเครือข่ายและเทคโนโลยี': 0, 'บริการและสวัสดิการนิสิต': 0}",30,สุขอนามัยและความสะอาด
ลงทะเบียนไม่ได้ ตอนนี้อยู่หน้ามอ ทำงานไม่ได้เลย,['ลงทะเบียนไม่ได้'],"{'การเดินทาง / รถเมล์มพ.': 0, 'สิ่งอำนวยความสะดวกและอาคารสถานที่': 0, 'สุขอนามัยและความสะอาด': 0, 'การเรียนการสอนและหลักสูตร': 0, 'โรงอาหาร / ร้านค้าบริการ': 0, 'ความปลอดภัยและจราจร': 0, 'ระบบเครือข่ายและเทคโนโลยี': 15, 'บริการและสวัสดิการนิสิต': 0}",15,ระบบเครือข่ายและเทคโนโลยี
รปภ. ช่วยดูตรงหน้ามอ หน่อยครับ รถติดหนักมาก,"['รถติด', 'รปภ.', 'รปภ']","{'การเดินทาง / รถเมล์มพ.': 5, 'สิ่งอำนวยความสะดวกและอาคารสถานที่': 0, 'สุขอนามัยและความสะอาด': 0, 'การเรียนการสอนและหลักสูตร': 0, 'โรงอาหาร / ร้านค้าบริการ': 0, 'ความปลอดภัยและจราจร': 7, 'ระบบเครือข่ายและเทคโนโลยี': 0, 'บริการและสวัสดิการนิสิต': 0}",7,ความปลอดภัยและจราจร
รปภ. ช่วยดูตรงหลังมอ หน่อยครับ รถติดหนักมาก,"['รถติด', 'รปภ.', 'รปภ']","{'การเดินทาง / รถเมล์มพ.': 5, 'สิ่งอำนวยความสะดวกและอาคารสถานที่': 0, 'สุขอนามัยและความสะอาด': 0, 'การเรียนการสอนและหลักสูตร': 0, 'โรงอาหาร / ร้านค้าบริการ': 0, 'ความปลอดภัยและจราจร': 7, 'ระบบเครือข่ายและเทคโนโลยี': 0, 'บริการและสวัสดิการนิสิต': 0}",7,ความปลอดภัยและจราจร
รปภ. ช่วยดูตรงลานจอดรถ หน่อยครับ มีรถชนกัน,"['รถชน', 'รปภ.', 'รปภ']","{'การเดินทาง / รถเมล์มพ.': 0, 'สิ่งอำนวยความสะดวกและอาคารสถานที่': 0, 'สุขอนามัยและความสะอาด': 0, 'การเรียนการสอนและหลักสูตร': 0, 'โรงอาหาร / ร้านค้าบริการ': 0, 'ความปลอดภัยและจราจร': 11, 'ระบบเครือข่ายและเทคโนโลยี': 0, 'บริการและสวัสดิการนิสิต': 0}",11,ความปลอดภัยและจราจร
รปภ. ช่วยดูตรงทางแยก หน่อยครับ คนจอดรถขวางทาง,"['รปภ.', 'จอดรถขวาง', 'รปภ']","{'การเดินทาง / รถเมล์มพ.': 0, 'สิ่งอำนวยความสะดวกและอาคารสถานที่': 0, 'สุขอนามัยและความสะอาด': 0, 'การเรียนการสอนและหลักสูตร': 0, 'โรงอาหาร / ร้านค้าบริการ': 0, 'ความปลอดภัยและจราจร': 16, 'ระบบเครือข่ายและเทคโนโลยี': 0, 'บริการและสวัสดิการนิสิต': 0}",16,ความปลอดภัยและจราจร
รปภ. ช่วยดูตรงทางแยก หน่อยครับ ทางมืดมากอันตราย,"['อันตราย', 'รปภ.', 'ทางมืด', 'รปภ']","{'การเดินทาง / รถเมล์มพ.': 0, 'สิ่งอำนวยความสะดวกและอาคารสถานที่': 0, 'สุขอนามัยและความสะอาด': 0, 'การเรียนการสอนและหลักสูตร': 0, 'โรงอาหาร / ร้านค้าบริการ': 0, 'ความปลอดภัยและจราจร': 20, 'ระบบเครือข่ายและเทคโนโลยี': 0, 'บริการและสวัสดิการนิสิต': 0}",20,ความปลอดภัยและจราจร
รปภ. ช่วยดูตรงหน้ามอ หน่อยครับ มีรถชนกัน,"['รถชน', 'รปภ.', 'รปภ']","{'การเดินทาง / รถเมล์มพ.': 0, 'สิ่งอำนวยความสะดวกและอาคารสถานที่': 0, 'สุขอนามัยและความสะอาด': 0, 'การเรียนการสอนและหลักสูตร': 0, 'โรงอาหาร / ร้านค้าบริการ': 0, 'ความปลอดภัยและจราจร': 11, 'ระบบเครือข่ายและเทคโนโลยี': 0, 'บริการและสวัสดิการนิสิต': 0}",11,ความปลอดภัยและจราจร
ไวไฟเข้าไม่ได้ ตอนนี้อยู่ห้องสมุด ทำงานไม่ได้เลย,"['ไวไฟเข้าไม่ได้', 'ไวไฟ']","{'การเดินทาง / รถเมล์มพ.': 0, 'สิ่งอำนวยความสะดวกและอาคารสถานที่': 0, 'สุขอนามัยและความสะอาด': 0, 'การเรียนการสอนและหลักสูตร': 0, 'โรงอาหาร / ร้านค้าบริการ': 0, 'ความปลอดภัยและจราจร': 0, 'ระบบเครือข่ายและเทคโนโลยี': 18, 'บริการและสวัสดิการนิสิต': 0}",18,ระบบเครือข่ายและเทคโนโลยี
แจ้งทำความสะอาดตรงทางเดิน กิ่งไม้หักขวางทาง ครับ,"['กิ่งไม้หัก', 'ทำความสะอาด']","{'การเดินทาง / รถเมล์มพ.': 0, 'สิ่งอำนวยความสะดวกและอาคารสถานที่': 0, 'สุขอนามัยและความสะอาด': 21, 'การเรียนการสอนและหลักสูตร': 0, 'โรงอาหาร / ร้านค้าบริการ': 0, 'ความปลอดภัยและจราจร': 0, 'ระบบเครือข่ายและเทคโนโลยี': 0, 'บริการและสวัสดิการนิสิต': 0}",21,สุขอนามัยและความสะอาด
แจ้งเรื่องแอร์ไม่เย็นเลย ตรงอาคารเรียนรวม ช่วยมาดูหน่อย,"['แอร์ไม่เย็น', 'แอร์']","{'การเดินทาง / รถเมล์มพ.': 0, 'สิ่งอำนวยความสะดวกและอาคารสถานที่': 15, 'สุขอนามัยและความสะอาด': 0, 'การเรียนการสอนและหลักสูตร': 0, 'โรงอาหาร / ร้านค้าบริการ': 0, 'ความปลอดภัยและจราจร': 0, 'ระบบเครือข่ายและเทคโนโลยี': 0, 'บริการและสวัสดิการนิสิต': 0}",15,สิ่งอำนวยความสะดวกและอาคารสถานที่
สอบถามหน่อยครับ รถเมล์สาย 1 หมดกี่โมง,"['รถเมล์', 'รถเมล์สาย', 'สอบถามหน่อยครับ']","{'การเดินทาง / รถเมล์มพ.': 15, 'สิ่งอำนวยความสะดวกและอาคารสถานที่': 0, 'สุขอนามัยและความสะอาด': 0, 'การเรียนการสอนและหลักสูตร': 0, 'โรงอาหาร / ร้านค้าบริการ': 0, 'ความปลอดภัยและจราจร': 0, 'ระบบเครือข่ายและเทคโนโลยี': 0, 'บริการและสวัสดิการนิสิต': 15}",15,การเดินทาง / รถเมล์มพ.
ระบบล่ม ตอนนี้อยู่ตึกคณะ ทำงานไม่ได้เลย,"['ระบบล่ม', 'ระบบ']","{'การเดินทาง / รถเมล์มพ.': 0, 'สิ่งอำนวยความสะดวกและอาคารสถานที่': 0, 'สุขอนามัยและความสะอาด': 0, 'การเรียนการสอนและหลักสูตร': 0, 'โรงอาหาร / ร้านค้าบริการ': 0, 'ความปลอดภัยและจราจร': 0, 'ระบบเครือข่ายและเทคโนโลยี': 11, 'บริการและสวัสดิการนิสิต': 0}",11,ระบบเครือข่ายและเทคโนโลยี
ไวไฟเข้าไม่ได้ ตอนนี้อยู่ห้องสมุด ทำงานไม่ได้เลย,"['ไวไฟเข้าไม่ได้', 'ไวไฟ']","{'การเดินทาง / รถเมล์มพ.': 0, 'สิ่งอำนวยความสะดวกและอาคารสถานที่': 0, 'สุขอนามัยและความสะอาด': 0, 'การเรียนการสอนและหลักสูตร': 0, 'โรงอาหาร / ร้านค้าบริการ': 0, 'ความปลอดภัยและจราจร': 0, 'ระบบเครือข่ายและเทคโนโลยี': 18, 'บริการและสวัสดิการนิสิต': 0}",18,ระบบเครือข่ายและเทคโนโลยี
รปภ. ช่วยดูตรงหน้ามอ หน่อยครับ มีรถชนกัน,"['รถชน', 'รปภ.', 'รปภ']","{'การเดินทาง / รถเมล์มพ.': 0, 'สิ่งอำนวยความสะดวกและอาคารสถานที่': 0, 'สุขอนามัยและความสะอาด': 0, 'การเรียนการสอนและหลักสูตร': 0, 'โรงอาหาร / ร้านค้าบริการ': 0, 'ความปลอดภัยและจราจร': 11, 'ระบบเครือข่ายและเทคโนโลยี': 0, 'บริการและสวัสดิการนิสิต': 0}",11,ความปลอดภัยและจราจร
แจ้งทำความสะอาดตรงสวนหน้าตึก สกปรกมากไม่ทำความสะอาด ครับ,"['สกปรก', 'ไม่ทำความสะอาด', 'ทำความสะอาด']","{'การเดินทาง / รถเมล์มพ.': 0, 'สิ่งอำนวยความสะดวกและอาคารสถานที่': 0, 'สุขอนามัยและความสะอาด': 30, 'การเรียนการสอนและหลักสูตร': 0, 'โรงอาหาร / ร้านค้าบริการ': 0, 'ความปลอดภัยและจราจร': 0, 'ระบบเครือข่ายและเทคโนโลยี': 0, 'บริการและสวัสดิการนิสิต': 0}",30,สุขอนามัยและความสะอาด
รปภ. ช่วยดูตรงประตู 2 หน่อยครับ หมวกกันน็อคหาย,"['รปภ.', 'รปภ', 'ประตู 2', 'หมวกกันน็อคหาย']","{'การเดินทาง / รถเมล์มพ.': 0, 'สิ่งอำนวยความสะดวกและอาคารสถานที่': 0, 'สุขอนามัยและความสะอาด': 0, 'การเรียนการสอนและหลักสูตร': 0, 'โรงอาหาร / ร้านค้าบริการ': 0, 'ความปลอดภัยและจราจร': 14, 'ระบบเครือข่ายและเทคโนโลยี': 0, 'บริการและสวัสดิการนิสิต': 14}",14,ความปลอดภัยและจราจร
รปภ. ช่วยดูตรงหลังมอ หน่อยครับ รถติดหนักมาก,"['รถติด', 'รปภ.', 'รปภ']","{'การเดินทาง / รถเมล์มพ.': 5, 'สิ่งอำนวยความสะดวกและอาคารสถานที่': 0, 'สุขอนามัยและความสะอาด': 0, 'การเรียนการสอนและหลักสูตร': 0, 'โรงอาหาร / ร้านค้าบริการ': 0, 'ความปลอดภัยและจราจร': 7, 'ระบบเครือข่ายและเทคโนโลยี': 0, 'บริการและสวัสดิการนิสิต': 0}",7,ความปลอดภัยและจราจร
แจ้งทำความสะอาดตรงสนามบาส หญ้ารกมาก ครับ,"['หญ้ารก', 'ทำความสะอาด']","{'การเดินทาง / รถเมล์มพ.': 0, 'สิ่งอำนวยความสะดวกและอาคารสถานที่': 0, 'สุขอนามัยและความสะอาด': 17, 'การเรียนการสอนและหลักสูตร': 0, 'โรงอาหาร / ร้านค้าบริการ': 0, 'ความปลอดภัยและจราจร': 0, 'ระบบเครือข่ายและเทคโนโลยี': 0, 'บริการและสวัสดิการนิสิต': 0}",17,สุขอนามัยและความสะอาด
สอบถามหน่อยครับ ทำบัตรนิสิตใหม่ที่ไหน,"['บัตรนิสิต', 'สอบถามหน่อยครับ']","{'การเดินทาง / รถเมล์มพ.': 0, 'สิ่งอำนวยความสะดวกและอาคารสถานที่': 0, 'สุขอนามัยและความสะอาด': 0, 'การเรียนการสอนและหลักสูตร': 0, 'โรงอาหาร / ร้านค้าบริการ': 0, 'ความปลอดภัยและจราจร': 0, 'ระบบเครือข่ายและเทคโนโลยี': 0, 'บริการและสวัสดิการนิสิต': 24}",24,บริการและสวัสดิการนิสิต
อาจารย์ครับ เกรดยังไม่ออกครับ รบกวนให้คำแนะนำที,"['เกรด', 'อาจารย์']","{'การเดินทาง / รถเมล์มพ.': 0, 'สิ่งอำนวยความสะดวกและอาคารสถานที่': 0, 'สุขอนามัยและความสะอาด': 0, 'การเรียนการสอนและหลักสูตร': 11, 'โรงอาหาร / ร้านค้าบริการ': 0, 'ความปลอดภัยและจราจร': 0, 'ระบบเครือข่ายและเทคโนโลยี': 0, 'บริการและสวัสดิการนิสิต': 0}",11,การเรียนการสอนและหลักสูตร
ระบบล่ม ตอนนี้อยู่หอพักใน ทำงานไม่ได้เลย,"['ระบบล่ม', 'ระบบ']","{'การเดินทาง / รถเมล์มพ.': 0, 'สิ่งอำนวยความสะดวกและอาคารสถานที่': 0, 'สุขอนามัยและความสะอาด': 0, 'การเรียนการสอนและหลักสูตร': 0, 'โรงอาหาร / ร้านค้าบริการ': 0, 'ความปลอดภัยและจราจร': 0, 'ระบบเครือข่ายและเทคโนโลยี': 11, 'บริการและสวัสดิการนิสิต': 0}",11,ระบบเครือข่ายและเทคโนโลยี
สอบถามหน่อยครับ อยากทราบกำหนดการกิจกรรมรับน้อง,"['กิจกรรม', 'สอบถามหน่อยครับ']","{'การเดินทาง / รถเมล์มพ.': 0, 'สิ่งอำนวยความสะดวกและอาคารสถานที่': 0, 'สุขอนามัยและความสะอาด': 0, 'การเรียนการสอนและหลักสูตร': 0, 'โรงอาหาร / ร้านค้าบริการ': 0, 'ความปลอดภัยและจราจร': 0, 'ระบบเครือข่ายและเทคโนโลยี': 0, 'บริการและสวัสดิการนิสิต': 22}",22,บริการและสวัสดิการนิสิต
สอบถามหน่อยครับ ทำบัตรนิสิตใหม่ที่ไหน,"['บัตรนิสิต', 'สอบถามหน่อยครับ']","{'การเดินทาง / รถเมล์มพ.': 0, 'สิ่งอำนวยความสะดวกและอาคารสถานที่': 0, 'สุขอนามัยและความสะอาด': 0, 'การเรียนการสอนและหลักสูตร': 0, 'โรงอาหาร / ร้านค้าบริการ': 0, 'ความปลอดภัยและจราจร': 0, 'ระบบเครือข่ายและเทคโนโลยี': 0, 'บริการและสวัสดิการนิสิต': 24}",24,บริการและสวัสดิการนิสิต
แจ้งทำความสะอาดตรงริมสระน้ำ หญ้ารกมาก ครับ,"['หญ้ารก', 'ทำความสะอาด']","{'การเดินทาง / รถเมล์มพ.': 0, 'สิ่งอำนวยความสะดวกและอาคารสถานที่': 0, 'สุขอนามัยและความสะอาด': 17, 'การเรียนการสอนและหลักสูตร': 0, 'โรงอาหาร / ร้านค้าบริการ': 0, 'ความปลอดภัยและจราจร': 0, 'ระบบเครือข่ายและเทคโนโลยี': 0, 'บริการและสวัสดิการนิสิต': 0}",17,สุขอนามัยและความสะอาด
สอบถามหน่อยครับ สอบถามเรื่องทุนการศึกษา,"['ทุนการศึกษา', 'สอบถามหน่อยครับ']","{'การเดินทาง / รถเมล์มพ.': 0, 'สิ่งอำนวยความสะดวกและอาคารสถานที่': 0, 'สุขอนามัยและความสะอาด': 0, 'การเรียนการสอนและหลักสูตร': 0, 'โรงอาหาร / ร้านค้าบริการ': 0, 'ความปลอดภัยและจราจร': 0, 'ระบบเครือข่ายและเทคโนโลยี': 0, 'บริการและสวัสดิการนิสิต': 26}",26,บริการและสวัสดิการนิสิต
แจ้งทำความสะอาดตรงสวนหน้าตึก กิ่งไม้หักขวางทาง ครับ,"['กิ่งไม้หัก', 'ทำความสะอาด']","{'การเดินทาง / รถเมล์มพ.': 0, 'สิ่งอำนวยความสะดวกและอาคารสถานที่': 0, 'สุขอนามัยและความสะอาด': 21, 'การเรียนการสอนและหลักสูตร': 0, 'โรงอาหาร / ร้านค้าบริการ': 0, 'ความปลอดภัยและจราจร': 0, 'ระบบเครือข่ายและเทคโนโลยี': 0, 'บริการและสวัสดิการนิสิต': 0}",21,สุขอนามัยและความสะอาด
อาจารย์ครับ ตารางเรียนไม่ขึ้นระบบ รบกวนให้คำแนะนำที,"['ตารางเรียน', 'อาจารย์', 'ระบบ']","{'การเดินทาง / รถเมล์มพ.': 0, 'สิ่งอำนวยความสะดวกและอาคารสถานที่': 0, 'สุขอนามัยและความสะอาด': 0, 'การเรียนการสอนและหลักสูตร': 17, 'โรงอาหาร / ร้านค้าบริการ': 0, 'ความปลอดภัยและจราจร': 0, 'ระบบเครือข่ายและเทคโนโลยี': 4, 'บริการและสวัสดิการนิสิต': 0}",17,การเรียนการสอนและหลักสูตร
ลงทะเบียนไม่ได้ ตอนนี้อยู่ตึกคณะ ทำงานไม่ได้เลย,['ลงทะเบียนไม่ได้'],"{'การเดินทาง / รถเมล์มพ.': 0, 'สิ่งอำนวยความสะดวกและอาคารสถานที่': 0, 'สุขอนามัยและความสะอาด': 0, 'การเรียนการสอนและหลักสูตร': 0, 'โรงอาหาร / ร้านค้าบริการ': 0, 'ความปลอดภัยและจราจร': 0, 'ระบบเครือข่ายและเทคโนโลยี': 15, 'บริการและสวัสดิการนิสิต': 0}",15,ระบบเครือข่ายและเทคโนโลยี
แจ้งเรื่องลิฟต์ค้าง ตรงอาคารเรียนรวม ช่วยมาดูหน่อย,"['ลิฟต์ค้าง', 'ลิฟต์']","{'การเดินทาง / รถเมล์มพ.': 0, 'สิ่งอำนวยความสะดวกและอาคารสถานที่': 14, 'สุขอนามัยและความสะอาด': 0, 'การเรียนการสอนและหลักสูตร': 0, 'โรงอาหาร / ร้านค้าบริการ': 0, 'ความปลอดภัยและจราจร': 0, 'ระบบเครือข่ายและเทคโนโลยี': 0, 'บริการและสวัสดิการนิสิต': 0}",14,สิ่งอำนวยความสะดวกและอาคารสถานที่
รปภ. ช่วยดูตรงหน้ามอ หน่อยครับ ทางมืดมากอันตราย,"['อันตราย', 'รปภ.', 'ทางมืด', 'รปภ']","{'การเดินทาง / รถเมล์มพ.': 0, 'สิ่งอำนวยความสะดวกและอาคารสถานที่': 0, 'สุขอนามัยและความสะอาด': 0, 'การเรียนการสอนและหลักสูตร': 0, 'โรงอาหาร / ร้านค้าบริการ': 0, 'ความปลอดภัยและจราจร': 20, 'ระบบเครือข่ายและเทคโนโลยี': 0, 'บริการและสวัสดิการนิสิต': 0}",20,ความปลอดภัยและจราจร
ลงทะเบียนไม่ได้ ตอนนี้อยู่ตึกคณะ ทำงานไม่ได้เลย,['ลงทะเบียนไม่ได้'],"{'การเดินทาง / รถเมล์มพ.': 0, 'สิ่งอำนวยความสะดวกและอาคารสถานที่': 0, 'สุขอนามัยและความสะอาด': 0, 'การเรียนการสอนและหลักสูตร': 0, 'โรงอาหาร / ร้านค้าบริการ': 0, 'ความปลอดภัยและจราจร': 0, 'ระบบเครือข่ายและเทคโนโลยี': 15, 'บริการและสวัสดิการนิสิต': 0}",15,ระบบเครือข่ายและเทคโนโลยี
สอบถามหน่อยครับ ทำบัตรนิสิตใหม่ที่ไหน,"['บัตรนิสิต', 'สอบถามหน่อยครับ']","{'การเดินทาง / รถเมล์มพ.': 0, 'สิ่งอำนวยความสะดวกและอาคารสถานที่': 0, 'สุขอนามัยและความสะอาด': 0, 'การเรียนการสอนและหลักสูตร': 0, 'โรงอาหาร / ร้านค้าบริการ': 0, 'ความปลอดภัยและจราจร': 0, 'ระบบเครือข่ายและเทคโนโลยี': 0, 'บริการและสวัสดิการนิสิต': 24}",24,บริการและสวัสดิการนิสิต
ลงทะเบียนไม่ได้ ตอนนี้อยู่ตึกคณะ ทำงานไม่ได้เลย,['ลงทะเบียนไม่ได้'],"{'การเดินทาง / รถเมล์มพ.': 0, 'สิ่งอำนวยความสะดวกและอาคารสถานที่': 0, 'สุขอนามัยและความสะอาด': 0, 'การเรียนการสอนและหลักสูตร': 0, 'โรงอาหาร / ร้านค้าบริการ': 0, 'ความปลอดภัยและจราจร': 0, 'ระบบเครือข่ายและเทคโนโลยี': 15, 'บริการและสวัสดิการนิสิต': 0}",15,ระบบเครือข่ายและเทคโนโลยี
แจ้งทำความสะอาดตรงริมสระน้ำ มีหมาจรจัดมาคุ้ยขยะ ครับ,"['หมาจรจัด', 'ทำความสะอาด']","{'การเดินทาง / รถเมล์มพ.': 0, 'สิ่งอำนวยความสะดวกและอาคารสถานที่': 0, 'สุขอนามัยและความสะอาด': 19, 'การเรียนการสอนและหลักสูตร': 0, 'โรงอาหาร / ร้านค้าบริการ': 0, 'ความปลอดภัยและจราจร': 0, 'ระบบเครือข่ายและเทคโนโลยี': 0, 'บริการและสวัสดิการนิสิต': 0}",19,สุขอนามัยและความสะอาด
แจ้งทำความสะอาดตรงสวนหน้าตึก หญ้ารกมาก ครับ,"['หญ้ารก', 'ทำความสะอาด']","{'การเดินทาง / รถเมล์มพ.': 0, 'สิ่งอำนวยความสะดวกและอาคารสถานที่': 0, 'สุขอนามัยและความสะอาด': 17, 'การเรียนการสอนและหลักสูตร': 0, 'โรงอาหาร / ร้านค้าบริการ': 0, 'ความปลอดภัยและจราจร': 0, 'ระบบเครือข่ายและเทคโนโลยี': 0, 'บริการและสวัสดิการนิสิต': 0}",17,สุขอนามัยและความสะอาด
สอบถามหน่อยครับ สอบถามเรื่องทุนการศึกษา,"['ทุนการศึกษา', 'สอบถามหน่อยครับ']","{'การเดินทาง / รถเมล์มพ.': 0, 'สิ่งอำนวยความสะดวกและอาคารสถานที่': 0, 'สุขอนามัยและความสะอาด': 0, 'การเรียนการสอนและหลักสูตร': 0, 'โรงอาหาร / ร้านค้าบริการ': 0, 'ความปลอดภัยและจราจร': 0, 'ระบบเครือข่ายและเทคโนโลยี': 0, 'บริการและสวัสดิการนิสิต': 26}",26,บริการและสวัสดิการนิสิต
รปภ. ช่วยดูตรงหน้ามอ หน่อยครับ หมวกกันน็อคหาย,"['รปภ.', 'รปภ', 'หมวกกันน็อคหาย']","{'การเดินทาง / รถเมล์มพ.': 0, 'สิ่งอำนวยความสะดวกและอาคารสถานที่': 0, 'สุขอนามัยและความสะอาด': 0, 'การเรียนการสอนและหลักสูตร': 0, 'โรงอาหาร / ร้านค้าบริการ': 0, 'ความปลอดภัยและจราจร': 7, 'ระบบเครือข่ายและเทคโนโลยี': 0, 'บริการและสวัสดิการนิสิต': 14}",14,บริการและสวัสดิการนิสิต
แจ้งเรื่องลิฟต์ค้าง ตรงห้องน้ำตึกสงวน ช่วยมาดูหน่อย,"['ลิฟต์ค้าง', 'ลิฟต์']","{'การเดินทาง / รถเมล์มพ.': 0, 'สิ่งอำนวยความสะดวกและอาคารสถานที่': 14, 'สุขอนามัยและความสะอาด': 0, 'การเรียนการสอนและหลักสูตร': 0, 'โรงอาหาร / ร้านค้าบริการ': 0, 'ความปลอดภัยและจราจร': 0, 'ระบบเครือข่ายและเทคโนโลยี': 0, 'บริการและสวัสดิการนิสิต': 0}",14,สิ่งอำนวยความสะดวกและอาคารสถานที่
สอบถามหน่อยครับ อยากทราบกำหนดการกิจกรรมรับน้อง,"['กิจกรรม', 'สอบถามหน่อยครับ']","{'การเดินทาง / รถเมล์มพ.': 0, 'สิ่งอำนวยความสะดวกและอาคารสถานที่': 0, 'สุขอนามัยและความสะอาด': 0, 'การเรียนการสอนและหลักสูตร': 0, 'โรงอาหาร / ร้านค้าบริการ': 0, 'ความปลอดภัยและจราจร': 0, 'ระบบเครือข่ายและเทคโนโลยี': 0, 'บริการและสวัสดิการนิสิต': 22}",22,บริการและสวัสดิการนิสิต
สอบถามหน่อยครับ อยากทราบกำหนดการกิจกรรมรับน้อง,"['กิจกรรม', 'สอบถามหน่อยครับ']","{'การเดินทาง / รถเมล์มพ.': 0, 'สิ่งอำนวยความสะดวกและอาคารสถานที่': 0, 'สุขอนามัยและความสะอาด': 0, 'การเรียนการสอนและหลักสูตร': 0, 'โรงอาหาร / ร้านค้าบริการ': 0, 'ความปลอดภัยและจราจร': 0, 'ระบบเครือข่ายและเทคโนโลยี': 0, 'บริการและสวัสดิการนิสิต': 22}",22,บริการและสวัสดิการนิสิต
สอบถามหน่อยครับ ทำบัตรนิสิตใหม่ที่ไหน,"['บัตรนิสิต', 'สอบถามหน่อยครับ']","{'การเดินทาง / รถเมล์มพ.': 0, 'สิ่งอำนวยความสะดวกและอาคารสถานที่': 0, 'สุขอนามัยและความสะอาด': 0, 'การเรียนการสอนและหลักสูตร': 0, 'โรงอาหาร / ร้านค้าบริการ': 0, 'ความปลอดภัยและจราจร': 0, 'ระบบเครือข่ายและเทคโนโลยี': 0, 'บริการและสวัสดิการนิสิต': 24}",24,บริการและสวัสดิการนิสิต
แจ้งเรื่องแอร์ไม่เย็นเลย ตรงห้องน้ำตึกสงวน ช่วยมาดูหน่อย,"['แอร์ไม่เย็น', 'แอร์']","{'การเดินทาง / รถเมล์มพ.': 0, 'สิ่งอำนวยความสะดวกและอาคารสถานที่': 15, 'สุขอนามัยและความสะอาด': 0, 'การเรียนการสอนและหลักสูตร': 0, 'โรงอาหาร / ร้านค้าบริการ': 0, 'ความปลอดภัยและจราจร': 0, 'ระบบเครือข่ายและเทคโนโลยี': 0, 'บริการและสวัสดิการนิสิต': 0}",15,สิ่งอำนวยความสะดวกและอาคารสถานที่
ระบบล่ม ตอนนี้อยู่ห้องสมุด ทำงานไม่ได้เลย,"['ระบบล่ม', 'ระบบ']","{'การเดินทาง / รถเมล์มพ.': 0, 'สิ่งอำนวยความสะดวกและอาคารสถานที่': 0, 'สุขอนามัยและความสะอาด': 0, 'การเรียนการสอนและหลักสูตร': 0, 'โรงอาหาร / ร้านค้าบริการ': 0, 'ความปลอดภัยและจราจร': 0, 'ระบบเครือข่ายและเทคโนโลยี': 11, 'บริการและสวัสดิการนิสิต': 0}",11,ระบบเครือข่ายและเทคโนโลยี
แจ้งทำความสะอาดตรงสนามบาส มีหมาจรจัดมาคุ้ยขยะ ครับ,"['หมาจรจัด', 'ทำความสะอาด']","{'การเดินทาง / รถเมล์มพ.': 0, 'สิ่งอำนวยความสะดวกและอาคารสถานที่': 0, 'สุขอนามัยและความสะอาด': 19, 'การเรียนการสอนและหลักสูตร': 0, 'โรงอาหาร / ร้านค้าบริการ': 0, 'ความปลอดภัยและจราจร': 0, 'ระบบเครือข่ายและเทคโนโลยี': 0, 'บริการและสวัสดิการนิสิต': 0}",19,สุขอนามัยและความสะอาด
รปภ. ช่วยดูตรงหน้ามอ หน่อยครับ หมวกกันน็อคหาย,"['รปภ.', 'รปภ', 'หมวกกันน็อคหาย']","{'การเดินทาง / รถเมล์มพ.': 0, 'สิ่งอำนวยความสะดวกและอาคารสถานที่': 0, 'สุขอนามัยและความสะอาด': 0, 'การเรียนการสอนและหลักสูตร': 0, 'โรงอาหาร / ร้านค้าบริการ': 0, 'ความปลอดภัยและจราจร': 7, 'ระบบเครือข่ายและเทคโนโลยี': 0, 'บริการและสวัสดิการนิสิต': 14}",14,บริการและสวัสดิการนิสิต
อาจารย์ครับ ตารางเรียนไม่ขึ้นระบบ รบกวนให้คำแนะนำที,"['ตารางเรียน', 'อาจารย์', 'ระบบ']","{'การเดินทาง / รถเมล์มพ.': 0, 'สิ่งอำนวยความสะดวกและอาคารสถานที่': 0, 'สุขอนามัยและความสะอาด': 0, 'การเรียนการสอนและหลักสูตร': 17, 'โรงอาหาร / ร้านค้าบริการ': 0, 'ความปลอดภัยและจราจร': 0, 'ระบบเครือข่ายและเทคโนโลยี': 4, 'บริการและสวัสดิการนิสิต': 0}",17,การเรียนการสอนและหลักสูตร
ไวไฟเข้าไม่ได้ ตอนนี้อยู่หอพักใน ทำงานไม่ได้เลย,"['ไวไฟเข้าไม่ได้', 'ไวไฟ']","{'การเดินทาง / รถเมล์มพ.': 0, 'สิ่งอำนวยความสะดวกและอาคารสถานที่': 0, 'สุขอนามัยและความสะอาด': 0, 'การเรียนการสอนและหลักสูตร': 0, 'โรงอาหาร / ร้านค้าบริการ': 0, 'ความปลอดภัยและจราจร': 0, 'ระบบเครือข่ายและเทคโนโลยี': 18, 'บริการและสวัสดิการนิสิต': 0}",18,ระบบเครือข่ายและเทคโนโลยี
แจ้งเรื่องน้ำไม่ไหล ตรงตึกวิทย์ ช่วยมาดูหน่อย,['น้ำไม่ไหล'],"{'การเดินทาง / รถเมล์มพ.': 0, 'สิ่งอำนวยความสะดวกและอาคารสถานที่': 9, 'สุขอนามัยและความสะอาด': 0, 'การเรียนการสอนและหลักสูตร': 0, 'โรงอาหาร / ร้านค้าบริการ': 0, 'ความปลอดภัยและจราจร': 0, 'ระบบเครือข่ายและเทคโนโลยี': 0, 'บริการและสวัสดิการนิสิต': 0}",9,สิ่งอำนวยความสะดวกและอาคารสถานที่
แจ้งเรื่องไฟดับครับ ตรงห้อง 1204 ช่วยมาดูหน่อย,['ไฟดับ'],"{'การเดินทาง / รถเมล์มพ.': 0, 'สิ่งอำนวยความสะดวกและอาคารสถานที่': 5, 'สุขอนามัยและความสะอาด': 0, 'การเรียนการสอนและหลักสูตร': 0, 'โรงอาหาร / ร้านค้าบริการ': 0, 'ความปลอดภัยและจราจร': 0, 'ระบบเครือข่ายและเทคโนโลยี': 0, 'บริการและสวัสดิการนิสิต': 0}",5,สิ่งอำนวยความสะดวกและอาคารสถานที่
อาจารย์ครับ อยากติดต่ออาจารย์เรื่องดรอปเรียน รบกวนให้คำแนะนำที,"['ดรอปเรียน', 'ติดต่ออาจารย์', 'อาจารย์']","{'การเดินทาง / รถเมล์มพ.': 0, 'สิ่งอำนวยความสะดวกและอาคารสถานที่': 0, 'สุขอนามัยและความสะอาด': 0, 'การเรียนการสอนและหลักสูตร': 29, 'โรงอาหาร / ร้านค้าบริการ': 0, 'ความปลอดภัยและจราจร': 0, 'ระบบเครือข่ายและเทคโนโลยี': 0, 'บริการและสวัสดิการนิสิต': 0}",29,การเรียนการสอนและหลักสูตร
รปภ. ช่วยดูตรงลานจอดรถ หน่อยครับ มีรถชนกัน,"['รถชน', 'รปภ.', 'รปภ']","{'การเดินทาง / รถเมล์มพ.': 0, 'สิ่งอำนวยความสะดวกและอาคารสถานที่': 0, 'สุขอนามัยและความสะอาด': 0, 'การเรียนการสอนและหลักสูตร': 0, 'โรงอาหาร / ร้านค้าบริการ': 0, 'ความปลอดภัยและจราจร': 11, 'ระบบเครือข่ายและเทคโนโลยี': 0, 'บริการและสวัสดิการนิสิต': 0}",11,ความปลอดภัยและจราจร
อาจารย์ครับ ขอสอบชดเชยต้องทำไง รบกวนให้คำแนะนำที,"['ขอสอบชดเชย', 'อาจารย์']","{'การเดินทาง / รถเมล์มพ.': 0, 'สิ่งอำนวยความสะดวกและอาคารสถานที่': 0, 'สุขอนามัยและความสะอาด': 0, 'การเรียนการสอนและหลักสูตร': 17, 'โรงอาหาร / ร้านค้าบริการ': 0, 'ความปลอดภัยและจราจร': 0, 'ระบบเครือข่ายและเทคโนโลยี': 0, 'บริการและสวัสดิการนิสิต': 0}",17,การเรียนการสอนและหลักสูตร
สอบถามหน่อยครับ อยากทราบกำหนดการกิจกรรมรับน้อง,"['กิจกรรม', 'สอบถามหน่อยครับ']","{'การเดินทาง / รถเมล์มพ.': 0, 'สิ่งอำนวยความสะดวกและอาคารสถานที่': 0, 'สุขอนามัยและความสะอาด': 0, 'การเรียนการสอนและหลักสูตร': 0, 'โรงอาหาร / ร้านค้าบริการ': 0, 'ความปลอดภัยและจราจร': 0, 'ระบบเครือข่ายและเทคโนโลยี': 0, 'บริการและสวัสดิการนิสิต': 22}",22,บริการและสวัสดิการนิสิต
แจ้งทำความสะอาดตรงสวนหน้าตึก ขยะล้นถังส่งกลิ่นเหม็น ครับ,"['ขยะล้น', 'เหม็น', 'ทำความสะอาด', 'กลิ่นเหม็น']","{'การเดินทาง / รถเมล์มพ.': 0, 'สิ่งอำนวยความสะดวกและอาคารสถานที่': 0, 'สุขอนามัยและความสะอาด': 32, 'การเรียนการสอนและหลักสูตร': 0, 'โรงอาหาร / ร้านค้าบริการ': 0, 'ความปลอดภัยและจราจร': 0, 'ระบบเครือข่ายและเทคโนโลยี': 0, 'บริการและสวัสดิการนิสิต': 0}",32,สุขอนามัยและความสะอาด
แจ้งเรื่องลิฟต์ค้าง ตรงตึก ICT ช่วยมาดูหน่อย,"['ลิฟต์ค้าง', 'ลิฟต์']","{'การเดินทาง / รถเมล์มพ.': 0, 'สิ่งอำนวยความสะดวกและอาคารสถานที่': 14, 'สุขอนามัยและความสะอาด': 0, 'การเรียนการสอนและหลักสูตร': 0, 'โรงอาหาร / ร้านค้าบริการ': 0, 'ความปลอดภัยและจราจร': 0, 'ระบบเครือข่ายและเทคโนโลยี': 0, 'บริการและสวัสดิการนิสิต': 0}",14,สิ่งอำนวยความสะดวกและอาคารสถานที่
รปภ. ช่วยดูตรงลานจอดรถ หน่อยครับ ทางมืดมากอันตราย,"['อันตราย', 'รปภ.', 'ทางมืด', 'รปภ']","{'การเดินทาง / รถเมล์มพ.': 0, 'สิ่งอำนวยความสะดวกและอาคารสถานที่': 0, 'สุขอนามัยและความสะอาด': 0, 'การเรียนการสอนและหลักสูตร': 0, 'โรงอาหาร / ร้านค้าบริการ': 0, 'ความปลอดภัยและจราจร': 20, 'ระบบเครือข่ายและเทคโนโลยี': 0, 'บริการและสวัสดิการนิสิต': 0}",20,ความปลอดภัยและจราจร
ลงทะเบียนไม่ได้ ตอนนี้อยู่ห้องสมุด ทำงานไม่ได้เลย,['ลงทะเบียนไม่ได้'],"{'การเดินทาง / รถเมล์มพ.': 0, 'สิ่งอำนวยความสะดวกและอาคารสถานที่': 0, 'สุขอนามัยและความสะอาด': 0, 'การเรียนการสอนและหลักสูตร': 0, 'โรงอาหาร / ร้านค้าบริการ': 0, 'ความปลอดภัยและจราจร': 0, 'ระบบเครือข่ายและเทคโนโลยี': 15, 'บริการและสวัสดิการนิสิต': 0}",15,ระบบเครือข่ายและเทคโนโลยี
รปภ. ช่วยดูตรงหน้ามอ หน่อยครับ คนจอดรถขวางทาง,"['รปภ.', 'จอดรถขวาง', 'รปภ']","{'การเดินทาง / รถเมล์มพ.': 0, 'สิ่งอำนวยความสะดวกและอาคารสถานที่': 0, 'สุขอนามัยและความสะอาด': 0, 'การเรียนการสอนและหลักสูตร': 0, 'โรงอาหาร / ร้านค้าบริการ': 0, 'ความปลอดภัยและจราจร': 16, 'ระบบเครือข่ายและเทคโนโลยี': 0, 'บริการและสวัสดิการนิสิต': 0}",16,ความปลอดภัยและจราจร
อาจารย์ครับ ขอสอบชดเชยต้องทำไง รบกวนให้คำแนะนำที,"['ขอสอบชดเชย', 'อาจารย์']","{'การเดินทาง / รถเมล์มพ.': 0, 'สิ่งอำนวยความสะดวกและอาคารสถานที่': 0, 'สุขอนามัยและความสะอาด': 0, 'การเรียนการสอนและหลักสูตร': 17, 'โรงอาหาร / ร้านค้าบริการ': 0, 'ความปลอดภัยและจราจร': 0, 'ระบบเครือข่ายและเทคโนโลยี': 0, 'บริการและสวัสดิการนิสิต': 0}",17,การเรียนการสอนและหลักสูตร
สอบถามหน่อยครับ อยากทราบกำหนดการกิจกรรมรับน้อง,"['กิจกรรม', 'สอบถามหน่อยครับ']","{'การเดินทาง / รถเมล์มพ.': 0, 'สิ่งอำนวยความสะดวกและอาคารสถานที่': 0, 'สุขอนามัยและความสะอาด': 0, 'การเรียนการสอนและหลักสูตร': 0, 'โรงอาหาร / ร้านค้าบริการ': 0, 'ความปลอดภัยและจราจร': 0, 'ระบบเครือข่ายและเทคโนโลยี': 0, 'บริการและสวัสดิการนิสิต': 22}",22,บริการและสวัสดิการนิสิต
รปภ. ช่วยดูตรงหลังมอ หน่อยครับ ทางมืดมากอันตราย,"['อันตราย', 'รปภ.', 'ทางมืด', 'รปภ']","{'การเดินทาง / รถเมล์มพ.': 0, 'สิ่งอำนวยความสะดวกและอาคารสถานที่': 0, 'สุขอนามัยและความสะอาด': 0, 'การเรียนการสอนและหลักสูตร': 0, 'โรงอาหาร / ร้านค้าบริการ': 0, 'ความปลอดภัยและจราจร': 20, 'ระบบเครือข่ายและเทคโนโลยี': 0, 'บริการและสวัสดิการนิสิต': 0}",20,ความปลอดภัยและจราจร
สอบถามหน่อยครับ สอบถามเรื่องทุนการศึกษา,"['ทุนการศึกษา', 'สอบถามหน่อยครับ']","{'การเดินทาง / รถเมล์มพ.': 0, 'สิ่งอำนวยความสะดวกและอาคารสถานที่': 0, 'สุขอนามัยและความสะอาด': 0, 'การเรียนการสอนและหลักสูตร': 0, 'โรงอาหาร / ร้านค้าบริการ': 0, 'ความปลอดภัยและจราจร': 0, 'ระบบเครือข่ายและเทคโนโลยี': 0, 'บริการและสวัสดิการนิสิต': 26}",26,บริการและสวัสดิการนิสิต
สอบถามหน่อยครับ อยากทราบกำหนดการกิจกรรมรับน้อง,"['กิจกรรม', 'สอบถามหน่อยครับ']","{'การเดินทาง / รถเมล์มพ.': 0, 'สิ่งอำนวยความสะดวกและอาคารสถานที่': 0, 'สุขอนามัยและความสะอาด': 0, 'การเรียนการสอนและหลักสูตร': 0, 'โรงอาหาร / ร้านค้าบริการ': 0, 'ความปลอดภัยและจราจร': 0, 'ระบบเครือข่ายและเทคโนโลยี': 0, 'บริการและสวัสดิการนิสิต': 22}",22,บริการและสวัสดิการนิสิต
ระบบล่ม ตอนนี้อยู่หอพักใน ทำงานไม่ได้เลย,"['ระบบล่ม', 'ระบบ']","{'การเดินทาง / รถเมล์มพ.': 0, 'สิ่งอำนวยความสะดวกและอาคารสถานที่': 0, 'สุขอนามัยและความสะอาด': 0, 'การเรียนการสอนและหลักสูตร': 0, 'โรงอาหาร / ร้านค้าบริการ': 0, 'ความปลอดภัยและจราจร': 0, 'ระบบเครือข่ายและเทคโนโลยี': 11, 'บริการและสวัสดิการนิสิต': 0}",11,ระบบเครือข่ายและเทคโนโลยี
อาจารย์ครับ อยากติดต่ออาจารย์เรื่องดรอปเรียน รบกวนให้คำแนะนำที,"['ดรอปเรียน', 'ติดต่ออาจารย์', 'อาจารย์']","{'การเดินทาง / รถเมล์มพ.': 0, 'สิ่งอำนวยความสะดวกและอาคารสถานที่': 0, 'สุขอนามัยและความสะอาด': 0, 'การเรียนการสอนและหลักสูตร': 29, 'โรงอาหาร / ร้านค้าบริการ': 0, 'ความปลอดภัยและจราจร': 0, 'ระบบเครือข่ายและเทคโนโลยี': 0, 'บริการและสวัสดิการนิสิต': 0}",29,การเรียนการสอนและหลักสูตร
รปภ. ช่วยดูตรงลานจอดรถ หน่อยครับ คนจอดรถขวางทาง,"['รปภ.', 'จอดรถขวาง', 'รปภ']","{'การเดินทาง / รถเมล์มพ.': 0, 'สิ่งอำนวยความสะดวกและอาคารสถานที่': 0, 'สุขอนามัยและความสะอาด': 0, 'การเรียนการสอนและหลักสูตร': 0, 'โรงอาหาร / ร้านค้าบริการ': 0, 'ความปลอดภัยและจราจร': 16, 'ระบบเครือข่ายและเทคโนโลยี': 0, 'บริการและสวัสดิการนิสิต': 0}",16,ความปลอดภัยและจราจร
ไวไฟเข้าไม่ได้ ตอนนี้อยู่หอพักใน ทำงานไม่ได้เลย,"['ไวไฟเข้าไม่ได้', 'ไวไฟ']","{'การเดินทาง / รถเมล์มพ.': 0, 'สิ่งอำนวยความสะดวกและอาคารสถานที่': 0, 'สุขอนามัยและความสะอาด': 0, 'การเรียนการสอนและหลักสูตร': 0, 'โรงอาหาร / ร้านค้าบริการ': 0, 'ความปลอดภัยและจราจร': 0, 'ระบบเครือข่ายและเทคโนโลยี': 18, 'บริการและสวัสดิการนิสิต': 0}",18,ระบบเครือข่ายและเทคโนโลยี
แจ้งทำความสะอาดตรงสนามบาส สกปรกมากไม่ทำความสะอาด ครับ,"['สกปรก', 'ไม่ทำความสะอาด', 'ทำความสะอาด']","{'การเดินทาง / รถเมล์มพ.': 0, 'สิ่งอำนวยความสะดวกและอาคารสถานที่': 0, 'สุขอนามัยและความสะอาด': 30, 'การเรียนการสอนและหลักสูตร': 0, 'โรงอาหาร / ร้านค้าบริการ': 0, 'ความปลอดภัยและจราจร': 0, 'ระบบเครือข่ายและเทคโนโลยี': 0, 'บริการและสวัสดิการนิสิต': 0}",30,สุขอนามัยและความสะอาด
อาจารย์ครับ ตารางเรียนไม่ขึ้นระบบ รบกวนให้คำแนะนำที,"['ตารางเรียน', 'อาจารย์', 'ระบบ']","{'การเดินทาง / รถเมล์มพ.': 0, 'สิ่งอำนวยความสะดวกและอาคารสถานที่': 0, 'สุขอนามัยและความสะอาด': 0, 'การเรียนการสอนและหลักสูตร': 17, 'โรงอาหาร / ร้านค้าบริการ': 0, 'ความปลอดภัยและจราจร': 0, 'ระบบเครือข่ายและเทคโนโลยี': 4, 'บริการและสวัสดิการนิสิต': 0}",17,การเรียนการสอนและหลักสูตร
เน็ตหลุดบ่อยมาก ตอนนี้อยู่หน้ามอ ทำงานไม่ได้เลย,"['เน็ตหลุด', 'หลุดบ่อย']","{'การเดินทาง / รถเมล์มพ.': 0, 'สิ่งอำนวยความสะดวกและอาคารสถานที่': 0, 'สุขอนามัยและความสะอาด': 0, 'การเรียนการสอนและหลักสูตร': 0, 'โรงอาหาร / ร้านค้าบริการ': 0, 'ความปลอดภัยและจราจร': 0, 'ระบบเครือข่ายและเทคโนโลยี': 16, 'บริการและสวัสดิการนิสิต': 0}",16,ระบบเครือข่ายและเทคโนโลยี
แจ้งเรื่องประตูพัง ตรงอาคารเรียนรวม ช่วยมาดูหน่อย,"['พัง', 'ประตูพัง']","{'การเดินทาง / รถเมล์มพ.': 0, 'สิ่งอำนวยความสะดวกและอาคารสถานที่': 11, 'สุขอนามัยและความสะอาด': 0, 'การเรียนการสอนและหลักสูตร': 0, 'โรงอาหาร / ร้านค้าบริการ': 0, 'ความปลอดภัยและจราจร': 0, 'ระบบเครือข่ายและเทคโนโลยี': 0, 'บริการและสวัสดิการนิสิต': 0}",11,สิ่งอำนวยความสะดวกและอาคารสถานที่
อาจารย์ครับ ตารางเรียนไม่ขึ้นระบบ รบกวนให้คำแนะนำที,"['ตารางเรียน', 'อาจารย์', 'ระบบ']","{'การเดินทาง / รถเมล์มพ.': 0, 'สิ่งอำนวยความสะดวกและอาคารสถานที่': 0, 'สุขอนามัยและความสะอาด': 0, 'การเรียนการสอนและหลักสูตร': 17, 'โรงอาหาร / ร้านค้าบริการ': 0, 'ความปลอดภัยและจราจร': 0, 'ระบบเครือข่ายและเทคโนโลยี': 4, 'บริการและสวัสดิการนิสิต': 0}",17,การเรียนการสอนและหลักสูตร
เน็ตหลุดบ่อยมาก ตอนนี้อยู่ตึกคณะ ทำงานไม่ได้เลย,"['เน็ตหลุด', 'หลุดบ่อย']","{'การเดินทาง / รถเมล์มพ.': 0, 'สิ่งอำนวยความสะดวกและอาคารสถานที่': 0, 'สุขอนามัยและความสะอาด': 0, 'การเรียนการสอนและหลักสูตร': 0, 'โรงอาหาร / ร้านค้าบริการ': 0, 'ความปลอดภัยและจราจร': 0, 'ระบบเครือข่ายและเทคโนโลยี': 16, 'บริการและสวัสดิการนิสิต': 0}",16,ระบบเครือข่ายและเทคโนโลยี
รปภ. ช่วยดูตรงหลังมอ หน่อยครับ มีรถชนกัน,"['รถชน', 'รปภ.', 'รปภ']","{'การเดินทาง / รถเมล์มพ.': 0, 'สิ่งอำนวยความสะดวกและอาคารสถานที่': 0, 'สุขอนามัยและความสะอาด': 0, 'การเรียนการสอนและหลักสูตร': 0, 'โรงอาหาร / ร้านค้าบริการ': 0, 'ความปลอดภัยและจราจร': 11, 'ระบบเครือข่ายและเทคโนโลยี': 0, 'บริการและสวัสดิการนิสิต': 0}",11,ความปลอดภัยและจราจร
แจ้งเรื่องประตูพัง ตรงห้องบรรยาย ช่วยมาดูหน่อย,"['พัง', 'ประตูพัง']","{'การเดินทาง / รถเมล์มพ.': 0, 'สิ่งอำนวยความสะดวกและอาคารสถานที่': 11, 'สุขอนามัยและความสะอาด': 0, 'การเรียนการสอนและหลักสูตร': 0, 'โรงอาหาร / ร้านค้าบริการ': 0, 'ความปลอดภัยและจราจร': 0, 'ระบบเครือข่ายและเทคโนโลยี': 0, 'บริการและสวัสดิการนิสิต': 0}",11,สิ่งอำนวยความสะดวกและอาคารสถานที่
แจ้งทำความสะอาดตรงสนามบาส สกปรกมากไม่ทำความสะอาด ครับ,"['สกปรก', 'ไม่ทำความสะอาด', 'ทำความสะอาด']","{'การเดินทาง / รถเมล์มพ.': 0, 'สิ่งอำนวยความสะดวกและอาคารสถานที่': 0, 'สุขอนามัยและความสะอาด': 30, 'การเรียนการสอนและหลักสูตร': 0, 'โรงอาหาร / ร้านค้าบริการ': 0, 'ความปลอดภัยและจราจร': 0, 'ระบบเครือข่ายและเทคโนโลยี': 0, 'บริการและสวัสดิการนิสิต': 0}",30,สุขอนามัยและความสะอาด
แจ้งทำความสะอาดตรงสนามบาส สกปรกมากไม่ทำความสะอาด ครับ,"['สกปรก', 'ไม่ทำความสะอาด', 'ทำความสะอาด']","{'การเดินทาง / รถเมล์มพ.': 0, 'สิ่งอำนวยความสะดวกและอาคารสถานที่': 0, 'สุขอนามัยและความสะอาด': 30, 'การเรียนการสอนและหลักสูตร': 0, 'โรงอาหาร / ร้านค้าบริการ': 0, 'ความปลอดภัยและจราจร': 0, 'ระบบเครือข่ายและเทคโนโลยี': 0, 'บริการและสวัสดิการนิสิต': 0}",30,สุขอนามัยและความสะอาด
อาจารย์ครับ ลงทะเบียนวิชานี้ไม่ได้ รบกวนให้คำแนะนำที,"['วิชา', 'อาจารย์']","{'การเดินทาง / รถเมล์มพ.': 0, 'สิ่งอำนวยความสะดวกและอาคารสถานที่': 0, 'สุขอนามัยและความสะอาด': 0, 'การเรียนการสอนและหลักสูตร': 11, 'โรงอาหาร / ร้านค้าบริการ': 0, 'ความปลอดภัยและจราจร': 0, 'ระบบเครือข่ายและเทคโนโลยี': 0, 'บริการและสวัสดิการนิสิต': 0}",11,การเรียนการสอนและหลักสูตร
ลืมรหัสผ่านเข้าระบบ ตอนนี้อยู่ตึกคณะ ทำงานไม่ได้เลย,"['ลืมรหัสผ่าน', 'ระบบ']","{'การเดินทาง / รถเมล์มพ.': 0, 'สิ่งอำนวยความสะดวกและอาคารสถานที่': 0, 'สุขอนามัยและความสะอาด': 0, 'การเรียนการสอนและหลักสูตร': 0, 'โรงอาหาร / ร้านค้าบริการ': 0, 'ความปลอดภัยและจราจร': 0, 'ระบบเครือข่ายและเทคโนโลยี': 15, 'บริการและสวัสดิการนิสิต': 0}",15,ระบบเครือข่ายและเทคโนโลยี
อาจารย์ครับ ตารางเรียนไม่ขึ้นระบบ รบกวนให้คำแนะนำที,"['ตารางเรียน', 'อาจารย์', 'ระบบ']","{'การเดินทาง / รถเมล์มพ.': 0, 'สิ่งอำนวยความสะดวกและอาคารสถานที่': 0, 'สุขอนามัยและความสะอาด': 0, 'การเรียนการสอนและหลักสูตร': 17, 'โรงอาหาร / ร้านค้าบริการ': 0, 'ความปลอดภัยและจราจร': 0, 'ระบบเครือข่ายและเทคโนโลยี': 4, 'บริการและสวัสดิการนิสิต': 0}",17,การเรียนการสอนและหลักสูตร
ไวไฟเข้าไม่ได้ ตอนนี้อยู่หอพักใน ทำงานไม่ได้เลย,"['ไวไฟเข้าไม่ได้', 'ไวไฟ']","{'การเดินทาง / รถเมล์มพ.': 0, 'สิ่งอำนวยความสะดวกและอาคารสถานที่': 0, 'สุขอนามัยและความสะอาด': 0, 'การเรียนการสอนและหลักสูตร': 0, 'โรงอาหาร / ร้านค้าบริการ': 0, 'ความปลอดภัยและจราจร': 0, 'ระบบเครือข่ายและเทคโนโลยี': 18, 'บริการและสวัสดิการนิสิต': 0}",18,ระบบเครือข่ายและเทคโนโลยี
ลืมรหัสผ่านเข้าระบบ ตอนนี้อยู่ห้องสมุด ทำงานไม่ได้เลย,"['ลืมรหัสผ่าน', 'ระบบ']","{'การเดินทาง / รถเมล์มพ.': 0, 'สิ่งอำนวยความสะดวกและอาคารสถานที่': 0, 'สุขอนามัยและความสะอาด': 0, 'การเรียนการสอนและหลักสูตร': 0, 'โรงอาหาร / ร้านค้าบริการ': 0, 'ความปลอดภัยและจราจร': 0, 'ระบบเครือข่ายและเทคโนโลยี': 15, 'บริการและสวัสดิการนิสิต': 0}",15,ระบบเครือข่ายและเทคโนโลยี
แจ้งเรื่องหลังคารั่วหนักมาก ตรงห้องน้ำตึกสงวน ช่วยมาดูหน่อย,['หลังคารั่ว'],"{'การเดินทาง / รถเมล์มพ.': 0, 'สิ่งอำนวยความสะดวกและอาคารสถานที่': 10, 'สุขอนามัยและความสะอาด': 0, 'การเรียนการสอนและหลักสูตร': 0, 'โรงอาหาร / ร้านค้าบริการ': 0, 'ความปลอดภัยและจราจร': 0, 'ระบบเครือข่ายและเทคโนโลยี': 0, 'บริการและสวัสดิการนิสิต': 0}",10,สิ่งอำนวยความสะดวกและอาคารสถานที่
อาจารย์ครับ เกรดยังไม่ออกครับ รบกวนให้คำแนะนำที,"['เกรด', 'อาจารย์']","{'การเดินทาง / รถเมล์มพ.': 0, 'สิ่งอำนวยความสะดวกและอาคารสถานที่': 0, 'สุขอนามัยและความสะอาด': 0, 'การเรียนการสอนและหลักสูตร': 11, 'โรงอาหาร / ร้านค้าบริการ': 0, 'ความปลอดภัยและจราจร': 0, 'ระบบเครือข่ายและเทคโนโลยี': 0, 'บริการและสวัสดิการนิสิต': 0}",11,การเรียนการสอนและหลักสูตร
แจ้งทำความสะอาดตรงสนามบาส มีหมาจรจัดมาคุ้ยขยะ ครับ,"['หมาจรจัด', 'ทำความสะอาด']","{'การเดินทาง / รถเมล์มพ.': 0, 'สิ่งอำนวยความสะดวกและอาคารสถานที่': 0, 'สุขอนามัยและความสะอาด': 19, 'การเรียนการสอนและหลักสูตร': 0, 'โรงอาหาร / ร้านค้าบริการ': 0, 'ความปลอดภัยและจราจร': 0, 'ระบบเครือข่ายและเทคโนโลยี': 0, 'บริการและสวัสดิการนิสิต': 0}",19,สุขอนามัยและความสะอาด
สอบถามหน่อยครับ รถเมล์สาย 1 หมดกี่โมง,"['รถเมล์', 'รถเมล์สาย', 'สอบถามหน่อยครับ']","{'การเดินทาง / รถเมล์มพ.': 15, 'สิ่งอำนวยความสะดวกและอาคารสถานที่': 0, 'สุขอนามัยและความสะอาด': 0, 'การเรียนการสอนและหลักสูตร': 0, 'โรงอาหาร / ร้านค้าบริการ': 0, 'ความปลอดภัยและจราจร': 0, 'ระบบเครือข่ายและเทคโนโลยี': 0, 'บริการและสวัสดิการนิสิต': 15}",15,การเดินทาง / รถเมล์มพ.
แจ้งทำความสะอาดตรงริมสระน้ำ กิ่งไม้หักขวางทาง ครับ,"['กิ่งไม้หัก', 'ทำความสะอาด']","{'การเดินทาง / รถเมล์มพ.': 0, 'สิ่งอำนวยความสะดวกและอาคารสถานที่': 0, 'สุขอนามัยและความสะอาด': 21, 'การเรียนการสอนและหลักสูตร': 0, 'โรงอาหาร / ร้านค้าบริการ': 0, 'ความปลอดภัยและจราจร': 0, 'ระบบเครือข่ายและเทคโนโลยี': 0, 'บริการและสวัสดิการนิสิต': 0}",21,สุขอนามัยและความสะอาด
รปภ. ช่วยดูตรงหลังมอ หน่อยครับ คนจอดรถขวางทาง,"['รปภ.', 'จอดรถขวาง', 'รปภ']","{'การเดินทาง / รถเมล์มพ.': 0, 'สิ่งอำนวยความสะดวกและอาคารสถานที่': 0, 'สุขอนามัยและความสะอาด': 0, 'การเรียนการสอนและหลักสูตร': 0, 'โรงอาหาร / ร้านค้าบริการ': 0, 'ความปลอดภัยและจราจร': 16, 'ระบบเครือข่ายและเทคโนโลยี': 0, 'บริการและสวัสดิการนิสิต': 0}",16,ความปลอดภัยและจราจร
สอบถามหน่อยครับ อยากทราบกำหนดการกิจกรรมรับน้อง,"['กิจกรรม', 'สอบถามหน่อยครับ']","{'การเดินทาง / รถเมล์มพ.': 0, 'สิ่งอำนวยความสะดวกและอาคารสถานที่': 0, 'สุขอนามัยและความสะอาด': 0, 'การเรียนการสอนและหลักสูตร': 0, 'โรงอาหาร / ร้านค้าบริการ': 0, 'ความปลอดภัยและจราจร': 0, 'ระบบเครือข่ายและเทคโนโลยี': 0, 'บริการและสวัสดิการนิสิต': 22}",22,บริการและสวัสดิการนิสิต
รปภ. ช่วยดูตรงลานจอดรถ หน่อยครับ หมวกกันน็อคหาย,"['รปภ.', 'รปภ', 'หมวกกันน็อคหาย']","{'การเดินทาง / รถเมล์มพ.': 0, 'สิ่งอำนวยความสะดวกและอาคารสถานที่': 0, 'สุขอนามัยและความสะอาด': 0, 'การเรียนการสอนและหลักสูตร': 0, 'โรงอาหาร / ร้านค้าบริการ': 0, 'ความปลอดภัยและจราจร': 7, 'ระบบเครือข่ายและเทคโนโลยี': 0, 'บริการและสวัสดิการนิสิต': 14}",14,บริการและสวัสดิการนิสิต
รปภ. ช่วยดูตรงประตู 2 หน่อยครับ รถติดหนักมาก,"['รถติด', 'รปภ.', 'รปภ', 'ประตู 2']","{'การเดินทาง / รถเมล์มพ.': 5, 'สิ่งอำนวยความสะดวกและอาคารสถานที่': 0, 'สุขอนามัยและความสะอาด': 0, 'การเรียนการสอนและหลักสูตร': 0, 'โรงอาหาร / ร้านค้าบริการ': 0, 'ความปลอดภัยและจราจร': 14, 'ระบบเครือข่ายและเทคโนโลยี': 0, 'บริการและสวัสดิการนิสิต': 0}",14,ความปลอดภัยและจราจร
แจ้งเรื่องประตูพัง ตรงตึกวิทย์ ช่วยมาดูหน่อย,"['พัง', 'ประตูพัง']","{'การเดินทาง / รถเมล์มพ.': 0, 'สิ่งอำนวยความสะดวกและอาคารสถานที่': 11, 'สุขอนามัยและความสะอาด': 0, 'การเรียนการสอนและหลักสูตร': 0, 'โรงอาหาร / ร้านค้าบริการ': 0, 'ความปลอดภัยและจราจร': 0, 'ระบบเครือข่ายและเทคโนโลยี': 0, 'บริการและสวัสดิการนิสิต': 0}",11,สิ่งอำนวยความสะดวกและอาคารสถานที่
สอบถามหน่อยครับ ทำบัตรนิสิตใหม่ที่ไหน,"['บัตรนิสิต', 'สอบถามหน่อยครับ']","{'การเดินทาง / รถเมล์มพ.': 0, 'สิ่งอำนวยความสะดวกและอาคารสถานที่': 0, 'สุขอนามัยและความสะอาด': 0, 'การเรียนการสอนและหลักสูตร': 0, 'โรงอาหาร / ร้านค้าบริการ': 0, 'ความปลอดภัยและจราจร': 0, 'ระบบเครือข่ายและเทคโนโลยี': 0, 'บริการและสวัสดิการนิสิต': 24}",24,บริการและสวัสดิการนิสิต
สอบถามหน่อยครับ สอบถามเรื่องทุนการศึกษา,"['ทุนการศึกษา', 'สอบถามหน่อยครับ']","{'การเดินทาง / รถเมล์มพ.': 0, 'สิ่งอำนวยความสะดวกและอาคารสถานที่': 0, 'สุขอนามัยและความสะอาด': 0, 'การเรียนการสอนและหลักสูตร': 0, 'โรงอาหาร / ร้านค้าบริการ': 0, 'ความปลอดภัยและจราจร': 0, 'ระบบเครือข่ายและเทคโนโลยี': 0, 'บริการและสวัสดิการนิสิต': 26}",26,บริการและสวัสดิการนิสิต
แจ้งทำความสะอาดตรงโรงอาหาร กิ่งไม้หักขวางทาง ครับ,"['กิ่งไม้หัก', 'ทำความสะอาด', 'โรงอาหาร', 'อาหาร']","{'การเดินทาง / รถเมล์มพ.': 0, 'สิ่งอำนวยความสะดวกและอาคารสถานที่': 0, 'สุขอนามัยและความสะอาด': 21, 'การเรียนการสอนและหลักสูตร': 0, 'โรงอาหาร / ร้านค้าบริการ': 13, 'ความปลอดภัยและจราจร': 0, 'ระบบเครือข่ายและเทคโนโลยี': 0, 'บริการและสวัสดิการนิสิต': 0}",21,สุขอนามัยและความสะอาด
แจ้งเรื่องน้ำไม่ไหล ตรงห้องบรรยาย ช่วยมาดูหน่อย,['น้ำไม่ไหล'],"{'การเดินทาง / รถเมล์มพ.': 0, 'สิ่งอำนวยความสะดวกและอาคารสถานที่': 9, 'สุขอนามัยและความสะอาด': 0, 'การเรียนการสอนและหลักสูตร': 0, 'โรงอาหาร / ร้านค้าบริการ': 0, 'ความปลอดภัยและจราจร': 0, 'ระบบเครือข่ายและเทคโนโลยี': 0, 'บริการและสวัสดิการนิสิต': 0}",9,สิ่งอำนวยความสะดวกและอาคารสถานที่
อาจารย์ครับ เกรดยังไม่ออกครับ รบกวนให้คำแนะนำที,"['เกรด', 'อาจารย์']","{'การเดินทาง / รถเมล์มพ.': 0, 'สิ่งอำนวยความสะดวกและอาคารสถานที่': 0, 'สุขอนามัยและความสะอาด': 0, 'การเรียนการสอนและหลักสูตร': 11, 'โรงอาหาร / ร้านค้าบริการ': 0, 'ความปลอดภัยและจราจร': 0, 'ระบบเครือข่ายและเทคโนโลยี': 0, 'บริการและสวัสดิการนิสิต': 0}",11,การเรียนการสอนและหลักสูตร
สอบถามหน่อยครับ รถเมล์สาย 1 หมดกี่โมง,"['รถเมล์', 'รถเมล์สาย', 'สอบถามหน่อยครับ']","{'การเดินทาง / รถเมล์มพ.': 15, 'สิ่งอำนวยความสะดวกและอาคารสถานที่': 0, 'สุขอนามัยและความสะอาด': 0, 'การเรียนการสอนและหลักสูตร': 0, 'โรงอาหาร / ร้านค้าบริการ': 0, 'ความปลอดภัยและจราจร': 0, 'ระบบเครือข่ายและเทคโนโลยี': 0, 'บริการและสวัสดิการนิสิต': 15}",15,การเดินทาง / รถเมล์มพ.
แจ้งเรื่องลิฟต์ค้าง ตรงตึกวิทย์ ช่วยมาดูหน่อย,"['ลิฟต์ค้าง', 'ลิฟต์']","{'การเดินทาง / รถเมล์มพ.': 0, 'สิ่งอำนวยความสะดวกและอาคารสถานที่': 14, 'สุขอนามัยและความสะอาด': 0, 'การเรียนการสอนและหลักสูตร': 0, 'โรงอาหาร / ร้านค้าบริการ': 0, 'ความปลอดภัยและจราจร': 0, 'ระบบเครือข่ายและเทคโนโลยี': 0, 'บริการและสวัสดิการนิสิต': 0}",14,สิ่งอำนวยความสะดวกและอาคารสถานที่
แจ้งเรื่องประตูพัง ตรงตึก ICT ช่วยมาดูหน่อย,"['พัง', 'ประตูพัง']","{'การเดินทาง / รถเมล์มพ.': 0, 'สิ่งอำนวยความสะดวกและอาคารสถานที่': 11, 'สุขอนามัยและความสะอาด': 0, 'การเรียนการสอนและหลักสูตร': 0, 'โรงอาหาร / ร้านค้าบริการ': 0, 'ความปลอดภัยและจราจร': 0, 'ระบบเครือข่ายและเทคโนโลยี': 0, 'บริการและสวัสดิการนิสิต': 0}",11,สิ่งอำนวยความสะดวกและอาคารสถานที่
อาจารย์ครับ เกรดยังไม่ออกครับ รบกวนให้คำแนะนำที,"['เกรด', 'อาจารย์']","{'การเดินทาง / รถเมล์มพ.': 0, 'สิ่งอำนวยความสะดวกและอาคารสถานที่': 0, 'สุขอนามัยและความสะอาด': 0, 'การเรียนการสอนและหลักสูตร': 11, 'โรงอาหาร / ร้านค้าบริการ': 0, 'ความปลอดภัยและจราจร': 0, 'ระบบเครือข่ายและเทคโนโลยี': 0, 'บริการและสวัสดิการนิสิต': 0}",11,การเรียนการสอนและหลักสูตร
ลืมรหัสผ่านเข้าระบบ ตอนนี้อยู่หน้ามอ ทำงานไม่ได้เลย,"['ลืมรหัสผ่าน', 'ระบบ']","{'การเดินทาง / รถเมล์มพ.': 0, 'สิ่งอำนวยความสะดวกและอาคารสถานที่': 0, 'สุขอนามัยและความสะอาด': 0, 'การเรียนการสอนและหลักสูตร': 0, 'โรงอาหาร / ร้านค้าบริการ': 0, 'ความปลอดภัยและจราจร': 0, 'ระบบเครือข่ายและเทคโนโลยี': 15, 'บริการและสวัสดิการนิสิต': 0}",15,ระบบเครือข่ายและเทคโนโลยี
รปภ. ช่วยดูตรงหลังมอ หน่อยครับ หมวกกันน็อคหาย,"['รปภ.', 'รปภ', 'หมวกกันน็อคหาย']","{'การเดินทาง / รถเมล์มพ.': 0, 'สิ่งอำนวยความสะดวกและอาคารสถานที่': 0, 'สุขอนามัยและความสะอาด': 0, 'การเรียนการสอนและหลักสูตร': 0, 'โรงอาหาร / ร้านค้าบริการ': 0, 'ความปลอดภัยและจราจร': 7, 'ระบบเครือข่ายและเทคโนโลยี': 0, 'บริการและสวัสดิการนิสิต': 14}",14,บริการและสวัสดิการนิสิต
รปภ. ช่วยดูตรงทางแยก หน่อยครับ มีรถชนกัน,"['รถชน', 'รปภ.', 'รปภ']","{'การเดินทาง / รถเมล์มพ.': 0, 'สิ่งอำนวยความสะดวกและอาคารสถานที่': 0, 'สุขอนามัยและความสะอาด': 0, 'การเรียนการสอนและหลักสูตร': 0, 'โรงอาหาร / ร้านค้าบริการ': 0, 'ความปลอดภัยและจราจร': 11, 'ระบบเครือข่ายและเทคโนโลยี': 0, 'บริการและสวัสดิการนิสิต': 0}",11,ความปลอดภัยและจราจร
อาจารย์ครับ ตารางเรียนไม่ขึ้นระบบ รบกวนให้คำแนะนำที,"['ตารางเรียน', 'อาจารย์', 'ระบบ']","{'การเดินทาง / รถเมล์มพ.': 0, 'สิ่งอำนวยความสะดวกและอาคารสถานที่': 0, 'สุขอนามัยและความสะอาด': 0, 'การเรียนการสอนและหลักสูตร': 17, 'โรงอาหาร / ร้านค้าบริการ': 0, 'ความปลอดภัยและจราจร': 0, 'ระบบเครือข่ายและเทคโนโลยี': 4, 'บริการและสวัสดิการนิสิต': 0}",17,การเรียนการสอนและหลักสูตร
อาจารย์ครับ อยากติดต่ออาจารย์เรื่องดรอปเรียน รบกวนให้คำแนะนำที,"['ดรอปเรียน', 'ติดต่ออาจารย์', 'อาจารย์']","{'การเดินทาง / รถเมล์มพ.': 0, 'สิ่งอำนวยความสะดวกและอาคารสถานที่': 0, 'สุขอนามัยและความสะอาด': 0, 'การเรียนการสอนและหลักสูตร': 29, 'โรงอาหาร / ร้านค้าบริการ': 0, 'ความปลอดภัยและจราจร': 0, 'ระบบเครือข่ายและเทคโนโลยี': 0, 'บริการและสวัสดิการนิสิต': 0}",29,การเรียนการสอนและหลักสูตร
แจ้งเรื่องประตูพัง ตรงห้อง 1204 ช่วยมาดูหน่อย,"['พัง', 'ประตูพัง']","{'การเดินทาง / รถเมล์มพ.': 0, 'สิ่งอำนวยความสะดวกและอาคารสถานที่': 11, 'สุขอนามัยและความสะอาด': 0, 'การเรียนการสอนและหลักสูตร': 0, 'โรงอาหาร / ร้านค้าบริการ': 0, 'ความปลอดภัยและจราจร': 0, 'ระบบเครือข่ายและเทคโนโลยี': 0, 'บริการและสวัสดิการนิสิต': 0}",11,สิ่งอำนวยความสะดวกและอาคารสถานที่
แจ้งทำความสะอาดตรงทางเดิน หญ้ารกมาก ครับ,"['หญ้ารก', 'ทำความสะอาด']","{'การเดินทาง / รถเมล์มพ.': 0, 'สิ่งอำนวยความสะดวกและอาคารสถานที่': 0, 'สุขอนามัยและความสะอาด': 17, 'การเรียนการสอนและหลักสูตร': 0, 'โรงอาหาร / ร้านค้าบริการ': 0, 'ความปลอดภัยและจราจร': 0, 'ระบบเครือข่ายและเทคโนโลยี': 0, 'บริการและสวัสดิการนิสิต': 0}",17,สุขอนามัยและความสะอาด
ลงทะเบียนไม่ได้ ตอนนี้อยู่หน้ามอ ทำงานไม่ได้เลย,['ลงทะเบียนไม่ได้'],"{'การเดินทาง / รถเมล์มพ.': 0, 'สิ่งอำนวยความสะดวกและอาคารสถานที่': 0, 'สุขอนามัยและความสะอาด': 0, 'การเรียนการสอนและหลักสูตร': 0, 'โรงอาหาร / ร้านค้าบริการ': 0, 'ความปลอดภัยและจราจร': 0, 'ระบบเครือข่ายและเทคโนโลยี': 15, 'บริการและสวัสดิการนิสิต': 0}",15,ระบบเครือข่ายและเทคโนโลยี
อาจารย์ครับ อยากติดต่ออาจารย์เรื่องดรอปเรียน รบกวนให้คำแนะนำที,"['ดรอปเรียน', 'ติดต่ออาจารย์', 'อาจารย์']","{'การเดินทาง / รถเมล์มพ.': 0, 'สิ่งอำนวยความสะดวกและอาคารสถานที่': 0, 'สุขอนามัยและความสะอาด': 0, 'การเรียนการสอนและหลักสูตร': 29, 'โรงอาหาร / ร้านค้าบริการ': 0, 'ความปลอดภัยและจราจร': 0, 'ระบบเครือข่ายและเทคโนโลยี': 0, 'บริการและสวัสดิการนิสิต': 0}",29,การเรียนการสอนและหลักสูตร
เน็ตหลุดบ่อยมาก ตอนนี้อยู่หน้ามอ ทำงานไม่ได้เลย,"['เน็ตหลุด', 'หลุดบ่อย']","{'การเดินทาง / รถเมล์มพ.': 0, 'สิ่งอำนวยความสะดวกและอาคารสถานที่': 0, 'สุขอนามัยและความสะอาด': 0, 'การเรียนการสอนและหลักสูตร': 0, 'โรงอาหาร / ร้านค้าบริการ': 0, 'ความปลอดภัยและจราจร': 0, 'ระบบเครือข่ายและเทคโนโลยี': 16, 'บริการและสวัสดิการนิสิต': 0}",16,ระบบเครือข่ายและเทคโนโลยี
สอบถามหน่อยครับ ทำบัตรนิสิตใหม่ที่ไหน,"['บัตรนิสิต', 'สอบถามหน่อยครับ']","{'การเดินทาง / รถเมล์มพ.': 0, 'สิ่งอำนวยความสะดวกและอาคารสถานที่': 0, 'สุขอนามัยและความสะอาด': 0, 'การเรียนการสอนและหลักสูตร': 0, 'โรงอาหาร / ร้านค้าบริการ': 0, 'ความปลอดภัยและจราจร': 0, 'ระบบเครือข่ายและเทคโนโลยี': 0, 'บริการและสวัสดิการนิสิต': 24}",24,บริการและสวัสดิการนิสิต
รปภ. ช่วยดูตรงทางแยก หน่อยครับ รถติดหนักมาก,"['รถติด', 'รปภ.', 'รปภ']","{'การเดินทาง / รถเมล์มพ.': 5, 'สิ่งอำนวยความสะดวกและอาคารสถานที่': 0, 'สุขอนามัยและความสะอาด': 0, 'การเรียนการสอนและหลักสูตร': 0, 'โรงอาหาร / ร้านค้าบริการ': 0, 'ความปลอดภัยและจราจร': 7, 'ระบบเครือข่ายและเทคโนโลยี': 0, 'บริการและสวัสดิการนิสิต': 0}",7,ความปลอดภัยและจราจร
ระบบล่ม ตอนนี้อยู่หอพักใน ทำงานไม่ได้เลย,"['ระบบล่ม', 'ระบบ']","{'การเดินทาง / รถเมล์มพ.': 0, 'สิ่งอำนวยความสะดวกและอาคารสถานที่': 0, 'สุขอนามัยและความสะอาด': 0, 'การเรียนการสอนและหลักสูตร': 0, 'โรงอาหาร / ร้านค้าบริการ': 0, 'ความปลอดภัยและจราจร': 0, 'ระบบเครือข่ายและเทคโนโลยี': 11, 'บริการและสวัสดิการนิสิต': 0}",11,ระบบเครือข่ายและเทคโนโลยี
อาจารย์ครับ ลงทะเบียนวิชานี้ไม่ได้ รบกวนให้คำแนะนำที,"['วิชา', 'อาจารย์']","{'การเดินทาง / รถเมล์มพ.': 0, 'สิ่งอำนวยความสะดวกและอาคารสถานที่': 0, 'สุขอนามัยและความสะอาด': 0, 'การเรียนการสอนและหลักสูตร': 11, 'โรงอาหาร / ร้านค้าบริการ': 0, 'ความปลอดภัยและจราจร': 0, 'ระบบเครือข่ายและเทคโนโลยี': 0, 'บริการและสวัสดิการนิสิต': 0}",11,การเรียนการสอนและหลักสูตร
ลืมรหัสผ่านเข้าระบบ ตอนนี้อยู่ห้องสมุด ทำงานไม่ได้เลย,"['ลืมรหัสผ่าน', 'ระบบ']","{'การเดินทาง / รถเมล์มพ.': 0, 'สิ่งอำนวยความสะดวกและอาคารสถานที่': 0, 'สุขอนามัยและความสะอาด': 0, 'การเรียนการสอนและหลักสูตร': 0, 'โรงอาหาร / ร้านค้าบริการ': 0, 'ความปลอดภัยและจราจร': 0, 'ระบบเครือข่ายและเทคโนโลยี': 15, 'บริการและสวัสดิการนิสิต': 0}",15,ระบบเครือข่ายและเทคโนโลยี
ลืมรหัสผ่านเข้าระบบ ตอนนี้อยู่ห้องสมุด ทำงานไม่ได้เลย,"['ลืมรหัสผ่าน', 'ระบบ']","{'การเดินทาง / รถเมล์มพ.': 0, 'สิ่งอำนวยความสะดวกและอาคารสถานที่': 0, 'สุขอนามัยและความสะอาด': 0, 'การเรียนการสอนและหลักสูตร': 0, 'โรงอาหาร / ร้านค้าบริการ': 0, 'ความปลอดภัยและจราจร': 0, 'ระบบเครือข่ายและเทคโนโลยี': 15, 'บริการและสวัสดิการนิสิต': 0}",15,ระบบเครือข่ายและเทคโนโลยี
แจ้งเรื่องไฟดับครับ ตรงห้อง 1204 ช่วยมาดูหน่อย,['ไฟดับ'],"{'การเดินทาง / รถเมล์มพ.': 0, 'สิ่งอำนวยความสะดวกและอาคารสถานที่': 5, 'สุขอนามัยและความสะอาด': 0, 'การเรียนการสอนและหลักสูตร': 0, 'โรงอาหาร / ร้านค้าบริการ': 0, 'ความปลอดภัยและจราจร': 0, 'ระบบเครือข่ายและเทคโนโลยี': 0, 'บริการและสวัสดิการนิสิต': 0}",5,สิ่งอำนวยความสะดวกและอาคารสถานที่
สอบถามหน่อยครับ รถเมล์สาย 1 หมดกี่โมง,"['รถเมล์', 'รถเมล์สาย', 'สอบถามหน่อยครับ']","{'การเดินทาง / รถเมล์มพ.': 15, 'สิ่งอำนวยความสะดวกและอาคารสถานที่': 0, 'สุขอนามัยและความสะอาด': 0, 'การเรียนการสอนและหลักสูตร': 0, 'โรงอาหาร / ร้านค้าบริการ': 0, 'ความปลอดภัยและจราจร': 0, 'ระบบเครือข่ายและเทคโนโลยี': 0, 'บริการและสวัสดิการนิสิต': 15}",15,การเดินทาง / รถเมล์มพ.
อาจารย์ครับ ขอสอบชดเชยต้องทำไง รบกวนให้คำแนะนำที,"['ขอสอบชดเชย', 'อาจารย์']","{'การเดินทาง / รถเมล์มพ.': 0, 'สิ่งอำนวยความสะดวกและอาคารสถานที่': 0, 'สุขอนามัยและความสะอาด': 0, 'การเรียนการสอนและหลักสูตร': 17, 'โรงอาหาร / ร้านค้าบริการ': 0, 'ความปลอดภัยและจราจร': 0, 'ระบบเครือข่ายและเทคโนโลยี': 0, 'บริการและสวัสดิการนิสิต': 0}",17,การเรียนการสอนและหลักสูตร
ลงทะเบียนไม่ได้ ตอนนี้อยู่หน้ามอ ทำงานไม่ได้เลย,['ลงทะเบียนไม่ได้'],"{'การเดินทาง / รถเมล์มพ.': 0, 'สิ่งอำนวยความสะดวกและอาคารสถานที่': 0, 'สุขอนามัยและความสะอาด': 0, 'การเรียนการสอนและหลักสูตร': 0, 'โรงอาหาร / ร้านค้าบริการ': 0, 'ความปลอดภัยและจราจร': 0, 'ระบบเครือข่ายและเทคโนโลยี': 15, 'บริการและสวัสดิการนิสิต': 0}",15,ระบบเครือข่ายและเทคโนโลยี
ลืมรหัสผ่านเข้าระบบ ตอนนี้อยู่ตึกคณะ ทำงานไม่ได้เลย,"['ลืมรหัสผ่าน', 'ระบบ']","{'การเดินทาง / รถเมล์มพ.': 0, 'สิ่งอำนวยความสะดวกและอาคารสถานที่': 0, 'สุขอนามัยและความสะอาด': 0, 'การเรียนการสอนและหลักสูตร': 0, 'โรงอาหาร / ร้านค้าบริการ': 0, 'ความปลอดภัยและจราจร': 0, 'ระบบเครือข่ายและเทคโนโลยี': 15, 'บริการและสวัสดิการนิสิต': 0}",15,ระบบเครือข่ายและเทคโนโลยี
แจ้งทำความสะอาดตรงริมสระน้ำ สกปรกมากไม่ทำความสะอาด ครับ,"['สกปรก', 'ไม่ทำความสะอาด', 'ทำความสะอาด']","{'การเดินทาง / รถเมล์มพ.': 0, 'สิ่งอำนวยความสะดวกและอาคารสถานที่': 0, 'สุขอนามัยและความสะอาด': 30, 'การเรียนการสอนและหลักสูตร': 0, 'โรงอาหาร / ร้านค้าบริการ': 0, 'ความปลอดภัยและจราจร': 0, 'ระบบเครือข่ายและเทคโนโลยี': 0, 'บริการและสวัสดิการนิสิต': 0}",30,สุขอนามัยและความสะอาด
สอบถามหน่อยครับ สอบถามเรื่องทุนการศึกษา,"['ทุนการศึกษา', 'สอบถามหน่อยครับ']","{'การเดินทาง / รถเมล์มพ.': 0, 'สิ่งอำนวยความสะดวกและอาคารสถานที่': 0, 'สุขอนามัยและความสะอาด': 0, 'การเรียนการสอนและหลักสูตร': 0, 'โรงอาหาร / ร้านค้าบริการ': 0, 'ความปลอดภัยและจราจร': 0, 'ระบบเครือข่ายและเทคโนโลยี': 0, 'บริการและสวัสดิการนิสิต': 26}",26,บริการและสวัสดิการนิสิต
รปภ. ช่วยดูตรงหลังมอ หน่อยครับ มีรถชนกัน,"['รถชน', 'รปภ.', 'รปภ']","{'การเดินทาง / รถเมล์มพ.': 0, 'สิ่งอำนวยความสะดวกและอาคารสถานที่': 0, 'สุขอนามัยและความสะอาด': 0, 'การเรียนการสอนและหลักสูตร': 0, 'โรงอาหาร / ร้านค้าบริการ': 0, 'ความปลอดภัยและจราจร': 11, 'ระบบเครือข่ายและเทคโนโลยี': 0, 'บริการและสวัสดิการนิสิต': 0}",11,ความปลอดภัยและจราจร
แจ้งเรื่องแอร์ไม่เย็นเลย ตรงอาคารเรียนรวม ช่วยมาดูหน่อย,"['แอร์ไม่เย็น', 'แอร์']","{'การเดินทาง / รถเมล์มพ.': 0, 'สิ่งอำนวยความสะดวกและอาคารสถานที่': 15, 'สุขอนามัยและความสะอาด': 0, 'การเรียนการสอนและหลักสูตร': 0, 'โรงอาหาร / ร้านค้าบริการ': 0, 'ความปลอดภัยและจราจร': 0, 'ระบบเครือข่ายและเทคโนโลยี': 0, 'บริการและสวัสดิการนิสิต': 0}",15,สิ่งอำนวยความสะดวกและอาคารสถานที่
รปภ. ช่วยดูตรงหน้ามอ หน่อยครับ ทางมืดมากอันตราย,"['อันตราย', 'รปภ.', 'ทางมืด', 'รปภ']","{'การเดินทาง / รถเมล์มพ.': 0, 'สิ่งอำนวยความสะดวกและอาคารสถานที่': 0, 'สุขอนามัยและความสะอาด': 0, 'การเรียนการสอนและหลักสูตร': 0, 'โรงอาหาร / ร้านค้าบริการ': 0, 'ความปลอดภัยและจราจร': 20, 'ระบบเครือข่ายและเทคโนโลยี': 0, 'บริการและสวัสดิการนิสิต': 0}",20,ความปลอดภัยและจราจร
แจ้งทำความสะอาดตรงทางเดิน ขยะล้นถังส่งกลิ่นเหม็น ครับ,"['ขยะล้น', 'เหม็น', 'ทำความสะอาด', 'กลิ่นเหม็น']","{'การเดินทาง / รถเมล์มพ.': 0, 'สิ่งอำนวยความสะดวกและอาคารสถานที่': 0, 'สุขอนามัยและความสะอาด': 32, 'การเรียนการสอนและหลักสูตร': 0, 'โรงอาหาร / ร้านค้าบริการ': 0, 'ความปลอดภัยและจราจร': 0, 'ระบบเครือข่ายและเทคโนโลยี': 0, 'บริการและสวัสดิการนิสิต': 0}",32,สุขอนามัยและความสะอาด
สอบถามหน่อยครับ สอบถามเรื่องทุนการศึกษา,"['ทุนการศึกษา', 'สอบถามหน่อยครับ']","{'การเดินทาง / รถเมล์มพ.': 0, 'สิ่งอำนวยความสะดวกและอาคารสถานที่': 0, 'สุขอนามัยและความสะอาด': 0, 'การเรียนการสอนและหลักสูตร': 0, 'โรงอาหาร / ร้านค้าบริการ': 0, 'ความปลอดภัยและจราจร': 0, 'ระบบเครือข่ายและเทคโนโลยี': 0, 'บริการและสวัสดิการนิสิต': 26}",26,บริการและสวัสดิการนิสิต
แจ้งเรื่องประตูพัง ตรงอาคารเรียนรวม ช่วยมาดูหน่อย,"['พัง', 'ประตูพัง']","{'การเดินทาง / รถเมล์มพ.': 0, 'สิ่งอำนวยความสะดวกและอาคารสถานที่': 11, 'สุขอนามัยและความสะอาด': 0, 'การเรียนการสอนและหลักสูตร': 0, 'โรงอาหาร / ร้านค้าบริการ': 0, 'ความปลอดภัยและจราจร': 0, 'ระบบเครือข่ายและเทคโนโลยี': 0, 'บริการและสวัสดิการนิสิต': 0}",11,สิ่งอำนวยความสะดวกและอาคารสถานที่
อาจารย์ครับ ขอสอบชดเชยต้องทำไง รบกวนให้คำแนะนำที,"['ขอสอบชดเชย', 'อาจารย์']","{'การเดินทาง / รถเมล์มพ.': 0, 'สิ่งอำนวยความสะดวกและอาคารสถานที่': 0, 'สุขอนามัยและความสะอาด': 0, 'การเรียนการสอนและหลักสูตร': 17, 'โรงอาหาร / ร้านค้าบริการ': 0, 'ความปลอดภัยและจราจร': 0, 'ระบบเครือข่ายและเทคโนโลยี': 0, 'บริการและสวัสดิการนิสิต': 0}",17,การเรียนการสอนและหลักสูตร
สอบถามหน่อยครับ สอบถามเรื่องทุนการศึกษา,"['ทุนการศึกษา', 'สอบถามหน่อยครับ']","{'การเดินทาง / รถเมล์มพ.': 0, 'สิ่งอำนวยความสะดวกและอาคารสถานที่': 0, 'สุขอนามัยและความสะอาด': 0, 'การเรียนการสอนและหลักสูตร': 0, 'โรงอาหาร / ร้านค้าบริการ': 0, 'ความปลอดภัยและจราจร': 0, 'ระบบเครือข่ายและเทคโนโลยี': 0, 'บริการและสวัสดิการนิสิต': 26}",26,บริการและสวัสดิการนิสิต
รปภ. ช่วยดูตรงทางแยก หน่อยครับ รถติดหนักมาก,"['รถติด', 'รปภ.', 'รปภ']","{'การเดินทาง / รถเมล์มพ.': 5, 'สิ่งอำนวยความสะดวกและอาคารสถานที่': 0, 'สุขอนามัยและความสะอาด': 0, 'การเรียนการสอนและหลักสูตร': 0, 'โรงอาหาร / ร้านค้าบริการ': 0, 'ความปลอดภัยและจราจร': 7, 'ระบบเครือข่ายและเทคโนโลยี': 0, 'บริการและสวัสดิการนิสิต': 0}",7,ความปลอดภัยและจราจร
รปภ. ช่วยดูตรงหน้ามอ หน่อยครับ คนจอดรถขวางทาง,"['รปภ.', 'จอดรถขวาง', 'รปภ']","{'การเดินทาง / รถเมล์มพ.': 0, 'สิ่งอำนวยความสะดวกและอาคารสถานที่': 0, 'สุขอนามัยและความสะอาด': 0, 'การเรียนการสอนและหลักสูตร': 0, 'โรงอาหาร / ร้านค้าบริการ': 0, 'ความปลอดภัยและจราจร': 16, 'ระบบเครือข่ายและเทคโนโลยี': 0, 'บริการและสวัสดิการนิสิต': 0}",16,ความปลอดภัยและจราจร
สอบถามหน่อยครับ อยากทราบกำหนดการกิจกรรมรับน้อง,"['กิจกรรม', 'สอบถามหน่อยครับ']","{'การเดินทาง / รถเมล์มพ.': 0, 'สิ่งอำนวยความสะดวกและอาคารสถานที่': 0, 'สุขอนามัยและความสะอาด': 0, 'การเรียนการสอนและหลักสูตร': 0, 'โรงอาหาร / ร้านค้าบริการ': 0, 'ความปลอดภัยและจราจร': 0, 'ระบบเครือข่ายและเทคโนโลยี': 0, 'บริการและสวัสดิการนิสิต': 22}",22,บริการและสวัสดิการนิสิต
แจ้งเรื่องหลังคารั่วหนักมาก ตรงตึกวิทย์ ช่วยมาดูหน่อย,['หลังคารั่ว'],"{'การเดินทาง / รถเมล์มพ.': 0, 'สิ่งอำนวยความสะดวกและอาคารสถานที่': 10, 'สุขอนามัยและความสะอาด': 0, 'การเรียนการสอนและหลักสูตร': 0, 'โรงอาหาร / ร้านค้าบริการ': 0, 'ความปลอดภัยและจราจร': 0, 'ระบบเครือข่ายและเทคโนโลยี': 0, 'บริการและสวัสดิการนิสิต': 0}",10,สิ่งอำนวยความสะดวกและอาคารสถานที่
รปภ. ช่วยดูตรงหน้ามอ หน่อยครับ หมวกกันน็อคหาย,"['รปภ.', 'รปภ', 'หมวกกันน็อคหาย']","{'การเดินทาง / รถเมล์มพ.': 0, 'สิ่งอำนวยความสะดวกและอาคารสถานที่': 0, 'สุขอนามัยและความสะอาด': 0, 'การเรียนการสอนและหลักสูตร': 0, 'โรงอาหาร / ร้านค้าบริการ': 0, 'ความปลอดภัยและจราจร': 7, 'ระบบเครือข่ายและเทคโนโลยี': 0, 'บริการและสวัสดิการนิสิต': 14}",14,บริการและสวัสดิการนิสิต
รปภ. ช่วยดูตรงหลังมอ หน่อยครับ มีรถชนกัน,"['รถชน', 'รปภ.', 'รปภ']","{'การเดินทาง / รถเมล์มพ.': 0, 'สิ่งอำนวยความสะดวกและอาคารสถานที่': 0, 'สุขอนามัยและความสะอาด': 0, 'การเรียนการสอนและหลักสูตร': 0, 'โรงอาหาร / ร้านค้าบริการ': 0, 'ความปลอดภัยและจราจร': 11, 'ระบบเครือข่ายและเทคโนโลยี': 0, 'บริการและสวัสดิการนิสิต': 0}",11,ความปลอดภัยและจราจร
แจ้งเรื่องประตูพัง ตรงห้องน้ำตึกสงวน ช่วยมาดูหน่อย,"['พัง', 'ประตูพัง']","{'การเดินทาง / รถเมล์มพ.': 0, 'สิ่งอำนวยความสะดวกและอาคารสถานที่': 11, 'สุขอนามัยและความสะอาด': 0, 'การเรียนการสอนและหลักสูตร': 0, 'โรงอาหาร / ร้านค้าบริการ': 0, 'ความปลอดภัยและจราจร': 0, 'ระบบเครือข่ายและเทคโนโลยี': 0, 'บริการและสวัสดิการนิสิต': 0}",11,สิ่งอำนวยความสะดวกและอาคารสถานที่
รปภ. ช่วยดูตรงหลังมอ หน่อยครับ ทางมืดมากอันตราย,"['อันตราย', 'รปภ.', 'ทางมืด', 'รปภ']","{'การเดินทาง / รถเมล์มพ.': 0, 'สิ่งอำนวยความสะดวกและอาคารสถานที่': 0, 'สุขอนามัยและความสะอาด': 0, 'การเรียนการสอนและหลักสูตร': 0, 'โรงอาหาร / ร้านค้าบริการ': 0, 'ความปลอดภัยและจราจร': 20, 'ระบบเครือข่ายและเทคโนโลยี': 0, 'บริการและสวัสดิการนิสิต': 0}",20,ความปลอดภัยและจราจร
เน็ตหลุดบ่อยมาก ตอนนี้อยู่หอพักใน ทำงานไม่ได้เลย,"['เน็ตหลุด', 'หลุดบ่อย']","{'การเดินทาง / รถเมล์มพ.': 0, 'สิ่งอำนวยความสะดวกและอาคารสถานที่': 0, 'สุขอนามัยและความสะอาด': 0, 'การเรียนการสอนและหลักสูตร': 0, 'โรงอาหาร / ร้านค้าบริการ': 0, 'ความปลอดภัยและจราจร': 0, 'ระบบเครือข่ายและเทคโนโลยี': 16, 'บริการและสวัสดิการนิสิต': 0}",16,ระบบเครือข่ายและเทคโนโลยี
สอบถามหน่อยครับ อยากทราบกำหนดการกิจกรรมรับน้อง,"['กิจกรรม', 'สอบถามหน่อยครับ']","{'การเดินทาง / รถเมล์มพ.': 0, 'สิ่งอำนวยความสะดวกและอาคารสถานที่': 0, 'สุขอนามัยและความสะอาด': 0, 'การเรียนการสอนและหลักสูตร': 0, 'โรงอาหาร / ร้านค้าบริการ': 0, 'ความปลอดภัยและจราจร': 0, 'ระบบเครือข่ายและเทคโนโลยี': 0, 'บริการและสวัสดิการนิสิต': 22}",22,บริการและสวัสดิการนิสิต
สอบถามหน่อยครับ สอบถามเรื่องทุนการศึกษา,"['ทุนการศึกษา', 'สอบถามหน่อยครับ']","{'การเดินทาง / รถเมล์มพ.': 0, 'สิ่งอำนวยความสะดวกและอาคารสถานที่': 0, 'สุขอนามัยและความสะอาด': 0, 'การเรียนการสอนและหลักสูตร': 0, 'โรงอาหาร / ร้านค้าบริการ': 0, 'ความปลอดภัยและจราจร': 0, 'ระบบเครือข่ายและเทคโนโลยี': 0, 'บริการและสวัสดิการนิสิต': 26}",26,บริการและสวัสดิการนิสิต
อาจารย์ครับ ลงทะเบียนวิชานี้ไม่ได้ รบกวนให้คำแนะนำที,"['วิชา', 'อาจารย์']","{'การเดินทาง / รถเมล์มพ.': 0, 'สิ่งอำนวยความสะดวกและอาคารสถานที่': 0, 'สุขอนามัยและความสะอาด': 0, 'การเรียนการสอนและหลักสูตร': 11, 'โรงอาหาร / ร้านค้าบริการ': 0, 'ความปลอดภัยและจราจร': 0, 'ระบบเครือข่ายและเทคโนโลยี': 0, 'บริการและสวัสดิการนิสิต': 0}",11,การเรียนการสอนและหลักสูตร
รปภ. ช่วยดูตรงหลังมอ หน่อยครับ รถติดหนักมาก,"['รถติด', 'รปภ.', 'รปภ']","{'การเดินทาง / รถเมล์มพ.': 5, 'สิ่งอำนวยความสะดวกและอาคารสถานที่': 0, 'สุขอนามัยและความสะอาด': 0, 'การเรียนการสอนและหลักสูตร': 0, 'โรงอาหาร / ร้านค้าบริการ': 0, 'ความปลอดภัยและจราจร': 7, 'ระบบเครือข่ายและเทคโนโลยี': 0, 'บริการและสวัสดิการนิสิต': 0}",7,ความปลอดภัยและจราจร
อาจารย์ครับ ขอสอบชดเชยต้องทำไง รบกวนให้คำแนะนำที,"['ขอสอบชดเชย', 'อาจารย์']","{'การเดินทาง / รถเมล์มพ.': 0, 'สิ่งอำนวยความสะดวกและอาคารสถานที่': 0, 'สุขอนามัยและความสะอาด': 0, 'การเรียนการสอนและหลักสูตร': 17, 'โรงอาหาร / ร้านค้าบริการ': 0, 'ความปลอดภัยและจราจร': 0, 'ระบบเครือข่ายและเทคโนโลยี': 0, 'บริการและสวัสดิการนิสิต': 0}",17,การเรียนการสอนและหลักสูตร
ลงทะเบียนไม่ได้ ตอนนี้อยู่หน้ามอ ทำงานไม่ได้เลย,['ลงทะเบียนไม่ได้'],"{'การเดินทาง / รถเมล์มพ.': 0, 'สิ่งอำนวยความสะดวกและอาคารสถานที่': 0, 'สุขอนามัยและความสะอาด': 0, 'การเรียนการสอนและหลักสูตร': 0, 'โรงอาหาร / ร้านค้าบริการ': 0, 'ความปลอดภัยและจราจร': 0, 'ระบบเครือข่ายและเทคโนโลยี': 15, 'บริการและสวัสดิการนิสิต': 0}",15,ระบบเครือข่ายและเทคโนโลยี
ลงทะเบียนไม่ได้ ตอนนี้อยู่หอพักใน ทำงานไม่ได้เลย,['ลงทะเบียนไม่ได้'],"{'การเดินทาง / รถเมล์มพ.': 0, 'สิ่งอำนวยความสะดวกและอาคารสถานที่': 0, 'สุขอนามัยและความสะอาด': 0, 'การเรียนการสอนและหลักสูตร': 0, 'โรงอาหาร / ร้านค้าบริการ': 0, 'ความปลอดภัยและจราจร': 0, 'ระบบเครือข่ายและเทคโนโลยี': 15, 'บริการและสวัสดิการนิสิต': 0}",15,ระบบเครือข่ายและเทคโนโลยี
แจ้งทำความสะอาดตรงทางเดิน หญ้ารกมาก ครับ,"['หญ้ารก', 'ทำความสะอาด']","{'การเดินทาง / รถเมล์มพ.': 0, 'สิ่งอำนวยความสะดวกและอาคารสถานที่': 0, 'สุขอนามัยและความสะอาด': 17, 'การเรียนการสอนและหลักสูตร': 0, 'โรงอาหาร / ร้านค้าบริการ': 0, 'ความปลอดภัยและจราจร': 0, 'ระบบเครือข่ายและเทคโนโลยี': 0, 'บริการและสวัสดิการนิสิต': 0}",17,สุขอนามัยและความสะอาด
แจ้งเรื่องประตูพัง ตรงอาคารเรียนรวม ช่วยมาดูหน่อย,"['พัง', 'ประตูพัง']","{'การเดินทาง / รถเมล์มพ.': 0, 'สิ่งอำนวยความสะดวกและอาคารสถานที่': 11, 'สุขอนามัยและความสะอาด': 0, 'การเรียนการสอนและหลักสูตร': 0, 'โรงอาหาร / ร้านค้าบริการ': 0, 'ความปลอดภัยและจราจร': 0, 'ระบบเครือข่ายและเทคโนโลยี': 0, 'บริการและสวัสดิการนิสิต': 0}",11,สิ่งอำนวยความสะดวกและอาคารสถานที่
แจ้งทำความสะอาดตรงสวนหน้าตึก ขยะล้นถังส่งกลิ่นเหม็น ครับ,"['ขยะล้น', 'เหม็น', 'ทำความสะอาด', 'กลิ่นเหม็น']","{'การเดินทาง / รถเมล์มพ.': 0, 'สิ่งอำนวยความสะดวกและอาคารสถานที่': 0, 'สุขอนามัยและความสะอาด': 32, 'การเรียนการสอนและหลักสูตร': 0, 'โรงอาหาร / ร้านค้าบริการ': 0, 'ความปลอดภัยและจราจร': 0, 'ระบบเครือข่ายและเทคโนโลยี': 0, 'บริการและสวัสดิการนิสิต': 0}",32,สุขอนามัยและความสะอาด
สอบถามหน่อยครับ สอบถามเรื่องทุนการศึกษา,"['ทุนการศึกษา', 'สอบถามหน่อยครับ']","{'การเดินทาง / รถเมล์มพ.': 0, 'สิ่งอำนวยความสะดวกและอาคารสถานที่': 0, 'สุขอนามัยและความสะอาด': 0, 'การเรียนการสอนและหลักสูตร': 0, 'โรงอาหาร / ร้านค้าบริการ': 0, 'ความปลอดภัยและจราจร': 0, 'ระบบเครือข่ายและเทคโนโลยี': 0, 'บริการและสวัสดิการนิสิต': 26}",26,บริการและสวัสดิการนิสิต
สอบถามหน่อยครับ ทำบัตรนิสิตใหม่ที่ไหน,"['บัตรนิสิต', 'สอบถามหน่อยครับ']","{'การเดินทาง / รถเมล์มพ.': 0, 'สิ่งอำนวยความสะดวกและอาคารสถานที่': 0, 'สุขอนามัยและความสะอาด': 0, 'การเรียนการสอนและหลักสูตร': 0, 'โรงอาหาร / ร้านค้าบริการ': 0, 'ความปลอดภัยและจราจร': 0, 'ระบบเครือข่ายและเทคโนโลยี': 0, 'บริการและสวัสดิการนิสิต': 24}",24,บริการและสวัสดิการนิสิต
แจ้งเรื่องน้ำไม่ไหล ตรงห้องน้ำตึกสงวน ช่วยมาดูหน่อย,['น้ำไม่ไหล'],"{'การเดินทาง / รถเมล์มพ.': 0, 'สิ่งอำนวยความสะดวกและอาคารสถานที่': 9, 'สุขอนามัยและความสะอาด': 0, 'การเรียนการสอนและหลักสูตร': 0, 'โรงอาหาร / ร้านค้าบริการ': 0, 'ความปลอดภัยและจราจร': 0, 'ระบบเครือข่ายและเทคโนโลยี': 0, 'บริการและสวัสดิการนิสิต': 0}",9,สิ่งอำนวยความสะดวกและอาคารสถานที่
สอบถามหน่อยครับ อยากทราบกำหนดการกิจกรรมรับน้อง,"['กิจกรรม', 'สอบถามหน่อยครับ']","{'การเดินทาง / รถเมล์มพ.': 0, 'สิ่งอำนวยความสะดวกและอาคารสถานที่': 0, 'สุขอนามัยและความสะอาด': 0, 'การเรียนการสอนและหลักสูตร': 0, 'โรงอาหาร / ร้านค้าบริการ': 0, 'ความปลอดภัยและจราจร': 0, 'ระบบเครือข่ายและเทคโนโลยี': 0, 'บริการและสวัสดิการนิสิต': 22}",22,บริการและสวัสดิการนิสิต
แจ้งทำความสะอาดตรงโรงอาหาร ขยะล้นถังส่งกลิ่นเหม็น ครับ,"['ขยะล้น', 'เหม็น', 'ทำความสะอาด', 'กลิ่นเหม็น', 'โรงอาหาร', 'อาหาร']","{'การเดินทาง / รถเมล์มพ.': 0, 'สิ่งอำนวยความสะดวกและอาคารสถานที่': 0, 'สุขอนามัยและความสะอาด': 32, 'การเรียนการสอนและหลักสูตร': 0, 'โรงอาหาร / ร้านค้าบริการ': 13, 'ความปลอดภัยและจราจร': 0, 'ระบบเครือข่ายและเทคโนโลยี': 0, 'บริการและสวัสดิการนิสิต': 0}",32,สุขอนามัยและความสะอาด
ไวไฟเข้าไม่ได้ ตอนนี้อยู่ตึกคณะ ทำงานไม่ได้เลย,"['ไวไฟเข้าไม่ได้', 'ไวไฟ']","{'การเดินทาง / รถเมล์มพ.': 0, 'สิ่งอำนวยความสะดวกและอาคารสถานที่': 0, 'สุขอนามัยและความสะอาด': 0, 'การเรียนการสอนและหลักสูตร': 0, 'โรงอาหาร / ร้านค้าบริการ': 0, 'ความปลอดภัยและจราจร': 0, 'ระบบเครือข่ายและเทคโนโลยี': 18, 'บริการและสวัสดิการนิสิต': 0}",18,ระบบเครือข่ายและเทคโนโลยี
ไวไฟเข้าไม่ได้ ตอนนี้อยู่ห้องสมุด ทำงานไม่ได้เลย,"['ไวไฟเข้าไม่ได้', 'ไวไฟ']","{'การเดินทาง / รถเมล์มพ.': 0, 'สิ่งอำนวยความสะดวกและอาคารสถานที่': 0, 'สุขอนามัยและความสะอาด': 0, 'การเรียนการสอนและหลักสูตร': 0, 'โรงอาหาร / ร้านค้าบริการ': 0, 'ความปลอดภัยและจราจร': 0, 'ระบบเครือข่ายและเทคโนโลยี': 18, 'บริการและสวัสดิการนิสิต': 0}",18,ระบบเครือข่ายและเทคโนโลยี
แจ้งเรื่องไฟดับครับ ตรงตึก ICT ช่วยมาดูหน่อย,['ไฟดับ'],"{'การเดินทาง / รถเมล์มพ.': 0, 'สิ่งอำนวยความสะดวกและอาคารสถานที่': 5, 'สุขอนามัยและความสะอาด': 0, 'การเรียนการสอนและหลักสูตร': 0, 'โรงอาหาร / ร้านค้าบริการ': 0, 'ความปลอดภัยและจราจร': 0, 'ระบบเครือข่ายและเทคโนโลยี': 0, 'บริการและสวัสดิการนิสิต': 0}",5,สิ่งอำนวยความสะดวกและอาคารสถานที่
ระบบล่ม ตอนนี้อยู่ตึกคณะ ทำงานไม่ได้เลย,"['ระบบล่ม', 'ระบบ']","{'การเดินทาง / รถเมล์มพ.': 0, 'สิ่งอำนวยความสะดวกและอาคารสถานที่': 0, 'สุขอนามัยและความสะอาด': 0, 'การเรียนการสอนและหลักสูตร': 0, 'โรงอาหาร / ร้านค้าบริการ': 0, 'ความปลอดภัยและจราจร': 0, 'ระบบเครือข่ายและเทคโนโลยี': 11, 'บริการและสวัสดิการนิสิต': 0}",11,ระบบเครือข่ายและเทคโนโลยี
ลืมรหัสผ่านเข้าระบบ ตอนนี้อยู่ห้องสมุด ทำงานไม่ได้เลย,"['ลืมรหัสผ่าน', 'ระบบ']","{'การเดินทาง / รถเมล์มพ.': 0, 'สิ่งอำนวยความสะดวกและอาคารสถานที่': 0, 'สุขอนามัยและความสะอาด': 0, 'การเรียนการสอนและหลักสูตร': 0, 'โรงอาหาร / ร้านค้าบริการ': 0, 'ความปลอดภัยและจราจร': 0, 'ระบบเครือข่ายและเทคโนโลยี': 15, 'บริการและสวัสดิการนิสิต': 0}",15,ระบบเครือข่ายและเทคโนโลยี
อาจารย์ครับ ลงทะเบียนวิชานี้ไม่ได้ รบกวนให้คำแนะนำที,"['วิชา', 'อาจารย์']","{'การเดินทาง / รถเมล์มพ.': 0, 'สิ่งอำนวยความสะดวกและอาคารสถานที่': 0, 'สุขอนามัยและความสะอาด': 0, 'การเรียนการสอนและหลักสูตร': 11, 'โรงอาหาร / ร้านค้าบริการ': 0, 'ความปลอดภัยและจราจร': 0, 'ระบบเครือข่ายและเทคโนโลยี': 0, 'บริการและสวัสดิการนิสิต': 0}",11,การเรียนการสอนและหลักสูตร
แจ้งทำความสะอาดตรงโรงอาหาร ขยะล้นถังส่งกลิ่นเหม็น ครับ,"['ขยะล้น', 'เหม็น', 'ทำความสะอาด', 'กลิ่นเหม็น', 'โรงอาหาร', 'อาหาร']","{'การเดินทาง / รถเมล์มพ.': 0, 'สิ่งอำนวยความสะดวกและอาคารสถานที่': 0, 'สุขอนามัยและความสะอาด': 32, 'การเรียนการสอนและหลักสูตร': 0, 'โรงอาหาร / ร้านค้าบริการ': 13, 'ความปลอดภัยและจราจร': 0, 'ระบบเครือข่ายและเทคโนโลยี': 0, 'บริการและสวัสดิการนิสิต': 0}",32,สุขอนามัยและความสะอาด
รปภ. ช่วยดูตรงลานจอดรถ หน่อยครับ ทางมืดมากอันตราย,"['อันตราย', 'รปภ.', 'ทางมืด', 'รปภ']","{'การเดินทาง / รถเมล์มพ.': 0, 'สิ่งอำนวยความสะดวกและอาคารสถานที่': 0, 'สุขอนามัยและความสะอาด': 0, 'การเรียนการสอนและหลักสูตร': 0, 'โรงอาหาร / ร้านค้าบริการ': 0, 'ความปลอดภัยและจราจร': 20, 'ระบบเครือข่ายและเทคโนโลยี': 0, 'บริการและสวัสดิการนิสิต': 0}",20,ความปลอดภัยและจราจร
รปภ. ช่วยดูตรงประตู 2 หน่อยครับ ทางมืดมากอันตราย,"['อันตราย', 'รปภ.', 'ทางมืด', 'รปภ', 'ประตู 2']","{'การเดินทาง / รถเมล์มพ.': 0, 'สิ่งอำนวยความสะดวกและอาคารสถานที่': 0, 'สุขอนามัยและความสะอาด': 0, 'การเรียนการสอนและหลักสูตร': 0, 'โรงอาหาร / ร้านค้าบริการ': 0, 'ความปลอดภัยและจราจร': 27, 'ระบบเครือข่ายและเทคโนโลยี': 0, 'บริการและสวัสดิการนิสิต': 0}",27,ความปลอดภัยและจราจร
สอบถามหน่อยครับ ทำบัตรนิสิตใหม่ที่ไหน,"['บัตรนิสิต', 'สอบถามหน่อยครับ']","{'การเดินทาง / รถเมล์มพ.': 0, 'สิ่งอำนวยความสะดวกและอาคารสถานที่': 0, 'สุขอนามัยและความสะอาด': 0, 'การเรียนการสอนและหลักสูตร': 0, 'โรงอาหาร / ร้านค้าบริการ': 0, 'ความปลอดภัยและจราจร': 0, 'ระบบเครือข่ายและเทคโนโลยี': 0, 'บริการและสวัสดิการนิสิต': 24}",24,บริการและสวัสดิการนิสิต
รปภ. ช่วยดูตรงทางแยก หน่อยครับ ทางมืดมากอันตราย,"['อันตราย', 'รปภ.', 'ทางมืด', 'รปภ']","{'การเดินทาง / รถเมล์มพ.': 0, 'สิ่งอำนวยความสะดวกและอาคารสถานที่': 0, 'สุขอนามัยและความสะอาด': 0, 'การเรียนการสอนและหลักสูตร': 0, 'โรงอาหาร / ร้านค้าบริการ': 0, 'ความปลอดภัยและจราจร': 20, 'ระบบเครือข่ายและเทคโนโลยี': 0, 'บริการและสวัสดิการนิสิต': 0}",20,ความปลอดภัยและจราจร
สอบถามหน่อยครับ อยากทราบกำหนดการกิจกรรมรับน้อง,"['กิจกรรม', 'สอบถามหน่อยครับ']","{'การเดินทาง / รถเมล์มพ.': 0, 'สิ่งอำนวยความสะดวกและอาคารสถานที่': 0, 'สุขอนามัยและความสะอาด': 0, 'การเรียนการสอนและหลักสูตร': 0, 'โรงอาหาร / ร้านค้าบริการ': 0, 'ความปลอดภัยและจราจร': 0, 'ระบบเครือข่ายและเทคโนโลยี': 0, 'บริการและสวัสดิการนิสิต': 22}",22,บริการและสวัสดิการนิสิต
อาจารย์ครับ อยากติดต่ออาจารย์เรื่องดรอปเรียน รบกวนให้คำแนะนำที,"['ดรอปเรียน', 'ติดต่ออาจารย์', 'อาจารย์']","{'การเดินทาง / รถเมล์มพ.': 0, 'สิ่งอำนวยความสะดวกและอาคารสถานที่': 0, 'สุขอนามัยและความสะอาด': 0, 'การเรียนการสอนและหลักสูตร': 29, 'โรงอาหาร / ร้านค้าบริการ': 0, 'ความปลอดภัยและจราจร': 0, 'ระบบเครือข่ายและเทคโนโลยี': 0, 'บริการและสวัสดิการนิสิต': 0}",29,การเรียนการสอนและหลักสูตร
รปภ. ช่วยดูตรงหน้ามอ หน่อยครับ ทางมืดมากอันตราย,"['อันตราย', 'รปภ.', 'ทางมืด', 'รปภ']","{'การเดินทาง / รถเมล์มพ.': 0, 'สิ่งอำนวยความสะดวกและอาคารสถานที่': 0, 'สุขอนามัยและความสะอาด': 0, 'การเรียนการสอนและหลักสูตร': 0, 'โรงอาหาร / ร้านค้าบริการ': 0, 'ความปลอดภัยและจราจร': 20, 'ระบบเครือข่ายและเทคโนโลยี': 0, 'บริการและสวัสดิการนิสิต': 0}",20,ความปลอดภัยและจราจร
แจ้งเรื่องลิฟต์ค้าง ตรงตึกวิทย์ ช่วยมาดูหน่อย,"['ลิฟต์ค้าง', 'ลิฟต์']","{'การเดินทาง / รถเมล์มพ.': 0, 'สิ่งอำนวยความสะดวกและอาคารสถานที่': 14, 'สุขอนามัยและความสะอาด': 0, 'การเรียนการสอนและหลักสูตร': 0, 'โรงอาหาร / ร้านค้าบริการ': 0, 'ความปลอดภัยและจราจร': 0, 'ระบบเครือข่ายและเทคโนโลยี': 0, 'บริการและสวัสดิการนิสิต': 0}",14,สิ่งอำนวยความสะดวกและอาคารสถานที่
ไวไฟเข้าไม่ได้ ตอนนี้อยู่หอพักใน ทำงานไม่ได้เลย,"['ไวไฟเข้าไม่ได้', 'ไวไฟ']","{'การเดินทาง / รถเมล์มพ.': 0, 'สิ่งอำนวยความสะดวกและอาคารสถานที่': 0, 'สุขอนามัยและความสะอาด': 0, 'การเรียนการสอนและหลักสูตร': 0, 'โรงอาหาร / ร้านค้าบริการ': 0, 'ความปลอดภัยและจราจร': 0, 'ระบบเครือข่ายและเทคโนโลยี': 18, 'บริการและสวัสดิการนิสิต': 0}",18,ระบบเครือข่ายและเทคโนโลยี
สอบถามหน่อยครับ สอบถามเรื่องทุนการศึกษา,"['ทุนการศึกษา', 'สอบถามหน่อยครับ']","{'การเดินทาง / รถเมล์มพ.': 0, 'สิ่งอำนวยความสะดวกและอาคารสถานที่': 0, 'สุขอนามัยและความสะอาด': 0, 'การเรียนการสอนและหลักสูตร': 0, 'โรงอาหาร / ร้านค้าบริการ': 0, 'ความปลอดภัยและจราจร': 0, 'ระบบเครือข่ายและเทคโนโลยี': 0, 'บริการและสวัสดิการนิสิต': 26}",26,บริการและสวัสดิการนิสิต
รปภ. ช่วยดูตรงลานจอดรถ หน่อยครับ คนจอดรถขวางทาง,"['รปภ.', 'จอดรถขวาง', 'รปภ']","{'การเดินทาง / รถเมล์มพ.': 0, 'สิ่งอำนวยความสะดวกและอาคารสถานที่': 0, 'สุขอนามัยและความสะอาด': 0, 'การเรียนการสอนและหลักสูตร': 0, 'โรงอาหาร / ร้านค้าบริการ': 0, 'ความปลอดภัยและจราจร': 16, 'ระบบเครือข่ายและเทคโนโลยี': 0, 'บริการและสวัสดิการนิสิต': 0}",16,ความปลอดภัยและจราจร
สอบถามหน่อยครับ รถเมล์สาย 1 หมดกี่โมง,"['รถเมล์', 'รถเมล์สาย', 'สอบถามหน่อยครับ']","{'การเดินทาง / รถเมล์มพ.': 15, 'สิ่งอำนวยความสะดวกและอาคารสถานที่': 0, 'สุขอนามัยและความสะอาด': 0, 'การเรียนการสอนและหลักสูตร': 0, 'โรงอาหาร / ร้านค้าบริการ': 0, 'ความปลอดภัยและจราจร': 0, 'ระบบเครือข่ายและเทคโนโลยี': 0, 'บริการและสวัสดิการนิสิต': 15}",15,การเดินทาง / รถเมล์มพ.
สอบถามหน่อยครับ ทำบัตรนิสิตใหม่ที่ไหน,"['บัตรนิสิต', 'สอบถามหน่อยครับ']","{'การเดินทาง / รถเมล์มพ.': 0, 'สิ่งอำนวยความสะดวกและอาคารสถานที่': 0, 'สุขอนามัยและความสะอาด': 0, 'การเรียนการสอนและหลักสูตร': 0, 'โรงอาหาร / ร้านค้าบริการ': 0, 'ความปลอดภัยและจราจร': 0, 'ระบบเครือข่ายและเทคโนโลยี': 0, 'บริการและสวัสดิการนิสิต': 24}",24,บริการและสวัสดิการนิสิต
สอบถามหน่อยครับ รถเมล์สาย 1 หมดกี่โมง,"['รถเมล์', 'รถเมล์สาย', 'สอบถามหน่อยครับ']","{'การเดินทาง / รถเมล์มพ.': 15, 'สิ่งอำนวยความสะดวกและอาคารสถานที่': 0, 'สุขอนามัยและความสะอาด': 0, 'การเรียนการสอนและหลักสูตร': 0, 'โรงอาหาร / ร้านค้าบริการ': 0, 'ความปลอดภัยและจราจร': 0, 'ระบบเครือข่ายและเทคโนโลยี': 0, 'บริการและสวัสดิการนิสิต': 15}",15,การเดินทาง / รถเมล์มพ.
ลงทะเบียนไม่ได้ ตอนนี้อยู่หอพักใน ทำงานไม่ได้เลย,['ลงทะเบียนไม่ได้'],"{'การเดินทาง / รถเมล์มพ.': 0, 'สิ่งอำนวยความสะดวกและอาคารสถานที่': 0, 'สุขอนามัยและความสะอาด': 0, 'การเรียนการสอนและหลักสูตร': 0, 'โรงอาหาร / ร้านค้าบริการ': 0, 'ความปลอดภัยและจราจร': 0, 'ระบบเครือข่ายและเทคโนโลยี': 15, 'บริการและสวัสดิการนิสิต': 0}",15,ระบบเครือข่ายและเทคโนโลยี
เน็ตหลุดบ่อยมาก ตอนนี้อยู่ตึกคณะ ทำงานไม่ได้เลย,"['เน็ตหลุด', 'หลุดบ่อย']","{'การเดินทาง / รถเมล์มพ.': 0, 'สิ่งอำนวยความสะดวกและอาคารสถานที่': 0, 'สุขอนามัยและความสะอาด': 0, 'การเรียนการสอนและหลักสูตร': 0, 'โรงอาหาร / ร้านค้าบริการ': 0, 'ความปลอดภัยและจราจร': 0, 'ระบบเครือข่ายและเทคโนโลยี': 16, 'บริการและสวัสดิการนิสิต': 0}",16,ระบบเครือข่ายและเทคโนโลยี
เน็ตหลุดบ่อยมาก ตอนนี้อยู่ตึกคณะ ทำงานไม่ได้เลย,"['เน็ตหลุด', 'หลุดบ่อย']","{'การเดินทาง / รถเมล์มพ.': 0, 'สิ่งอำนวยความสะดวกและอาคารสถานที่': 0, 'สุขอนามัยและความสะอาด': 0, 'การเรียนการสอนและหลักสูตร': 0, 'โรงอาหาร / ร้านค้าบริการ': 0, 'ความปลอดภัยและจราจร': 0, 'ระบบเครือข่ายและเทคโนโลยี': 16, 'บริการและสวัสดิการนิสิต': 0}",16,ระบบเครือข่ายและเทคโนโลยี
รปภ. ช่วยดูตรงลานจอดรถ หน่อยครับ รถติดหนักมาก,"['รถติด', 'รปภ.', 'รปภ']","{'การเดินทาง / รถเมล์มพ.': 5, 'สิ่งอำนวยความสะดวกและอาคารสถานที่': 0, 'สุขอนามัยและความสะอาด': 0, 'การเรียนการสอนและหลักสูตร': 0, 'โรงอาหาร / ร้านค้าบริการ': 0, 'ความปลอดภัยและจราจร': 7, 'ระบบเครือข่ายและเทคโนโลยี': 0, 'บริการและสวัสดิการนิสิต': 0}",7,ความปลอดภัยและจราจร
อาจารย์ครับ ขอสอบชดเชยต้องทำไง รบกวนให้คำแนะนำที,"['ขอสอบชดเชย', 'อาจารย์']","{'การเดินทาง / รถเมล์มพ.': 0, 'สิ่งอำนวยความสะดวกและอาคารสถานที่': 0, 'สุขอนามัยและความสะอาด': 0, 'การเรียนการสอนและหลักสูตร': 17, 'โรงอาหาร / ร้านค้าบริการ': 0, 'ความปลอดภัยและจราจร': 0, 'ระบบเครือข่ายและเทคโนโลยี': 0, 'บริการและสวัสดิการนิสิต': 0}",17,การเรียนการสอนและหลักสูตร
เน็ตหลุดบ่อยมาก ตอนนี้อยู่หน้ามอ ทำงานไม่ได้เลย,"['เน็ตหลุด', 'หลุดบ่อย']","{'การเดินทาง / รถเมล์มพ.': 0, 'สิ่งอำนวยความสะดวกและอาคารสถานที่': 0, 'สุขอนามัยและความสะอาด': 0, 'การเรียนการสอนและหลักสูตร': 0, 'โรงอาหาร / ร้านค้าบริการ': 0, 'ความปลอดภัยและจราจร': 0, 'ระบบเครือข่ายและเทคโนโลยี': 16, 'บริการและสวัสดิการนิสิต': 0}",16,ระบบเครือข่ายและเทคโนโลยี
อาจารย์ครับ ขอสอบชดเชยต้องทำไง รบกวนให้คำแนะนำที,"['ขอสอบชดเชย', 'อาจารย์']","{'การเดินทาง / รถเมล์มพ.': 0, 'สิ่งอำนวยความสะดวกและอาคารสถานที่': 0, 'สุขอนามัยและความสะอาด': 0, 'การเรียนการสอนและหลักสูตร': 17, 'โรงอาหาร / ร้านค้าบริการ': 0, 'ความปลอดภัยและจราจร': 0, 'ระบบเครือข่ายและเทคโนโลยี': 0, 'บริการและสวัสดิการนิสิต': 0}",17,การเรียนการสอนและหลักสูตร
อาจารย์ครับ ขอสอบชดเชยต้องทำไง รบกวนให้คำแนะนำที,"['ขอสอบชดเชย', 'อาจารย์']","{'การเดินทาง / รถเมล์มพ.': 0, 'สิ่งอำนวยความสะดวกและอาคารสถานที่': 0, 'สุขอนามัยและความสะอาด': 0, 'การเรียนการสอนและหลักสูตร': 17, 'โรงอาหาร / ร้านค้าบริการ': 0, 'ความปลอดภัยและจราจร': 0, 'ระบบเครือข่ายและเทคโนโลยี': 0, 'บริการและสวัสดิการนิสิต': 0}",17,การเรียนการสอนและหลักสูตร
รปภ. ช่วยดูตรงทางแยก หน่อยครับ คนจอดรถขวางทาง,"['รปภ.', 'จอดรถขวาง', 'รปภ']","{'การเดินทาง / รถเมล์มพ.': 0, 'สิ่งอำนวยความสะดวกและอาคารสถานที่': 0, 'สุขอนามัยและความสะอาด': 0, 'การเรียนการสอนและหลักสูตร': 0, 'โรงอาหาร / ร้านค้าบริการ': 0, 'ความปลอดภัยและจราจร': 16, 'ระบบเครือข่ายและเทคโนโลยี': 0, 'บริการและสวัสดิการนิสิต': 0}",16,ความปลอดภัยและจราจร
รปภ. ช่วยดูตรงหน้ามอ หน่อยครับ มีรถชนกัน,"['รถชน', 'รปภ.', 'รปภ']","{'การเดินทาง / รถเมล์มพ.': 0, 'สิ่งอำนวยความสะดวกและอาคารสถานที่': 0, 'สุขอนามัยและความสะอาด': 0, 'การเรียนการสอนและหลักสูตร': 0, 'โรงอาหาร / ร้านค้าบริการ': 0, 'ความปลอดภัยและจราจร': 11, 'ระบบเครือข่ายและเทคโนโลยี': 0, 'บริการและสวัสดิการนิสิต': 0}",11,ความปลอดภัยและจราจร
อาจารย์ครับ ขอสอบชดเชยต้องทำไง รบกวนให้คำแนะนำที,"['ขอสอบชดเชย', 'อาจารย์']","{'การเดินทาง / รถเมล์มพ.': 0, 'สิ่งอำนวยความสะดวกและอาคารสถานที่': 0, 'สุขอนามัยและความสะอาด': 0, 'การเรียนการสอนและหลักสูตร': 17, 'โรงอาหาร / ร้านค้าบริการ': 0, 'ความปลอดภัยและจราจร': 0, 'ระบบเครือข่ายและเทคโนโลยี': 0, 'บริการและสวัสดิการนิสิต': 0}",17,การเรียนการสอนและหลักสูตร
ระบบล่ม ตอนนี้อยู่ตึกคณะ ทำงานไม่ได้เลย,"['ระบบล่ม', 'ระบบ']","{'การเดินทาง / รถเมล์มพ.': 0, 'สิ่งอำนวยความสะดวกและอาคารสถานที่': 0, 'สุขอนามัยและความสะอาด': 0, 'การเรียนการสอนและหลักสูตร': 0, 'โรงอาหาร / ร้านค้าบริการ': 0, 'ความปลอดภัยและจราจร': 0, 'ระบบเครือข่ายและเทคโนโลยี': 11, 'บริการและสวัสดิการนิสิต': 0}",11,ระบบเครือข่ายและเทคโนโลยี
เน็ตหลุดบ่อยมาก ตอนนี้อยู่ห้องสมุด ทำงานไม่ได้เลย,"['เน็ตหลุด', 'หลุดบ่อย']","{'การเดินทาง / รถเมล์มพ.': 0, 'สิ่งอำนวยความสะดวกและอาคารสถานที่': 0, 'สุขอนามัยและความสะอาด': 0, 'การเรียนการสอนและหลักสูตร': 0, 'โรงอาหาร / ร้านค้าบริการ': 0, 'ความปลอดภัยและจราจร': 0, 'ระบบเครือข่ายและเทคโนโลยี': 16, 'บริการและสวัสดิการนิสิต': 0}",16,ระบบเครือข่ายและเทคโนโลยี
แจ้งทำความสะอาดตรงสวนหน้าตึก มีหมาจรจัดมาคุ้ยขยะ ครับ,"['หมาจรจัด', 'ทำความสะอาด']","{'การเดินทาง / รถเมล์มพ.': 0, 'สิ่งอำนวยความสะดวกและอาคารสถานที่': 0, 'สุขอนามัยและความสะอาด': 19, 'การเรียนการสอนและหลักสูตร': 0, 'โรงอาหาร / ร้านค้าบริการ': 0, 'ความปลอดภัยและจราจร': 0, 'ระบบเครือข่ายและเทคโนโลยี': 0, 'บริการและสวัสดิการนิสิต': 0}",19,สุขอนามัยและความสะอาด
แจ้งทำความสะอาดตรงโรงอาหาร กิ่งไม้หักขวางทาง ครับ,"['กิ่งไม้หัก', 'ทำความสะอาด', 'โรงอาหาร', 'อาหาร']","{'การเดินทาง / รถเมล์มพ.': 0, 'สิ่งอำนวยความสะดวกและอาคารสถานที่': 0, 'สุขอนามัยและความสะอาด': 21, 'การเรียนการสอนและหลักสูตร': 0, 'โรงอาหาร / ร้านค้าบริการ': 13, 'ความปลอดภัยและจราจร': 0, 'ระบบเครือข่ายและเทคโนโลยี': 0, 'บริการและสวัสดิการนิสิต': 0}",21,สุขอนามัยและความสะอาด
แจ้งทำความสะอาดตรงโรงอาหาร สกปรกมากไม่ทำความสะอาด ครับ,"['สกปรก', 'ไม่ทำความสะอาด', 'ทำความสะอาด', 'โรงอาหาร', 'อาหาร']","{'การเดินทาง / รถเมล์มพ.': 0, 'สิ่งอำนวยความสะดวกและอาคารสถานที่': 0, 'สุขอนามัยและความสะอาด': 30, 'การเรียนการสอนและหลักสูตร': 0, 'โรงอาหาร / ร้านค้าบริการ': 13, 'ความปลอดภัยและจราจร': 0, 'ระบบเครือข่ายและเทคโนโลยี': 0, 'บริการและสวัสดิการนิสิต': 0}",30,สุขอนามัยและความสะอาด
สอบถามหน่อยครับ ทำบัตรนิสิตใหม่ที่ไหน,"['บัตรนิสิต', 'สอบถามหน่อยครับ']","{'การเดินทาง / รถเมล์มพ.': 0, 'สิ่งอำนวยความสะดวกและอาคารสถานที่': 0, 'สุขอนามัยและความสะอาด': 0, 'การเรียนการสอนและหลักสูตร': 0, 'โรงอาหาร / ร้านค้าบริการ': 0, 'ความปลอดภัยและจราจร': 0, 'ระบบเครือข่ายและเทคโนโลยี': 0, 'บริการและสวัสดิการนิสิต': 24}",24,บริการและสวัสดิการนิสิต
อาจารย์ครับ เกรดยังไม่ออกครับ รบกวนให้คำแนะนำที,"['เกรด', 'อาจารย์']","{'การเดินทาง / รถเมล์มพ.': 0, 'สิ่งอำนวยความสะดวกและอาคารสถานที่': 0, 'สุขอนามัยและความสะอาด': 0, 'การเรียนการสอนและหลักสูตร': 11, 'โรงอาหาร / ร้านค้าบริการ': 0, 'ความปลอดภัยและจราจร': 0, 'ระบบเครือข่ายและเทคโนโลยี': 0, 'บริการและสวัสดิการนิสิต': 0}",11,การเรียนการสอนและหลักสูตร
สอบถามหน่อยครับ รถเมล์สาย 1 หมดกี่โมง,"['รถเมล์', 'รถเมล์สาย', 'สอบถามหน่อยครับ']","{'การเดินทาง / รถเมล์มพ.': 15, 'สิ่งอำนวยความสะดวกและอาคารสถานที่': 0, 'สุขอนามัยและความสะอาด': 0, 'การเรียนการสอนและหลักสูตร': 0, 'โรงอาหาร / ร้านค้าบริการ': 0, 'ความปลอดภัยและจราจร': 0, 'ระบบเครือข่ายและเทคโนโลยี': 0, 'บริการและสวัสดิการนิสิต': 15}",15,การเดินทาง / รถเมล์มพ.
แจ้งทำความสะอาดตรงโรงอาหาร มีหมาจรจัดมาคุ้ยขยะ ครับ,"['หมาจรจัด', 'ทำความสะอาด', 'โรงอาหาร', 'อาหาร']","{'การเดินทาง / รถเมล์มพ.': 0, 'สิ่งอำนวยความสะดวกและอาคารสถานที่': 0, 'สุขอนามัยและความสะอาด': 19, 'การเรียนการสอนและหลักสูตร': 0, 'โรงอาหาร / ร้านค้าบริการ': 13, 'ความปลอดภัยและจราจร': 0, 'ระบบเครือข่ายและเทคโนโลยี': 0, 'บริการและสวัสดิการนิสิต': 0}",19,สุขอนามัยและความสะอาด
อาจารย์ครับ ขอสอบชดเชยต้องทำไง รบกวนให้คำแนะนำที,"['ขอสอบชดเชย', 'อาจารย์']","{'การเดินทาง / รถเมล์มพ.': 0, 'สิ่งอำนวยความสะดวกและอาคารสถานที่': 0, 'สุขอนามัยและความสะอาด': 0, 'การเรียนการสอนและหลักสูตร': 17, 'โรงอาหาร / ร้านค้าบริการ': 0, 'ความปลอดภัยและจราจร': 0, 'ระบบเครือข่ายและเทคโนโลยี': 0, 'บริการและสวัสดิการนิสิต': 0}",17,การเรียนการสอนและหลักสูตร
ระบบล่ม ตอนนี้อยู่ตึกคณะ ทำงานไม่ได้เลย,"['ระบบล่ม', 'ระบบ']","{'การเดินทาง / รถเมล์มพ.': 0, 'สิ่งอำนวยความสะดวกและอาคารสถานที่': 0, 'สุขอนามัยและความสะอาด': 0, 'การเรียนการสอนและหลักสูตร': 0, 'โรงอาหาร / ร้านค้าบริการ': 0, 'ความปลอดภัยและจราจร': 0, 'ระบบเครือข่ายและเทคโนโลยี': 11, 'บริการและสวัสดิการนิสิต': 0}",11,ระบบเครือข่ายและเทคโนโลยี
แจ้งทำความสะอาดตรงสนามบาส สกปรกมากไม่ทำความสะอาด ครับ,"['สกปรก', 'ไม่ทำความสะอาด', 'ทำความสะอาด']","{'การเดินทาง / รถเมล์มพ.': 0, 'สิ่งอำนวยความสะดวกและอาคารสถานที่': 0, 'สุขอนามัยและความสะอาด': 30, 'การเรียนการสอนและหลักสูตร': 0, 'โรงอาหาร / ร้านค้าบริการ': 0, 'ความปลอดภัยและจราจร': 0, 'ระบบเครือข่ายและเทคโนโลยี': 0, 'บริการและสวัสดิการนิสิต': 0}",30,สุขอนามัยและความสะอาด
สอบถามหน่อยครับ อยากทราบกำหนดการกิจกรรมรับน้อง,"['กิจกรรม', 'สอบถามหน่อยครับ']","{'การเดินทาง / รถเมล์มพ.': 0, 'สิ่งอำนวยความสะดวกและอาคารสถานที่': 0, 'สุขอนามัยและความสะอาด': 0, 'การเรียนการสอนและหลักสูตร': 0, 'โรงอาหาร / ร้านค้าบริการ': 0, 'ความปลอดภัยและจราจร': 0, 'ระบบเครือข่ายและเทคโนโลยี': 0, 'บริการและสวัสดิการนิสิต': 22}",22,บริการและสวัสดิการนิสิต
เน็ตหลุดบ่อยมาก ตอนนี้อยู่หอพักใน ทำงานไม่ได้เลย,"['เน็ตหลุด', 'หลุดบ่อย']","{'การเดินทาง / รถเมล์มพ.': 0, 'สิ่งอำนวยความสะดวกและอาคารสถานที่': 0, 'สุขอนามัยและความสะอาด': 0, 'การเรียนการสอนและหลักสูตร': 0, 'โรงอาหาร / ร้านค้าบริการ': 0, 'ความปลอดภัยและจราจร': 0, 'ระบบเครือข่ายและเทคโนโลยี': 16, 'บริการและสวัสดิการนิสิต': 0}",16,ระบบเครือข่ายและเทคโนโลยี
รปภ. ช่วยดูตรงทางแยก หน่อยครับ คนจอดรถขวางทาง,"['รปภ.', 'จอดรถขวาง', 'รปภ']","{'การเดินทาง / รถเมล์มพ.': 0, 'สิ่งอำนวยความสะดวกและอาคารสถานที่': 0, 'สุขอนามัยและความสะอาด': 0, 'การเรียนการสอนและหลักสูตร': 0, 'โรงอาหาร / ร้านค้าบริการ': 0, 'ความปลอดภัยและจราจร': 16, 'ระบบเครือข่ายและเทคโนโลยี': 0, 'บริการและสวัสดิการนิสิต': 0}",16,ความปลอดภัยและจราจร
สอบถามหน่อยครับ รถเมล์สาย 1 หมดกี่โมง,"['รถเมล์', 'รถเมล์สาย', 'สอบถามหน่อยครับ']","{'การเดินทาง / รถเมล์มพ.': 15, 'สิ่งอำนวยความสะดวกและอาคารสถานที่': 0, 'สุขอนามัยและความสะอาด': 0, 'การเรียนการสอนและหลักสูตร': 0, 'โรงอาหาร / ร้านค้าบริการ': 0, 'ความปลอดภัยและจราจร': 0, 'ระบบเครือข่ายและเทคโนโลยี': 0, 'บริการและสวัสดิการนิสิต': 15}",15,การเดินทาง / รถเมล์มพ.
สอบถามหน่อยครับ รถเมล์สาย 1 หมดกี่โมง,"['รถเมล์', 'รถเมล์สาย', 'สอบถามหน่อยครับ']","{'การเดินทาง / รถเมล์มพ.': 15, 'สิ่งอำนวยความสะดวกและอาคารสถานที่': 0, 'สุขอนามัยและความสะอาด': 0, 'การเรียนการสอนและหลักสูตร': 0, 'โรงอาหาร / ร้านค้าบริการ': 0, 'ความปลอดภัยและจราจร': 0, 'ระบบเครือข่ายและเทคโนโลยี': 0, 'บริการและสวัสดิการนิสิต': 15}",15,การเดินทาง / รถเมล์มพ.
สอบถามหน่อยครับ ทำบัตรนิสิตใหม่ที่ไหน,"['บัตรนิสิต', 'สอบถามหน่อยครับ']","{'การเดินทาง / รถเมล์มพ.': 0, 'สิ่งอำนวยความสะดวกและอาคารสถานที่': 0, 'สุขอนามัยและความสะอาด': 0, 'การเรียนการสอนและหลักสูตร': 0, 'โรงอาหาร / ร้านค้าบริการ': 0, 'ความปลอดภัยและจราจร': 0, 'ระบบเครือข่ายและเทคโนโลยี': 0, 'บริการและสวัสดิการนิสิต': 24}",24,บริการและสวัสดิการนิสิต
แจ้งเรื่องลิฟต์ค้าง ตรงห้อง 1204 ช่วยมาดูหน่อย,"['ลิฟต์ค้าง', 'ลิฟต์']","{'การเดินทาง / รถเมล์มพ.': 0, 'สิ่งอำนวยความสะดวกและอาคารสถานที่': 14, 'สุขอนามัยและความสะอาด': 0, 'การเรียนการสอนและหลักสูตร': 0, 'โรงอาหาร / ร้านค้าบริการ': 0, 'ความปลอดภัยและจราจร': 0, 'ระบบเครือข่ายและเทคโนโลยี': 0, 'บริการและสวัสดิการนิสิต': 0}",14,สิ่งอำนวยความสะดวกและอาคารสถานที่
อาจารย์ครับ ลงทะเบียนวิชานี้ไม่ได้ รบกวนให้คำแนะนำที,"['วิชา', 'อาจารย์']","{'การเดินทาง / รถเมล์มพ.': 0, 'สิ่งอำนวยความสะดวกและอาคารสถานที่': 0, 'สุขอนามัยและความสะอาด': 0, 'การเรียนการสอนและหลักสูตร': 11, 'โรงอาหาร / ร้านค้าบริการ': 0, 'ความปลอดภัยและจราจร': 0, 'ระบบเครือข่ายและเทคโนโลยี': 0, 'บริการและสวัสดิการนิสิต': 0}",11,การเรียนการสอนและหลักสูตร
ไวไฟเข้าไม่ได้ ตอนนี้อยู่หอพักใน ทำงานไม่ได้เลย,"['ไวไฟเข้าไม่ได้', 'ไวไฟ']","{'การเดินทาง / รถเมล์มพ.': 0, 'สิ่งอำนวยความสะดวกและอาคารสถานที่': 0, 'สุขอนามัยและความสะอาด': 0, 'การเรียนการสอนและหลักสูตร': 0, 'โรงอาหาร / ร้านค้าบริการ': 0, 'ความปลอดภัยและจราจร': 0, 'ระบบเครือข่ายและเทคโนโลยี': 18, 'บริการและสวัสดิการนิสิต': 0}",18,ระบบเครือข่ายและเทคโนโลยี
สอบถามหน่อยครับ อยากทราบกำหนดการกิจกรรมรับน้อง,"['กิจกรรม', 'สอบถามหน่อยครับ']","{'การเดินทาง / รถเมล์มพ.': 0, 'สิ่งอำนวยความสะดวกและอาคารสถานที่': 0, 'สุขอนามัยและความสะอาด': 0, 'การเรียนการสอนและหลักสูตร': 0, 'โรงอาหาร / ร้านค้าบริการ': 0, 'ความปลอดภัยและจราจร': 0, 'ระบบเครือข่ายและเทคโนโลยี': 0, 'บริการและสวัสดิการนิสิต': 22}",22,บริการและสวัสดิการนิสิต
อาจารย์ครับ ตารางเรียนไม่ขึ้นระบบ รบกวนให้คำแนะนำที,"['ตารางเรียน', 'อาจารย์', 'ระบบ']","{'การเดินทาง / รถเมล์มพ.': 0, 'สิ่งอำนวยความสะดวกและอาคารสถานที่': 0, 'สุขอนามัยและความสะอาด': 0, 'การเรียนการสอนและหลักสูตร': 17, 'โรงอาหาร / ร้านค้าบริการ': 0, 'ความปลอดภัยและจราจร': 0, 'ระบบเครือข่ายและเทคโนโลยี': 4, 'บริการและสวัสดิการนิสิต': 0}",17,การเรียนการสอนและหลักสูตร
แจ้งเรื่องน้ำไม่ไหล ตรงห้องน้ำตึกสงวน ช่วยมาดูหน่อย,['น้ำไม่ไหล'],"{'การเดินทาง / รถเมล์มพ.': 0, 'สิ่งอำนวยความสะดวกและอาคารสถานที่': 9, 'สุขอนามัยและความสะอาด': 0, 'การเรียนการสอนและหลักสูตร': 0, 'โรงอาหาร / ร้านค้าบริการ': 0, 'ความปลอดภัยและจราจร': 0, 'ระบบเครือข่ายและเทคโนโลยี': 0, 'บริการและสวัสดิการนิสิต': 0}",9,สิ่งอำนวยความสะดวกและอาคารสถานที่
รปภ. ช่วยดูตรงทางแยก หน่อยครับ รถติดหนักมาก,"['รถติด', 'รปภ.', 'รปภ']","{'การเดินทาง / รถเมล์มพ.': 5, 'สิ่งอำนวยความสะดวกและอาคารสถานที่': 0, 'สุขอนามัยและความสะอาด': 0, 'การเรียนการสอนและหลักสูตร': 0, 'โรงอาหาร / ร้านค้าบริการ': 0, 'ความปลอดภัยและจราจร': 7, 'ระบบเครือข่ายและเทคโนโลยี': 0, 'บริการและสวัสดิการนิสิต': 0}",7,ความปลอดภัยและจราจร
แจ้งทำความสะอาดตรงริมสระน้ำ กิ่งไม้หักขวางทาง ครับ,"['กิ่งไม้หัก', 'ทำความสะอาด']","{'การเดินทาง / รถเมล์มพ.': 0, 'สิ่งอำนวยความสะดวกและอาคารสถานที่': 0, 'สุขอนามัยและความสะอาด': 21, 'การเรียนการสอนและหลักสูตร': 0, 'โรงอาหาร / ร้านค้าบริการ': 0, 'ความปลอดภัยและจราจร': 0, 'ระบบเครือข่ายและเทคโนโลยี': 0, 'บริการและสวัสดิการนิสิต': 0}",21,สุขอนามัยและความสะอาด
แจ้งทำความสะอาดตรงริมสระน้ำ กิ่งไม้หักขวางทาง ครับ,"['กิ่งไม้หัก', 'ทำความสะอาด']","{'การเดินทาง / รถเมล์มพ.': 0, 'สิ่งอำนวยความสะดวกและอาคารสถานที่': 0, 'สุขอนามัยและความสะอาด': 21, 'การเรียนการสอนและหลักสูตร': 0, 'โรงอาหาร / ร้านค้าบริการ': 0, 'ความปลอดภัยและจราจร': 0, 'ระบบเครือข่ายและเทคโนโลยี': 0, 'บริการและสวัสดิการนิสิต': 0}",21,สุขอนามัยและความสะอาด
ไวไฟเข้าไม่ได้ ตอนนี้อยู่หน้ามอ ทำงานไม่ได้เลย,"['ไวไฟเข้าไม่ได้', 'ไวไฟ']","{'การเดินทาง / รถเมล์มพ.': 0, 'สิ่งอำนวยความสะดวกและอาคารสถานที่': 0, 'สุขอนามัยและความสะอาด': 0, 'การเรียนการสอนและหลักสูตร': 0, 'โรงอาหาร / ร้านค้าบริการ': 0, 'ความปลอดภัยและจราจร': 0, 'ระบบเครือข่ายและเทคโนโลยี': 18, 'บริการและสวัสดิการนิสิต': 0}",18,ระบบเครือข่ายและเทคโนโลยี
สอบถามหน่อยครับ ทำบัตรนิสิตใหม่ที่ไหน,"['บัตรนิสิต', 'สอบถามหน่อยครับ']","{'การเดินทาง / รถเมล์มพ.': 0, 'สิ่งอำนวยความสะดวกและอาคารสถานที่': 0, 'สุขอนามัยและความสะอาด': 0, 'การเรียนการสอนและหลักสูตร': 0, 'โรงอาหาร / ร้านค้าบริการ': 0, 'ความปลอดภัยและจราจร': 0, 'ระบบเครือข่ายและเทคโนโลยี': 0, 'บริการและสวัสดิการนิสิต': 24}",24,บริการและสวัสดิการนิสิต
แจ้งเรื่องลิฟต์ค้าง ตรงห้องบรรยาย ช่วยมาดูหน่อย,"['ลิฟต์ค้าง', 'ลิฟต์']","{'การเดินทาง / รถเมล์มพ.': 0, 'สิ่งอำนวยความสะดวกและอาคารสถานที่': 14, 'สุขอนามัยและความสะอาด': 0, 'การเรียนการสอนและหลักสูตร': 0, 'โรงอาหาร / ร้านค้าบริการ': 0, 'ความปลอดภัยและจราจร': 0, 'ระบบเครือข่ายและเทคโนโลยี': 0, 'บริการและสวัสดิการนิสิต': 0}",14,สิ่งอำนวยความสะดวกและอาคารสถานที่
เน็ตหลุดบ่อยมาก ตอนนี้อยู่ตึกคณะ ทำงานไม่ได้เลย,"['เน็ตหลุด', 'หลุดบ่อย']","{'การเดินทาง / รถเมล์มพ.': 0, 'สิ่งอำนวยความสะดวกและอาคารสถานที่': 0, 'สุขอนามัยและความสะอาด': 0, 'การเรียนการสอนและหลักสูตร': 0, 'โรงอาหาร / ร้านค้าบริการ': 0, 'ความปลอดภัยและจราจร': 0, 'ระบบเครือข่ายและเทคโนโลยี': 16, 'บริการและสวัสดิการนิสิต': 0}",16,ระบบเครือข่ายและเทคโนโลยี
สอบถามหน่อยครับ อยากทราบกำหนดการกิจกรรมรับน้อง,"['กิจกรรม', 'สอบถามหน่อยครับ']","{'การเดินทาง / รถเมล์มพ.': 0, 'สิ่งอำนวยความสะดวกและอาคารสถานที่': 0, 'สุขอนามัยและความสะอาด': 0, 'การเรียนการสอนและหลักสูตร': 0, 'โรงอาหาร / ร้านค้าบริการ': 0, 'ความปลอดภัยและจราจร': 0, 'ระบบเครือข่ายและเทคโนโลยี': 0, 'บริการและสวัสดิการนิสิต': 22}",22,บริการและสวัสดิการนิสิต
อาจารย์ครับ เกรดยังไม่ออกครับ รบกวนให้คำแนะนำที,"['เกรด', 'อาจารย์']","{'การเดินทาง / รถเมล์มพ.': 0, 'สิ่งอำนวยความสะดวกและอาคารสถานที่': 0, 'สุขอนามัยและความสะอาด': 0, 'การเรียนการสอนและหลักสูตร': 11, 'โรงอาหาร / ร้านค้าบริการ': 0, 'ความปลอดภัยและจราจร': 0, 'ระบบเครือข่ายและเทคโนโลยี': 0, 'บริการและสวัสดิการนิสิต': 0}",11,การเรียนการสอนและหลักสูตร
อาจารย์ครับ ขอสอบชดเชยต้องทำไง รบกวนให้คำแนะนำที,"['ขอสอบชดเชย', 'อาจารย์']","{'การเดินทาง / รถเมล์มพ.': 0, 'สิ่งอำนวยความสะดวกและอาคารสถานที่': 0, 'สุขอนามัยและความสะอาด': 0, 'การเรียนการสอนและหลักสูตร': 17, 'โรงอาหาร / ร้านค้าบริการ': 0, 'ความปลอดภัยและจราจร': 0, 'ระบบเครือข่ายและเทคโนโลยี': 0, 'บริการและสวัสดิการนิสิต': 0}",17,การเรียนการสอนและหลักสูตร
ลืมรหัสผ่านเข้าระบบ ตอนนี้อยู่หอพักใน ทำงานไม่ได้เลย,"['ลืมรหัสผ่าน', 'ระบบ']","{'การเดินทาง / รถเมล์มพ.': 0, 'สิ่งอำนวยความสะดวกและอาคารสถานที่': 0, 'สุขอนามัยและความสะอาด': 0, 'การเรียนการสอนและหลักสูตร': 0, 'โรงอาหาร / ร้านค้าบริการ': 0, 'ความปลอดภัยและจราจร': 0, 'ระบบเครือข่ายและเทคโนโลยี': 15, 'บริการและสวัสดิการนิสิต': 0}",15,ระบบเครือข่ายและเทคโนโลยี
แจ้งเรื่องประตูพัง ตรงห้อง 1204 ช่วยมาดูหน่อย,"['พัง', 'ประตูพัง']","{'การเดินทาง / รถเมล์มพ.': 0, 'สิ่งอำนวยความสะดวกและอาคารสถานที่': 11, 'สุขอนามัยและความสะอาด': 0, 'การเรียนการสอนและหลักสูตร': 0, 'โรงอาหาร / ร้านค้าบริการ': 0, 'ความปลอดภัยและจราจร': 0, 'ระบบเครือข่ายและเทคโนโลยี': 0, 'บริการและสวัสดิการนิสิต': 0}",11,สิ่งอำนวยความสะดวกและอาคารสถานที่
รปภ. ช่วยดูตรงหลังมอ หน่อยครับ หมวกกันน็อคหาย,"['รปภ.', 'รปภ', 'หมวกกันน็อคหาย']","{'การเดินทาง / รถเมล์มพ.': 0, 'สิ่งอำนวยความสะดวกและอาคารสถานที่': 0, 'สุขอนามัยและความสะอาด': 0, 'การเรียนการสอนและหลักสูตร': 0, 'โรงอาหาร / ร้านค้าบริการ': 0, 'ความปลอดภัยและจราจร': 7, 'ระบบเครือข่ายและเทคโนโลยี': 0, 'บริการและสวัสดิการนิสิต': 14}",14,บริการและสวัสดิการนิสิต
รปภ. ช่วยดูตรงหลังมอ หน่อยครับ คนจอดรถขวางทาง,"['รปภ.', 'จอดรถขวาง', 'รปภ']","{'การเดินทาง / รถเมล์มพ.': 0, 'สิ่งอำนวยความสะดวกและอาคารสถานที่': 0, 'สุขอนามัยและความสะอาด': 0, 'การเรียนการสอนและหลักสูตร': 0, 'โรงอาหาร / ร้านค้าบริการ': 0, 'ความปลอดภัยและจราจร': 16, 'ระบบเครือข่ายและเทคโนโลยี': 0, 'บริการและสวัสดิการนิสิต': 0}",16,ความปลอดภัยและจราจร
รปภ. ช่วยดูตรงหลังมอ หน่อยครับ มีรถชนกัน,"['รถชน', 'รปภ.', 'รปภ']","{'การเดินทาง / รถเมล์มพ.': 0, 'สิ่งอำนวยความสะดวกและอาคารสถานที่': 0, 'สุขอนามัยและความสะอาด': 0, 'การเรียนการสอนและหลักสูตร': 0, 'โรงอาหาร / ร้านค้าบริการ': 0, 'ความปลอดภัยและจราจร': 11, 'ระบบเครือข่ายและเทคโนโลยี': 0, 'บริการและสวัสดิการนิสิต': 0}",11,ความปลอดภัยและจราจร
สอบถามหน่อยครับ ทำบัตรนิสิตใหม่ที่ไหน,"['บัตรนิสิต', 'สอบถามหน่อยครับ']","{'การเดินทาง / รถเมล์มพ.': 0, 'สิ่งอำนวยความสะดวกและอาคารสถานที่': 0, 'สุขอนามัยและความสะอาด': 0, 'การเรียนการสอนและหลักสูตร': 0, 'โรงอาหาร / ร้านค้าบริการ': 0, 'ความปลอดภัยและจราจร': 0, 'ระบบเครือข่ายและเทคโนโลยี': 0, 'บริการและสวัสดิการนิสิต': 24}",24,บริการและสวัสดิการนิสิต
แจ้งเรื่องหลังคารั่วหนักมาก ตรงห้องน้ำตึกสงวน ช่วยมาดูหน่อย,['หลังคารั่ว'],"{'การเดินทาง / รถเมล์มพ.': 0, 'สิ่งอำนวยความสะดวกและอาคารสถานที่': 10, 'สุขอนามัยและความสะอาด': 0, 'การเรียนการสอนและหลักสูตร': 0, 'โรงอาหาร / ร้านค้าบริการ': 0, 'ความปลอดภัยและจราจร': 0, 'ระบบเครือข่ายและเทคโนโลยี': 0, 'บริการและสวัสดิการนิสิต': 0}",10,สิ่งอำนวยความสะดวกและอาคารสถานที่
รปภ. ช่วยดูตรงหลังมอ หน่อยครับ รถติดหนักมาก,"['รถติด', 'รปภ.', 'รปภ']","{'การเดินทาง / รถเมล์มพ.': 5, 'สิ่งอำนวยความสะดวกและอาคารสถานที่': 0, 'สุขอนามัยและความสะอาด': 0, 'การเรียนการสอนและหลักสูตร': 0, 'โรงอาหาร / ร้านค้าบริการ': 0, 'ความปลอดภัยและจราจร': 7, 'ระบบเครือข่ายและเทคโนโลยี': 0, 'บริการและสวัสดิการนิสิต': 0}",7,ความปลอดภัยและจราจร
แจ้งทำความสะอาดตรงริมสระน้ำ ขยะล้นถังส่งกลิ่นเหม็น ครับ,"['ขยะล้น', 'เหม็น', 'ทำความสะอาด', 'กลิ่นเหม็น']","{'การเดินทาง / รถเมล์มพ.': 0, 'สิ่งอำนวยความสะดวกและอาคารสถานที่': 0, 'สุขอนามัยและความสะอาด': 32, 'การเรียนการสอนและหลักสูตร': 0, 'โรงอาหาร / ร้านค้าบริการ': 0, 'ความปลอดภัยและจราจร': 0, 'ระบบเครือข่ายและเทคโนโลยี': 0, 'บริการและสวัสดิการนิสิต': 0}",32,สุขอนามัยและความสะอาด
อาจารย์ครับ เกรดยังไม่ออกครับ รบกวนให้คำแนะนำที,"['เกรด', 'อาจารย์']","{'การเดินทาง / รถเมล์มพ.': 0, 'สิ่งอำนวยความสะดวกและอาคารสถานที่': 0, 'สุขอนามัยและความสะอาด': 0, 'การเรียนการสอนและหลักสูตร': 11, 'โรงอาหาร / ร้านค้าบริการ': 0, 'ความปลอดภัยและจราจร': 0, 'ระบบเครือข่ายและเทคโนโลยี': 0, 'บริการและสวัสดิการนิสิต': 0}",11,การเรียนการสอนและหลักสูตร
สอบถามหน่อยครับ รถเมล์สาย 1 หมดกี่โมง,"['รถเมล์', 'รถเมล์สาย', 'สอบถามหน่อยครับ']","{'การเดินทาง / รถเมล์มพ.': 15, 'สิ่งอำนวยความสะดวกและอาคารสถานที่': 0, 'สุขอนามัยและความสะอาด': 0, 'การเรียนการสอนและหลักสูตร': 0, 'โรงอาหาร / ร้านค้าบริการ': 0, 'ความปลอดภัยและจราจร': 0, 'ระบบเครือข่ายและเทคโนโลยี': 0, 'บริการและสวัสดิการนิสิต': 15}",15,การเดินทาง / รถเมล์มพ.
แจ้งทำความสะอาดตรงสวนหน้าตึก สกปรกมากไม่ทำความสะอาด ครับ,"['สกปรก', 'ไม่ทำความสะอาด', 'ทำความสะอาด']","{'การเดินทาง / รถเมล์มพ.': 0, 'สิ่งอำนวยความสะดวกและอาคารสถานที่': 0, 'สุขอนามัยและความสะอาด': 30, 'การเรียนการสอนและหลักสูตร': 0, 'โรงอาหาร / ร้านค้าบริการ': 0, 'ความปลอดภัยและจราจร': 0, 'ระบบเครือข่ายและเทคโนโลยี': 0, 'บริการและสวัสดิการนิสิต': 0}",30,สุขอนามัยและความสะอาด
ไวไฟเข้าไม่ได้ ตอนนี้อยู่ตึกคณะ ทำงานไม่ได้เลย,"['ไวไฟเข้าไม่ได้', 'ไวไฟ']","{'การเดินทาง / รถเมล์มพ.': 0, 'สิ่งอำนวยความสะดวกและอาคารสถานที่': 0, 'สุขอนามัยและความสะอาด': 0, 'การเรียนการสอนและหลักสูตร': 0, 'โรงอาหาร / ร้านค้าบริการ': 0, 'ความปลอดภัยและจราจร': 0, 'ระบบเครือข่ายและเทคโนโลยี': 18, 'บริการและสวัสดิการนิสิต': 0}",18,ระบบเครือข่ายและเทคโนโลยี
แจ้งทำความสะอาดตรงโรงอาหาร กิ่งไม้หักขวางทาง ครับ,"['กิ่งไม้หัก', 'ทำความสะอาด', 'โรงอาหาร', 'อาหาร']","{'การเดินทาง / รถเมล์มพ.': 0, 'สิ่งอำนวยความสะดวกและอาคารสถานที่': 0, 'สุขอนามัยและความสะอาด': 21, 'การเรียนการสอนและหลักสูตร': 0, 'โรงอาหาร / ร้านค้าบริการ': 13, 'ความปลอดภัยและจราจร': 0, 'ระบบเครือข่ายและเทคโนโลยี': 0, 'บริการและสวัสดิการนิสิต': 0}",21,สุขอนามัยและความสะอาด
แจ้งทำความสะอาดตรงสนามบาส สกปรกมากไม่ทำความสะอาด ครับ,"['สกปรก', 'ไม่ทำความสะอาด', 'ทำความสะอาด']","{'การเดินทาง / รถเมล์มพ.': 0, 'สิ่งอำนวยความสะดวกและอาคารสถานที่': 0, 'สุขอนามัยและความสะอาด': 30, 'การเรียนการสอนและหลักสูตร': 0, 'โรงอาหาร / ร้านค้าบริการ': 0, 'ความปลอดภัยและจราจร': 0, 'ระบบเครือข่ายและเทคโนโลยี': 0, 'บริการและสวัสดิการนิสิต': 0}",30,สุขอนามัยและความสะอาด
รปภ. ช่วยดูตรงหน้ามอ หน่อยครับ คนจอดรถขวางทาง,"['รปภ.', 'จอดรถขวาง', 'รปภ']","{'การเดินทาง / รถเมล์มพ.': 0, 'สิ่งอำนวยความสะดวกและอาคารสถานที่': 0, 'สุขอนามัยและความสะอาด': 0, 'การเรียนการสอนและหลักสูตร': 0, 'โรงอาหาร / ร้านค้าบริการ': 0, 'ความปลอดภัยและจราจร': 16, 'ระบบเครือข่ายและเทคโนโลยี': 0, 'บริการและสวัสดิการนิสิต': 0}",16,ความปลอดภัยและจราจร
แจ้งเรื่องประตูพัง ตรงตึก ICT ช่วยมาดูหน่อย,"['พัง', 'ประตูพัง']","{'การเดินทาง / รถเมล์มพ.': 0, 'สิ่งอำนวยความสะดวกและอาคารสถานที่': 11, 'สุขอนามัยและความสะอาด': 0, 'การเรียนการสอนและหลักสูตร': 0, 'โรงอาหาร / ร้านค้าบริการ': 0, 'ความปลอดภัยและจราจร': 0, 'ระบบเครือข่ายและเทคโนโลยี': 0, 'บริการและสวัสดิการนิสิต': 0}",11,สิ่งอำนวยความสะดวกและอาคารสถานที่
สอบถามหน่อยครับ ทำบัตรนิสิตใหม่ที่ไหน,"['บัตรนิสิต', 'สอบถามหน่อยครับ']","{'การเดินทาง / รถเมล์มพ.': 0, 'สิ่งอำนวยความสะดวกและอาคารสถานที่': 0, 'สุขอนามัยและความสะอาด': 0, 'การเรียนการสอนและหลักสูตร': 0, 'โรงอาหาร / ร้านค้าบริการ': 0, 'ความปลอดภัยและจราจร': 0, 'ระบบเครือข่ายและเทคโนโลยี': 0, 'บริการและสวัสดิการนิสิต': 24}",24,บริการและสวัสดิการนิสิต
รปภ. ช่วยดูตรงหน้ามอ หน่อยครับ มีรถชนกัน,"['รถชน', 'รปภ.', 'รปภ']","{'การเดินทาง / รถเมล์มพ.': 0, 'สิ่งอำนวยความสะดวกและอาคารสถานที่': 0, 'สุขอนามัยและความสะอาด': 0, 'การเรียนการสอนและหลักสูตร': 0, 'โรงอาหาร / ร้านค้าบริการ': 0, 'ความปลอดภัยและจราจร': 11, 'ระบบเครือข่ายและเทคโนโลยี': 0, 'บริการและสวัสดิการนิสิต': 0}",11,ความปลอดภัยและจราจร
สอบถามหน่อยครับ ทำบัตรนิสิตใหม่ที่ไหน,"['บัตรนิสิต', 'สอบถามหน่อยครับ']","{'การเดินทาง / รถเมล์มพ.': 0, 'สิ่งอำนวยความสะดวกและอาคารสถานที่': 0, 'สุขอนามัยและความสะอาด': 0, 'การเรียนการสอนและหลักสูตร': 0, 'โรงอาหาร / ร้านค้าบริการ': 0, 'ความปลอดภัยและจราจร': 0, 'ระบบเครือข่ายและเทคโนโลยี': 0, 'บริการและสวัสดิการนิสิต': 24}",24,บริการและสวัสดิการนิสิต
แจ้งเรื่องลิฟต์ค้าง ตรงห้อง 1204 ช่วยมาดูหน่อย,"['ลิฟต์ค้าง', 'ลิฟต์']","{'การเดินทาง / รถเมล์มพ.': 0, 'สิ่งอำนวยความสะดวกและอาคารสถานที่': 14, 'สุขอนามัยและความสะอาด': 0, 'การเรียนการสอนและหลักสูตร': 0, 'โรงอาหาร / ร้านค้าบริการ': 0, 'ความปลอดภัยและจราจร': 0, 'ระบบเครือข่ายและเทคโนโลยี': 0, 'บริการและสวัสดิการนิสิต': 0}",14,สิ่งอำนวยความสะดวกและอาคารสถานที่
อาจารย์ครับ ลงทะเบียนวิชานี้ไม่ได้ รบกวนให้คำแนะนำที,"['วิชา', 'อาจารย์']","{'การเดินทาง / รถเมล์มพ.': 0, 'สิ่งอำนวยความสะดวกและอาคารสถานที่': 0, 'สุขอนามัยและความสะอาด': 0, 'การเรียนการสอนและหลักสูตร': 11, 'โรงอาหาร / ร้านค้าบริการ': 0, 'ความปลอดภัยและจราจร': 0, 'ระบบเครือข่ายและเทคโนโลยี': 0, 'บริการและสวัสดิการนิสิต': 0}",11,การเรียนการสอนและหลักสูตร
แจ้งทำความสะอาดตรงริมสระน้ำ ขยะล้นถังส่งกลิ่นเหม็น ครับ,"['ขยะล้น', 'เหม็น', 'ทำความสะอาด', 'กลิ่นเหม็น']","{'การเดินทาง / รถเมล์มพ.': 0, 'สิ่งอำนวยความสะดวกและอาคารสถานที่': 0, 'สุขอนามัยและความสะอาด': 32, 'การเรียนการสอนและหลักสูตร': 0, 'โรงอาหาร / ร้านค้าบริการ': 0, 'ความปลอดภัยและจราจร': 0, 'ระบบเครือข่ายและเทคโนโลยี': 0, 'บริการและสวัสดิการนิสิต': 0}",32,สุขอนามัยและความสะอาด
ลงทะเบียนไม่ได้ ตอนนี้อยู่หอพักใน ทำงานไม่ได้เลย,['ลงทะเบียนไม่ได้'],"{'การเดินทาง / รถเมล์มพ.': 0, 'สิ่งอำนวยความสะดวกและอาคารสถานที่': 0, 'สุขอนามัยและความสะอาด': 0, 'การเรียนการสอนและหลักสูตร': 0, 'โรงอาหาร / ร้านค้าบริการ': 0, 'ความปลอดภัยและจราจร': 0, 'ระบบเครือข่ายและเทคโนโลยี': 15, 'บริการและสวัสดิการนิสิต': 0}",15,ระบบเครือข่ายและเทคโนโลยี
อาจารย์ครับ เกรดยังไม่ออกครับ รบกวนให้คำแนะนำที,"['เกรด', 'อาจารย์']","{'การเดินทาง / รถเมล์มพ.': 0, 'สิ่งอำนวยความสะดวกและอาคารสถานที่': 0, 'สุขอนามัยและความสะอาด': 0, 'การเรียนการสอนและหลักสูตร': 11, 'โรงอาหาร / ร้านค้าบริการ': 0, 'ความปลอดภัยและจราจร': 0, 'ระบบเครือข่ายและเทคโนโลยี': 0, 'บริการและสวัสดิการนิสิต': 0}",11,การเรียนการสอนและหลักสูตร
รปภ. ช่วยดูตรงประตู 2 หน่อยครับ รถติดหนักมาก,"['รถติด', 'รปภ.', 'รปภ', 'ประตู 2']","{'การเดินทาง / รถเมล์มพ.': 5, 'สิ่งอำนวยความสะดวกและอาคารสถานที่': 0, 'สุขอนามัยและความสะอาด': 0, 'การเรียนการสอนและหลักสูตร': 0, 'โรงอาหาร / ร้านค้าบริการ': 0, 'ความปลอดภัยและจราจร': 14, 'ระบบเครือข่ายและเทคโนโลยี': 0, 'บริการและสวัสดิการนิสิต': 0}",14,ความปลอดภัยและจราจร
แจ้งเรื่องแอร์ไม่เย็นเลย ตรงตึก ICT ช่วยมาดูหน่อย,"['แอร์ไม่เย็น', 'แอร์']","{'การเดินทาง / รถเมล์มพ.': 0, 'สิ่งอำนวยความสะดวกและอาคารสถานที่': 15, 'สุขอนามัยและความสะอาด': 0, 'การเรียนการสอนและหลักสูตร': 0, 'โรงอาหาร / ร้านค้าบริการ': 0, 'ความปลอดภัยและจราจร': 0, 'ระบบเครือข่ายและเทคโนโลยี': 0, 'บริการและสวัสดิการนิสิต': 0}",15,สิ่งอำนวยความสะดวกและอาคารสถานที่
รปภ. ช่วยดูตรงหลังมอ หน่อยครับ รถติดหนักมาก,"['รถติด', 'รปภ.', 'รปภ']","{'การเดินทาง / รถเมล์มพ.': 5, 'สิ่งอำนวยความสะดวกและอาคารสถานที่': 0, 'สุขอนามัยและความสะอาด': 0, 'การเรียนการสอนและหลักสูตร': 0, 'โรงอาหาร / ร้านค้าบริการ': 0, 'ความปลอดภัยและจราจร': 7, 'ระบบเครือข่ายและเทคโนโลยี': 0, 'บริการและสวัสดิการนิสิต': 0}",7,ความปลอดภัยและจราจร
แจ้งเรื่องลิฟต์ค้าง ตรงห้อง 1204 ช่วยมาดูหน่อย,"['ลิฟต์ค้าง', 'ลิฟต์']","{'การเดินทาง / รถเมล์มพ.': 0, 'สิ่งอำนวยความสะดวกและอาคารสถานที่': 14, 'สุขอนามัยและความสะอาด': 0, 'การเรียนการสอนและหลักสูตร': 0, 'โรงอาหาร / ร้านค้าบริการ': 0, 'ความปลอดภัยและจราจร': 0, 'ระบบเครือข่ายและเทคโนโลยี': 0, 'บริการและสวัสดิการนิสิต': 0}",14,สิ่งอำนวยความสะดวกและอาคารสถานที่
ลงทะเบียนไม่ได้ ตอนนี้อยู่ห้องสมุด ทำงานไม่ได้เลย,['ลงทะเบียนไม่ได้'],"{'การเดินทาง / รถเมล์มพ.': 0, 'สิ่งอำนวยความสะดวกและอาคารสถานที่': 0, 'สุขอนามัยและความสะอาด': 0, 'การเรียนการสอนและหลักสูตร': 0, 'โรงอาหาร / ร้านค้าบริการ': 0, 'ความปลอดภัยและจราจร': 0, 'ระบบเครือข่ายและเทคโนโลยี': 15, 'บริการและสวัสดิการนิสิต': 0}",15,ระบบเครือข่ายและเทคโนโลยี
สอบถามหน่อยครับ สอบถามเรื่องทุนการศึกษา,"['ทุนการศึกษา', 'สอบถามหน่อยครับ']","{'การเดินทาง / รถเมล์มพ.': 0, 'สิ่งอำนวยความสะดวกและอาคารสถานที่': 0, 'สุขอนามัยและความสะอาด': 0, 'การเรียนการสอนและหลักสูตร': 0, 'โรงอาหาร / ร้านค้าบริการ': 0, 'ความปลอดภัยและจราจร': 0, 'ระบบเครือข่ายและเทคโนโลยี': 0, 'บริการและสวัสดิการนิสิต': 26}",26,บริการและสวัสดิการนิสิต
เน็ตหลุดบ่อยมาก ตอนนี้อยู่ตึกคณะ ทำงานไม่ได้เลย,"['เน็ตหลุด', 'หลุดบ่อย']","{'การเดินทาง / รถเมล์มพ.': 0, 'สิ่งอำนวยความสะดวกและอาคารสถานที่': 0, 'สุขอนามัยและความสะอาด': 0, 'การเรียนการสอนและหลักสูตร': 0, 'โรงอาหาร / ร้านค้าบริการ': 0, 'ความปลอดภัยและจราจร': 0, 'ระบบเครือข่ายและเทคโนโลยี': 16, 'บริการและสวัสดิการนิสิต': 0}",16,ระบบเครือข่ายและเทคโนโลยี
อาจารย์ครับ ขอสอบชดเชยต้องทำไง รบกวนให้คำแนะนำที,"['ขอสอบชดเชย', 'อาจารย์']","{'การเดินทาง / รถเมล์มพ.': 0, 'สิ่งอำนวยความสะดวกและอาคารสถานที่': 0, 'สุขอนามัยและความสะอาด': 0, 'การเรียนการสอนและหลักสูตร': 17, 'โรงอาหาร / ร้านค้าบริการ': 0, 'ความปลอดภัยและจราจร': 0, 'ระบบเครือข่ายและเทคโนโลยี': 0, 'บริการและสวัสดิการนิสิต': 0}",17,การเรียนการสอนและหลักสูตร
ลงทะเบียนไม่ได้ ตอนนี้อยู่ตึกคณะ ทำงานไม่ได้เลย,['ลงทะเบียนไม่ได้'],"{'การเดินทาง / รถเมล์มพ.': 0, 'สิ่งอำนวยความสะดวกและอาคารสถานที่': 0, 'สุขอนามัยและความสะอาด': 0, 'การเรียนการสอนและหลักสูตร': 0, 'โรงอาหาร / ร้านค้าบริการ': 0, 'ความปลอดภัยและจราจร': 0, 'ระบบเครือข่ายและเทคโนโลยี': 15, 'บริการและสวัสดิการนิสิต': 0}",15,ระบบเครือข่ายและเทคโนโลยี
รปภ. ช่วยดูตรงหลังมอ หน่อยครับ คนจอดรถขวางทาง,"['รปภ.', 'จอดรถขวาง', 'รปภ']","{'การเดินทาง / รถเมล์มพ.': 0, 'สิ่งอำนวยความสะดวกและอาคารสถานที่': 0, 'สุขอนามัยและความสะอาด': 0, 'การเรียนการสอนและหลักสูตร': 0, 'โรงอาหาร / ร้านค้าบริการ': 0, 'ความปลอดภัยและจราจร': 16, 'ระบบเครือข่ายและเทคโนโลยี': 0, 'บริการและสวัสดิการนิสิต': 0}",16,ความปลอดภัยและจราจร
รปภ. ช่วยดูตรงหลังมอ หน่อยครับ หมวกกันน็อคหาย,"['รปภ.', 'รปภ', 'หมวกกันน็อคหาย']","{'การเดินทาง / รถเมล์มพ.': 0, 'สิ่งอำนวยความสะดวกและอาคารสถานที่': 0, 'สุขอนามัยและความสะอาด': 0, 'การเรียนการสอนและหลักสูตร': 0, 'โรงอาหาร / ร้านค้าบริการ': 0, 'ความปลอดภัยและจราจร': 7, 'ระบบเครือข่ายและเทคโนโลยี': 0, 'บริการและสวัสดิการนิสิต': 14}",14,บริการและสวัสดิการนิสิต
อาจารย์ครับ อยากติดต่ออาจารย์เรื่องดรอปเรียน รบกวนให้คำแนะนำที,"['ดรอปเรียน', 'ติดต่ออาจารย์', 'อาจารย์']","{'การเดินทาง / รถเมล์มพ.': 0, 'สิ่งอำนวยความสะดวกและอาคารสถานที่': 0, 'สุขอนามัยและความสะอาด': 0, 'การเรียนการสอนและหลักสูตร': 29, 'โรงอาหาร / ร้านค้าบริการ': 0, 'ความปลอดภัยและจราจร': 0, 'ระบบเครือข่ายและเทคโนโลยี': 0, 'บริการและสวัสดิการนิสิต': 0}",29,การเรียนการสอนและหลักสูตร
สอบถามหน่อยครับ สอบถามเรื่องทุนการศึกษา,"['ทุนการศึกษา', 'สอบถามหน่อยครับ']","{'การเดินทาง / รถเมล์มพ.': 0, 'สิ่งอำนวยความสะดวกและอาคารสถานที่': 0, 'สุขอนามัยและความสะอาด': 0, 'การเรียนการสอนและหลักสูตร': 0, 'โรงอาหาร / ร้านค้าบริการ': 0, 'ความปลอดภัยและจราจร': 0, 'ระบบเครือข่ายและเทคโนโลยี': 0, 'บริการและสวัสดิการนิสิต': 26}",26,บริการและสวัสดิการนิสิต
สอบถามหน่อยครับ รถเมล์สาย 1 หมดกี่โมง,"['รถเมล์', 'รถเมล์สาย', 'สอบถามหน่อยครับ']","{'การเดินทาง / รถเมล์มพ.': 15, 'สิ่งอำนวยความสะดวกและอาคารสถานที่': 0, 'สุขอนามัยและความสะอาด': 0, 'การเรียนการสอนและหลักสูตร': 0, 'โรงอาหาร / ร้านค้าบริการ': 0, 'ความปลอดภัยและจราจร': 0, 'ระบบเครือข่ายและเทคโนโลยี': 0, 'บริการและสวัสดิการนิสิต': 15}",15,การเดินทาง / รถเมล์มพ.
รปภ. ช่วยดูตรงประตู 2 หน่อยครับ ทางมืดมากอันตราย,"['อันตราย', 'รปภ.', 'ทางมืด', 'รปภ', 'ประตู 2']","{'การเดินทาง / รถเมล์มพ.': 0, 'สิ่งอำนวยความสะดวกและอาคารสถานที่': 0, 'สุขอนามัยและความสะอาด': 0, 'การเรียนการสอนและหลักสูตร': 0, 'โรงอาหาร / ร้านค้าบริการ': 0, 'ความปลอดภัยและจราจร': 27, 'ระบบเครือข่ายและเทคโนโลยี': 0, 'บริการและสวัสดิการนิสิต': 0}",27,ความปลอดภัยและจราจร
แจ้งทำความสะอาดตรงสวนหน้าตึก กิ่งไม้หักขวางทาง ครับ,"['กิ่งไม้หัก', 'ทำความสะอาด']","{'การเดินทาง / รถเมล์มพ.': 0, 'สิ่งอำนวยความสะดวกและอาคารสถานที่': 0, 'สุขอนามัยและความสะอาด': 21, 'การเรียนการสอนและหลักสูตร': 0, 'โรงอาหาร / ร้านค้าบริการ': 0, 'ความปลอดภัยและจราจร': 0, 'ระบบเครือข่ายและเทคโนโลยี': 0, 'บริการและสวัสดิการนิสิต': 0}",21,สุขอนามัยและความสะอาด
แจ้งเรื่องน้ำไม่ไหล ตรงอาคารเรียนรวม ช่วยมาดูหน่อย,['น้ำไม่ไหล'],"{'การเดินทาง / รถเมล์มพ.': 0, 'สิ่งอำนวยความสะดวกและอาคารสถานที่': 9, 'สุขอนามัยและความสะอาด': 0, 'การเรียนการสอนและหลักสูตร': 0, 'โรงอาหาร / ร้านค้าบริการ': 0, 'ความปลอดภัยและจราจร': 0, 'ระบบเครือข่ายและเทคโนโลยี': 0, 'บริการและสวัสดิการนิสิต': 0}",9,สิ่งอำนวยความสะดวกและอาคารสถานที่
สอบถามหน่อยครับ ทำบัตรนิสิตใหม่ที่ไหน,"['บัตรนิสิต', 'สอบถามหน่อยครับ']","{'การเดินทาง / รถเมล์มพ.': 0, 'สิ่งอำนวยความสะดวกและอาคารสถานที่': 0, 'สุขอนามัยและความสะอาด': 0, 'การเรียนการสอนและหลักสูตร': 0, 'โรงอาหาร / ร้านค้าบริการ': 0, 'ความปลอดภัยและจราจร': 0, 'ระบบเครือข่ายและเทคโนโลยี': 0, 'บริการและสวัสดิการนิสิต': 24}",24,บริการและสวัสดิการนิสิต
แจ้งทำความสะอาดตรงทางเดิน มีหมาจรจัดมาคุ้ยขยะ ครับ,"['หมาจรจัด', 'ทำความสะอาด']","{'การเดินทาง / รถเมล์มพ.': 0, 'สิ่งอำนวยความสะดวกและอาคารสถานที่': 0, 'สุขอนามัยและความสะอาด': 19, 'การเรียนการสอนและหลักสูตร': 0, 'โรงอาหาร / ร้านค้าบริการ': 0, 'ความปลอดภัยและจราจร': 0, 'ระบบเครือข่ายและเทคโนโลยี': 0, 'บริการและสวัสดิการนิสิต': 0}",19,สุขอนามัยและความสะอาด
สอบถามหน่อยครับ สอบถามเรื่องทุนการศึกษา,"['ทุนการศึกษา', 'สอบถามหน่อยครับ']","{'การเดินทาง / รถเมล์มพ.': 0, 'สิ่งอำนวยความสะดวกและอาคารสถานที่': 0, 'สุขอนามัยและความสะอาด': 0, 'การเรียนการสอนและหลักสูตร': 0, 'โรงอาหาร / ร้านค้าบริการ': 0, 'ความปลอดภัยและจราจร': 0, 'ระบบเครือข่ายและเทคโนโลยี': 0, 'บริการและสวัสดิการนิสิต': 26}",26,บริการและสวัสดิการนิสิต
อาจารย์ครับ ตารางเรียนไม่ขึ้นระบบ รบกวนให้คำแนะนำที,"['ตารางเรียน', 'อาจารย์', 'ระบบ']","{'การเดินทาง / รถเมล์มพ.': 0, 'สิ่งอำนวยความสะดวกและอาคารสถานที่': 0, 'สุขอนามัยและความสะอาด': 0, 'การเรียนการสอนและหลักสูตร': 17, 'โรงอาหาร / ร้านค้าบริการ': 0, 'ความปลอดภัยและจราจร': 0, 'ระบบเครือข่ายและเทคโนโลยี': 4, 'บริการและสวัสดิการนิสิต': 0}",17,การเรียนการสอนและหลักสูตร
รปภ. ช่วยดูตรงประตู 2 หน่อยครับ รถติดหนักมาก,"['รถติด', 'รปภ.', 'รปภ', 'ประตู 2']","{'การเดินทาง / รถเมล์มพ.': 5, 'สิ่งอำนวยความสะดวกและอาคารสถานที่': 0, 'สุขอนามัยและความสะอาด': 0, 'การเรียนการสอนและหลักสูตร': 0, 'โรงอาหาร / ร้านค้าบริการ': 0, 'ความปลอดภัยและจราจร': 14, 'ระบบเครือข่ายและเทคโนโลยี': 0, 'บริการและสวัสดิการนิสิต': 0}",14,ความปลอดภัยและจราจร
แจ้งเรื่องน้ำไม่ไหล ตรงอาคารเรียนรวม ช่วยมาดูหน่อย,['น้ำไม่ไหล'],"{'การเดินทาง / รถเมล์มพ.': 0, 'สิ่งอำนวยความสะดวกและอาคารสถานที่': 9, 'สุขอนามัยและความสะอาด': 0, 'การเรียนการสอนและหลักสูตร': 0, 'โรงอาหาร / ร้านค้าบริการ': 0, 'ความปลอดภัยและจราจร': 0, 'ระบบเครือข่ายและเทคโนโลยี': 0, 'บริการและสวัสดิการนิสิต': 0}",9,สิ่งอำนวยความสะดวกและอาคารสถานที่
สอบถามหน่อยครับ ทำบัตรนิสิตใหม่ที่ไหน,"['บัตรนิสิต', 'สอบถามหน่อยครับ']","{'การเดินทาง / รถเมล์มพ.': 0, 'สิ่งอำนวยความสะดวกและอาคารสถานที่': 0, 'สุขอนามัยและความสะอาด': 0, 'การเรียนการสอนและหลักสูตร': 0, 'โรงอาหาร / ร้านค้าบริการ': 0, 'ความปลอดภัยและจราจร': 0, 'ระบบเครือข่ายและเทคโนโลยี': 0, 'บริการและสวัสดิการนิสิต': 24}",24,บริการและสวัสดิการนิสิต
อาจารย์ครับ อยากติดต่ออาจารย์เรื่องดรอปเรียน รบกวนให้คำแนะนำที,"['ดรอปเรียน', 'ติดต่ออาจารย์', 'อาจารย์']","{'การเดินทาง / รถเมล์มพ.': 0, 'สิ่งอำนวยความสะดวกและอาคารสถานที่': 0, 'สุขอนามัยและความสะอาด': 0, 'การเรียนการสอนและหลักสูตร': 29, 'โรงอาหาร / ร้านค้าบริการ': 0, 'ความปลอดภัยและจราจร': 0, 'ระบบเครือข่ายและเทคโนโลยี': 0, 'บริการและสวัสดิการนิสิต': 0}",29,การเรียนการสอนและหลักสูตร
แจ้งทำความสะอาดตรงริมสระน้ำ ขยะล้นถังส่งกลิ่นเหม็น ครับ,"['ขยะล้น', 'เหม็น', 'ทำความสะอาด', 'กลิ่นเหม็น']","{'การเดินทาง / รถเมล์มพ.': 0, 'สิ่งอำนวยความสะดวกและอาคารสถานที่': 0, 'สุขอนามัยและความสะอาด': 32, 'การเรียนการสอนและหลักสูตร': 0, 'โรงอาหาร / ร้านค้าบริการ': 0, 'ความปลอดภัยและจราจร': 0, 'ระบบเครือข่ายและเทคโนโลยี': 0, 'บริการและสวัสดิการนิสิต': 0}",32,สุขอนามัยและความสะอาด
แจ้งเรื่องน้ำไม่ไหล ตรงห้อง 1204 ช่วยมาดูหน่อย,['น้ำไม่ไหล'],"{'การเดินทาง / รถเมล์มพ.': 0, 'สิ่งอำนวยความสะดวกและอาคารสถานที่': 9, 'สุขอนามัยและความสะอาด': 0, 'การเรียนการสอนและหลักสูตร': 0, 'โรงอาหาร / ร้านค้าบริการ': 0, 'ความปลอดภัยและจราจร': 0, 'ระบบเครือข่ายและเทคโนโลยี': 0, 'บริการและสวัสดิการนิสิต': 0}",9,สิ่งอำนวยความสะดวกและอาคารสถานที่
เน็ตหลุดบ่อยมาก ตอนนี้อยู่ตึกคณะ ทำงานไม่ได้เลย,"['เน็ตหลุด', 'หลุดบ่อย']","{'การเดินทาง / รถเมล์มพ.': 0, 'สิ่งอำนวยความสะดวกและอาคารสถานที่': 0, 'สุขอนามัยและความสะอาด': 0, 'การเรียนการสอนและหลักสูตร': 0, 'โรงอาหาร / ร้านค้าบริการ': 0, 'ความปลอดภัยและจราจร': 0, 'ระบบเครือข่ายและเทคโนโลยี': 16, 'บริการและสวัสดิการนิสิต': 0}",16,ระบบเครือข่ายและเทคโนโลยี
สอบถามหน่อยครับ รถเมล์สาย 1 หมดกี่โมง,"['รถเมล์', 'รถเมล์สาย', 'สอบถามหน่อยครับ']","{'การเดินทาง / รถเมล์มพ.': 15, 'สิ่งอำนวยความสะดวกและอาคารสถานที่': 0, 'สุขอนามัยและความสะอาด': 0, 'การเรียนการสอนและหลักสูตร': 0, 'โรงอาหาร / ร้านค้าบริการ': 0, 'ความปลอดภัยและจราจร': 0, 'ระบบเครือข่ายและเทคโนโลยี': 0, 'บริการและสวัสดิการนิสิต': 15}",15,การเดินทาง / รถเมล์มพ.
ลงทะเบียนไม่ได้ ตอนนี้อยู่หน้ามอ ทำงานไม่ได้เลย,['ลงทะเบียนไม่ได้'],"{'การเดินทาง / รถเมล์มพ.': 0, 'สิ่งอำนวยความสะดวกและอาคารสถานที่': 0, 'สุขอนามัยและความสะอาด': 0, 'การเรียนการสอนและหลักสูตร': 0, 'โรงอาหาร / ร้านค้าบริการ': 0, 'ความปลอดภัยและจราจร': 0, 'ระบบเครือข่ายและเทคโนโลยี': 15, 'บริการและสวัสดิการนิสิต': 0}",15,ระบบเครือข่ายและเทคโนโลยี
อาจารย์ครับ อยากติดต่ออาจารย์เรื่องดรอปเรียน รบกวนให้คำแนะนำที,"['ดรอปเรียน', 'ติดต่ออาจารย์', 'อาจารย์']","{'การเดินทาง / รถเมล์มพ.': 0, 'สิ่งอำนวยความสะดวกและอาคารสถานที่': 0, 'สุขอนามัยและความสะอาด': 0, 'การเรียนการสอนและหลักสูตร': 29, 'โรงอาหาร / ร้านค้าบริการ': 0, 'ความปลอดภัยและจราจร': 0, 'ระบบเครือข่ายและเทคโนโลยี': 0, 'บริการและสวัสดิการนิสิต': 0}",29,การเรียนการสอนและหลักสูตร
รปภ. ช่วยดูตรงหลังมอ หน่อยครับ คนจอดรถขวางทาง,"['รปภ.', 'จอดรถขวาง', 'รปภ']","{'การเดินทาง / รถเมล์มพ.': 0, 'สิ่งอำนวยความสะดวกและอาคารสถานที่': 0, 'สุขอนามัยและความสะอาด': 0, 'การเรียนการสอนและหลักสูตร': 0, 'โรงอาหาร / ร้านค้าบริการ': 0, 'ความปลอดภัยและจราจร': 16, 'ระบบเครือข่ายและเทคโนโลยี': 0, 'บริการและสวัสดิการนิสิต': 0}",16,ความปลอดภัยและจราจร
เน็ตหลุดบ่อยมาก ตอนนี้อยู่หน้ามอ ทำงานไม่ได้เลย,"['เน็ตหลุด', 'หลุดบ่อย']","{'การเดินทาง / รถเมล์มพ.': 0, 'สิ่งอำนวยความสะดวกและอาคารสถานที่': 0, 'สุขอนามัยและความสะอาด': 0, 'การเรียนการสอนและหลักสูตร': 0, 'โรงอาหาร / ร้านค้าบริการ': 0, 'ความปลอดภัยและจราจร': 0, 'ระบบเครือข่ายและเทคโนโลยี': 16, 'บริการและสวัสดิการนิสิต': 0}",16,ระบบเครือข่ายและเทคโนโลยี
ลงทะเบียนไม่ได้ ตอนนี้อยู่ห้องสมุด ทำงานไม่ได้เลย,['ลงทะเบียนไม่ได้'],"{'การเดินทาง / รถเมล์มพ.': 0, 'สิ่งอำนวยความสะดวกและอาคารสถานที่': 0, 'สุขอนามัยและความสะอาด': 0, 'การเรียนการสอนและหลักสูตร': 0, 'โรงอาหาร / ร้านค้าบริการ': 0, 'ความปลอดภัยและจราจร': 0, 'ระบบเครือข่ายและเทคโนโลยี': 15, 'บริการและสวัสดิการนิสิต': 0}",15,ระบบเครือข่ายและเทคโนโลยี
เน็ตหลุดบ่อยมาก ตอนนี้อยู่หน้ามอ ทำงานไม่ได้เลย,"['เน็ตหลุด', 'หลุดบ่อย']","{'การเดินทาง / รถเมล์มพ.': 0, 'สิ่งอำนวยความสะดวกและอาคารสถานที่': 0, 'สุขอนามัยและความสะอาด': 0, 'การเรียนการสอนและหลักสูตร': 0, 'โรงอาหาร / ร้านค้าบริการ': 0, 'ความปลอดภัยและจราจร': 0, 'ระบบเครือข่ายและเทคโนโลยี': 16, 'บริการและสวัสดิการนิสิต': 0}",16,ระบบเครือข่ายและเทคโนโลยี
แจ้งทำความสะอาดตรงสวนหน้าตึก กิ่งไม้หักขวางทาง ครับ,"['กิ่งไม้หัก', 'ทำความสะอาด']","{'การเดินทาง / รถเมล์มพ.': 0, 'สิ่งอำนวยความสะดวกและอาคารสถานที่': 0, 'สุขอนามัยและความสะอาด': 21, 'การเรียนการสอนและหลักสูตร': 0, 'โรงอาหาร / ร้านค้าบริการ': 0, 'ความปลอดภัยและจราจร': 0, 'ระบบเครือข่ายและเทคโนโลยี': 0, 'บริการและสวัสดิการนิสิต': 0}",21,สุขอนามัยและความสะอาด
แจ้งทำความสะอาดตรงโรงอาหาร มีหมาจรจัดมาคุ้ยขยะ ครับ,"['หมาจรจัด', 'ทำความสะอาด', 'โรงอาหาร', 'อาหาร']","{'การเดินทาง / รถเมล์มพ.': 0, 'สิ่งอำนวยความสะดวกและอาคารสถานที่': 0, 'สุขอนามัยและความสะอาด': 19, 'การเรียนการสอนและหลักสูตร': 0, 'โรงอาหาร / ร้านค้าบริการ': 13, 'ความปลอดภัยและจราจร': 0, 'ระบบเครือข่ายและเทคโนโลยี': 0, 'บริการและสวัสดิการนิสิต': 0}",19,สุขอนามัยและความสะอาด
เน็ตหลุดบ่อยมาก ตอนนี้อยู่ตึกคณะ ทำงานไม่ได้เลย,"['เน็ตหลุด', 'หลุดบ่อย']","{'การเดินทาง / รถเมล์มพ.': 0, 'สิ่งอำนวยความสะดวกและอาคารสถานที่': 0, 'สุขอนามัยและความสะอาด': 0, 'การเรียนการสอนและหลักสูตร': 0, 'โรงอาหาร / ร้านค้าบริการ': 0, 'ความปลอดภัยและจราจร': 0, 'ระบบเครือข่ายและเทคโนโลยี': 16, 'บริการและสวัสดิการนิสิต': 0}",16,ระบบเครือข่ายและเทคโนโลยี
อาจารย์ครับ ลงทะเบียนวิชานี้ไม่ได้ รบกวนให้คำแนะนำที,"['วิชา', 'อาจารย์']","{'การเดินทาง / รถเมล์มพ.': 0, 'สิ่งอำนวยความสะดวกและอาคารสถานที่': 0, 'สุขอนามัยและความสะอาด': 0, 'การเรียนการสอนและหลักสูตร': 11, 'โรงอาหาร / ร้านค้าบริการ': 0, 'ความปลอดภัยและจราจร': 0, 'ระบบเครือข่ายและเทคโนโลยี': 0, 'บริการและสวัสดิการนิสิต': 0}",11,การเรียนการสอนและหลักสูตร
สอบถามหน่อยครับ สอบถามเรื่องทุนการศึกษา,"['ทุนการศึกษา', 'สอบถามหน่อยครับ']","{'การเดินทาง / รถเมล์มพ.': 0, 'สิ่งอำนวยความสะดวกและอาคารสถานที่': 0, 'สุขอนามัยและความสะอาด': 0, 'การเรียนการสอนและหลักสูตร': 0, 'โรงอาหาร / ร้านค้าบริการ': 0, 'ความปลอดภัยและจราจร': 0, 'ระบบเครือข่ายและเทคโนโลยี': 0, 'บริการและสวัสดิการนิสิต': 26}",26,บริการและสวัสดิการนิสิต
อาจารย์ครับ ตารางเรียนไม่ขึ้นระบบ รบกวนให้คำแนะนำที,"['ตารางเรียน', 'อาจารย์', 'ระบบ']","{'การเดินทาง / รถเมล์มพ.': 0, 'สิ่งอำนวยความสะดวกและอาคารสถานที่': 0, 'สุขอนามัยและความสะอาด': 0, 'การเรียนการสอนและหลักสูตร': 17, 'โรงอาหาร / ร้านค้าบริการ': 0, 'ความปลอดภัยและจราจร': 0, 'ระบบเครือข่ายและเทคโนโลยี': 4, 'บริการและสวัสดิการนิสิต': 0}",17,การเรียนการสอนและหลักสูตร
แจ้งเรื่องไฟดับครับ ตรงตึกวิทย์ ช่วยมาดูหน่อย,['ไฟดับ'],"{'การเดินทาง / รถเมล์มพ.': 0, 'สิ่งอำนวยความสะดวกและอาคารสถานที่': 5, 'สุขอนามัยและความสะอาด': 0, 'การเรียนการสอนและหลักสูตร': 0, 'โรงอาหาร / ร้านค้าบริการ': 0, 'ความปลอดภัยและจราจร': 0, 'ระบบเครือข่ายและเทคโนโลยี': 0, 'บริการและสวัสดิการนิสิต': 0}",5,สิ่งอำนวยความสะดวกและอาคารสถานที่
รปภ. ช่วยดูตรงหน้ามอ หน่อยครับ คนจอดรถขวางทาง,"['รปภ.', 'จอดรถขวาง', 'รปภ']","{'การเดินทาง / รถเมล์มพ.': 0, 'สิ่งอำนวยความสะดวกและอาคารสถานที่': 0, 'สุขอนามัยและความสะอาด': 0, 'การเรียนการสอนและหลักสูตร': 0, 'โรงอาหาร / ร้านค้าบริการ': 0, 'ความปลอดภัยและจราจร': 16, 'ระบบเครือข่ายและเทคโนโลยี': 0, 'บริการและสวัสดิการนิสิต': 0}",16,ความปลอดภัยและจราจร
รปภ. ช่วยดูตรงประตู 2 หน่อยครับ หมวกกันน็อคหาย,"['รปภ.', 'รปภ', 'ประตู 2', 'หมวกกันน็อคหาย']","{'การเดินทาง / รถเมล์มพ.': 0, 'สิ่งอำนวยความสะดวกและอาคารสถานที่': 0, 'สุขอนามัยและความสะอาด': 0, 'การเรียนการสอนและหลักสูตร': 0, 'โรงอาหาร / ร้านค้าบริการ': 0, 'ความปลอดภัยและจราจร': 14, 'ระบบเครือข่ายและเทคโนโลยี': 0, 'บริการและสวัสดิการนิสิต': 14}",14,ความปลอดภัยและจราจร
รปภ. ช่วยดูตรงหน้ามอ หน่อยครับ มีรถชนกัน,"['รถชน', 'รปภ.', 'รปภ']","{'การเดินทาง / รถเมล์มพ.': 0, 'สิ่งอำนวยความสะดวกและอาคารสถานที่': 0, 'สุขอนามัยและความสะอาด': 0, 'การเรียนการสอนและหลักสูตร': 0, 'โรงอาหาร / ร้านค้าบริการ': 0, 'ความปลอดภัยและจราจร': 11, 'ระบบเครือข่ายและเทคโนโลยี': 0, 'บริการและสวัสดิการนิสิต': 0}",11,ความปลอดภัยและจราจร
ระบบล่ม ตอนนี้อยู่ห้องสมุด ทำงานไม่ได้เลย,"['ระบบล่ม', 'ระบบ']","{'การเดินทาง / รถเมล์มพ.': 0, 'สิ่งอำนวยความสะดวกและอาคารสถานที่': 0, 'สุขอนามัยและความสะอาด': 0, 'การเรียนการสอนและหลักสูตร': 0, 'โรงอาหาร / ร้านค้าบริการ': 0, 'ความปลอดภัยและจราจร': 0, 'ระบบเครือข่ายและเทคโนโลยี': 11, 'บริการและสวัสดิการนิสิต': 0}",11,ระบบเครือข่ายและเทคโนโลยี
อาจารย์ครับ ตารางเรียนไม่ขึ้นระบบ รบกวนให้คำแนะนำที,"['ตารางเรียน', 'อาจารย์', 'ระบบ']","{'การเดินทาง / รถเมล์มพ.': 0, 'สิ่งอำนวยความสะดวกและอาคารสถานที่': 0, 'สุขอนามัยและความสะอาด': 0, 'การเรียนการสอนและหลักสูตร': 17, 'โรงอาหาร / ร้านค้าบริการ': 0, 'ความปลอดภัยและจราจร': 0, 'ระบบเครือข่ายและเทคโนโลยี': 4, 'บริการและสวัสดิการนิสิต': 0}",17,การเรียนการสอนและหลักสูตร
ไวไฟเข้าไม่ได้ ตอนนี้อยู่หน้ามอ ทำงานไม่ได้เลย,"['ไวไฟเข้าไม่ได้', 'ไวไฟ']","{'การเดินทาง / รถเมล์มพ.': 0, 'สิ่งอำนวยความสะดวกและอาคารสถานที่': 0, 'สุขอนามัยและความสะอาด': 0, 'การเรียนการสอนและหลักสูตร': 0, 'โรงอาหาร / ร้านค้าบริการ': 0, 'ความปลอดภัยและจราจร': 0, 'ระบบเครือข่ายและเทคโนโลยี': 18, 'บริการและสวัสดิการนิสิต': 0}",18,ระบบเครือข่ายและเทคโนโลยี
ลงทะเบียนไม่ได้ ตอนนี้อยู่ห้องสมุด ทำงานไม่ได้เลย,['ลงทะเบียนไม่ได้'],"{'การเดินทาง / รถเมล์มพ.': 0, 'สิ่งอำนวยความสะดวกและอาคารสถานที่': 0, 'สุขอนามัยและความสะอาด': 0, 'การเรียนการสอนและหลักสูตร': 0, 'โรงอาหาร / ร้านค้าบริการ': 0, 'ความปลอดภัยและจราจร': 0, 'ระบบเครือข่ายและเทคโนโลยี': 15, 'บริการและสวัสดิการนิสิต': 0}",15,ระบบเครือข่ายและเทคโนโลยี
แจ้งเรื่องลิฟต์ค้าง ตรงตึก ICT ช่วยมาดูหน่อย,"['ลิฟต์ค้าง', 'ลิฟต์']","{'การเดินทาง / รถเมล์มพ.': 0, 'สิ่งอำนวยความสะดวกและอาคารสถานที่': 14, 'สุขอนามัยและความสะอาด': 0, 'การเรียนการสอนและหลักสูตร': 0, 'โรงอาหาร / ร้านค้าบริการ': 0, 'ความปลอดภัยและจราจร': 0, 'ระบบเครือข่ายและเทคโนโลยี': 0, 'บริการและสวัสดิการนิสิต': 0}",14,สิ่งอำนวยความสะดวกและอาคารสถานที่
ลงทะเบียนไม่ได้ ตอนนี้อยู่ห้องสมุด ทำงานไม่ได้เลย,['ลงทะเบียนไม่ได้'],"{'การเดินทาง / รถเมล์มพ.': 0, 'สิ่งอำนวยความสะดวกและอาคารสถานที่': 0, 'สุขอนามัยและความสะอาด': 0, 'การเรียนการสอนและหลักสูตร': 0, 'โรงอาหาร / ร้านค้าบริการ': 0, 'ความปลอดภัยและจราจร': 0, 'ระบบเครือข่ายและเทคโนโลยี': 15, 'บริการและสวัสดิการนิสิต': 0}",15,ระบบเครือข่ายและเทคโนโลยี
สอบถามหน่อยครับ อยากทราบกำหนดการกิจกรรมรับน้อง,"['กิจกรรม', 'สอบถามหน่อยครับ']","{'การเดินทาง / รถเมล์มพ.': 0, 'สิ่งอำนวยความสะดวกและอาคารสถานที่': 0, 'สุขอนามัยและความสะอาด': 0, 'การเรียนการสอนและหลักสูตร': 0, 'โรงอาหาร / ร้านค้าบริการ': 0, 'ความปลอดภัยและจราจร': 0, 'ระบบเครือข่ายและเทคโนโลยี': 0, 'บริการและสวัสดิการนิสิต': 22}",22,บริการและสวัสดิการนิสิต
อาจารย์ครับ ลงทะเบียนวิชานี้ไม่ได้ รบกวนให้คำแนะนำที,"['วิชา', 'อาจารย์']","{'การเดินทาง / รถเมล์มพ.': 0, 'สิ่งอำนวยความสะดวกและอาคารสถานที่': 0, 'สุขอนามัยและความสะอาด': 0, 'การเรียนการสอนและหลักสูตร': 11, 'โรงอาหาร / ร้านค้าบริการ': 0, 'ความปลอดภัยและจราจร': 0, 'ระบบเครือข่ายและเทคโนโลยี': 0, 'บริการและสวัสดิการนิสิต': 0}",11,การเรียนการสอนและหลักสูตร
แจ้งเรื่องลิฟต์ค้าง ตรงห้อง 1204 ช่วยมาดูหน่อย,"['ลิฟต์ค้าง', 'ลิฟต์']","{'การเดินทาง / รถเมล์มพ.': 0, 'สิ่งอำนวยความสะดวกและอาคารสถานที่': 14, 'สุขอนามัยและความสะอาด': 0, 'การเรียนการสอนและหลักสูตร': 0, 'โรงอาหาร / ร้านค้าบริการ': 0, 'ความปลอดภัยและจราจร': 0, 'ระบบเครือข่ายและเทคโนโลยี': 0, 'บริการและสวัสดิการนิสิต': 0}",14,สิ่งอำนวยความสะดวกและอาคารสถานที่
แจ้งเรื่องลิฟต์ค้าง ตรงห้อง 1204 ช่วยมาดูหน่อย,"['ลิฟต์ค้าง', 'ลิฟต์']","{'การเดินทาง / รถเมล์มพ.': 0, 'สิ่งอำนวยความสะดวกและอาคารสถานที่': 14, 'สุขอนามัยและความสะอาด': 0, 'การเรียนการสอนและหลักสูตร': 0, 'โรงอาหาร / ร้านค้าบริการ': 0, 'ความปลอดภัยและจราจร': 0, 'ระบบเครือข่ายและเทคโนโลยี': 0, 'บริการและสวัสดิการนิสิต': 0}",14,สิ่งอำนวยความสะดวกและอาคารสถานที่
อาจารย์ครับ ลงทะเบียนวิชานี้ไม่ได้ รบกวนให้คำแนะนำที,"['วิชา', 'อาจารย์']","{'การเดินทาง / รถเมล์มพ.': 0, 'สิ่งอำนวยความสะดวกและอาคารสถานที่': 0, 'สุขอนามัยและความสะอาด': 0, 'การเรียนการสอนและหลักสูตร': 11, 'โรงอาหาร / ร้านค้าบริการ': 0, 'ความปลอดภัยและจราจร': 0, 'ระบบเครือข่ายและเทคโนโลยี': 0, 'บริการและสวัสดิการนิสิต': 0}",11,การเรียนการสอนและหลักสูตร
รปภ. ช่วยดูตรงลานจอดรถ หน่อยครับ คนจอดรถขวางทาง,"['รปภ.', 'จอดรถขวาง', 'รปภ']","{'การเดินทาง / รถเมล์มพ.': 0, 'สิ่งอำนวยความสะดวกและอาคารสถานที่': 0, 'สุขอนามัยและความสะอาด': 0, 'การเรียนการสอนและหลักสูตร': 0, 'โรงอาหาร / ร้านค้าบริการ': 0, 'ความปลอดภัยและจราจร': 16, 'ระบบเครือข่ายและเทคโนโลยี': 0, 'บริการและสวัสดิการนิสิต': 0}",16,ความปลอดภัยและจราจร
ไวไฟเข้าไม่ได้ ตอนนี้อยู่หน้ามอ ทำงานไม่ได้เลย,"['ไวไฟเข้าไม่ได้', 'ไวไฟ']","{'การเดินทาง / รถเมล์มพ.': 0, 'สิ่งอำนวยความสะดวกและอาคารสถานที่': 0, 'สุขอนามัยและความสะอาด': 0, 'การเรียนการสอนและหลักสูตร': 0, 'โรงอาหาร / ร้านค้าบริการ': 0, 'ความปลอดภัยและจราจร': 0, 'ระบบเครือข่ายและเทคโนโลยี': 18, 'บริการและสวัสดิการนิสิต': 0}",18,ระบบเครือข่ายและเทคโนโลยี
รปภ. ช่วยดูตรงประตู 2 หน่อยครับ ทางมืดมากอันตราย,"['อันตราย', 'รปภ.', 'ทางมืด', 'รปภ', 'ประตู 2']","{'การเดินทาง / รถเมล์มพ.': 0, 'สิ่งอำนวยความสะดวกและอาคารสถานที่': 0, 'สุขอนามัยและความสะอาด': 0, 'การเรียนการสอนและหลักสูตร': 0, 'โรงอาหาร / ร้านค้าบริการ': 0, 'ความปลอดภัยและจราจร': 27, 'ระบบเครือข่ายและเทคโนโลยี': 0, 'บริการและสวัสดิการนิสิต': 0}",27,ความปลอดภัยและจราจร
รปภ. ช่วยดูตรงหลังมอ หน่อยครับ หมวกกันน็อคหาย,"['รปภ.', 'รปภ', 'หมวกกันน็อคหาย']","{'การเดินทาง / รถเมล์มพ.': 0, 'สิ่งอำนวยความสะดวกและอาคารสถานที่': 0, 'สุขอนามัยและความสะอาด': 0, 'การเรียนการสอนและหลักสูตร': 0, 'โรงอาหาร / ร้านค้าบริการ': 0, 'ความปลอดภัยและจราจร': 7, 'ระบบเครือข่ายและเทคโนโลยี': 0, 'บริการและสวัสดิการนิสิต': 14}",14,บริการและสวัสดิการนิสิต
ลืมรหัสผ่านเข้าระบบ ตอนนี้อยู่หอพักใน ทำงานไม่ได้เลย,"['ลืมรหัสผ่าน', 'ระบบ']","{'การเดินทาง / รถเมล์มพ.': 0, 'สิ่งอำนวยความสะดวกและอาคารสถานที่': 0, 'สุขอนามัยและความสะอาด': 0, 'การเรียนการสอนและหลักสูตร': 0, 'โรงอาหาร / ร้านค้าบริการ': 0, 'ความปลอดภัยและจราจร': 0, 'ระบบเครือข่ายและเทคโนโลยี': 15, 'บริการและสวัสดิการนิสิต': 0}",15,ระบบเครือข่ายและเทคโนโลยี
อาจารย์ครับ อยากติดต่ออาจารย์เรื่องดรอปเรียน รบกวนให้คำแนะนำที,"['ดรอปเรียน', 'ติดต่ออาจารย์', 'อาจารย์']","{'การเดินทาง / รถเมล์มพ.': 0, 'สิ่งอำนวยความสะดวกและอาคารสถานที่': 0, 'สุขอนามัยและความสะอาด': 0, 'การเรียนการสอนและหลักสูตร': 29, 'โรงอาหาร / ร้านค้าบริการ': 0, 'ความปลอดภัยและจราจร': 0, 'ระบบเครือข่ายและเทคโนโลยี': 0, 'บริการและสวัสดิการนิสิต': 0}",29,การเรียนการสอนและหลักสูตร
อาจารย์ครับ ขอสอบชดเชยต้องทำไง รบกวนให้คำแนะนำที,"['ขอสอบชดเชย', 'อาจารย์']","{'การเดินทาง / รถเมล์มพ.': 0, 'สิ่งอำนวยความสะดวกและอาคารสถานที่': 0, 'สุขอนามัยและความสะอาด': 0, 'การเรียนการสอนและหลักสูตร': 17, 'โรงอาหาร / ร้านค้าบริการ': 0, 'ความปลอดภัยและจราจร': 0, 'ระบบเครือข่ายและเทคโนโลยี': 0, 'บริการและสวัสดิการนิสิต': 0}",17,การเรียนการสอนและหลักสูตร
ไวไฟเข้าไม่ได้ ตอนนี้อยู่ตึกคณะ ทำงานไม่ได้เลย,"['ไวไฟเข้าไม่ได้', 'ไวไฟ']","{'การเดินทาง / รถเมล์มพ.': 0, 'สิ่งอำนวยความสะดวกและอาคารสถานที่': 0, 'สุขอนามัยและความสะอาด': 0, 'การเรียนการสอนและหลักสูตร': 0, 'โรงอาหาร / ร้านค้าบริการ': 0, 'ความปลอดภัยและจราจร': 0, 'ระบบเครือข่ายและเทคโนโลยี': 18, 'บริการและสวัสดิการนิสิต': 0}",18,ระบบเครือข่ายและเทคโนโลยี
สอบถามหน่อยครับ สอบถามเรื่องทุนการศึกษา,"['ทุนการศึกษา', 'สอบถามหน่อยครับ']","{'การเดินทาง / รถเมล์มพ.': 0, 'สิ่งอำนวยความสะดวกและอาคารสถานที่': 0, 'สุขอนามัยและความสะอาด': 0, 'การเรียนการสอนและหลักสูตร': 0, 'โรงอาหาร / ร้านค้าบริการ': 0, 'ความปลอดภัยและจราจร': 0, 'ระบบเครือข่ายและเทคโนโลยี': 0, 'บริการและสวัสดิการนิสิต': 26}",26,บริการและสวัสดิการนิสิต
แจ้งทำความสะอาดตรงโรงอาหาร ขยะล้นถังส่งกลิ่นเหม็น ครับ,"['ขยะล้น', 'เหม็น', 'ทำความสะอาด', 'กลิ่นเหม็น', 'โรงอาหาร', 'อาหาร']","{'การเดินทาง / รถเมล์มพ.': 0, 'สิ่งอำนวยความสะดวกและอาคารสถานที่': 0, 'สุขอนามัยและความสะอาด': 32, 'การเรียนการสอนและหลักสูตร': 0, 'โรงอาหาร / ร้านค้าบริการ': 13, 'ความปลอดภัยและจราจร': 0, 'ระบบเครือข่ายและเทคโนโลยี': 0, 'บริการและสวัสดิการนิสิต': 0}",32,สุขอนามัยและความสะอาด
สอบถามหน่อยครับ สอบถามเรื่องทุนการศึกษา,"['ทุนการศึกษา', 'สอบถามหน่อยครับ']","{'การเดินทาง / รถเมล์มพ.': 0, 'สิ่งอำนวยความสะดวกและอาคารสถานที่': 0, 'สุขอนามัยและความสะอาด': 0, 'การเรียนการสอนและหลักสูตร': 0, 'โรงอาหาร / ร้านค้าบริการ': 0, 'ความปลอดภัยและจราจร': 0, 'ระบบเครือข่ายและเทคโนโลยี': 0, 'บริการและสวัสดิการนิสิต': 26}",26,บริการและสวัสดิการนิสิต
สอบถามหน่อยครับ สอบถามเรื่องทุนการศึกษา,"['ทุนการศึกษา', 'สอบถามหน่อยครับ']","{'การเดินทาง / รถเมล์มพ.': 0, 'สิ่งอำนวยความสะดวกและอาคารสถานที่': 0, 'สุขอนามัยและความสะอาด': 0, 'การเรียนการสอนและหลักสูตร': 0, 'โรงอาหาร / ร้านค้าบริการ': 0, 'ความปลอดภัยและจราจร': 0, 'ระบบเครือข่ายและเทคโนโลยี': 0, 'บริการและสวัสดิการนิสิต': 26}",26,บริการและสวัสดิการนิสิต
เน็ตหลุดบ่อยมาก ตอนนี้อยู่หน้ามอ ทำงานไม่ได้เลย,"['เน็ตหลุด', 'หลุดบ่อย']","{'การเดินทาง / รถเมล์มพ.': 0, 'สิ่งอำนวยความสะดวกและอาคารสถานที่': 0, 'สุขอนามัยและความสะอาด': 0, 'การเรียนการสอนและหลักสูตร': 0, 'โรงอาหาร / ร้านค้าบริการ': 0, 'ความปลอดภัยและจราจร': 0, 'ระบบเครือข่ายและเทคโนโลยี': 16, 'บริการและสวัสดิการนิสิต': 0}",16,ระบบเครือข่ายและเทคโนโลยี
สอบถามหน่อยครับ รถเมล์สาย 1 หมดกี่โมง,"['รถเมล์', 'รถเมล์สาย', 'สอบถามหน่อยครับ']","{'การเดินทาง / รถเมล์มพ.': 15, 'สิ่งอำนวยความสะดวกและอาคารสถานที่': 0, 'สุขอนามัยและความสะอาด': 0, 'การเรียนการสอนและหลักสูตร': 0, 'โรงอาหาร / ร้านค้าบริการ': 0, 'ความปลอดภัยและจราจร': 0, 'ระบบเครือข่ายและเทคโนโลยี': 0, 'บริการและสวัสดิการนิสิต': 15}",15,การเดินทาง / รถเมล์มพ.
อาจารย์ครับ ลงทะเบียนวิชานี้ไม่ได้ รบกวนให้คำแนะนำที,"['วิชา', 'อาจารย์']","{'การเดินทาง / รถเมล์มพ.': 0, 'สิ่งอำนวยความสะดวกและอาคารสถานที่': 0, 'สุขอนามัยและความสะอาด': 0, 'การเรียนการสอนและหลักสูตร': 11, 'โรงอาหาร / ร้านค้าบริการ': 0, 'ความปลอดภัยและจราจร': 0, 'ระบบเครือข่ายและเทคโนโลยี': 0, 'บริการและสวัสดิการนิสิต': 0}",11,การเรียนการสอนและหลักสูตร
อาจารย์ครับ เกรดยังไม่ออกครับ รบกวนให้คำแนะนำที,"['เกรด', 'อาจารย์']","{'การเดินทาง / รถเมล์มพ.': 0, 'สิ่งอำนวยความสะดวกและอาคารสถานที่': 0, 'สุขอนามัยและความสะอาด': 0, 'การเรียนการสอนและหลักสูตร': 11, 'โรงอาหาร / ร้านค้าบริการ': 0, 'ความปลอดภัยและจราจร': 0, 'ระบบเครือข่ายและเทคโนโลยี': 0, 'บริการและสวัสดิการนิสิต': 0}",11,การเรียนการสอนและหลักสูตร
แจ้งทำความสะอาดตรงทางเดิน กิ่งไม้หักขวางทาง ครับ,"['กิ่งไม้หัก', 'ทำความสะอาด']","{'การเดินทาง / รถเมล์มพ.': 0, 'สิ่งอำนวยความสะดวกและอาคารสถานที่': 0, 'สุขอนามัยและความสะอาด': 21, 'การเรียนการสอนและหลักสูตร': 0, 'โรงอาหาร / ร้านค้าบริการ': 0, 'ความปลอดภัยและจราจร': 0, 'ระบบเครือข่ายและเทคโนโลยี': 0, 'บริการและสวัสดิการนิสิต': 0}",21,สุขอนามัยและความสะอาด
รปภ. ช่วยดูตรงลานจอดรถ หน่อยครับ รถติดหนักมาก,"['รถติด', 'รปภ.', 'รปภ']","{'การเดินทาง / รถเมล์มพ.': 5, 'สิ่งอำนวยความสะดวกและอาคารสถานที่': 0, 'สุขอนามัยและความสะอาด': 0, 'การเรียนการสอนและหลักสูตร': 0, 'โรงอาหาร / ร้านค้าบริการ': 0, 'ความปลอดภัยและจราจร': 7, 'ระบบเครือข่ายและเทคโนโลยี': 0, 'บริการและสวัสดิการนิสิต': 0}",7,ความปลอดภัยและจราจร
แจ้งทำความสะอาดตรงโรงอาหาร มีหมาจรจัดมาคุ้ยขยะ ครับ,"['หมาจรจัด', 'ทำความสะอาด', 'โรงอาหาร', 'อาหาร']","{'การเดินทาง / รถเมล์มพ.': 0, 'สิ่งอำนวยความสะดวกและอาคารสถานที่': 0, 'สุขอนามัยและความสะอาด': 19, 'การเรียนการสอนและหลักสูตร': 0, 'โรงอาหาร / ร้านค้าบริการ': 13, 'ความปลอดภัยและจราจร': 0, 'ระบบเครือข่ายและเทคโนโลยี': 0, 'บริการและสวัสดิการนิสิต': 0}",19,สุขอนามัยและความสะอาด
อาจารย์ครับ ลงทะเบียนวิชานี้ไม่ได้ รบกวนให้คำแนะนำที,"['วิชา', 'อาจารย์']","{'การเดินทาง / รถเมล์มพ.': 0, 'สิ่งอำนวยความสะดวกและอาคารสถานที่': 0, 'สุขอนามัยและความสะอาด': 0, 'การเรียนการสอนและหลักสูตร': 11, 'โรงอาหาร / ร้านค้าบริการ': 0, 'ความปลอดภัยและจราจร': 0, 'ระบบเครือข่ายและเทคโนโลยี': 0, 'บริการและสวัสดิการนิสิต': 0}",11,การเรียนการสอนและหลักสูตร
รปภ. ช่วยดูตรงลานจอดรถ หน่อยครับ รถติดหนักมาก,"['รถติด', 'รปภ.', 'รปภ']","{'การเดินทาง / รถเมล์มพ.': 5, 'สิ่งอำนวยความสะดวกและอาคารสถานที่': 0, 'สุขอนามัยและความสะอาด': 0, 'การเรียนการสอนและหลักสูตร': 0, 'โรงอาหาร / ร้านค้าบริการ': 0, 'ความปลอดภัยและจราจร': 7, 'ระบบเครือข่ายและเทคโนโลยี': 0, 'บริการและสวัสดิการนิสิต': 0}",7,ความปลอดภัยและจราจร
อาจารย์ครับ ตารางเรียนไม่ขึ้นระบบ รบกวนให้คำแนะนำที,"['ตารางเรียน', 'อาจารย์', 'ระบบ']","{'การเดินทาง / รถเมล์มพ.': 0, 'สิ่งอำนวยความสะดวกและอาคารสถานที่': 0, 'สุขอนามัยและความสะอาด': 0, 'การเรียนการสอนและหลักสูตร': 17, 'โรงอาหาร / ร้านค้าบริการ': 0, 'ความปลอดภัยและจราจร': 0, 'ระบบเครือข่ายและเทคโนโลยี': 4, 'บริการและสวัสดิการนิสิต': 0}",17,การเรียนการสอนและหลักสูตร
อาจารย์ครับ ตารางเรียนไม่ขึ้นระบบ รบกวนให้คำแนะนำที,"['ตารางเรียน', 'อาจารย์', 'ระบบ']","{'การเดินทาง / รถเมล์มพ.': 0, 'สิ่งอำนวยความสะดวกและอาคารสถานที่': 0, 'สุขอนามัยและความสะอาด': 0, 'การเรียนการสอนและหลักสูตร': 17, 'โรงอาหาร / ร้านค้าบริการ': 0, 'ความปลอดภัยและจราจร': 0, 'ระบบเครือข่ายและเทคโนโลยี': 4, 'บริการและสวัสดิการนิสิต': 0}",17,การเรียนการสอนและหลักสูตร
สอบถามหน่อยครับ อยากทราบกำหนดการกิจกรรมรับน้อง,"['กิจกรรม', 'สอบถามหน่อยครับ']","{'การเดินทาง / รถเมล์มพ.': 0, 'สิ่งอำนวยความสะดวกและอาคารสถานที่': 0, 'สุขอนามัยและความสะอาด': 0, 'การเรียนการสอนและหลักสูตร': 0, 'โรงอาหาร / ร้านค้าบริการ': 0, 'ความปลอดภัยและจราจร': 0, 'ระบบเครือข่ายและเทคโนโลยี': 0, 'บริการและสวัสดิการนิสิต': 22}",22,บริการและสวัสดิการนิสิต
รปภ. ช่วยดูตรงหน้ามอ หน่อยครับ รถติดหนักมาก,"['รถติด', 'รปภ.', 'รปภ']","{'การเดินทาง / รถเมล์มพ.': 5, 'สิ่งอำนวยความสะดวกและอาคารสถานที่': 0, 'สุขอนามัยและความสะอาด': 0, 'การเรียนการสอนและหลักสูตร': 0, 'โรงอาหาร / ร้านค้าบริการ': 0, 'ความปลอดภัยและจราจร': 7, 'ระบบเครือข่ายและเทคโนโลยี': 0, 'บริการและสวัสดิการนิสิต': 0}",7,ความปลอดภัยและจราจร
รปภ. ช่วยดูตรงทางแยก หน่อยครับ ทางมืดมากอันตราย,"['อันตราย', 'รปภ.', 'ทางมืด', 'รปภ']","{'การเดินทาง / รถเมล์มพ.': 0, 'สิ่งอำนวยความสะดวกและอาคารสถานที่': 0, 'สุขอนามัยและความสะอาด': 0, 'การเรียนการสอนและหลักสูตร': 0, 'โรงอาหาร / ร้านค้าบริการ': 0, 'ความปลอดภัยและจราจร': 20, 'ระบบเครือข่ายและเทคโนโลยี': 0, 'บริการและสวัสดิการนิสิต': 0}",20,ความปลอดภัยและจราจร
แจ้งทำความสะอาดตรงสนามบาส มีหมาจรจัดมาคุ้ยขยะ ครับ,"['หมาจรจัด', 'ทำความสะอาด']","{'การเดินทาง / รถเมล์มพ.': 0, 'สิ่งอำนวยความสะดวกและอาคารสถานที่': 0, 'สุขอนามัยและความสะอาด': 19, 'การเรียนการสอนและหลักสูตร': 0, 'โรงอาหาร / ร้านค้าบริการ': 0, 'ความปลอดภัยและจราจร': 0, 'ระบบเครือข่ายและเทคโนโลยี': 0, 'บริการและสวัสดิการนิสิต': 0}",19,สุขอนามัยและความสะอาด
แจ้งเรื่องประตูพัง ตรงตึกวิทย์ ช่วยมาดูหน่อย,"['พัง', 'ประตูพัง']","{'การเดินทาง / รถเมล์มพ.': 0, 'สิ่งอำนวยความสะดวกและอาคารสถานที่': 11, 'สุขอนามัยและความสะอาด': 0, 'การเรียนการสอนและหลักสูตร': 0, 'โรงอาหาร / ร้านค้าบริการ': 0, 'ความปลอดภัยและจราจร': 0, 'ระบบเครือข่ายและเทคโนโลยี': 0, 'บริการและสวัสดิการนิสิต': 0}",11,สิ่งอำนวยความสะดวกและอาคารสถานที่
อาจารย์ครับ ขอสอบชดเชยต้องทำไง รบกวนให้คำแนะนำที,"['ขอสอบชดเชย', 'อาจารย์']","{'การเดินทาง / รถเมล์มพ.': 0, 'สิ่งอำนวยความสะดวกและอาคารสถานที่': 0, 'สุขอนามัยและความสะอาด': 0, 'การเรียนการสอนและหลักสูตร': 17, 'โรงอาหาร / ร้านค้าบริการ': 0, 'ความปลอดภัยและจราจร': 0, 'ระบบเครือข่ายและเทคโนโลยี': 0, 'บริการและสวัสดิการนิสิต': 0}",17,การเรียนการสอนและหลักสูตร
อาจารย์ครับ อยากติดต่ออาจารย์เรื่องดรอปเรียน รบกวนให้คำแนะนำที,"['ดรอปเรียน', 'ติดต่ออาจารย์', 'อาจารย์']","{'การเดินทาง / รถเมล์มพ.': 0, 'สิ่งอำนวยความสะดวกและอาคารสถานที่': 0, 'สุขอนามัยและความสะอาด': 0, 'การเรียนการสอนและหลักสูตร': 29, 'โรงอาหาร / ร้านค้าบริการ': 0, 'ความปลอดภัยและจราจร': 0, 'ระบบเครือข่ายและเทคโนโลยี': 0, 'บริการและสวัสดิการนิสิต': 0}",29,การเรียนการสอนและหลักสูตร
สอบถามหน่อยครับ ทำบัตรนิสิตใหม่ที่ไหน,"['บัตรนิสิต', 'สอบถามหน่อยครับ']","{'การเดินทาง / รถเมล์มพ.': 0, 'สิ่งอำนวยความสะดวกและอาคารสถานที่': 0, 'สุขอนามัยและความสะอาด': 0, 'การเรียนการสอนและหลักสูตร': 0, 'โรงอาหาร / ร้านค้าบริการ': 0, 'ความปลอดภัยและจราจร': 0, 'ระบบเครือข่ายและเทคโนโลยี': 0, 'บริการและสวัสดิการนิสิต': 24}",24,บริการและสวัสดิการนิสิต
สอบถามหน่อยครับ สอบถามเรื่องทุนการศึกษา,"['ทุนการศึกษา', 'สอบถามหน่อยครับ']","{'การเดินทาง / รถเมล์มพ.': 0, 'สิ่งอำนวยความสะดวกและอาคารสถานที่': 0, 'สุขอนามัยและความสะอาด': 0, 'การเรียนการสอนและหลักสูตร': 0, 'โรงอาหาร / ร้านค้าบริการ': 0, 'ความปลอดภัยและจราจร': 0, 'ระบบเครือข่ายและเทคโนโลยี': 0, 'บริการและสวัสดิการนิสิต': 26}",26,บริการและสวัสดิการนิสิต
สอบถามหน่อยครับ ทำบัตรนิสิตใหม่ที่ไหน,"['บัตรนิสิต', 'สอบถามหน่อยครับ']","{'การเดินทาง / รถเมล์มพ.': 0, 'สิ่งอำนวยความสะดวกและอาคารสถานที่': 0, 'สุขอนามัยและความสะอาด': 0, 'การเรียนการสอนและหลักสูตร': 0, 'โรงอาหาร / ร้านค้าบริการ': 0, 'ความปลอดภัยและจราจร': 0, 'ระบบเครือข่ายและเทคโนโลยี': 0, 'บริการและสวัสดิการนิสิต': 24}",24,บริการและสวัสดิการนิสิต
รปภ. ช่วยดูตรงหลังมอ หน่อยครับ หมวกกันน็อคหาย,"['รปภ.', 'รปภ', 'หมวกกันน็อคหาย']","{'การเดินทาง / รถเมล์มพ.': 0, 'สิ่งอำนวยความสะดวกและอาคารสถานที่': 0, 'สุขอนามัยและความสะอาด': 0, 'การเรียนการสอนและหลักสูตร': 0, 'โรงอาหาร / ร้านค้าบริการ': 0, 'ความปลอดภัยและจราจร': 7, 'ระบบเครือข่ายและเทคโนโลยี': 0, 'บริการและสวัสดิการนิสิต': 14}",14,บริการและสวัสดิการนิสิต
รปภ. ช่วยดูตรงทางแยก หน่อยครับ ทางมืดมากอันตราย,"['อันตราย', 'รปภ.', 'ทางมืด', 'รปภ']","{'การเดินทาง / รถเมล์มพ.': 0, 'สิ่งอำนวยความสะดวกและอาคารสถานที่': 0, 'สุขอนามัยและความสะอาด': 0, 'การเรียนการสอนและหลักสูตร': 0, 'โรงอาหาร / ร้านค้าบริการ': 0, 'ความปลอดภัยและจราจร': 20, 'ระบบเครือข่ายและเทคโนโลยี': 0, 'บริการและสวัสดิการนิสิต': 0}",20,ความปลอดภัยและจราจร
แจ้งเรื่องประตูพัง ตรงห้องน้ำตึกสงวน ช่วยมาดูหน่อย,"['พัง', 'ประตูพัง']","{'การเดินทาง / รถเมล์มพ.': 0, 'สิ่งอำนวยความสะดวกและอาคารสถานที่': 11, 'สุขอนามัยและความสะอาด': 0, 'การเรียนการสอนและหลักสูตร': 0, 'โรงอาหาร / ร้านค้าบริการ': 0, 'ความปลอดภัยและจราจร': 0, 'ระบบเครือข่ายและเทคโนโลยี': 0, 'บริการและสวัสดิการนิสิต': 0}",11,สิ่งอำนวยความสะดวกและอาคารสถานที่
แจ้งทำความสะอาดตรงสวนหน้าตึก มีหมาจรจัดมาคุ้ยขยะ ครับ,"['หมาจรจัด', 'ทำความสะอาด']","{'การเดินทาง / รถเมล์มพ.': 0, 'สิ่งอำนวยความสะดวกและอาคารสถานที่': 0, 'สุขอนามัยและความสะอาด': 19, 'การเรียนการสอนและหลักสูตร': 0, 'โรงอาหาร / ร้านค้าบริการ': 0, 'ความปลอดภัยและจราจร': 0, 'ระบบเครือข่ายและเทคโนโลยี': 0, 'บริการและสวัสดิการนิสิต': 0}",19,สุขอนามัยและความสะอาด
รปภ. ช่วยดูตรงประตู 2 หน่อยครับ คนจอดรถขวางทาง,"['รปภ.', 'จอดรถขวาง', 'รปภ', 'ประตู 2']","{'การเดินทาง / รถเมล์มพ.': 0, 'สิ่งอำนวยความสะดวกและอาคารสถานที่': 0, 'สุขอนามัยและความสะอาด': 0, 'การเรียนการสอนและหลักสูตร': 0, 'โรงอาหาร / ร้านค้าบริการ': 0, 'ความปลอดภัยและจราจร': 23, 'ระบบเครือข่ายและเทคโนโลยี': 0, 'บริการและสวัสดิการนิสิต': 0}",23,ความปลอดภัยและจราจร
รปภ. ช่วยดูตรงประตู 2 หน่อยครับ มีรถชนกัน,"['รถชน', 'รปภ.', 'รปภ', 'ประตู 2']","{'การเดินทาง / รถเมล์มพ.': 0, 'สิ่งอำนวยความสะดวกและอาคารสถานที่': 0, 'สุขอนามัยและความสะอาด': 0, 'การเรียนการสอนและหลักสูตร': 0, 'โรงอาหาร / ร้านค้าบริการ': 0, 'ความปลอดภัยและจราจร': 18, 'ระบบเครือข่ายและเทคโนโลยี': 0, 'บริการและสวัสดิการนิสิต': 0}",18,ความปลอดภัยและจราจร
รปภ. ช่วยดูตรงทางแยก หน่อยครับ คนจอดรถขวางทาง,"['รปภ.', 'จอดรถขวาง', 'รปภ']","{'การเดินทาง / รถเมล์มพ.': 0, 'สิ่งอำนวยความสะดวกและอาคารสถานที่': 0, 'สุขอนามัยและความสะอาด': 0, 'การเรียนการสอนและหลักสูตร': 0, 'โรงอาหาร / ร้านค้าบริการ': 0, 'ความปลอดภัยและจราจร': 16, 'ระบบเครือข่ายและเทคโนโลยี': 0, 'บริการและสวัสดิการนิสิต': 0}",16,ความปลอดภัยและจราจร
แจ้งทำความสะอาดตรงสนามบาส กิ่งไม้หักขวางทาง ครับ,"['กิ่งไม้หัก', 'ทำความสะอาด']","{'การเดินทาง / รถเมล์มพ.': 0, 'สิ่งอำนวยความสะดวกและอาคารสถานที่': 0, 'สุขอนามัยและความสะอาด': 21, 'การเรียนการสอนและหลักสูตร': 0, 'โรงอาหาร / ร้านค้าบริการ': 0, 'ความปลอดภัยและจราจร': 0, 'ระบบเครือข่ายและเทคโนโลยี': 0, 'บริการและสวัสดิการนิสิต': 0}",21,สุขอนามัยและความสะอาด
แจ้งทำความสะอาดตรงสนามบาส มีหมาจรจัดมาคุ้ยขยะ ครับ,"['หมาจรจัด', 'ทำความสะอาด']","{'การเดินทาง / รถเมล์มพ.': 0, 'สิ่งอำนวยความสะดวกและอาคารสถานที่': 0, 'สุขอนามัยและความสะอาด': 19, 'การเรียนการสอนและหลักสูตร': 0, 'โรงอาหาร / ร้านค้าบริการ': 0, 'ความปลอดภัยและจราจร': 0, 'ระบบเครือข่ายและเทคโนโลยี': 0, 'บริการและสวัสดิการนิสิต': 0}",19,สุขอนามัยและความสะอาด
อาจารย์ครับ ลงทะเบียนวิชานี้ไม่ได้ รบกวนให้คำแนะนำที,"['วิชา', 'อาจารย์']","{'การเดินทาง / รถเมล์มพ.': 0, 'สิ่งอำนวยความสะดวกและอาคารสถานที่': 0, 'สุขอนามัยและความสะอาด': 0, 'การเรียนการสอนและหลักสูตร': 11, 'โรงอาหาร / ร้านค้าบริการ': 0, 'ความปลอดภัยและจราจร': 0, 'ระบบเครือข่ายและเทคโนโลยี': 0, 'บริการและสวัสดิการนิสิต': 0}",11,การเรียนการสอนและหลักสูตร
สอบถามหน่อยครับ สอบถามเรื่องทุนการศึกษา,"['ทุนการศึกษา', 'สอบถามหน่อยครับ']","{'การเดินทาง / รถเมล์มพ.': 0, 'สิ่งอำนวยความสะดวกและอาคารสถานที่': 0, 'สุขอนามัยและความสะอาด': 0, 'การเรียนการสอนและหลักสูตร': 0, 'โรงอาหาร / ร้านค้าบริการ': 0, 'ความปลอดภัยและจราจร': 0, 'ระบบเครือข่ายและเทคโนโลยี': 0, 'บริการและสวัสดิการนิสิต': 26}",26,บริการและสวัสดิการนิสิต
สอบถามหน่อยครับ ทำบัตรนิสิตใหม่ที่ไหน,"['บัตรนิสิต', 'สอบถามหน่อยครับ']","{'การเดินทาง / รถเมล์มพ.': 0, 'สิ่งอำนวยความสะดวกและอาคารสถานที่': 0, 'สุขอนามัยและความสะอาด': 0, 'การเรียนการสอนและหลักสูตร': 0, 'โรงอาหาร / ร้านค้าบริการ': 0, 'ความปลอดภัยและจราจร': 0, 'ระบบเครือข่ายและเทคโนโลยี': 0, 'บริการและสวัสดิการนิสิต': 24}",24,บริการและสวัสดิการนิสิต
ระบบล่ม ตอนนี้อยู่หน้ามอ ทำงานไม่ได้เลย,"['ระบบล่ม', 'ระบบ']","{'การเดินทาง / รถเมล์มพ.': 0, 'สิ่งอำนวยความสะดวกและอาคารสถานที่': 0, 'สุขอนามัยและความสะอาด': 0, 'การเรียนการสอนและหลักสูตร': 0, 'โรงอาหาร / ร้านค้าบริการ': 0, 'ความปลอดภัยและจราจร': 0, 'ระบบเครือข่ายและเทคโนโลยี': 11, 'บริการและสวัสดิการนิสิต': 0}",11,ระบบเครือข่ายและเทคโนโลยี
รปภ. ช่วยดูตรงประตู 2 หน่อยครับ มีรถชนกัน,"['รถชน', 'รปภ.', 'รปภ', 'ประตู 2']","{'การเดินทาง / รถเมล์มพ.': 0, 'สิ่งอำนวยความสะดวกและอาคารสถานที่': 0, 'สุขอนามัยและความสะอาด': 0, 'การเรียนการสอนและหลักสูตร': 0, 'โรงอาหาร / ร้านค้าบริการ': 0, 'ความปลอดภัยและจราจร': 18, 'ระบบเครือข่ายและเทคโนโลยี': 0, 'บริการและสวัสดิการนิสิต': 0}",18,ความปลอดภัยและจราจร
ลืมรหัสผ่านเข้าระบบ ตอนนี้อยู่หน้ามอ ทำงานไม่ได้เลย,"['ลืมรหัสผ่าน', 'ระบบ']","{'การเดินทาง / รถเมล์มพ.': 0, 'สิ่งอำนวยความสะดวกและอาคารสถานที่': 0, 'สุขอนามัยและความสะอาด': 0, 'การเรียนการสอนและหลักสูตร': 0, 'โรงอาหาร / ร้านค้าบริการ': 0, 'ความปลอดภัยและจราจร': 0, 'ระบบเครือข่ายและเทคโนโลยี': 15, 'บริการและสวัสดิการนิสิต': 0}",15,ระบบเครือข่ายและเทคโนโลยี
อาจารย์ครับ อยากติดต่ออาจารย์เรื่องดรอปเรียน รบกวนให้คำแนะนำที,"['ดรอปเรียน', 'ติดต่ออาจารย์', 'อาจารย์']","{'การเดินทาง / รถเมล์มพ.': 0, 'สิ่งอำนวยความสะดวกและอาคารสถานที่': 0, 'สุขอนามัยและความสะอาด': 0, 'การเรียนการสอนและหลักสูตร': 29, 'โรงอาหาร / ร้านค้าบริการ': 0, 'ความปลอดภัยและจราจร': 0, 'ระบบเครือข่ายและเทคโนโลยี': 0, 'บริการและสวัสดิการนิสิต': 0}",29,การเรียนการสอนและหลักสูตร
อาจารย์ครับ อยากติดต่ออาจารย์เรื่องดรอปเรียน รบกวนให้คำแนะนำที,"['ดรอปเรียน', 'ติดต่ออาจารย์', 'อาจารย์']","{'การเดินทาง / รถเมล์มพ.': 0, 'สิ่งอำนวยความสะดวกและอาคารสถานที่': 0, 'สุขอนามัยและความสะอาด': 0, 'การเรียนการสอนและหลักสูตร': 29, 'โรงอาหาร / ร้านค้าบริการ': 0, 'ความปลอดภัยและจราจร': 0, 'ระบบเครือข่ายและเทคโนโลยี': 0, 'บริการและสวัสดิการนิสิต': 0}",29,การเรียนการสอนและหลักสูตร
อาจารย์ครับ ลงทะเบียนวิชานี้ไม่ได้ รบกวนให้คำแนะนำที,"['วิชา', 'อาจารย์']","{'การเดินทาง / รถเมล์มพ.': 0, 'สิ่งอำนวยความสะดวกและอาคารสถานที่': 0, 'สุขอนามัยและความสะอาด': 0, 'การเรียนการสอนและหลักสูตร': 11, 'โรงอาหาร / ร้านค้าบริการ': 0, 'ความปลอดภัยและจราจร': 0, 'ระบบเครือข่ายและเทคโนโลยี': 0, 'บริการและสวัสดิการนิสิต': 0}",11,การเรียนการสอนและหลักสูตร
รปภ. ช่วยดูตรงประตู 2 หน่อยครับ ทางมืดมากอันตราย,"['อันตราย', 'รปภ.', 'ทางมืด', 'รปภ', 'ประตู 2']","{'การเดินทาง / รถเมล์มพ.': 0, 'สิ่งอำนวยความสะดวกและอาคารสถานที่': 0, 'สุขอนามัยและความสะอาด': 0, 'การเรียนการสอนและหลักสูตร': 0, 'โรงอาหาร / ร้านค้าบริการ': 0, 'ความปลอดภัยและจราจร': 27, 'ระบบเครือข่ายและเทคโนโลยี': 0, 'บริการและสวัสดิการนิสิต': 0}",27,ความปลอดภัยและจราจร
อาจารย์ครับ ลงทะเบียนวิชานี้ไม่ได้ รบกวนให้คำแนะนำที,"['วิชา', 'อาจารย์']","{'การเดินทาง / รถเมล์มพ.': 0, 'สิ่งอำนวยความสะดวกและอาคารสถานที่': 0, 'สุขอนามัยและความสะอาด': 0, 'การเรียนการสอนและหลักสูตร': 11, 'โรงอาหาร / ร้านค้าบริการ': 0, 'ความปลอดภัยและจราจร': 0, 'ระบบเครือข่ายและเทคโนโลยี': 0, 'บริการและสวัสดิการนิสิต': 0}",11,การเรียนการสอนและหลักสูตร
สอบถามหน่อยครับ อยากทราบกำหนดการกิจกรรมรับน้อง,"['กิจกรรม', 'สอบถามหน่อยครับ']","{'การเดินทาง / รถเมล์มพ.': 0, 'สิ่งอำนวยความสะดวกและอาคารสถานที่': 0, 'สุขอนามัยและความสะอาด': 0, 'การเรียนการสอนและหลักสูตร': 0, 'โรงอาหาร / ร้านค้าบริการ': 0, 'ความปลอดภัยและจราจร': 0, 'ระบบเครือข่ายและเทคโนโลยี': 0, 'บริการและสวัสดิการนิสิต': 22}",22,บริการและสวัสดิการนิสิต
แจ้งทำความสะอาดตรงทางเดิน สกปรกมากไม่ทำความสะอาด ครับ,"['สกปรก', 'ไม่ทำความสะอาด', 'ทำความสะอาด']","{'การเดินทาง / รถเมล์มพ.': 0, 'สิ่งอำนวยความสะดวกและอาคารสถานที่': 0, 'สุขอนามัยและความสะอาด': 30, 'การเรียนการสอนและหลักสูตร': 0, 'โรงอาหาร / ร้านค้าบริการ': 0, 'ความปลอดภัยและจราจร': 0, 'ระบบเครือข่ายและเทคโนโลยี': 0, 'บริการและสวัสดิการนิสิต': 0}",30,สุขอนามัยและความสะอาด
อาจารย์ครับ อยากติดต่ออาจารย์เรื่องดรอปเรียน รบกวนให้คำแนะนำที,"['ดรอปเรียน', 'ติดต่ออาจารย์', 'อาจารย์']","{'การเดินทาง / รถเมล์มพ.': 0, 'สิ่งอำนวยความสะดวกและอาคารสถานที่': 0, 'สุขอนามัยและความสะอาด': 0, 'การเรียนการสอนและหลักสูตร': 29, 'โรงอาหาร / ร้านค้าบริการ': 0, 'ความปลอดภัยและจราจร': 0, 'ระบบเครือข่ายและเทคโนโลยี': 0, 'บริการและสวัสดิการนิสิต': 0}",29,การเรียนการสอนและหลักสูตร
แจ้งเรื่องไฟดับครับ ตรงตึก ICT ช่วยมาดูหน่อย,['ไฟดับ'],"{'การเดินทาง / รถเมล์มพ.': 0, 'สิ่งอำนวยความสะดวกและอาคารสถานที่': 5, 'สุขอนามัยและความสะอาด': 0, 'การเรียนการสอนและหลักสูตร': 0, 'โรงอาหาร / ร้านค้าบริการ': 0, 'ความปลอดภัยและจราจร': 0, 'ระบบเครือข่ายและเทคโนโลยี': 0, 'บริการและสวัสดิการนิสิต': 0}",5,สิ่งอำนวยความสะดวกและอาคารสถานที่
รปภ. ช่วยดูตรงประตู 2 หน่อยครับ คนจอดรถขวางทาง,"['รปภ.', 'จอดรถขวาง', 'รปภ', 'ประตู 2']","{'การเดินทาง / รถเมล์มพ.': 0, 'สิ่งอำนวยความสะดวกและอาคารสถานที่': 0, 'สุขอนามัยและความสะอาด': 0, 'การเรียนการสอนและหลักสูตร': 0, 'โรงอาหาร / ร้านค้าบริการ': 0, 'ความปลอดภัยและจราจร': 23, 'ระบบเครือข่ายและเทคโนโลยี': 0, 'บริการและสวัสดิการนิสิต': 0}",23,ความปลอดภัยและจราจร
ไวไฟเข้าไม่ได้ ตอนนี้อยู่หน้ามอ ทำงานไม่ได้เลย,"['ไวไฟเข้าไม่ได้', 'ไวไฟ']","{'การเดินทาง / รถเมล์มพ.': 0, 'สิ่งอำนวยความสะดวกและอาคารสถานที่': 0, 'สุขอนามัยและความสะอาด': 0, 'การเรียนการสอนและหลักสูตร': 0, 'โรงอาหาร / ร้านค้าบริการ': 0, 'ความปลอดภัยและจราจร': 0, 'ระบบเครือข่ายและเทคโนโลยี': 18, 'บริการและสวัสดิการนิสิต': 0}",18,ระบบเครือข่ายและเทคโนโลยี
แจ้งทำความสะอาดตรงสนามบาส มีหมาจรจัดมาคุ้ยขยะ ครับ,"['หมาจรจัด', 'ทำความสะอาด']","{'การเดินทาง / รถเมล์มพ.': 0, 'สิ่งอำนวยความสะดวกและอาคารสถานที่': 0, 'สุขอนามัยและความสะอาด': 19, 'การเรียนการสอนและหลักสูตร': 0, 'โรงอาหาร / ร้านค้าบริการ': 0, 'ความปลอดภัยและจราจร': 0, 'ระบบเครือข่ายและเทคโนโลยี': 0, 'บริการและสวัสดิการนิสิต': 0}",19,สุขอนามัยและความสะอาด
แจ้งทำความสะอาดตรงสนามบาส มีหมาจรจัดมาคุ้ยขยะ ครับ,"['หมาจรจัด', 'ทำความสะอาด']","{'การเดินทาง / รถเมล์มพ.': 0, 'สิ่งอำนวยความสะดวกและอาคารสถานที่': 0, 'สุขอนามัยและความสะอาด': 19, 'การเรียนการสอนและหลักสูตร': 0, 'โรงอาหาร / ร้านค้าบริการ': 0, 'ความปลอดภัยและจราจร': 0, 'ระบบเครือข่ายและเทคโนโลยี': 0, 'บริการและสวัสดิการนิสิต': 0}",19,สุขอนามัยและความสะอาด
สอบถามหน่อยครับ รถเมล์สาย 1 หมดกี่โมง,"['รถเมล์', 'รถเมล์สาย', 'สอบถามหน่อยครับ']","{'การเดินทาง / รถเมล์มพ.': 15, 'สิ่งอำนวยความสะดวกและอาคารสถานที่': 0, 'สุขอนามัยและความสะอาด': 0, 'การเรียนการสอนและหลักสูตร': 0, 'โรงอาหาร / ร้านค้าบริการ': 0, 'ความปลอดภัยและจราจร': 0, 'ระบบเครือข่ายและเทคโนโลยี': 0, 'บริการและสวัสดิการนิสิต': 15}",15,การเดินทาง / รถเมล์มพ.
เน็ตหลุดบ่อยมาก ตอนนี้อยู่หน้ามอ ทำงานไม่ได้เลย,"['เน็ตหลุด', 'หลุดบ่อย']","{'การเดินทาง / รถเมล์มพ.': 0, 'สิ่งอำนวยความสะดวกและอาคารสถานที่': 0, 'สุขอนามัยและความสะอาด': 0, 'การเรียนการสอนและหลักสูตร': 0, 'โรงอาหาร / ร้านค้าบริการ': 0, 'ความปลอดภัยและจราจร': 0, 'ระบบเครือข่ายและเทคโนโลยี': 16, 'บริการและสวัสดิการนิสิต': 0}",16,ระบบเครือข่ายและเทคโนโลยี
แจ้งเรื่องหลังคารั่วหนักมาก ตรงอาคารเรียนรวม ช่วยมาดูหน่อย,['หลังคารั่ว'],"{'การเดินทาง / รถเมล์มพ.': 0, 'สิ่งอำนวยความสะดวกและอาคารสถานที่': 10, 'สุขอนามัยและความสะอาด': 0, 'การเรียนการสอนและหลักสูตร': 0, 'โรงอาหาร / ร้านค้าบริการ': 0, 'ความปลอดภัยและจราจร': 0, 'ระบบเครือข่ายและเทคโนโลยี': 0, 'บริการและสวัสดิการนิสิต': 0}",10,สิ่งอำนวยความสะดวกและอาคารสถานที่
อาจารย์ครับ ขอสอบชดเชยต้องทำไง รบกวนให้คำแนะนำที,"['ขอสอบชดเชย', 'อาจารย์']","{'การเดินทาง / รถเมล์มพ.': 0, 'สิ่งอำนวยความสะดวกและอาคารสถานที่': 0, 'สุขอนามัยและความสะอาด': 0, 'การเรียนการสอนและหลักสูตร': 17, 'โรงอาหาร / ร้านค้าบริการ': 0, 'ความปลอดภัยและจราจร': 0, 'ระบบเครือข่ายและเทคโนโลยี': 0, 'บริการและสวัสดิการนิสิต': 0}",17,การเรียนการสอนและหลักสูตร
สอบถามหน่อยครับ อยากทราบกำหนดการกิจกรรมรับน้อง,"['กิจกรรม', 'สอบถามหน่อยครับ']","{'การเดินทาง / รถเมล์มพ.': 0, 'สิ่งอำนวยความสะดวกและอาคารสถานที่': 0, 'สุขอนามัยและความสะอาด': 0, 'การเรียนการสอนและหลักสูตร': 0, 'โรงอาหาร / ร้านค้าบริการ': 0, 'ความปลอดภัยและจราจร': 0, 'ระบบเครือข่ายและเทคโนโลยี': 0, 'บริการและสวัสดิการนิสิต': 22}",22,บริการและสวัสดิการนิสิต
แจ้งทำความสะอาดตรงริมสระน้ำ หญ้ารกมาก ครับ,"['หญ้ารก', 'ทำความสะอาด']","{'การเดินทาง / รถเมล์มพ.': 0, 'สิ่งอำนวยความสะดวกและอาคารสถานที่': 0, 'สุขอนามัยและความสะอาด': 17, 'การเรียนการสอนและหลักสูตร': 0, 'โรงอาหาร / ร้านค้าบริการ': 0, 'ความปลอดภัยและจราจร': 0, 'ระบบเครือข่ายและเทคโนโลยี': 0, 'บริการและสวัสดิการนิสิต': 0}",17,สุขอนามัยและความสะอาด
ลืมรหัสผ่านเข้าระบบ ตอนนี้อยู่ห้องสมุด ทำงานไม่ได้เลย,"['ลืมรหัสผ่าน', 'ระบบ']","{'การเดินทาง / รถเมล์มพ.': 0, 'สิ่งอำนวยความสะดวกและอาคารสถานที่': 0, 'สุขอนามัยและความสะอาด': 0, 'การเรียนการสอนและหลักสูตร': 0, 'โรงอาหาร / ร้านค้าบริการ': 0, 'ความปลอดภัยและจราจร': 0, 'ระบบเครือข่ายและเทคโนโลยี': 15, 'บริการและสวัสดิการนิสิต': 0}",15,ระบบเครือข่ายและเทคโนโลยี
รปภ. ช่วยดูตรงประตู 2 หน่อยครับ ทางมืดมากอันตราย,"['อันตราย', 'รปภ.', 'ทางมืด', 'รปภ', 'ประตู 2']","{'การเดินทาง / รถเมล์มพ.': 0, 'สิ่งอำนวยความสะดวกและอาคารสถานที่': 0, 'สุขอนามัยและความสะอาด': 0, 'การเรียนการสอนและหลักสูตร': 0, 'โรงอาหาร / ร้านค้าบริการ': 0, 'ความปลอดภัยและจราจร': 27, 'ระบบเครือข่ายและเทคโนโลยี': 0, 'บริการและสวัสดิการนิสิต': 0}",27,ความปลอดภัยและจราจร
แจ้งทำความสะอาดตรงโรงอาหาร หญ้ารกมาก ครับ,"['หญ้ารก', 'ทำความสะอาด', 'โรงอาหาร', 'อาหาร']","{'การเดินทาง / รถเมล์มพ.': 0, 'สิ่งอำนวยความสะดวกและอาคารสถานที่': 0, 'สุขอนามัยและความสะอาด': 17, 'การเรียนการสอนและหลักสูตร': 0, 'โรงอาหาร / ร้านค้าบริการ': 13, 'ความปลอดภัยและจราจร': 0, 'ระบบเครือข่ายและเทคโนโลยี': 0, 'บริการและสวัสดิการนิสิต': 0}",17,สุขอนามัยและความสะอาด
แจ้งเรื่องไฟดับครับ ตรงห้องบรรยาย ช่วยมาดูหน่อย,['ไฟดับ'],"{'การเดินทาง / รถเมล์มพ.': 0, 'สิ่งอำนวยความสะดวกและอาคารสถานที่': 5, 'สุขอนามัยและความสะอาด': 0, 'การเรียนการสอนและหลักสูตร': 0, 'โรงอาหาร / ร้านค้าบริการ': 0, 'ความปลอดภัยและจราจร': 0, 'ระบบเครือข่ายและเทคโนโลยี': 0, 'บริการและสวัสดิการนิสิต': 0}",5,สิ่งอำนวยความสะดวกและอาคารสถานที่
แจ้งทำความสะอาดตรงริมสระน้ำ หญ้ารกมาก ครับ,"['หญ้ารก', 'ทำความสะอาด']","{'การเดินทาง / รถเมล์มพ.': 0, 'สิ่งอำนวยความสะดวกและอาคารสถานที่': 0, 'สุขอนามัยและความสะอาด': 17, 'การเรียนการสอนและหลักสูตร': 0, 'โรงอาหาร / ร้านค้าบริการ': 0, 'ความปลอดภัยและจราจร': 0, 'ระบบเครือข่ายและเทคโนโลยี': 0, 'บริการและสวัสดิการนิสิต': 0}",17,สุขอนามัยและความสะอาด
ลืมรหัสผ่านเข้าระบบ ตอนนี้อยู่ตึกคณะ ทำงานไม่ได้เลย,"['ลืมรหัสผ่าน', 'ระบบ']","{'การเดินทาง / รถเมล์มพ.': 0, 'สิ่งอำนวยความสะดวกและอาคารสถานที่': 0, 'สุขอนามัยและความสะอาด': 0, 'การเรียนการสอนและหลักสูตร': 0, 'โรงอาหาร / ร้านค้าบริการ': 0, 'ความปลอดภัยและจราจร': 0, 'ระบบเครือข่ายและเทคโนโลยี': 15, 'บริการและสวัสดิการนิสิต': 0}",15,ระบบเครือข่ายและเทคโนโลยี
รปภ. ช่วยดูตรงประตู 2 หน่อยครับ คนจอดรถขวางทาง,"['รปภ.', 'จอดรถขวาง', 'รปภ', 'ประตู 2']","{'การเดินทาง / รถเมล์มพ.': 0, 'สิ่งอำนวยความสะดวกและอาคารสถานที่': 0, 'สุขอนามัยและความสะอาด': 0, 'การเรียนการสอนและหลักสูตร': 0, 'โรงอาหาร / ร้านค้าบริการ': 0, 'ความปลอดภัยและจราจร': 23, 'ระบบเครือข่ายและเทคโนโลยี': 0, 'บริการและสวัสดิการนิสิต': 0}",23,ความปลอดภัยและจราจร
รปภ. ช่วยดูตรงลานจอดรถ หน่อยครับ คนจอดรถขวางทาง,"['รปภ.', 'จอดรถขวาง', 'รปภ']","{'การเดินทาง / รถเมล์มพ.': 0, 'สิ่งอำนวยความสะดวกและอาคารสถานที่': 0, 'สุขอนามัยและความสะอาด': 0, 'การเรียนการสอนและหลักสูตร': 0, 'โรงอาหาร / ร้านค้าบริการ': 0, 'ความปลอดภัยและจราจร': 16, 'ระบบเครือข่ายและเทคโนโลยี': 0, 'บริการและสวัสดิการนิสิต': 0}",16,ความปลอดภัยและจราจร
แจ้งเรื่องแอร์ไม่เย็นเลย ตรงตึกวิทย์ ช่วยมาดูหน่อย,"['แอร์ไม่เย็น', 'แอร์']","{'การเดินทาง / รถเมล์มพ.': 0, 'สิ่งอำนวยความสะดวกและอาคารสถานที่': 15, 'สุขอนามัยและความสะอาด': 0, 'การเรียนการสอนและหลักสูตร': 0, 'โรงอาหาร / ร้านค้าบริการ': 0, 'ความปลอดภัยและจราจร': 0, 'ระบบเครือข่ายและเทคโนโลยี': 0, 'บริการและสวัสดิการนิสิต': 0}",15,สิ่งอำนวยความสะดวกและอาคารสถานที่
ลงทะเบียนไม่ได้ ตอนนี้อยู่ห้องสมุด ทำงานไม่ได้เลย,['ลงทะเบียนไม่ได้'],"{'การเดินทาง / รถเมล์มพ.': 0, 'สิ่งอำนวยความสะดวกและอาคารสถานที่': 0, 'สุขอนามัยและความสะอาด': 0, 'การเรียนการสอนและหลักสูตร': 0, 'โรงอาหาร / ร้านค้าบริการ': 0, 'ความปลอดภัยและจราจร': 0, 'ระบบเครือข่ายและเทคโนโลยี': 15, 'บริการและสวัสดิการนิสิต': 0}",15,ระบบเครือข่ายและเทคโนโลยี
สอบถามหน่อยครับ อยากทราบกำหนดการกิจกรรมรับน้อง,"['กิจกรรม', 'สอบถามหน่อยครับ']","{'การเดินทาง / รถเมล์มพ.': 0, 'สิ่งอำนวยความสะดวกและอาคารสถานที่': 0, 'สุขอนามัยและความสะอาด': 0, 'การเรียนการสอนและหลักสูตร': 0, 'โรงอาหาร / ร้านค้าบริการ': 0, 'ความปลอดภัยและจราจร': 0, 'ระบบเครือข่ายและเทคโนโลยี': 0, 'บริการและสวัสดิการนิสิต': 22}",22,บริการและสวัสดิการนิสิต
สอบถามหน่อยครับ ทำบัตรนิสิตใหม่ที่ไหน,"['บัตรนิสิต', 'สอบถามหน่อยครับ']","{'การเดินทาง / รถเมล์มพ.': 0, 'สิ่งอำนวยความสะดวกและอาคารสถานที่': 0, 'สุขอนามัยและความสะอาด': 0, 'การเรียนการสอนและหลักสูตร': 0, 'โรงอาหาร / ร้านค้าบริการ': 0, 'ความปลอดภัยและจราจร': 0, 'ระบบเครือข่ายและเทคโนโลยี': 0, 'บริการและสวัสดิการนิสิต': 24}",24,บริการและสวัสดิการนิสิต
ลืมรหัสผ่านเข้าระบบ ตอนนี้อยู่ตึกคณะ ทำงานไม่ได้เลย,"['ลืมรหัสผ่าน', 'ระบบ']","{'การเดินทาง / รถเมล์มพ.': 0, 'สิ่งอำนวยความสะดวกและอาคารสถานที่': 0, 'สุขอนามัยและความสะอาด': 0, 'การเรียนการสอนและหลักสูตร': 0, 'โรงอาหาร / ร้านค้าบริการ': 0, 'ความปลอดภัยและจราจร': 0, 'ระบบเครือข่ายและเทคโนโลยี': 15, 'บริการและสวัสดิการนิสิต': 0}",15,ระบบเครือข่ายและเทคโนโลยี
เน็ตหลุดบ่อยมาก ตอนนี้อยู่หน้ามอ ทำงานไม่ได้เลย,"['เน็ตหลุด', 'หลุดบ่อย']","{'การเดินทาง / รถเมล์มพ.': 0, 'สิ่งอำนวยความสะดวกและอาคารสถานที่': 0, 'สุขอนามัยและความสะอาด': 0, 'การเรียนการสอนและหลักสูตร': 0, 'โรงอาหาร / ร้านค้าบริการ': 0, 'ความปลอดภัยและจราจร': 0, 'ระบบเครือข่ายและเทคโนโลยี': 16, 'บริการและสวัสดิการนิสิต': 0}",16,ระบบเครือข่ายและเทคโนโลยี
รปภ. ช่วยดูตรงหลังมอ หน่อยครับ รถติดหนักมาก,"['รถติด', 'รปภ.', 'รปภ']","{'การเดินทาง / รถเมล์มพ.': 5, 'สิ่งอำนวยความสะดวกและอาคารสถานที่': 0, 'สุขอนามัยและความสะอาด': 0, 'การเรียนการสอนและหลักสูตร': 0, 'โรงอาหาร / ร้านค้าบริการ': 0, 'ความปลอดภัยและจราจร': 7, 'ระบบเครือข่ายและเทคโนโลยี': 0, 'บริการและสวัสดิการนิสิต': 0}",7,ความปลอดภัยและจราจร
รปภ. ช่วยดูตรงประตู 2 หน่อยครับ ทางมืดมากอันตราย,"['อันตราย', 'รปภ.', 'ทางมืด', 'รปภ', 'ประตู 2']","{'การเดินทาง / รถเมล์มพ.': 0, 'สิ่งอำนวยความสะดวกและอาคารสถานที่': 0, 'สุขอนามัยและความสะอาด': 0, 'การเรียนการสอนและหลักสูตร': 0, 'โรงอาหาร / ร้านค้าบริการ': 0, 'ความปลอดภัยและจราจร': 27, 'ระบบเครือข่ายและเทคโนโลยี': 0, 'บริการและสวัสดิการนิสิต': 0}",27,ความปลอดภัยและจราจร
แจ้งเรื่องไฟดับครับ ตรงตึก ICT ช่วยมาดูหน่อย,['ไฟดับ'],"{'การเดินทาง / รถเมล์มพ.': 0, 'สิ่งอำนวยความสะดวกและอาคารสถานที่': 5, 'สุขอนามัยและความสะอาด': 0, 'การเรียนการสอนและหลักสูตร': 0, 'โรงอาหาร / ร้านค้าบริการ': 0, 'ความปลอดภัยและจราจร': 0, 'ระบบเครือข่ายและเทคโนโลยี': 0, 'บริการและสวัสดิการนิสิต': 0}",5,สิ่งอำนวยความสะดวกและอาคารสถานที่
ลงทะเบียนไม่ได้ ตอนนี้อยู่ตึกคณะ ทำงานไม่ได้เลย,['ลงทะเบียนไม่ได้'],"{'การเดินทาง / รถเมล์มพ.': 0, 'สิ่งอำนวยความสะดวกและอาคารสถานที่': 0, 'สุขอนามัยและความสะอาด': 0, 'การเรียนการสอนและหลักสูตร': 0, 'โรงอาหาร / ร้านค้าบริการ': 0, 'ความปลอดภัยและจราจร': 0, 'ระบบเครือข่ายและเทคโนโลยี': 15, 'บริการและสวัสดิการนิสิต': 0}",15,ระบบเครือข่ายและเทคโนโลยี
แจ้งเรื่องน้ำไม่ไหล ตรงตึกวิทย์ ช่วยมาดูหน่อย,['น้ำไม่ไหล'],"{'การเดินทาง / รถเมล์มพ.': 0, 'สิ่งอำนวยความสะดวกและอาคารสถานที่': 9, 'สุขอนามัยและความสะอาด': 0, 'การเรียนการสอนและหลักสูตร': 0, 'โรงอาหาร / ร้านค้าบริการ': 0, 'ความปลอดภัยและจราจร': 0, 'ระบบเครือข่ายและเทคโนโลยี': 0, 'บริการและสวัสดิการนิสิต': 0}",9,สิ่งอำนวยความสะดวกและอาคารสถานที่
ไวไฟเข้าไม่ได้ ตอนนี้อยู่ห้องสมุด ทำงานไม่ได้เลย,"['ไวไฟเข้าไม่ได้', 'ไวไฟ']","{'การเดินทาง / รถเมล์มพ.': 0, 'สิ่งอำนวยความสะดวกและอาคารสถานที่': 0, 'สุขอนามัยและความสะอาด': 0, 'การเรียนการสอนและหลักสูตร': 0, 'โรงอาหาร / ร้านค้าบริการ': 0, 'ความปลอดภัยและจราจร': 0, 'ระบบเครือข่ายและเทคโนโลยี': 18, 'บริการและสวัสดิการนิสิต': 0}",18,ระบบเครือข่ายและเทคโนโลยี
แจ้งเรื่องแอร์ไม่เย็นเลย ตรงตึกวิทย์ ช่วยมาดูหน่อย,"['แอร์ไม่เย็น', 'แอร์']","{'การเดินทาง / รถเมล์มพ.': 0, 'สิ่งอำนวยความสะดวกและอาคารสถานที่': 15, 'สุขอนามัยและความสะอาด': 0, 'การเรียนการสอนและหลักสูตร': 0, 'โรงอาหาร / ร้านค้าบริการ': 0, 'ความปลอดภัยและจราจร': 0, 'ระบบเครือข่ายและเทคโนโลยี': 0, 'บริการและสวัสดิการนิสิต': 0}",15,สิ่งอำนวยความสะดวกและอาคารสถานที่
สอบถามหน่อยครับ ทำบัตรนิสิตใหม่ที่ไหน,"['บัตรนิสิต', 'สอบถามหน่อยครับ']","{'การเดินทาง / รถเมล์มพ.': 0, 'สิ่งอำนวยความสะดวกและอาคารสถานที่': 0, 'สุขอนามัยและความสะอาด': 0, 'การเรียนการสอนและหลักสูตร': 0, 'โรงอาหาร / ร้านค้าบริการ': 0, 'ความปลอดภัยและจราจร': 0, 'ระบบเครือข่ายและเทคโนโลยี': 0, 'บริการและสวัสดิการนิสิต': 24}",24,บริการและสวัสดิการนิสิต
แจ้งเรื่องลิฟต์ค้าง ตรงตึกวิทย์ ช่วยมาดูหน่อย,"['ลิฟต์ค้าง', 'ลิฟต์']","{'การเดินทาง / รถเมล์มพ.': 0, 'สิ่งอำนวยความสะดวกและอาคารสถานที่': 14, 'สุขอนามัยและความสะอาด': 0, 'การเรียนการสอนและหลักสูตร': 0, 'โรงอาหาร / ร้านค้าบริการ': 0, 'ความปลอดภัยและจราจร': 0, 'ระบบเครือข่ายและเทคโนโลยี': 0, 'บริการและสวัสดิการนิสิต': 0}",14,สิ่งอำนวยความสะดวกและอาคารสถานที่
แจ้งเรื่องหลังคารั่วหนักมาก ตรงห้องน้ำตึกสงวน ช่วยมาดูหน่อย,['หลังคารั่ว'],"{'การเดินทาง / รถเมล์มพ.': 0, 'สิ่งอำนวยความสะดวกและอาคารสถานที่': 10, 'สุขอนามัยและความสะอาด': 0, 'การเรียนการสอนและหลักสูตร': 0, 'โรงอาหาร / ร้านค้าบริการ': 0, 'ความปลอดภัยและจราจร': 0, 'ระบบเครือข่ายและเทคโนโลยี': 0, 'บริการและสวัสดิการนิสิต': 0}",10,สิ่งอำนวยความสะดวกและอาคารสถานที่
ลืมรหัสผ่านเข้าระบบ ตอนนี้อยู่หอพักใน ทำงานไม่ได้เลย,"['ลืมรหัสผ่าน', 'ระบบ']","{'การเดินทาง / รถเมล์มพ.': 0, 'สิ่งอำนวยความสะดวกและอาคารสถานที่': 0, 'สุขอนามัยและความสะอาด': 0, 'การเรียนการสอนและหลักสูตร': 0, 'โรงอาหาร / ร้านค้าบริการ': 0, 'ความปลอดภัยและจราจร': 0, 'ระบบเครือข่ายและเทคโนโลยี': 15, 'บริการและสวัสดิการนิสิต': 0}",15,ระบบเครือข่ายและเทคโนโลยี
แจ้งทำความสะอาดตรงโรงอาหาร หญ้ารกมาก ครับ,"['หญ้ารก', 'ทำความสะอาด', 'โรงอาหาร', 'อาหาร']","{'การเดินทาง / รถเมล์มพ.': 0, 'สิ่งอำนวยความสะดวกและอาคารสถานที่': 0, 'สุขอนามัยและความสะอาด': 17, 'การเรียนการสอนและหลักสูตร': 0, 'โรงอาหาร / ร้านค้าบริการ': 13, 'ความปลอดภัยและจราจร': 0, 'ระบบเครือข่ายและเทคโนโลยี': 0, 'บริการและสวัสดิการนิสิต': 0}",17,สุขอนามัยและความสะอาด
แจ้งเรื่องประตูพัง ตรงห้องบรรยาย ช่วยมาดูหน่อย,"['พัง', 'ประตูพัง']","{'การเดินทาง / รถเมล์มพ.': 0, 'สิ่งอำนวยความสะดวกและอาคารสถานที่': 11, 'สุขอนามัยและความสะอาด': 0, 'การเรียนการสอนและหลักสูตร': 0, 'โรงอาหาร / ร้านค้าบริการ': 0, 'ความปลอดภัยและจราจร': 0, 'ระบบเครือข่ายและเทคโนโลยี': 0, 'บริการและสวัสดิการนิสิต': 0}",11,สิ่งอำนวยความสะดวกและอาคารสถานที่
แจ้งทำความสะอาดตรงโรงอาหาร มีหมาจรจัดมาคุ้ยขยะ ครับ,"['หมาจรจัด', 'ทำความสะอาด', 'โรงอาหาร', 'อาหาร']","{'การเดินทาง / รถเมล์มพ.': 0, 'สิ่งอำนวยความสะดวกและอาคารสถานที่': 0, 'สุขอนามัยและความสะอาด': 19, 'การเรียนการสอนและหลักสูตร': 0, 'โรงอาหาร / ร้านค้าบริการ': 13, 'ความปลอดภัยและจราจร': 0, 'ระบบเครือข่ายและเทคโนโลยี': 0, 'บริการและสวัสดิการนิสิต': 0}",19,สุขอนามัยและความสะอาด
แจ้งทำความสะอาดตรงสวนหน้าตึก กิ่งไม้หักขวางทาง ครับ,"['กิ่งไม้หัก', 'ทำความสะอาด']","{'การเดินทาง / รถเมล์มพ.': 0, 'สิ่งอำนวยความสะดวกและอาคารสถานที่': 0, 'สุขอนามัยและความสะอาด': 21, 'การเรียนการสอนและหลักสูตร': 0, 'โรงอาหาร / ร้านค้าบริการ': 0, 'ความปลอดภัยและจราจร': 0, 'ระบบเครือข่ายและเทคโนโลยี': 0, 'บริการและสวัสดิการนิสิต': 0}",21,สุขอนามัยและความสะอาด
แจ้งเรื่องหลังคารั่วหนักมาก ตรงห้องน้ำตึกสงวน ช่วยมาดูหน่อย,['หลังคารั่ว'],"{'การเดินทาง / รถเมล์มพ.': 0, 'สิ่งอำนวยความสะดวกและอาคารสถานที่': 10, 'สุขอนามัยและความสะอาด': 0, 'การเรียนการสอนและหลักสูตร': 0, 'โรงอาหาร / ร้านค้าบริการ': 0, 'ความปลอดภัยและจราจร': 0, 'ระบบเครือข่ายและเทคโนโลยี': 0, 'บริการและสวัสดิการนิสิต': 0}",10,สิ่งอำนวยความสะดวกและอาคารสถานที่
สอบถามหน่อยครับ ทำบัตรนิสิตใหม่ที่ไหน,"['บัตรนิสิต', 'สอบถามหน่อยครับ']","{'การเดินทาง / รถเมล์มพ.': 0, 'สิ่งอำนวยความสะดวกและอาคารสถานที่': 0, 'สุขอนามัยและความสะอาด': 0, 'การเรียนการสอนและหลักสูตร': 0, 'โรงอาหาร / ร้านค้าบริการ': 0, 'ความปลอดภัยและจราจร': 0, 'ระบบเครือข่ายและเทคโนโลยี': 0, 'บริการและสวัสดิการนิสิต': 24}",24,บริการและสวัสดิการนิสิต
รปภ. ช่วยดูตรงหลังมอ หน่อยครับ มีรถชนกัน,"['รถชน', 'รปภ.', 'รปภ']","{'การเดินทาง / รถเมล์มพ.': 0, 'สิ่งอำนวยความสะดวกและอาคารสถานที่': 0, 'สุขอนามัยและความสะอาด': 0, 'การเรียนการสอนและหลักสูตร': 0, 'โรงอาหาร / ร้านค้าบริการ': 0, 'ความปลอดภัยและจราจร': 11, 'ระบบเครือข่ายและเทคโนโลยี': 0, 'บริการและสวัสดิการนิสิต': 0}",11,ความปลอดภัยและจราจร
อาจารย์ครับ ขอสอบชดเชยต้องทำไง รบกวนให้คำแนะนำที,"['ขอสอบชดเชย', 'อาจารย์']","{'การเดินทาง / รถเมล์มพ.': 0, 'สิ่งอำนวยความสะดวกและอาคารสถานที่': 0, 'สุขอนามัยและความสะอาด': 0, 'การเรียนการสอนและหลักสูตร': 17, 'โรงอาหาร / ร้านค้าบริการ': 0, 'ความปลอดภัยและจราจร': 0, 'ระบบเครือข่ายและเทคโนโลยี': 0, 'บริการและสวัสดิการนิสิต': 0}",17,การเรียนการสอนและหลักสูตร
รปภ. ช่วยดูตรงประตู 2 หน่อยครับ ทางมืดมากอันตราย,"['อันตราย', 'รปภ.', 'ทางมืด', 'รปภ', 'ประตู 2']","{'การเดินทาง / รถเมล์มพ.': 0, 'สิ่งอำนวยความสะดวกและอาคารสถานที่': 0, 'สุขอนามัยและความสะอาด': 0, 'การเรียนการสอนและหลักสูตร': 0, 'โรงอาหาร / ร้านค้าบริการ': 0, 'ความปลอดภัยและจราจร': 27, 'ระบบเครือข่ายและเทคโนโลยี': 0, 'บริการและสวัสดิการนิสิต': 0}",27,ความปลอดภัยและจราจร
แจ้งทำความสะอาดตรงทางเดิน หญ้ารกมาก ครับ,"['หญ้ารก', 'ทำความสะอาด']","{'การเดินทาง / รถเมล์มพ.': 0, 'สิ่งอำนวยความสะดวกและอาคารสถานที่': 0, 'สุขอนามัยและความสะอาด': 17, 'การเรียนการสอนและหลักสูตร': 0, 'โรงอาหาร / ร้านค้าบริการ': 0, 'ความปลอดภัยและจราจร': 0, 'ระบบเครือข่ายและเทคโนโลยี': 0, 'บริการและสวัสดิการนิสิต': 0}",17,สุขอนามัยและความสะอาด
สอบถามหน่อยครับ สอบถามเรื่องทุนการศึกษา,"['ทุนการศึกษา', 'สอบถามหน่อยครับ']","{'การเดินทาง / รถเมล์มพ.': 0, 'สิ่งอำนวยความสะดวกและอาคารสถานที่': 0, 'สุขอนามัยและความสะอาด': 0, 'การเรียนการสอนและหลักสูตร': 0, 'โรงอาหาร / ร้านค้าบริการ': 0, 'ความปลอดภัยและจราจร': 0, 'ระบบเครือข่ายและเทคโนโลยี': 0, 'บริการและสวัสดิการนิสิต': 26}",26,บริการและสวัสดิการนิสิต
รปภ. ช่วยดูตรงทางแยก หน่อยครับ รถติดหนักมาก,"['รถติด', 'รปภ.', 'รปภ']","{'การเดินทาง / รถเมล์มพ.': 5, 'สิ่งอำนวยความสะดวกและอาคารสถานที่': 0, 'สุขอนามัยและความสะอาด': 0, 'การเรียนการสอนและหลักสูตร': 0, 'โรงอาหาร / ร้านค้าบริการ': 0, 'ความปลอดภัยและจราจร': 7, 'ระบบเครือข่ายและเทคโนโลยี': 0, 'บริการและสวัสดิการนิสิต': 0}",7,ความปลอดภัยและจราจร
แจ้งทำความสะอาดตรงสนามบาส สกปรกมากไม่ทำความสะอาด ครับ,"['สกปรก', 'ไม่ทำความสะอาด', 'ทำความสะอาด']","{'การเดินทาง / รถเมล์มพ.': 0, 'สิ่งอำนวยความสะดวกและอาคารสถานที่': 0, 'สุขอนามัยและความสะอาด': 30, 'การเรียนการสอนและหลักสูตร': 0, 'โรงอาหาร / ร้านค้าบริการ': 0, 'ความปลอดภัยและจราจร': 0, 'ระบบเครือข่ายและเทคโนโลยี': 0, 'บริการและสวัสดิการนิสิต': 0}",30,สุขอนามัยและความสะอาด
รปภ. ช่วยดูตรงทางแยก หน่อยครับ ทางมืดมากอันตราย,"['อันตราย', 'รปภ.', 'ทางมืด', 'รปภ']","{'การเดินทาง / รถเมล์มพ.': 0, 'สิ่งอำนวยความสะดวกและอาคารสถานที่': 0, 'สุขอนามัยและความสะอาด': 0, 'การเรียนการสอนและหลักสูตร': 0, 'โรงอาหาร / ร้านค้าบริการ': 0, 'ความปลอดภัยและจราจร': 20, 'ระบบเครือข่ายและเทคโนโลยี': 0, 'บริการและสวัสดิการนิสิต': 0}",20,ความปลอดภัยและจราจร
ไวไฟเข้าไม่ได้ ตอนนี้อยู่หอพักใน ทำงานไม่ได้เลย,"['ไวไฟเข้าไม่ได้', 'ไวไฟ']","{'การเดินทาง / รถเมล์มพ.': 0, 'สิ่งอำนวยความสะดวกและอาคารสถานที่': 0, 'สุขอนามัยและความสะอาด': 0, 'การเรียนการสอนและหลักสูตร': 0, 'โรงอาหาร / ร้านค้าบริการ': 0, 'ความปลอดภัยและจราจร': 0, 'ระบบเครือข่ายและเทคโนโลยี': 18, 'บริการและสวัสดิการนิสิต': 0}",18,ระบบเครือข่ายและเทคโนโลยี
รปภ. ช่วยดูตรงทางแยก หน่อยครับ มีรถชนกัน,"['รถชน', 'รปภ.', 'รปภ']","{'การเดินทาง / รถเมล์มพ.': 0, 'สิ่งอำนวยความสะดวกและอาคารสถานที่': 0, 'สุขอนามัยและความสะอาด': 0, 'การเรียนการสอนและหลักสูตร': 0, 'โรงอาหาร / ร้านค้าบริการ': 0, 'ความปลอดภัยและจราจร': 11, 'ระบบเครือข่ายและเทคโนโลยี': 0, 'บริการและสวัสดิการนิสิต': 0}",11,ความปลอดภัยและจราจร
แจ้งทำความสะอาดตรงสนามบาส กิ่งไม้หักขวางทาง ครับ,"['กิ่งไม้หัก', 'ทำความสะอาด']","{'การเดินทาง / รถเมล์มพ.': 0, 'สิ่งอำนวยความสะดวกและอาคารสถานที่': 0, 'สุขอนามัยและความสะอาด': 21, 'การเรียนการสอนและหลักสูตร': 0, 'โรงอาหาร / ร้านค้าบริการ': 0, 'ความปลอดภัยและจราจร': 0, 'ระบบเครือข่ายและเทคโนโลยี': 0, 'บริการและสวัสดิการนิสิต': 0}",21,สุขอนามัยและความสะอาด
อาจารย์ครับ ขอสอบชดเชยต้องทำไง รบกวนให้คำแนะนำที,"['ขอสอบชดเชย', 'อาจารย์']","{'การเดินทาง / รถเมล์มพ.': 0, 'สิ่งอำนวยความสะดวกและอาคารสถานที่': 0, 'สุขอนามัยและความสะอาด': 0, 'การเรียนการสอนและหลักสูตร': 17, 'โรงอาหาร / ร้านค้าบริการ': 0, 'ความปลอดภัยและจราจร': 0, 'ระบบเครือข่ายและเทคโนโลยี': 0, 'บริการและสวัสดิการนิสิต': 0}",17,การเรียนการสอนและหลักสูตร
อาจารย์ครับ ตารางเรียนไม่ขึ้นระบบ รบกวนให้คำแนะนำที,"['ตารางเรียน', 'อาจารย์', 'ระบบ']","{'การเดินทาง / รถเมล์มพ.': 0, 'สิ่งอำนวยความสะดวกและอาคารสถานที่': 0, 'สุขอนามัยและความสะอาด': 0, 'การเรียนการสอนและหลักสูตร': 17, 'โรงอาหาร / ร้านค้าบริการ': 0, 'ความปลอดภัยและจราจร': 0, 'ระบบเครือข่ายและเทคโนโลยี': 4, 'บริการและสวัสดิการนิสิต': 0}",17,การเรียนการสอนและหลักสูตร
แจ้งทำความสะอาดตรงริมสระน้ำ สกปรกมากไม่ทำความสะอาด ครับ,"['สกปรก', 'ไม่ทำความสะอาด', 'ทำความสะอาด']","{'การเดินทาง / รถเมล์มพ.': 0, 'สิ่งอำนวยความสะดวกและอาคารสถานที่': 0, 'สุขอนามัยและความสะอาด': 30, 'การเรียนการสอนและหลักสูตร': 0, 'โรงอาหาร / ร้านค้าบริการ': 0, 'ความปลอดภัยและจราจร': 0, 'ระบบเครือข่ายและเทคโนโลยี': 0, 'บริการและสวัสดิการนิสิต': 0}",30,สุขอนามัยและความสะอาด
เน็ตหลุดบ่อยมาก ตอนนี้อยู่หอพักใน ทำงานไม่ได้เลย,"['เน็ตหลุด', 'หลุดบ่อย']","{'การเดินทาง / รถเมล์มพ.': 0, 'สิ่งอำนวยความสะดวกและอาคารสถานที่': 0, 'สุขอนามัยและความสะอาด': 0, 'การเรียนการสอนและหลักสูตร': 0, 'โรงอาหาร / ร้านค้าบริการ': 0, 'ความปลอดภัยและจราจร': 0, 'ระบบเครือข่ายและเทคโนโลยี': 16, 'บริการและสวัสดิการนิสิต': 0}",16,ระบบเครือข่ายและเทคโนโลยี
แจ้งเรื่องแอร์ไม่เย็นเลย ตรงห้องน้ำตึกสงวน ช่วยมาดูหน่อย,"['แอร์ไม่เย็น', 'แอร์']","{'การเดินทาง / รถเมล์มพ.': 0, 'สิ่งอำนวยความสะดวกและอาคารสถานที่': 15, 'สุขอนามัยและความสะอาด': 0, 'การเรียนการสอนและหลักสูตร': 0, 'โรงอาหาร / ร้านค้าบริการ': 0, 'ความปลอดภัยและจราจร': 0, 'ระบบเครือข่ายและเทคโนโลยี': 0, 'บริการและสวัสดิการนิสิต': 0}",15,สิ่งอำนวยความสะดวกและอาคารสถานที่
แจ้งเรื่องไฟดับครับ ตรงตึก ICT ช่วยมาดูหน่อย,['ไฟดับ'],"{'การเดินทาง / รถเมล์มพ.': 0, 'สิ่งอำนวยความสะดวกและอาคารสถานที่': 5, 'สุขอนามัยและความสะอาด': 0, 'การเรียนการสอนและหลักสูตร': 0, 'โรงอาหาร / ร้านค้าบริการ': 0, 'ความปลอดภัยและจราจร': 0, 'ระบบเครือข่ายและเทคโนโลยี': 0, 'บริการและสวัสดิการนิสิต': 0}",5,สิ่งอำนวยความสะดวกและอาคารสถานที่
รปภ. ช่วยดูตรงประตู 2 หน่อยครับ ทางมืดมากอันตราย,"['อันตราย', 'รปภ.', 'ทางมืด', 'รปภ', 'ประตู 2']","{'การเดินทาง / รถเมล์มพ.': 0, 'สิ่งอำนวยความสะดวกและอาคารสถานที่': 0, 'สุขอนามัยและความสะอาด': 0, 'การเรียนการสอนและหลักสูตร': 0, 'โรงอาหาร / ร้านค้าบริการ': 0, 'ความปลอดภัยและจราจร': 27, 'ระบบเครือข่ายและเทคโนโลยี': 0, 'บริการและสวัสดิการนิสิต': 0}",27,ความปลอดภัยและจราจร
แจ้งเรื่องน้ำไม่ไหล ตรงห้องบรรยาย ช่วยมาดูหน่อย,['น้ำไม่ไหล'],"{'การเดินทาง / รถเมล์มพ.': 0, 'สิ่งอำนวยความสะดวกและอาคารสถานที่': 9, 'สุขอนามัยและความสะอาด': 0, 'การเรียนการสอนและหลักสูตร': 0, 'โรงอาหาร / ร้านค้าบริการ': 0, 'ความปลอดภัยและจราจร': 0, 'ระบบเครือข่ายและเทคโนโลยี': 0, 'บริการและสวัสดิการนิสิต': 0}",9,สิ่งอำนวยความสะดวกและอาคารสถานที่
สอบถามหน่อยครับ อยากทราบกำหนดการกิจกรรมรับน้อง,"['กิจกรรม', 'สอบถามหน่อยครับ']","{'การเดินทาง / รถเมล์มพ.': 0, 'สิ่งอำนวยความสะดวกและอาคารสถานที่': 0, 'สุขอนามัยและความสะอาด': 0, 'การเรียนการสอนและหลักสูตร': 0, 'โรงอาหาร / ร้านค้าบริการ': 0, 'ความปลอดภัยและจราจร': 0, 'ระบบเครือข่ายและเทคโนโลยี': 0, 'บริการและสวัสดิการนิสิต': 22}",22,บริการและสวัสดิการนิสิต
อาจารย์ครับ ขอสอบชดเชยต้องทำไง รบกวนให้คำแนะนำที,"['ขอสอบชดเชย', 'อาจารย์']","{'การเดินทาง / รถเมล์มพ.': 0, 'สิ่งอำนวยความสะดวกและอาคารสถานที่': 0, 'สุขอนามัยและความสะอาด': 0, 'การเรียนการสอนและหลักสูตร': 17, 'โรงอาหาร / ร้านค้าบริการ': 0, 'ความปลอดภัยและจราจร': 0, 'ระบบเครือข่ายและเทคโนโลยี': 0, 'บริการและสวัสดิการนิสิต': 0}",17,การเรียนการสอนและหลักสูตร
แจ้งทำความสะอาดตรงโรงอาหาร ขยะล้นถังส่งกลิ่นเหม็น ครับ,"['ขยะล้น', 'เหม็น', 'ทำความสะอาด', 'กลิ่นเหม็น', 'โรงอาหาร', 'อาหาร']","{'การเดินทาง / รถเมล์มพ.': 0, 'สิ่งอำนวยความสะดวกและอาคารสถานที่': 0, 'สุขอนามัยและความสะอาด': 32, 'การเรียนการสอนและหลักสูตร': 0, 'โรงอาหาร / ร้านค้าบริการ': 13, 'ความปลอดภัยและจราจร': 0, 'ระบบเครือข่ายและเทคโนโลยี': 0, 'บริการและสวัสดิการนิสิต': 0}",32,สุขอนามัยและความสะอาด
อาจารย์ครับ ตารางเรียนไม่ขึ้นระบบ รบกวนให้คำแนะนำที,"['ตารางเรียน', 'อาจารย์', 'ระบบ']","{'การเดินทาง / รถเมล์มพ.': 0, 'สิ่งอำนวยความสะดวกและอาคารสถานที่': 0, 'สุขอนามัยและความสะอาด': 0, 'การเรียนการสอนและหลักสูตร': 17, 'โรงอาหาร / ร้านค้าบริการ': 0, 'ความปลอดภัยและจราจร': 0, 'ระบบเครือข่ายและเทคโนโลยี': 4, 'บริการและสวัสดิการนิสิต': 0}",17,การเรียนการสอนและหลักสูตร
อาจารย์ครับ ตารางเรียนไม่ขึ้นระบบ รบกวนให้คำแนะนำที,"['ตารางเรียน', 'อาจารย์', 'ระบบ']","{'การเดินทาง / รถเมล์มพ.': 0, 'สิ่งอำนวยความสะดวกและอาคารสถานที่': 0, 'สุขอนามัยและความสะอาด': 0, 'การเรียนการสอนและหลักสูตร': 17, 'โรงอาหาร / ร้านค้าบริการ': 0, 'ความปลอดภัยและจราจร': 0, 'ระบบเครือข่ายและเทคโนโลยี': 4, 'บริการและสวัสดิการนิสิต': 0}",17,การเรียนการสอนและหลักสูตร
รปภ. ช่วยดูตรงหน้ามอ หน่อยครับ คนจอดรถขวางทาง,"['รปภ.', 'จอดรถขวาง', 'รปภ']","{'การเดินทาง / รถเมล์มพ.': 0, 'สิ่งอำนวยความสะดวกและอาคารสถานที่': 0, 'สุขอนามัยและความสะอาด': 0, 'การเรียนการสอนและหลักสูตร': 0, 'โรงอาหาร / ร้านค้าบริการ': 0, 'ความปลอดภัยและจราจร': 16, 'ระบบเครือข่ายและเทคโนโลยี': 0, 'บริการและสวัสดิการนิสิต': 0}",16,ความปลอดภัยและจราจร
แจ้งเรื่องประตูพัง ตรงห้องบรรยาย ช่วยมาดูหน่อย,"['พัง', 'ประตูพัง']","{'การเดินทาง / รถเมล์มพ.': 0, 'สิ่งอำนวยความสะดวกและอาคารสถานที่': 11, 'สุขอนามัยและความสะอาด': 0, 'การเรียนการสอนและหลักสูตร': 0, 'โรงอาหาร / ร้านค้าบริการ': 0, 'ความปลอดภัยและจราจร': 0, 'ระบบเครือข่ายและเทคโนโลยี': 0, 'บริการและสวัสดิการนิสิต': 0}",11,สิ่งอำนวยความสะดวกและอาคารสถานที่
สอบถามหน่อยครับ อยากทราบกำหนดการกิจกรรมรับน้อง,"['กิจกรรม', 'สอบถามหน่อยครับ']","{'การเดินทาง / รถเมล์มพ.': 0, 'สิ่งอำนวยความสะดวกและอาคารสถานที่': 0, 'สุขอนามัยและความสะอาด': 0, 'การเรียนการสอนและหลักสูตร': 0, 'โรงอาหาร / ร้านค้าบริการ': 0, 'ความปลอดภัยและจราจร': 0, 'ระบบเครือข่ายและเทคโนโลยี': 0, 'บริการและสวัสดิการนิสิต': 22}",22,บริการและสวัสดิการนิสิต
แจ้งทำความสะอาดตรงโรงอาหาร สกปรกมากไม่ทำความสะอาด ครับ,"['สกปรก', 'ไม่ทำความสะอาด', 'ทำความสะอาด', 'โรงอาหาร', 'อาหาร']","{'การเดินทาง / รถเมล์มพ.': 0, 'สิ่งอำนวยความสะดวกและอาคารสถานที่': 0, 'สุขอนามัยและความสะอาด': 30, 'การเรียนการสอนและหลักสูตร': 0, 'โรงอาหาร / ร้านค้าบริการ': 13, 'ความปลอดภัยและจราจร': 0, 'ระบบเครือข่ายและเทคโนโลยี': 0, 'บริการและสวัสดิการนิสิต': 0}",30,สุขอนามัยและความสะอาด
สอบถามหน่อยครับ อยากทราบกำหนดการกิจกรรมรับน้อง,"['กิจกรรม', 'สอบถามหน่อยครับ']","{'การเดินทาง / รถเมล์มพ.': 0, 'สิ่งอำนวยความสะดวกและอาคารสถานที่': 0, 'สุขอนามัยและความสะอาด': 0, 'การเรียนการสอนและหลักสูตร': 0, 'โรงอาหาร / ร้านค้าบริการ': 0, 'ความปลอดภัยและจราจร': 0, 'ระบบเครือข่ายและเทคโนโลยี': 0, 'บริการและสวัสดิการนิสิต': 22}",22,บริการและสวัสดิการนิสิต
ลงทะเบียนไม่ได้ ตอนนี้อยู่หอพักใน ทำงานไม่ได้เลย,['ลงทะเบียนไม่ได้'],"{'การเดินทาง / รถเมล์มพ.': 0, 'สิ่งอำนวยความสะดวกและอาคารสถานที่': 0, 'สุขอนามัยและความสะอาด': 0, 'การเรียนการสอนและหลักสูตร': 0, 'โรงอาหาร / ร้านค้าบริการ': 0, 'ความปลอดภัยและจราจร': 0, 'ระบบเครือข่ายและเทคโนโลยี': 15, 'บริการและสวัสดิการนิสิต': 0}",15,ระบบเครือข่ายและเทคโนโลยี
สอบถามหน่อยครับ อยากทราบกำหนดการกิจกรรมรับน้อง,"['กิจกรรม', 'สอบถามหน่อยครับ']","{'การเดินทาง / รถเมล์มพ.': 0, 'สิ่งอำนวยความสะดวกและอาคารสถานที่': 0, 'สุขอนามัยและความสะอาด': 0, 'การเรียนการสอนและหลักสูตร': 0, 'โรงอาหาร / ร้านค้าบริการ': 0, 'ความปลอดภัยและจราจร': 0, 'ระบบเครือข่ายและเทคโนโลยี': 0, 'บริการและสวัสดิการนิสิต': 22}",22,บริการและสวัสดิการนิสิต
สอบถามหน่อยครับ สอบถามเรื่องทุนการศึกษา,"['ทุนการศึกษา', 'สอบถามหน่อยครับ']","{'การเดินทาง / รถเมล์มพ.': 0, 'สิ่งอำนวยความสะดวกและอาคารสถานที่': 0, 'สุขอนามัยและความสะอาด': 0, 'การเรียนการสอนและหลักสูตร': 0, 'โรงอาหาร / ร้านค้าบริการ': 0, 'ความปลอดภัยและจราจร': 0, 'ระบบเครือข่ายและเทคโนโลยี': 0, 'บริการและสวัสดิการนิสิต': 26}",26,บริการและสวัสดิการนิสิต
อาจารย์ครับ เกรดยังไม่ออกครับ รบกวนให้คำแนะนำที,"['เกรด', 'อาจารย์']","{'การเดินทาง / รถเมล์มพ.': 0, 'สิ่งอำนวยความสะดวกและอาคารสถานที่': 0, 'สุขอนามัยและความสะอาด': 0, 'การเรียนการสอนและหลักสูตร': 11, 'โรงอาหาร / ร้านค้าบริการ': 0, 'ความปลอดภัยและจราจร': 0, 'ระบบเครือข่ายและเทคโนโลยี': 0, 'บริการและสวัสดิการนิสิต': 0}",11,การเรียนการสอนและหลักสูตร
สอบถามหน่อยครับ รถเมล์สาย 1 หมดกี่โมง,"['รถเมล์', 'รถเมล์สาย', 'สอบถามหน่อยครับ']","{'การเดินทาง / รถเมล์มพ.': 15, 'สิ่งอำนวยความสะดวกและอาคารสถานที่': 0, 'สุขอนามัยและความสะอาด': 0, 'การเรียนการสอนและหลักสูตร': 0, 'โรงอาหาร / ร้านค้าบริการ': 0, 'ความปลอดภัยและจราจร': 0, 'ระบบเครือข่ายและเทคโนโลยี': 0, 'บริการและสวัสดิการนิสิต': 15}",15,การเดินทาง / รถเมล์มพ.
แจ้งเรื่องน้ำไม่ไหล ตรงห้องบรรยาย ช่วยมาดูหน่อย,['น้ำไม่ไหล'],"{'การเดินทาง / รถเมล์มพ.': 0, 'สิ่งอำนวยความสะดวกและอาคารสถานที่': 9, 'สุขอนามัยและความสะอาด': 0, 'การเรียนการสอนและหลักสูตร': 0, 'โรงอาหาร / ร้านค้าบริการ': 0, 'ความปลอดภัยและจราจร': 0, 'ระบบเครือข่ายและเทคโนโลยี': 0, 'บริการและสวัสดิการนิสิต': 0}",9,สิ่งอำนวยความสะดวกและอาคารสถานที่
สอบถามหน่อยครับ ทำบัตรนิสิตใหม่ที่ไหน,"['บัตรนิสิต', 'สอบถามหน่อยครับ']","{'การเดินทาง / รถเมล์มพ.': 0, 'สิ่งอำนวยความสะดวกและอาคารสถานที่': 0, 'สุขอนามัยและความสะอาด': 0, 'การเรียนการสอนและหลักสูตร': 0, 'โรงอาหาร / ร้านค้าบริการ': 0, 'ความปลอดภัยและจราจร': 0, 'ระบบเครือข่ายและเทคโนโลยี': 0, 'บริการและสวัสดิการนิสิต': 24}",24,บริการและสวัสดิการนิสิต
อาจารย์ครับ อยากติดต่ออาจารย์เรื่องดรอปเรียน รบกวนให้คำแนะนำที,"['ดรอปเรียน', 'ติดต่ออาจารย์', 'อาจารย์']","{'การเดินทาง / รถเมล์มพ.': 0, 'สิ่งอำนวยความสะดวกและอาคารสถานที่': 0, 'สุขอนามัยและความสะอาด': 0, 'การเรียนการสอนและหลักสูตร': 29, 'โรงอาหาร / ร้านค้าบริการ': 0, 'ความปลอดภัยและจราจร': 0, 'ระบบเครือข่ายและเทคโนโลยี': 0, 'บริการและสวัสดิการนิสิต': 0}",29,การเรียนการสอนและหลักสูตร
แจ้งทำความสะอาดตรงสนามบาส หญ้ารกมาก ครับ,"['หญ้ารก', 'ทำความสะอาด']","{'การเดินทาง / รถเมล์มพ.': 0, 'สิ่งอำนวยความสะดวกและอาคารสถานที่': 0, 'สุขอนามัยและความสะอาด': 17, 'การเรียนการสอนและหลักสูตร': 0, 'โรงอาหาร / ร้านค้าบริการ': 0, 'ความปลอดภัยและจราจร': 0, 'ระบบเครือข่ายและเทคโนโลยี': 0, 'บริการและสวัสดิการนิสิต': 0}",17,สุขอนามัยและความสะอาด
สอบถามหน่อยครับ รถเมล์สาย 1 หมดกี่โมง,"['รถเมล์', 'รถเมล์สาย', 'สอบถามหน่อยครับ']","{'การเดินทาง / รถเมล์มพ.': 15, 'สิ่งอำนวยความสะดวกและอาคารสถานที่': 0, 'สุขอนามัยและความสะอาด': 0, 'การเรียนการสอนและหลักสูตร': 0, 'โรงอาหาร / ร้านค้าบริการ': 0, 'ความปลอดภัยและจราจร': 0, 'ระบบเครือข่ายและเทคโนโลยี': 0, 'บริการและสวัสดิการนิสิต': 15}",15,การเดินทาง / รถเมล์มพ.
แจ้งทำความสะอาดตรงสวนหน้าตึก กิ่งไม้หักขวางทาง ครับ,"['กิ่งไม้หัก', 'ทำความสะอาด']","{'การเดินทาง / รถเมล์มพ.': 0, 'สิ่งอำนวยความสะดวกและอาคารสถานที่': 0, 'สุขอนามัยและความสะอาด': 21, 'การเรียนการสอนและหลักสูตร': 0, 'โรงอาหาร / ร้านค้าบริการ': 0, 'ความปลอดภัยและจราจร': 0, 'ระบบเครือข่ายและเทคโนโลยี': 0, 'บริการและสวัสดิการนิสิต': 0}",21,สุขอนามัยและความสะอาด
แจ้งทำความสะอาดตรงสวนหน้าตึก ขยะล้นถังส่งกลิ่นเหม็น ครับ,"['ขยะล้น', 'เหม็น', 'ทำความสะอาด', 'กลิ่นเหม็น']","{'การเดินทาง / รถเมล์มพ.': 0, 'สิ่งอำนวยความสะดวกและอาคารสถานที่': 0, 'สุขอนามัยและความสะอาด': 32, 'การเรียนการสอนและหลักสูตร': 0, 'โรงอาหาร / ร้านค้าบริการ': 0, 'ความปลอดภัยและจราจร': 0, 'ระบบเครือข่ายและเทคโนโลยี': 0, 'บริการและสวัสดิการนิสิต': 0}",32,สุขอนามัยและความสะอาด
แจ้งทำความสะอาดตรงริมสระน้ำ สกปรกมากไม่ทำความสะอาด ครับ,"['สกปรก', 'ไม่ทำความสะอาด', 'ทำความสะอาด']","{'การเดินทาง / รถเมล์มพ.': 0, 'สิ่งอำนวยความสะดวกและอาคารสถานที่': 0, 'สุขอนามัยและความสะอาด': 30, 'การเรียนการสอนและหลักสูตร': 0, 'โรงอาหาร / ร้านค้าบริการ': 0, 'ความปลอดภัยและจราจร': 0, 'ระบบเครือข่ายและเทคโนโลยี': 0, 'บริการและสวัสดิการนิสิต': 0}",30,สุขอนามัยและความสะอาด
แจ้งเรื่องแอร์ไม่เย็นเลย ตรงตึกวิทย์ ช่วยมาดูหน่อย,"['แอร์ไม่เย็น', 'แอร์']","{'การเดินทาง / รถเมล์มพ.': 0, 'สิ่งอำนวยความสะดวกและอาคารสถานที่': 15, 'สุขอนามัยและความสะอาด': 0, 'การเรียนการสอนและหลักสูตร': 0, 'โรงอาหาร / ร้านค้าบริการ': 0, 'ความปลอดภัยและจราจร': 0, 'ระบบเครือข่ายและเทคโนโลยี': 0, 'บริการและสวัสดิการนิสิต': 0}",15,สิ่งอำนวยความสะดวกและอาคารสถานที่
สอบถามหน่อยครับ รถเมล์สาย 1 หมดกี่โมง,"['รถเมล์', 'รถเมล์สาย', 'สอบถามหน่อยครับ']","{'การเดินทาง / รถเมล์มพ.': 15, 'สิ่งอำนวยความสะดวกและอาคารสถานที่': 0, 'สุขอนามัยและความสะอาด': 0, 'การเรียนการสอนและหลักสูตร': 0, 'โรงอาหาร / ร้านค้าบริการ': 0, 'ความปลอดภัยและจราจร': 0, 'ระบบเครือข่ายและเทคโนโลยี': 0, 'บริการและสวัสดิการนิสิต': 15}",15,การเดินทาง / รถเมล์มพ.
สอบถามหน่อยครับ รถเมล์สาย 1 หมดกี่โมง,"['รถเมล์', 'รถเมล์สาย', 'สอบถามหน่อยครับ']","{'การเดินทาง / รถเมล์มพ.': 15, 'สิ่งอำนวยความสะดวกและอาคารสถานที่': 0, 'สุขอนามัยและความสะอาด': 0, 'การเรียนการสอนและหลักสูตร': 0, 'โรงอาหาร / ร้านค้าบริการ': 0, 'ความปลอดภัยและจราจร': 0, 'ระบบเครือข่ายและเทคโนโลยี': 0, 'บริการและสวัสดิการนิสิต': 15}",15,การเดินทาง / รถเมล์มพ.
สอบถามหน่อยครับ อยากทราบกำหนดการกิจกรรมรับน้อง,"['กิจกรรม', 'สอบถามหน่อยครับ']","{'การเดินทาง / รถเมล์มพ.': 0, 'สิ่งอำนวยความสะดวกและอาคารสถานที่': 0, 'สุขอนามัยและความสะอาด': 0, 'การเรียนการสอนและหลักสูตร': 0, 'โรงอาหาร / ร้านค้าบริการ': 0, 'ความปลอดภัยและจราจร': 0, 'ระบบเครือข่ายและเทคโนโลยี': 0, 'บริการและสวัสดิการนิสิต': 22}",22,บริการและสวัสดิการนิสิต
แจ้งทำความสะอาดตรงโรงอาหาร หญ้ารกมาก ครับ,"['หญ้ารก', 'ทำความสะอาด', 'โรงอาหาร', 'อาหาร']","{'การเดินทาง / รถเมล์มพ.': 0, 'สิ่งอำนวยความสะดวกและอาคารสถานที่': 0, 'สุขอนามัยและความสะอาด': 17, 'การเรียนการสอนและหลักสูตร': 0, 'โรงอาหาร / ร้านค้าบริการ': 13, 'ความปลอดภัยและจราจร': 0, 'ระบบเครือข่ายและเทคโนโลยี': 0, 'บริการและสวัสดิการนิสิต': 0}",17,สุขอนามัยและความสะอาด
เน็ตหลุดบ่อยมาก ตอนนี้อยู่ตึกคณะ ทำงานไม่ได้เลย,"['เน็ตหลุด', 'หลุดบ่อย']","{'การเดินทาง / รถเมล์มพ.': 0, 'สิ่งอำนวยความสะดวกและอาคารสถานที่': 0, 'สุขอนามัยและความสะอาด': 0, 'การเรียนการสอนและหลักสูตร': 0, 'โรงอาหาร / ร้านค้าบริการ': 0, 'ความปลอดภัยและจราจร': 0, 'ระบบเครือข่ายและเทคโนโลยี': 16, 'บริการและสวัสดิการนิสิต': 0}",16,ระบบเครือข่ายและเทคโนโลยี
รปภ. ช่วยดูตรงประตู 2 หน่อยครับ มีรถชนกัน,"['รถชน', 'รปภ.', 'รปภ', 'ประตู 2']","{'การเดินทาง / รถเมล์มพ.': 0, 'สิ่งอำนวยความสะดวกและอาคารสถานที่': 0, 'สุขอนามัยและความสะอาด': 0, 'การเรียนการสอนและหลักสูตร': 0, 'โรงอาหาร / ร้านค้าบริการ': 0, 'ความปลอดภัยและจราจร': 18, 'ระบบเครือข่ายและเทคโนโลยี': 0, 'บริการและสวัสดิการนิสิต': 0}",18,ความปลอดภัยและจราจร
อาจารย์ครับ ลงทะเบียนวิชานี้ไม่ได้ รบกวนให้คำแนะนำที,"['วิชา', 'อาจารย์']","{'การเดินทาง / รถเมล์มพ.': 0, 'สิ่งอำนวยความสะดวกและอาคารสถานที่': 0, 'สุขอนามัยและความสะอาด': 0, 'การเรียนการสอนและหลักสูตร': 11, 'โรงอาหาร / ร้านค้าบริการ': 0, 'ความปลอดภัยและจราจร': 0, 'ระบบเครือข่ายและเทคโนโลยี': 0, 'บริการและสวัสดิการนิสิต': 0}",11,การเรียนการสอนและหลักสูตร
อาจารย์ครับ ลงทะเบียนวิชานี้ไม่ได้ รบกวนให้คำแนะนำที,"['วิชา', 'อาจารย์']","{'การเดินทาง / รถเมล์มพ.': 0, 'สิ่งอำนวยความสะดวกและอาคารสถานที่': 0, 'สุขอนามัยและความสะอาด': 0, 'การเรียนการสอนและหลักสูตร': 11, 'โรงอาหาร / ร้านค้าบริการ': 0, 'ความปลอดภัยและจราจร': 0, 'ระบบเครือข่ายและเทคโนโลยี': 0, 'บริการและสวัสดิการนิสิต': 0}",11,การเรียนการสอนและหลักสูตร
อาจารย์ครับ ตารางเรียนไม่ขึ้นระบบ รบกวนให้คำแนะนำที,"['ตารางเรียน', 'อาจารย์', 'ระบบ']","{'การเดินทาง / รถเมล์มพ.': 0, 'สิ่งอำนวยความสะดวกและอาคารสถานที่': 0, 'สุขอนามัยและความสะอาด': 0, 'การเรียนการสอนและหลักสูตร': 17, 'โรงอาหาร / ร้านค้าบริการ': 0, 'ความปลอดภัยและจราจร': 0, 'ระบบเครือข่ายและเทคโนโลยี': 4, 'บริการและสวัสดิการนิสิต': 0}",17,การเรียนการสอนและหลักสูตร
อาจารย์ครับ เกรดยังไม่ออกครับ รบกวนให้คำแนะนำที,"['เกรด', 'อาจารย์']","{'การเดินทาง / รถเมล์มพ.': 0, 'สิ่งอำนวยความสะดวกและอาคารสถานที่': 0, 'สุขอนามัยและความสะอาด': 0, 'การเรียนการสอนและหลักสูตร': 11, 'โรงอาหาร / ร้านค้าบริการ': 0, 'ความปลอดภัยและจราจร': 0, 'ระบบเครือข่ายและเทคโนโลยี': 0, 'บริการและสวัสดิการนิสิต': 0}",11,การเรียนการสอนและหลักสูตร
รปภ. ช่วยดูตรงลานจอดรถ หน่อยครับ ทางมืดมากอันตราย,"['อันตราย', 'รปภ.', 'ทางมืด', 'รปภ']","{'การเดินทาง / รถเมล์มพ.': 0, 'สิ่งอำนวยความสะดวกและอาคารสถานที่': 0, 'สุขอนามัยและความสะอาด': 0, 'การเรียนการสอนและหลักสูตร': 0, 'โรงอาหาร / ร้านค้าบริการ': 0, 'ความปลอดภัยและจราจร': 20, 'ระบบเครือข่ายและเทคโนโลยี': 0, 'บริการและสวัสดิการนิสิต': 0}",20,ความปลอดภัยและจราจร
อาจารย์ครับ ตารางเรียนไม่ขึ้นระบบ รบกวนให้คำแนะนำที,"['ตารางเรียน', 'อาจารย์', 'ระบบ']","{'การเดินทาง / รถเมล์มพ.': 0, 'สิ่งอำนวยความสะดวกและอาคารสถานที่': 0, 'สุขอนามัยและความสะอาด': 0, 'การเรียนการสอนและหลักสูตร': 17, 'โรงอาหาร / ร้านค้าบริการ': 0, 'ความปลอดภัยและจราจร': 0, 'ระบบเครือข่ายและเทคโนโลยี': 4, 'บริการและสวัสดิการนิสิต': 0}",17,การเรียนการสอนและหลักสูตร
สอบถามหน่อยครับ อยากทราบกำหนดการกิจกรรมรับน้อง,"['กิจกรรม', 'สอบถามหน่อยครับ']","{'การเดินทาง / รถเมล์มพ.': 0, 'สิ่งอำนวยความสะดวกและอาคารสถานที่': 0, 'สุขอนามัยและความสะอาด': 0, 'การเรียนการสอนและหลักสูตร': 0, 'โรงอาหาร / ร้านค้าบริการ': 0, 'ความปลอดภัยและจราจร': 0, 'ระบบเครือข่ายและเทคโนโลยี': 0, 'บริการและสวัสดิการนิสิต': 22}",22,บริการและสวัสดิการนิสิต
ไวไฟเข้าไม่ได้ ตอนนี้อยู่หน้ามอ ทำงานไม่ได้เลย,"['ไวไฟเข้าไม่ได้', 'ไวไฟ']","{'การเดินทาง / รถเมล์มพ.': 0, 'สิ่งอำนวยความสะดวกและอาคารสถานที่': 0, 'สุขอนามัยและความสะอาด': 0, 'การเรียนการสอนและหลักสูตร': 0, 'โรงอาหาร / ร้านค้าบริการ': 0, 'ความปลอดภัยและจราจร': 0, 'ระบบเครือข่ายและเทคโนโลยี': 18, 'บริการและสวัสดิการนิสิต': 0}",18,ระบบเครือข่ายและเทคโนโลยี
แจ้งเรื่องลิฟต์ค้าง ตรงตึกวิทย์ ช่วยมาดูหน่อย,"['ลิฟต์ค้าง', 'ลิฟต์']","{'การเดินทาง / รถเมล์มพ.': 0, 'สิ่งอำนวยความสะดวกและอาคารสถานที่': 14, 'สุขอนามัยและความสะอาด': 0, 'การเรียนการสอนและหลักสูตร': 0, 'โรงอาหาร / ร้านค้าบริการ': 0, 'ความปลอดภัยและจราจร': 0, 'ระบบเครือข่ายและเทคโนโลยี': 0, 'บริการและสวัสดิการนิสิต': 0}",14,สิ่งอำนวยความสะดวกและอาคารสถานที่
แจ้งทำความสะอาดตรงโรงอาหาร สกปรกมากไม่ทำความสะอาด ครับ,"['สกปรก', 'ไม่ทำความสะอาด', 'ทำความสะอาด', 'โรงอาหาร', 'อาหาร']","{'การเดินทาง / รถเมล์มพ.': 0, 'สิ่งอำนวยความสะดวกและอาคารสถานที่': 0, 'สุขอนามัยและความสะอาด': 30, 'การเรียนการสอนและหลักสูตร': 0, 'โรงอาหาร / ร้านค้าบริการ': 13, 'ความปลอดภัยและจราจร': 0, 'ระบบเครือข่ายและเทคโนโลยี': 0, 'บริการและสวัสดิการนิสิต': 0}",30,สุขอนามัยและความสะอาด
ลืมรหัสผ่านเข้าระบบ ตอนนี้อยู่ตึกคณะ ทำงานไม่ได้เลย,"['ลืมรหัสผ่าน', 'ระบบ']","{'การเดินทาง / รถเมล์มพ.': 0, 'สิ่งอำนวยความสะดวกและอาคารสถานที่': 0, 'สุขอนามัยและความสะอาด': 0, 'การเรียนการสอนและหลักสูตร': 0, 'โรงอาหาร / ร้านค้าบริการ': 0, 'ความปลอดภัยและจราจร': 0, 'ระบบเครือข่ายและเทคโนโลยี': 15, 'บริการและสวัสดิการนิสิต': 0}",15,ระบบเครือข่ายและเทคโนโลยี
อาจารย์ครับ อยากติดต่ออาจารย์เรื่องดรอปเรียน รบกวนให้คำแนะนำที,"['ดรอปเรียน', 'ติดต่ออาจารย์', 'อาจารย์']","{'การเดินทาง / รถเมล์มพ.': 0, 'สิ่งอำนวยความสะดวกและอาคารสถานที่': 0, 'สุขอนามัยและความสะอาด': 0, 'การเรียนการสอนและหลักสูตร': 29, 'โรงอาหาร / ร้านค้าบริการ': 0, 'ความปลอดภัยและจราจร': 0, 'ระบบเครือข่ายและเทคโนโลยี': 0, 'บริการและสวัสดิการนิสิต': 0}",29,การเรียนการสอนและหลักสูตร
อาจารย์ครับ เกรดยังไม่ออกครับ รบกวนให้คำแนะนำที,"['เกรด', 'อาจารย์']","{'การเดินทาง / รถเมล์มพ.': 0, 'สิ่งอำนวยความสะดวกและอาคารสถานที่': 0, 'สุขอนามัยและความสะอาด': 0, 'การเรียนการสอนและหลักสูตร': 11, 'โรงอาหาร / ร้านค้าบริการ': 0, 'ความปลอดภัยและจราจร': 0, 'ระบบเครือข่ายและเทคโนโลยี': 0, 'บริการและสวัสดิการนิสิต': 0}",11,การเรียนการสอนและหลักสูตร
รปภ. ช่วยดูตรงประตู 2 หน่อยครับ หมวกกันน็อคหาย,"['รปภ.', 'รปภ', 'ประตู 2', 'หมวกกันน็อคหาย']","{'การเดินทาง / รถเมล์มพ.': 0, 'สิ่งอำนวยความสะดวกและอาคารสถานที่': 0, 'สุขอนามัยและความสะอาด': 0, 'การเรียนการสอนและหลักสูตร': 0, 'โรงอาหาร / ร้านค้าบริการ': 0, 'ความปลอดภัยและจราจร': 14, 'ระบบเครือข่ายและเทคโนโลยี': 0, 'บริการและสวัสดิการนิสิต': 14}",14,ความปลอดภัยและจราจร
สอบถามหน่อยครับ ทำบัตรนิสิตใหม่ที่ไหน,"['บัตรนิสิต', 'สอบถามหน่อยครับ']","{'การเดินทาง / รถเมล์มพ.': 0, 'สิ่งอำนวยความสะดวกและอาคารสถานที่': 0, 'สุขอนามัยและความสะอาด': 0, 'การเรียนการสอนและหลักสูตร': 0, 'โรงอาหาร / ร้านค้าบริการ': 0, 'ความปลอดภัยและจราจร': 0, 'ระบบเครือข่ายและเทคโนโลยี': 0, 'บริการและสวัสดิการนิสิต': 24}",24,บริการและสวัสดิการนิสิต
รปภ. ช่วยดูตรงหน้ามอ หน่อยครับ หมวกกันน็อคหาย,"['รปภ.', 'รปภ', 'หมวกกันน็อคหาย']","{'การเดินทาง / รถเมล์มพ.': 0, 'สิ่งอำนวยความสะดวกและอาคารสถานที่': 0, 'สุขอนามัยและความสะอาด': 0, 'การเรียนการสอนและหลักสูตร': 0, 'โรงอาหาร / ร้านค้าบริการ': 0, 'ความปลอดภัยและจราจร': 7, 'ระบบเครือข่ายและเทคโนโลยี': 0, 'บริการและสวัสดิการนิสิต': 14}",14,บริการและสวัสดิการนิสิต
อาจารย์ครับ เกรดยังไม่ออกครับ รบกวนให้คำแนะนำที,"['เกรด', 'อาจารย์']","{'การเดินทาง / รถเมล์มพ.': 0, 'สิ่งอำนวยความสะดวกและอาคารสถานที่': 0, 'สุขอนามัยและความสะอาด': 0, 'การเรียนการสอนและหลักสูตร': 11, 'โรงอาหาร / ร้านค้าบริการ': 0, 'ความปลอดภัยและจราจร': 0, 'ระบบเครือข่ายและเทคโนโลยี': 0, 'บริการและสวัสดิการนิสิต': 0}",11,การเรียนการสอนและหลักสูตร
แจ้งเรื่องประตูพัง ตรงอาคารเรียนรวม ช่วยมาดูหน่อย,"['พัง', 'ประตูพัง']","{'การเดินทาง / รถเมล์มพ.': 0, 'สิ่งอำนวยความสะดวกและอาคารสถานที่': 11, 'สุขอนามัยและความสะอาด': 0, 'การเรียนการสอนและหลักสูตร': 0, 'โรงอาหาร / ร้านค้าบริการ': 0, 'ความปลอดภัยและจราจร': 0, 'ระบบเครือข่ายและเทคโนโลยี': 0, 'บริการและสวัสดิการนิสิต': 0}",11,สิ่งอำนวยความสะดวกและอาคารสถานที่
อาจารย์ครับ ลงทะเบียนวิชานี้ไม่ได้ รบกวนให้คำแนะนำที,"['วิชา', 'อาจารย์']","{'การเดินทาง / รถเมล์มพ.': 0, 'สิ่งอำนวยความสะดวกและอาคารสถานที่': 0, 'สุขอนามัยและความสะอาด': 0, 'การเรียนการสอนและหลักสูตร': 11, 'โรงอาหาร / ร้านค้าบริการ': 0, 'ความปลอดภัยและจราจร': 0, 'ระบบเครือข่ายและเทคโนโลยี': 0, 'บริการและสวัสดิการนิสิต': 0}",11,การเรียนการสอนและหลักสูตร
อาจารย์ครับ อยากติดต่ออาจารย์เรื่องดรอปเรียน รบกวนให้คำแนะนำที,"['ดรอปเรียน', 'ติดต่ออาจารย์', 'อาจารย์']","{'การเดินทาง / รถเมล์มพ.': 0, 'สิ่งอำนวยความสะดวกและอาคารสถานที่': 0, 'สุขอนามัยและความสะอาด': 0, 'การเรียนการสอนและหลักสูตร': 29, 'โรงอาหาร / ร้านค้าบริการ': 0, 'ความปลอดภัยและจราจร': 0, 'ระบบเครือข่ายและเทคโนโลยี': 0, 'บริการและสวัสดิการนิสิต': 0}",29,การเรียนการสอนและหลักสูตร
แจ้งทำความสะอาดตรงทางเดิน กิ่งไม้หักขวางทาง ครับ,"['กิ่งไม้หัก', 'ทำความสะอาด']","{'การเดินทาง / รถเมล์มพ.': 0, 'สิ่งอำนวยความสะดวกและอาคารสถานที่': 0, 'สุขอนามัยและความสะอาด': 21, 'การเรียนการสอนและหลักสูตร': 0, 'โรงอาหาร / ร้านค้าบริการ': 0, 'ความปลอดภัยและจราจร': 0, 'ระบบเครือข่ายและเทคโนโลยี': 0, 'บริการและสวัสดิการนิสิต': 0}",21,สุขอนามัยและความสะอาด
ระบบล่ม ตอนนี้อยู่ห้องสมุด ทำงานไม่ได้เลย,"['ระบบล่ม', 'ระบบ']","{'การเดินทาง / รถเมล์มพ.': 0, 'สิ่งอำนวยความสะดวกและอาคารสถานที่': 0, 'สุขอนามัยและความสะอาด': 0, 'การเรียนการสอนและหลักสูตร': 0, 'โรงอาหาร / ร้านค้าบริการ': 0, 'ความปลอดภัยและจราจร': 0, 'ระบบเครือข่ายและเทคโนโลยี': 11, 'บริการและสวัสดิการนิสิต': 0}",11,ระบบเครือข่ายและเทคโนโลยี
แจ้งเรื่องหลังคารั่วหนักมาก ตรงห้อง 1204 ช่วยมาดูหน่อย,['หลังคารั่ว'],"{'การเดินทาง / รถเมล์มพ.': 0, 'สิ่งอำนวยความสะดวกและอาคารสถานที่': 10, 'สุขอนามัยและความสะอาด': 0, 'การเรียนการสอนและหลักสูตร': 0, 'โรงอาหาร / ร้านค้าบริการ': 0, 'ความปลอดภัยและจราจร': 0, 'ระบบเครือข่ายและเทคโนโลยี': 0, 'บริการและสวัสดิการนิสิต': 0}",10,สิ่งอำนวยความสะดวกและอาคารสถานที่
สอบถามหน่อยครับ สอบถามเรื่องทุนการศึกษา,"['ทุนการศึกษา', 'สอบถามหน่อยครับ']","{'การเดินทาง / รถเมล์มพ.': 0, 'สิ่งอำนวยความสะดวกและอาคารสถานที่': 0, 'สุขอนามัยและความสะอาด': 0, 'การเรียนการสอนและหลักสูตร': 0, 'โรงอาหาร / ร้านค้าบริการ': 0, 'ความปลอดภัยและจราจร': 0, 'ระบบเครือข่ายและเทคโนโลยี': 0, 'บริการและสวัสดิการนิสิต': 26}",26,บริการและสวัสดิการนิสิต
แจ้งทำความสะอาดตรงทางเดิน มีหมาจรจัดมาคุ้ยขยะ ครับ,"['หมาจรจัด', 'ทำความสะอาด']","{'การเดินทาง / รถเมล์มพ.': 0, 'สิ่งอำนวยความสะดวกและอาคารสถานที่': 0, 'สุขอนามัยและความสะอาด': 19, 'การเรียนการสอนและหลักสูตร': 0, 'โรงอาหาร / ร้านค้าบริการ': 0, 'ความปลอดภัยและจราจร': 0, 'ระบบเครือข่ายและเทคโนโลยี': 0, 'บริการและสวัสดิการนิสิต': 0}",19,สุขอนามัยและความสะอาด
แจ้งเรื่องประตูพัง ตรงตึกวิทย์ ช่วยมาดูหน่อย,"['พัง', 'ประตูพัง']","{'การเดินทาง / รถเมล์มพ.': 0, 'สิ่งอำนวยความสะดวกและอาคารสถานที่': 11, 'สุขอนามัยและความสะอาด': 0, 'การเรียนการสอนและหลักสูตร': 0, 'โรงอาหาร / ร้านค้าบริการ': 0, 'ความปลอดภัยและจราจร': 0, 'ระบบเครือข่ายและเทคโนโลยี': 0, 'บริการและสวัสดิการนิสิต': 0}",11,สิ่งอำนวยความสะดวกและอาคารสถานที่
อาจารย์ครับ อยากติดต่ออาจารย์เรื่องดรอปเรียน รบกวนให้คำแนะนำที,"['ดรอปเรียน', 'ติดต่ออาจารย์', 'อาจารย์']","{'การเดินทาง / รถเมล์มพ.': 0, 'สิ่งอำนวยความสะดวกและอาคารสถานที่': 0, 'สุขอนามัยและความสะอาด': 0, 'การเรียนการสอนและหลักสูตร': 29, 'โรงอาหาร / ร้านค้าบริการ': 0, 'ความปลอดภัยและจราจร': 0, 'ระบบเครือข่ายและเทคโนโลยี': 0, 'บริการและสวัสดิการนิสิต': 0}",29,การเรียนการสอนและหลักสูตร
ลืมรหัสผ่านเข้าระบบ ตอนนี้อยู่ห้องสมุด ทำงานไม่ได้เลย,"['ลืมรหัสผ่าน', 'ระบบ']","{'การเดินทาง / รถเมล์มพ.': 0, 'สิ่งอำนวยความสะดวกและอาคารสถานที่': 0, 'สุขอนามัยและความสะอาด': 0, 'การเรียนการสอนและหลักสูตร': 0, 'โรงอาหาร / ร้านค้าบริการ': 0, 'ความปลอดภัยและจราจร': 0, 'ระบบเครือข่ายและเทคโนโลยี': 15, 'บริการและสวัสดิการนิสิต': 0}",15,ระบบเครือข่ายและเทคโนโลยี
แจ้งเรื่องแอร์ไม่เย็นเลย ตรงห้องบรรยาย ช่วยมาดูหน่อย,"['แอร์ไม่เย็น', 'แอร์']","{'การเดินทาง / รถเมล์มพ.': 0, 'สิ่งอำนวยความสะดวกและอาคารสถานที่': 15, 'สุขอนามัยและความสะอาด': 0, 'การเรียนการสอนและหลักสูตร': 0, 'โรงอาหาร / ร้านค้าบริการ': 0, 'ความปลอดภัยและจราจร': 0, 'ระบบเครือข่ายและเทคโนโลยี': 0, 'บริการและสวัสดิการนิสิต': 0}",15,สิ่งอำนวยความสะดวกและอาคารสถานที่
สอบถามหน่อยครับ ทำบัตรนิสิตใหม่ที่ไหน,"['บัตรนิสิต', 'สอบถามหน่อยครับ']","{'การเดินทาง / รถเมล์มพ.': 0, 'สิ่งอำนวยความสะดวกและอาคารสถานที่': 0, 'สุขอนามัยและความสะอาด': 0, 'การเรียนการสอนและหลักสูตร': 0, 'โรงอาหาร / ร้านค้าบริการ': 0, 'ความปลอดภัยและจราจร': 0, 'ระบบเครือข่ายและเทคโนโลยี': 0, 'บริการและสวัสดิการนิสิต': 24}",24,บริการและสวัสดิการนิสิต
รปภ. ช่วยดูตรงประตู 2 หน่อยครับ รถติดหนักมาก,"['รถติด', 'รปภ.', 'รปภ', 'ประตู 2']","{'การเดินทาง / รถเมล์มพ.': 5, 'สิ่งอำนวยความสะดวกและอาคารสถานที่': 0, 'สุขอนามัยและความสะอาด': 0, 'การเรียนการสอนและหลักสูตร': 0, 'โรงอาหาร / ร้านค้าบริการ': 0, 'ความปลอดภัยและจราจร': 14, 'ระบบเครือข่ายและเทคโนโลยี': 0, 'บริการและสวัสดิการนิสิต': 0}",14,ความปลอดภัยและจราจร
แจ้งทำความสะอาดตรงโรงอาหาร สกปรกมากไม่ทำความสะอาด ครับ,"['สกปรก', 'ไม่ทำความสะอาด', 'ทำความสะอาด', 'โรงอาหาร', 'อาหาร']","{'การเดินทาง / รถเมล์มพ.': 0, 'สิ่งอำนวยความสะดวกและอาคารสถานที่': 0, 'สุขอนามัยและความสะอาด': 30, 'การเรียนการสอนและหลักสูตร': 0, 'โรงอาหาร / ร้านค้าบริการ': 13, 'ความปลอดภัยและจราจร': 0, 'ระบบเครือข่ายและเทคโนโลยี': 0, 'บริการและสวัสดิการนิสิต': 0}",30,สุขอนามัยและความสะอาด
ลงทะเบียนไม่ได้ ตอนนี้อยู่หอพักใน ทำงานไม่ได้เลย,['ลงทะเบียนไม่ได้'],"{'การเดินทาง / รถเมล์มพ.': 0, 'สิ่งอำนวยความสะดวกและอาคารสถานที่': 0, 'สุขอนามัยและความสะอาด': 0, 'การเรียนการสอนและหลักสูตร': 0, 'โรงอาหาร / ร้านค้าบริการ': 0, 'ความปลอดภัยและจราจร': 0, 'ระบบเครือข่ายและเทคโนโลยี': 15, 'บริการและสวัสดิการนิสิต': 0}",15,ระบบเครือข่ายและเทคโนโลยี
อาจารย์ครับ เกรดยังไม่ออกครับ รบกวนให้คำแนะนำที,"['เกรด', 'อาจารย์']","{'การเดินทาง / รถเมล์มพ.': 0, 'สิ่งอำนวยความสะดวกและอาคารสถานที่': 0, 'สุขอนามัยและความสะอาด': 0, 'การเรียนการสอนและหลักสูตร': 11, 'โรงอาหาร / ร้านค้าบริการ': 0, 'ความปลอดภัยและจราจร': 0, 'ระบบเครือข่ายและเทคโนโลยี': 0, 'บริการและสวัสดิการนิสิต': 0}",11,การเรียนการสอนและหลักสูตร
แจ้งทำความสะอาดตรงทางเดิน ขยะล้นถังส่งกลิ่นเหม็น ครับ,"['ขยะล้น', 'เหม็น', 'ทำความสะอาด', 'กลิ่นเหม็น']","{'การเดินทาง / รถเมล์มพ.': 0, 'สิ่งอำนวยความสะดวกและอาคารสถานที่': 0, 'สุขอนามัยและความสะอาด': 32, 'การเรียนการสอนและหลักสูตร': 0, 'โรงอาหาร / ร้านค้าบริการ': 0, 'ความปลอดภัยและจราจร': 0, 'ระบบเครือข่ายและเทคโนโลยี': 0, 'บริการและสวัสดิการนิสิต': 0}",32,สุขอนามัยและความสะอาด
ไวไฟเข้าไม่ได้ ตอนนี้อยู่ห้องสมุด ทำงานไม่ได้เลย,"['ไวไฟเข้าไม่ได้', 'ไวไฟ']","{'การเดินทาง / รถเมล์มพ.': 0, 'สิ่งอำนวยความสะดวกและอาคารสถานที่': 0, 'สุขอนามัยและความสะอาด': 0, 'การเรียนการสอนและหลักสูตร': 0, 'โรงอาหาร / ร้านค้าบริการ': 0, 'ความปลอดภัยและจราจร': 0, 'ระบบเครือข่ายและเทคโนโลยี': 18, 'บริการและสวัสดิการนิสิต': 0}",18,ระบบเครือข่ายและเทคโนโลยี
สอบถามหน่อยครับ สอบถามเรื่องทุนการศึกษา,"['ทุนการศึกษา', 'สอบถามหน่อยครับ']","{'การเดินทาง / รถเมล์มพ.': 0, 'สิ่งอำนวยความสะดวกและอาคารสถานที่': 0, 'สุขอนามัยและความสะอาด': 0, 'การเรียนการสอนและหลักสูตร': 0, 'โรงอาหาร / ร้านค้าบริการ': 0, 'ความปลอดภัยและจราจร': 0, 'ระบบเครือข่ายและเทคโนโลยี': 0, 'บริการและสวัสดิการนิสิต': 26}",26,บริการและสวัสดิการนิสิต
แจ้งทำความสะอาดตรงริมสระน้ำ มีหมาจรจัดมาคุ้ยขยะ ครับ,"['หมาจรจัด', 'ทำความสะอาด']","{'การเดินทาง / รถเมล์มพ.': 0, 'สิ่งอำนวยความสะดวกและอาคารสถานที่': 0, 'สุขอนามัยและความสะอาด': 19, 'การเรียนการสอนและหลักสูตร': 0, 'โรงอาหาร / ร้านค้าบริการ': 0, 'ความปลอดภัยและจราจร': 0, 'ระบบเครือข่ายและเทคโนโลยี': 0, 'บริการและสวัสดิการนิสิต': 0}",19,สุขอนามัยและความสะอาด
สอบถามหน่อยครับ ทำบัตรนิสิตใหม่ที่ไหน,"['บัตรนิสิต', 'สอบถามหน่อยครับ']","{'การเดินทาง / รถเมล์มพ.': 0, 'สิ่งอำนวยความสะดวกและอาคารสถานที่': 0, 'สุขอนามัยและความสะอาด': 0, 'การเรียนการสอนและหลักสูตร': 0, 'โรงอาหาร / ร้านค้าบริการ': 0, 'ความปลอดภัยและจราจร': 0, 'ระบบเครือข่ายและเทคโนโลยี': 0, 'บริการและสวัสดิการนิสิต': 24}",24,บริการและสวัสดิการนิสิต
ไวไฟเข้าไม่ได้ ตอนนี้อยู่หน้ามอ ทำงานไม่ได้เลย,"['ไวไฟเข้าไม่ได้', 'ไวไฟ']","{'การเดินทาง / รถเมล์มพ.': 0, 'สิ่งอำนวยความสะดวกและอาคารสถานที่': 0, 'สุขอนามัยและความสะอาด': 0, 'การเรียนการสอนและหลักสูตร': 0, 'โรงอาหาร / ร้านค้าบริการ': 0, 'ความปลอดภัยและจราจร': 0, 'ระบบเครือข่ายและเทคโนโลยี': 18, 'บริการและสวัสดิการนิสิต': 0}",18,ระบบเครือข่ายและเทคโนโลยี
เน็ตหลุดบ่อยมาก ตอนนี้อยู่หอพักใน ทำงานไม่ได้เลย,"['เน็ตหลุด', 'หลุดบ่อย']","{'การเดินทาง / รถเมล์มพ.': 0, 'สิ่งอำนวยความสะดวกและอาคารสถานที่': 0, 'สุขอนามัยและความสะอาด': 0, 'การเรียนการสอนและหลักสูตร': 0, 'โรงอาหาร / ร้านค้าบริการ': 0, 'ความปลอดภัยและจราจร': 0, 'ระบบเครือข่ายและเทคโนโลยี': 16, 'บริการและสวัสดิการนิสิต': 0}",16,ระบบเครือข่ายและเทคโนโลยี
ลงทะเบียนไม่ได้ ตอนนี้อยู่ตึกคณะ ทำงานไม่ได้เลย,['ลงทะเบียนไม่ได้'],"{'การเดินทาง / รถเมล์มพ.': 0, 'สิ่งอำนวยความสะดวกและอาคารสถานที่': 0, 'สุขอนามัยและความสะอาด': 0, 'การเรียนการสอนและหลักสูตร': 0, 'โรงอาหาร / ร้านค้าบริการ': 0, 'ความปลอดภัยและจราจร': 0, 'ระบบเครือข่ายและเทคโนโลยี': 15, 'บริการและสวัสดิการนิสิต': 0}",15,ระบบเครือข่ายและเทคโนโลยี
แจ้งเรื่องแอร์ไม่เย็นเลย ตรงตึก ICT ช่วยมาดูหน่อย,"['แอร์ไม่เย็น', 'แอร์']","{'การเดินทาง / รถเมล์มพ.': 0, 'สิ่งอำนวยความสะดวกและอาคารสถานที่': 15, 'สุขอนามัยและความสะอาด': 0, 'การเรียนการสอนและหลักสูตร': 0, 'โรงอาหาร / ร้านค้าบริการ': 0, 'ความปลอดภัยและจราจร': 0, 'ระบบเครือข่ายและเทคโนโลยี': 0, 'บริการและสวัสดิการนิสิต': 0}",15,สิ่งอำนวยความสะดวกและอาคารสถานที่
แจ้งเรื่องแอร์ไม่เย็นเลย ตรงอาคารเรียนรวม ช่วยมาดูหน่อย,"['แอร์ไม่เย็น', 'แอร์']","{'การเดินทาง / รถเมล์มพ.': 0, 'สิ่งอำนวยความสะดวกและอาคารสถานที่': 15, 'สุขอนามัยและความสะอาด': 0, 'การเรียนการสอนและหลักสูตร': 0, 'โรงอาหาร / ร้านค้าบริการ': 0, 'ความปลอดภัยและจราจร': 0, 'ระบบเครือข่ายและเทคโนโลยี': 0, 'บริการและสวัสดิการนิสิต': 0}",15,สิ่งอำนวยความสะดวกและอาคารสถานที่
แจ้งทำความสะอาดตรงสวนหน้าตึก ขยะล้นถังส่งกลิ่นเหม็น ครับ,"['ขยะล้น', 'เหม็น', 'ทำความสะอาด', 'กลิ่นเหม็น']","{'การเดินทาง / รถเมล์มพ.': 0, 'สิ่งอำนวยความสะดวกและอาคารสถานที่': 0, 'สุขอนามัยและความสะอาด': 32, 'การเรียนการสอนและหลักสูตร': 0, 'โรงอาหาร / ร้านค้าบริการ': 0, 'ความปลอดภัยและจราจร': 0, 'ระบบเครือข่ายและเทคโนโลยี': 0, 'บริการและสวัสดิการนิสิต': 0}",32,สุขอนามัยและความสะอาด
ลงทะเบียนไม่ได้ ตอนนี้อยู่หน้ามอ ทำงานไม่ได้เลย,['ลงทะเบียนไม่ได้'],"{'การเดินทาง / รถเมล์มพ.': 0, 'สิ่งอำนวยความสะดวกและอาคารสถานที่': 0, 'สุขอนามัยและความสะอาด': 0, 'การเรียนการสอนและหลักสูตร': 0, 'โรงอาหาร / ร้านค้าบริการ': 0, 'ความปลอดภัยและจราจร': 0, 'ระบบเครือข่ายและเทคโนโลยี': 15, 'บริการและสวัสดิการนิสิต': 0}",15,ระบบเครือข่ายและเทคโนโลยี
รปภ. ช่วยดูตรงลานจอดรถ หน่อยครับ มีรถชนกัน,"['รถชน', 'รปภ.', 'รปภ']","{'การเดินทาง / รถเมล์มพ.': 0, 'สิ่งอำนวยความสะดวกและอาคารสถานที่': 0, 'สุขอนามัยและความสะอาด': 0, 'การเรียนการสอนและหลักสูตร': 0, 'โรงอาหาร / ร้านค้าบริการ': 0, 'ความปลอดภัยและจราจร': 11, 'ระบบเครือข่ายและเทคโนโลยี': 0, 'บริการและสวัสดิการนิสิต': 0}",11,ความปลอดภัยและจราจร
ไวไฟเข้าไม่ได้ ตอนนี้อยู่หอพักใน ทำงานไม่ได้เลย,"['ไวไฟเข้าไม่ได้', 'ไวไฟ']","{'การเดินทาง / รถเมล์มพ.': 0, 'สิ่งอำนวยความสะดวกและอาคารสถานที่': 0, 'สุขอนามัยและความสะอาด': 0, 'การเรียนการสอนและหลักสูตร': 0, 'โรงอาหาร / ร้านค้าบริการ': 0, 'ความปลอดภัยและจราจร': 0, 'ระบบเครือข่ายและเทคโนโลยี': 18, 'บริการและสวัสดิการนิสิต': 0}",18,ระบบเครือข่ายและเทคโนโลยี
แจ้งเรื่องน้ำไม่ไหล ตรงตึกวิทย์ ช่วยมาดูหน่อย,['น้ำไม่ไหล'],"{'การเดินทาง / รถเมล์มพ.': 0, 'สิ่งอำนวยความสะดวกและอาคารสถานที่': 9, 'สุขอนามัยและความสะอาด': 0, 'การเรียนการสอนและหลักสูตร': 0, 'โรงอาหาร / ร้านค้าบริการ': 0, 'ความปลอดภัยและจราจร': 0, 'ระบบเครือข่ายและเทคโนโลยี': 0, 'บริการและสวัสดิการนิสิต': 0}",9,สิ่งอำนวยความสะดวกและอาคารสถานที่
แจ้งเรื่องน้ำไม่ไหล ตรงตึกวิทย์ ช่วยมาดูหน่อย,['น้ำไม่ไหล'],"{'การเดินทาง / รถเมล์มพ.': 0, 'สิ่งอำนวยความสะดวกและอาคารสถานที่': 9, 'สุขอนามัยและความสะอาด': 0, 'การเรียนการสอนและหลักสูตร': 0, 'โรงอาหาร / ร้านค้าบริการ': 0, 'ความปลอดภัยและจราจร': 0, 'ระบบเครือข่ายและเทคโนโลยี': 0, 'บริการและสวัสดิการนิสิต': 0}",9,สิ่งอำนวยความสะดวกและอาคารสถานที่
แจ้งทำความสะอาดตรงสนามบาส มีหมาจรจัดมาคุ้ยขยะ ครับ,"['หมาจรจัด', 'ทำความสะอาด']","{'การเดินทาง / รถเมล์มพ.': 0, 'สิ่งอำนวยความสะดวกและอาคารสถานที่': 0, 'สุขอนามัยและความสะอาด': 19, 'การเรียนการสอนและหลักสูตร': 0, 'โรงอาหาร / ร้านค้าบริการ': 0, 'ความปลอดภัยและจราจร': 0, 'ระบบเครือข่ายและเทคโนโลยี': 0, 'บริการและสวัสดิการนิสิต': 0}",19,สุขอนามัยและความสะอาด
แจ้งทำความสะอาดตรงโรงอาหาร มีหมาจรจัดมาคุ้ยขยะ ครับ,"['หมาจรจัด', 'ทำความสะอาด', 'โรงอาหาร', 'อาหาร']","{'การเดินทาง / รถเมล์มพ.': 0, 'สิ่งอำนวยความสะดวกและอาคารสถานที่': 0, 'สุขอนามัยและความสะอาด': 19, 'การเรียนการสอนและหลักสูตร': 0, 'โรงอาหาร / ร้านค้าบริการ': 13, 'ความปลอดภัยและจราจร': 0, 'ระบบเครือข่ายและเทคโนโลยี': 0, 'บริการและสวัสดิการนิสิต': 0}",19,สุขอนามัยและความสะอาด
สอบถามหน่อยครับ อยากทราบกำหนดการกิจกรรมรับน้อง,"['กิจกรรม', 'สอบถามหน่อยครับ']","{'การเดินทาง / รถเมล์มพ.': 0, 'สิ่งอำนวยความสะดวกและอาคารสถานที่': 0, 'สุขอนามัยและความสะอาด': 0, 'การเรียนการสอนและหลักสูตร': 0, 'โรงอาหาร / ร้านค้าบริการ': 0, 'ความปลอดภัยและจราจร': 0, 'ระบบเครือข่ายและเทคโนโลยี': 0, 'บริการและสวัสดิการนิสิต': 22}",22,บริการและสวัสดิการนิสิต
แจ้งเรื่องแอร์ไม่เย็นเลย ตรงอาคารเรียนรวม ช่วยมาดูหน่อย,"['แอร์ไม่เย็น', 'แอร์']","{'การเดินทาง / รถเมล์มพ.': 0, 'สิ่งอำนวยความสะดวกและอาคารสถานที่': 15, 'สุขอนามัยและความสะอาด': 0, 'การเรียนการสอนและหลักสูตร': 0, 'โรงอาหาร / ร้านค้าบริการ': 0, 'ความปลอดภัยและจราจร': 0, 'ระบบเครือข่ายและเทคโนโลยี': 0, 'บริการและสวัสดิการนิสิต': 0}",15,สิ่งอำนวยความสะดวกและอาคารสถานที่
อาจารย์ครับ เกรดยังไม่ออกครับ รบกวนให้คำแนะนำที,"['เกรด', 'อาจารย์']","{'การเดินทาง / รถเมล์มพ.': 0, 'สิ่งอำนวยความสะดวกและอาคารสถานที่': 0, 'สุขอนามัยและความสะอาด': 0, 'การเรียนการสอนและหลักสูตร': 11, 'โรงอาหาร / ร้านค้าบริการ': 0, 'ความปลอดภัยและจราจร': 0, 'ระบบเครือข่ายและเทคโนโลยี': 0, 'บริการและสวัสดิการนิสิต': 0}",11,การเรียนการสอนและหลักสูตร
รปภ. ช่วยดูตรงหน้ามอ หน่อยครับ หมวกกันน็อคหาย,"['รปภ.', 'รปภ', 'หมวกกันน็อคหาย']","{'การเดินทาง / รถเมล์มพ.': 0, 'สิ่งอำนวยความสะดวกและอาคารสถานที่': 0, 'สุขอนามัยและความสะอาด': 0, 'การเรียนการสอนและหลักสูตร': 0, 'โรงอาหาร / ร้านค้าบริการ': 0, 'ความปลอดภัยและจราจร': 7, 'ระบบเครือข่ายและเทคโนโลยี': 0, 'บริการและสวัสดิการนิสิต': 14}",14,บริการและสวัสดิการนิสิต
อาจารย์ครับ อยากติดต่ออาจารย์เรื่องดรอปเรียน รบกวนให้คำแนะนำที,"['ดรอปเรียน', 'ติดต่ออาจารย์', 'อาจารย์']","{'การเดินทาง / รถเมล์มพ.': 0, 'สิ่งอำนวยความสะดวกและอาคารสถานที่': 0, 'สุขอนามัยและความสะอาด': 0, 'การเรียนการสอนและหลักสูตร': 29, 'โรงอาหาร / ร้านค้าบริการ': 0, 'ความปลอดภัยและจราจร': 0, 'ระบบเครือข่ายและเทคโนโลยี': 0, 'บริการและสวัสดิการนิสิต': 0}",29,การเรียนการสอนและหลักสูตร
แจ้งทำความสะอาดตรงโรงอาหาร กิ่งไม้หักขวางทาง ครับ,"['กิ่งไม้หัก', 'ทำความสะอาด', 'โรงอาหาร', 'อาหาร']","{'การเดินทาง / รถเมล์มพ.': 0, 'สิ่งอำนวยความสะดวกและอาคารสถานที่': 0, 'สุขอนามัยและความสะอาด': 21, 'การเรียนการสอนและหลักสูตร': 0, 'โรงอาหาร / ร้านค้าบริการ': 13, 'ความปลอดภัยและจราจร': 0, 'ระบบเครือข่ายและเทคโนโลยี': 0, 'บริการและสวัสดิการนิสิต': 0}",21,สุขอนามัยและความสะอาด
แจ้งเรื่องน้ำไม่ไหล ตรงห้อง 1204 ช่วยมาดูหน่อย,['น้ำไม่ไหล'],"{'การเดินทาง / รถเมล์มพ.': 0, 'สิ่งอำนวยความสะดวกและอาคารสถานที่': 9, 'สุขอนามัยและความสะอาด': 0, 'การเรียนการสอนและหลักสูตร': 0, 'โรงอาหาร / ร้านค้าบริการ': 0, 'ความปลอดภัยและจราจร': 0, 'ระบบเครือข่ายและเทคโนโลยี': 0, 'บริการและสวัสดิการนิสิต': 0}",9,สิ่งอำนวยความสะดวกและอาคารสถานที่
แจ้งทำความสะอาดตรงสนามบาส มีหมาจรจัดมาคุ้ยขยะ ครับ,"['หมาจรจัด', 'ทำความสะอาด']","{'การเดินทาง / รถเมล์มพ.': 0, 'สิ่งอำนวยความสะดวกและอาคารสถานที่': 0, 'สุขอนามัยและความสะอาด': 19, 'การเรียนการสอนและหลักสูตร': 0, 'โรงอาหาร / ร้านค้าบริการ': 0, 'ความปลอดภัยและจราจร': 0, 'ระบบเครือข่ายและเทคโนโลยี': 0, 'บริการและสวัสดิการนิสิต': 0}",19,สุขอนามัยและความสะอาด
แจ้งทำความสะอาดตรงทางเดิน ขยะล้นถังส่งกลิ่นเหม็น ครับ,"['ขยะล้น', 'เหม็น', 'ทำความสะอาด', 'กลิ่นเหม็น']","{'การเดินทาง / รถเมล์มพ.': 0, 'สิ่งอำนวยความสะดวกและอาคารสถานที่': 0, 'สุขอนามัยและความสะอาด': 32, 'การเรียนการสอนและหลักสูตร': 0, 'โรงอาหาร / ร้านค้าบริการ': 0, 'ความปลอดภัยและจราจร': 0, 'ระบบเครือข่ายและเทคโนโลยี': 0, 'บริการและสวัสดิการนิสิต': 0}",32,สุขอนามัยและความสะอาด
ลืมรหัสผ่านเข้าระบบ ตอนนี้อยู่ตึกคณะ ทำงานไม่ได้เลย,"['ลืมรหัสผ่าน', 'ระบบ']","{'การเดินทาง / รถเมล์มพ.': 0, 'สิ่งอำนวยความสะดวกและอาคารสถานที่': 0, 'สุขอนามัยและความสะอาด': 0, 'การเรียนการสอนและหลักสูตร': 0, 'โรงอาหาร / ร้านค้าบริการ': 0, 'ความปลอดภัยและจราจร': 0, 'ระบบเครือข่ายและเทคโนโลยี': 15, 'บริการและสวัสดิการนิสิต': 0}",15,ระบบเครือข่ายและเทคโนโลยี
แจ้งทำความสะอาดตรงโรงอาหาร กิ่งไม้หักขวางทาง ครับ,"['กิ่งไม้หัก', 'ทำความสะอาด', 'โรงอาหาร', 'อาหาร']","{'การเดินทาง / รถเมล์มพ.': 0, 'สิ่งอำนวยความสะดวกและอาคารสถานที่': 0, 'สุขอนามัยและความสะอาด': 21, 'การเรียนการสอนและหลักสูตร': 0, 'โรงอาหาร / ร้านค้าบริการ': 13, 'ความปลอดภัยและจราจร': 0, 'ระบบเครือข่ายและเทคโนโลยี': 0, 'บริการและสวัสดิการนิสิต': 0}",21,สุขอนามัยและความสะอาด
แจ้งทำความสะอาดตรงทางเดิน กิ่งไม้หักขวางทาง ครับ,"['กิ่งไม้หัก', 'ทำความสะอาด']","{'การเดินทาง / รถเมล์มพ.': 0, 'สิ่งอำนวยความสะดวกและอาคารสถานที่': 0, 'สุขอนามัยและความสะอาด': 21, 'การเรียนการสอนและหลักสูตร': 0, 'โรงอาหาร / ร้านค้าบริการ': 0, 'ความปลอดภัยและจราจร': 0, 'ระบบเครือข่ายและเทคโนโลยี': 0, 'บริการและสวัสดิการนิสิต': 0}",21,สุขอนามัยและความสะอาด
ลงทะเบียนไม่ได้ ตอนนี้อยู่หอพักใน ทำงานไม่ได้เลย,['ลงทะเบียนไม่ได้'],"{'การเดินทาง / รถเมล์มพ.': 0, 'สิ่งอำนวยความสะดวกและอาคารสถานที่': 0, 'สุขอนามัยและความสะอาด': 0, 'การเรียนการสอนและหลักสูตร': 0, 'โรงอาหาร / ร้านค้าบริการ': 0, 'ความปลอดภัยและจราจร': 0, 'ระบบเครือข่ายและเทคโนโลยี': 15, 'บริการและสวัสดิการนิสิต': 0}",15,ระบบเครือข่ายและเทคโนโลยี
รปภ. ช่วยดูตรงหน้ามอ หน่อยครับ มีรถชนกัน,"['รถชน', 'รปภ.', 'รปภ']","{'การเดินทาง / รถเมล์มพ.': 0, 'สิ่งอำนวยความสะดวกและอาคารสถานที่': 0, 'สุขอนามัยและความสะอาด': 0, 'การเรียนการสอนและหลักสูตร': 0, 'โรงอาหาร / ร้านค้าบริการ': 0, 'ความปลอดภัยและจราจร': 11, 'ระบบเครือข่ายและเทคโนโลยี': 0, 'บริการและสวัสดิการนิสิต': 0}",11,ความปลอดภัยและจราจร
สอบถามหน่อยครับ ทำบัตรนิสิตใหม่ที่ไหน,"['บัตรนิสิต', 'สอบถามหน่อยครับ']","{'การเดินทาง / รถเมล์มพ.': 0, 'สิ่งอำนวยความสะดวกและอาคารสถานที่': 0, 'สุขอนามัยและความสะอาด': 0, 'การเรียนการสอนและหลักสูตร': 0, 'โรงอาหาร / ร้านค้าบริการ': 0, 'ความปลอดภัยและจราจร': 0, 'ระบบเครือข่ายและเทคโนโลยี': 0, 'บริการและสวัสดิการนิสิต': 24}",24,บริการและสวัสดิการนิสิต
อาจารย์ครับ ขอสอบชดเชยต้องทำไง รบกวนให้คำแนะนำที,"['ขอสอบชดเชย', 'อาจารย์']","{'การเดินทาง / รถเมล์มพ.': 0, 'สิ่งอำนวยความสะดวกและอาคารสถานที่': 0, 'สุขอนามัยและความสะอาด': 0, 'การเรียนการสอนและหลักสูตร': 17, 'โรงอาหาร / ร้านค้าบริการ': 0, 'ความปลอดภัยและจราจร': 0, 'ระบบเครือข่ายและเทคโนโลยี': 0, 'บริการและสวัสดิการนิสิต': 0}",17,การเรียนการสอนและหลักสูตร
รปภ. ช่วยดูตรงหน้ามอ หน่อยครับ ทางมืดมากอันตราย,"['อันตราย', 'รปภ.', 'ทางมืด', 'รปภ']","{'การเดินทาง / รถเมล์มพ.': 0, 'สิ่งอำนวยความสะดวกและอาคารสถานที่': 0, 'สุขอนามัยและความสะอาด': 0, 'การเรียนการสอนและหลักสูตร': 0, 'โรงอาหาร / ร้านค้าบริการ': 0, 'ความปลอดภัยและจราจร': 20, 'ระบบเครือข่ายและเทคโนโลยี': 0, 'บริการและสวัสดิการนิสิต': 0}",20,ความปลอดภัยและจราจร
ลงทะเบียนไม่ได้ ตอนนี้อยู่หอพักใน ทำงานไม่ได้เลย,['ลงทะเบียนไม่ได้'],"{'การเดินทาง / รถเมล์มพ.': 0, 'สิ่งอำนวยความสะดวกและอาคารสถานที่': 0, 'สุขอนามัยและความสะอาด': 0, 'การเรียนการสอนและหลักสูตร': 0, 'โรงอาหาร / ร้านค้าบริการ': 0, 'ความปลอดภัยและจราจร': 0, 'ระบบเครือข่ายและเทคโนโลยี': 15, 'บริการและสวัสดิการนิสิต': 0}",15,ระบบเครือข่ายและเทคโนโลยี
สอบถามหน่อยครับ อยากทราบกำหนดการกิจกรรมรับน้อง,"['กิจกรรม', 'สอบถามหน่อยครับ']","{'การเดินทาง / รถเมล์มพ.': 0, 'สิ่งอำนวยความสะดวกและอาคารสถานที่': 0, 'สุขอนามัยและความสะอาด': 0, 'การเรียนการสอนและหลักสูตร': 0, 'โรงอาหาร / ร้านค้าบริการ': 0, 'ความปลอดภัยและจราจร': 0, 'ระบบเครือข่ายและเทคโนโลยี': 0, 'บริการและสวัสดิการนิสิต': 22}",22,บริการและสวัสดิการนิสิต
แจ้งเรื่องประตูพัง ตรงห้อง 1204 ช่วยมาดูหน่อย,"['พัง', 'ประตูพัง']","{'การเดินทาง / รถเมล์มพ.': 0, 'สิ่งอำนวยความสะดวกและอาคารสถานที่': 11, 'สุขอนามัยและความสะอาด': 0, 'การเรียนการสอนและหลักสูตร': 0, 'โรงอาหาร / ร้านค้าบริการ': 0, 'ความปลอดภัยและจราจร': 0, 'ระบบเครือข่ายและเทคโนโลยี': 0, 'บริการและสวัสดิการนิสิต': 0}",11,สิ่งอำนวยความสะดวกและอาคารสถานที่
แจ้งเรื่องน้ำไม่ไหล ตรงตึกวิทย์ ช่วยมาดูหน่อย,['น้ำไม่ไหล'],"{'การเดินทาง / รถเมล์มพ.': 0, 'สิ่งอำนวยความสะดวกและอาคารสถานที่': 9, 'สุขอนามัยและความสะอาด': 0, 'การเรียนการสอนและหลักสูตร': 0, 'โรงอาหาร / ร้านค้าบริการ': 0, 'ความปลอดภัยและจราจร': 0, 'ระบบเครือข่ายและเทคโนโลยี': 0, 'บริการและสวัสดิการนิสิต': 0}",9,สิ่งอำนวยความสะดวกและอาคารสถานที่
รปภ. ช่วยดูตรงลานจอดรถ หน่อยครับ มีรถชนกัน,"['รถชน', 'รปภ.', 'รปภ']","{'การเดินทาง / รถเมล์มพ.': 0, 'สิ่งอำนวยความสะดวกและอาคารสถานที่': 0, 'สุขอนามัยและความสะอาด': 0, 'การเรียนการสอนและหลักสูตร': 0, 'โรงอาหาร / ร้านค้าบริการ': 0, 'ความปลอดภัยและจราจร': 11, 'ระบบเครือข่ายและเทคโนโลยี': 0, 'บริการและสวัสดิการนิสิต': 0}",11,ความปลอดภัยและจราจร
ระบบล่ม ตอนนี้อยู่ห้องสมุด ทำงานไม่ได้เลย,"['ระบบล่ม', 'ระบบ']","{'การเดินทาง / รถเมล์มพ.': 0, 'สิ่งอำนวยความสะดวกและอาคารสถานที่': 0, 'สุขอนามัยและความสะอาด': 0, 'การเรียนการสอนและหลักสูตร': 0, 'โรงอาหาร / ร้านค้าบริการ': 0, 'ความปลอดภัยและจราจร': 0, 'ระบบเครือข่ายและเทคโนโลยี': 11, 'บริการและสวัสดิการนิสิต': 0}",11,ระบบเครือข่ายและเทคโนโลยี
รปภ. ช่วยดูตรงหลังมอ หน่อยครับ หมวกกันน็อคหาย,"['รปภ.', 'รปภ', 'หมวกกันน็อคหาย']","{'การเดินทาง / รถเมล์มพ.': 0, 'สิ่งอำนวยความสะดวกและอาคารสถานที่': 0, 'สุขอนามัยและความสะอาด': 0, 'การเรียนการสอนและหลักสูตร': 0, 'โรงอาหาร / ร้านค้าบริการ': 0, 'ความปลอดภัยและจราจร': 7, 'ระบบเครือข่ายและเทคโนโลยี': 0, 'บริการและสวัสดิการนิสิต': 14}",14,บริการและสวัสดิการนิสิต
สอบถามหน่อยครับ สอบถามเรื่องทุนการศึกษา,"['ทุนการศึกษา', 'สอบถามหน่อยครับ']","{'การเดินทาง / รถเมล์มพ.': 0, 'สิ่งอำนวยความสะดวกและอาคารสถานที่': 0, 'สุขอนามัยและความสะอาด': 0, 'การเรียนการสอนและหลักสูตร': 0, 'โรงอาหาร / ร้านค้าบริการ': 0, 'ความปลอดภัยและจราจร': 0, 'ระบบเครือข่ายและเทคโนโลยี': 0, 'บริการและสวัสดิการนิสิต': 26}",26,บริการและสวัสดิการนิสิต
สอบถามหน่อยครับ ทำบัตรนิสิตใหม่ที่ไหน,"['บัตรนิสิต', 'สอบถามหน่อยครับ']","{'การเดินทาง / รถเมล์มพ.': 0, 'สิ่งอำนวยความสะดวกและอาคารสถานที่': 0, 'สุขอนามัยและความสะอาด': 0, 'การเรียนการสอนและหลักสูตร': 0, 'โรงอาหาร / ร้านค้าบริการ': 0, 'ความปลอดภัยและจราจร': 0, 'ระบบเครือข่ายและเทคโนโลยี': 0, 'บริการและสวัสดิการนิสิต': 24}",24,บริการและสวัสดิการนิสิต
ลืมรหัสผ่านเข้าระบบ ตอนนี้อยู่หอพักใน ทำงานไม่ได้เลย,"['ลืมรหัสผ่าน', 'ระบบ']","{'การเดินทาง / รถเมล์มพ.': 0, 'สิ่งอำนวยความสะดวกและอาคารสถานที่': 0, 'สุขอนามัยและความสะอาด': 0, 'การเรียนการสอนและหลักสูตร': 0, 'โรงอาหาร / ร้านค้าบริการ': 0, 'ความปลอดภัยและจราจร': 0, 'ระบบเครือข่ายและเทคโนโลยี': 15, 'บริการและสวัสดิการนิสิต': 0}",15,ระบบเครือข่ายและเทคโนโลยี
สอบถามหน่อยครับ สอบถามเรื่องทุนการศึกษา,"['ทุนการศึกษา', 'สอบถามหน่อยครับ']","{'การเดินทาง / รถเมล์มพ.': 0, 'สิ่งอำนวยความสะดวกและอาคารสถานที่': 0, 'สุขอนามัยและความสะอาด': 0, 'การเรียนการสอนและหลักสูตร': 0, 'โรงอาหาร / ร้านค้าบริการ': 0, 'ความปลอดภัยและจราจร': 0, 'ระบบเครือข่ายและเทคโนโลยี': 0, 'บริการและสวัสดิการนิสิต': 26}",26,บริการและสวัสดิการนิสิต
อาจารย์ครับ ตารางเรียนไม่ขึ้นระบบ รบกวนให้คำแนะนำที,"['ตารางเรียน', 'อาจารย์', 'ระบบ']","{'การเดินทาง / รถเมล์มพ.': 0, 'สิ่งอำนวยความสะดวกและอาคารสถานที่': 0, 'สุขอนามัยและความสะอาด': 0, 'การเรียนการสอนและหลักสูตร': 17, 'โรงอาหาร / ร้านค้าบริการ': 0, 'ความปลอดภัยและจราจร': 0, 'ระบบเครือข่ายและเทคโนโลยี': 4, 'บริการและสวัสดิการนิสิต': 0}",17,การเรียนการสอนและหลักสูตร
รปภ. ช่วยดูตรงลานจอดรถ หน่อยครับ ทางมืดมากอันตราย,"['อันตราย', 'รปภ.', 'ทางมืด', 'รปภ']","{'การเดินทาง / รถเมล์มพ.': 0, 'สิ่งอำนวยความสะดวกและอาคารสถานที่': 0, 'สุขอนามัยและความสะอาด': 0, 'การเรียนการสอนและหลักสูตร': 0, 'โรงอาหาร / ร้านค้าบริการ': 0, 'ความปลอดภัยและจราจร': 20, 'ระบบเครือข่ายและเทคโนโลยี': 0, 'บริการและสวัสดิการนิสิต': 0}",20,ความปลอดภัยและจราจร
อาจารย์ครับ เกรดยังไม่ออกครับ รบกวนให้คำแนะนำที,"['เกรด', 'อาจารย์']","{'การเดินทาง / รถเมล์มพ.': 0, 'สิ่งอำนวยความสะดวกและอาคารสถานที่': 0, 'สุขอนามัยและความสะอาด': 0, 'การเรียนการสอนและหลักสูตร': 11, 'โรงอาหาร / ร้านค้าบริการ': 0, 'ความปลอดภัยและจราจร': 0, 'ระบบเครือข่ายและเทคโนโลยี': 0, 'บริการและสวัสดิการนิสิต': 0}",11,การเรียนการสอนและหลักสูตร
สอบถามหน่อยครับ รถเมล์สาย 1 หมดกี่โมง,"['รถเมล์', 'รถเมล์สาย', 'สอบถามหน่อยครับ']","{'การเดินทาง / รถเมล์มพ.': 15, 'สิ่งอำนวยความสะดวกและอาคารสถานที่': 0, 'สุขอนามัยและความสะอาด': 0, 'การเรียนการสอนและหลักสูตร': 0, 'โรงอาหาร / ร้านค้าบริการ': 0, 'ความปลอดภัยและจราจร': 0, 'ระบบเครือข่ายและเทคโนโลยี': 0, 'บริการและสวัสดิการนิสิต': 15}",15,การเดินทาง / รถเมล์มพ.
สอบถามหน่อยครับ สอบถามเรื่องทุนการศึกษา,"['ทุนการศึกษา', 'สอบถามหน่อยครับ']","{'การเดินทาง / รถเมล์มพ.': 0, 'สิ่งอำนวยความสะดวกและอาคารสถานที่': 0, 'สุขอนามัยและความสะอาด': 0, 'การเรียนการสอนและหลักสูตร': 0, 'โรงอาหาร / ร้านค้าบริการ': 0, 'ความปลอดภัยและจราจร': 0, 'ระบบเครือข่ายและเทคโนโลยี': 0, 'บริการและสวัสดิการนิสิต': 26}",26,บริการและสวัสดิการนิสิต
แจ้งทำความสะอาดตรงสวนหน้าตึก สกปรกมากไม่ทำความสะอาด ครับ,"['สกปรก', 'ไม่ทำความสะอาด', 'ทำความสะอาด']","{'การเดินทาง / รถเมล์มพ.': 0, 'สิ่งอำนวยความสะดวกและอาคารสถานที่': 0, 'สุขอนามัยและความสะอาด': 30, 'การเรียนการสอนและหลักสูตร': 0, 'โรงอาหาร / ร้านค้าบริการ': 0, 'ความปลอดภัยและจราจร': 0, 'ระบบเครือข่ายและเทคโนโลยี': 0, 'บริการและสวัสดิการนิสิต': 0}",30,สุขอนามัยและความสะอาด
อาจารย์ครับ ตารางเรียนไม่ขึ้นระบบ รบกวนให้คำแนะนำที,"['ตารางเรียน', 'อาจารย์', 'ระบบ']","{'การเดินทาง / รถเมล์มพ.': 0, 'สิ่งอำนวยความสะดวกและอาคารสถานที่': 0, 'สุขอนามัยและความสะอาด': 0, 'การเรียนการสอนและหลักสูตร': 17, 'โรงอาหาร / ร้านค้าบริการ': 0, 'ความปลอดภัยและจราจร': 0, 'ระบบเครือข่ายและเทคโนโลยี': 4, 'บริการและสวัสดิการนิสิต': 0}",17,การเรียนการสอนและหลักสูตร
สอบถามหน่อยครับ ทำบัตรนิสิตใหม่ที่ไหน,"['บัตรนิสิต', 'สอบถามหน่อยครับ']","{'การเดินทาง / รถเมล์มพ.': 0, 'สิ่งอำนวยความสะดวกและอาคารสถานที่': 0, 'สุขอนามัยและความสะอาด': 0, 'การเรียนการสอนและหลักสูตร': 0, 'โรงอาหาร / ร้านค้าบริการ': 0, 'ความปลอดภัยและจราจร': 0, 'ระบบเครือข่ายและเทคโนโลยี': 0, 'บริการและสวัสดิการนิสิต': 24}",24,บริการและสวัสดิการนิสิต
แจ้งเรื่องไฟดับครับ ตรงห้องบรรยาย ช่วยมาดูหน่อย,['ไฟดับ'],"{'การเดินทาง / รถเมล์มพ.': 0, 'สิ่งอำนวยความสะดวกและอาคารสถานที่': 5, 'สุขอนามัยและความสะอาด': 0, 'การเรียนการสอนและหลักสูตร': 0, 'โรงอาหาร / ร้านค้าบริการ': 0, 'ความปลอดภัยและจราจร': 0, 'ระบบเครือข่ายและเทคโนโลยี': 0, 'บริการและสวัสดิการนิสิต': 0}",5,สิ่งอำนวยความสะดวกและอาคารสถานที่
แจ้งเรื่องแอร์ไม่เย็นเลย ตรงอาคารเรียนรวม ช่วยมาดูหน่อย,"['แอร์ไม่เย็น', 'แอร์']","{'การเดินทาง / รถเมล์มพ.': 0, 'สิ่งอำนวยความสะดวกและอาคารสถานที่': 15, 'สุขอนามัยและความสะอาด': 0, 'การเรียนการสอนและหลักสูตร': 0, 'โรงอาหาร / ร้านค้าบริการ': 0, 'ความปลอดภัยและจราจร': 0, 'ระบบเครือข่ายและเทคโนโลยี': 0, 'บริการและสวัสดิการนิสิต': 0}",15,สิ่งอำนวยความสะดวกและอาคารสถานที่
แจ้งเรื่องประตูพัง ตรงตึกวิทย์ ช่วยมาดูหน่อย,"['พัง', 'ประตูพัง']","{'การเดินทาง / รถเมล์มพ.': 0, 'สิ่งอำนวยความสะดวกและอาคารสถานที่': 11, 'สุขอนามัยและความสะอาด': 0, 'การเรียนการสอนและหลักสูตร': 0, 'โรงอาหาร / ร้านค้าบริการ': 0, 'ความปลอดภัยและจราจร': 0, 'ระบบเครือข่ายและเทคโนโลยี': 0, 'บริการและสวัสดิการนิสิต': 0}",11,สิ่งอำนวยความสะดวกและอาคารสถานที่
สอบถามหน่อยครับ ทำบัตรนิสิตใหม่ที่ไหน,"['บัตรนิสิต', 'สอบถามหน่อยครับ']","{'การเดินทาง / รถเมล์มพ.': 0, 'สิ่งอำนวยความสะดวกและอาคารสถานที่': 0, 'สุขอนามัยและความสะอาด': 0, 'การเรียนการสอนและหลักสูตร': 0, 'โรงอาหาร / ร้านค้าบริการ': 0, 'ความปลอดภัยและจราจร': 0, 'ระบบเครือข่ายและเทคโนโลยี': 0, 'บริการและสวัสดิการนิสิต': 24}",24,บริการและสวัสดิการนิสิต
รปภ. ช่วยดูตรงทางแยก หน่อยครับ รถติดหนักมาก,"['รถติด', 'รปภ.', 'รปภ']","{'การเดินทาง / รถเมล์มพ.': 5, 'สิ่งอำนวยความสะดวกและอาคารสถานที่': 0, 'สุขอนามัยและความสะอาด': 0, 'การเรียนการสอนและหลักสูตร': 0, 'โรงอาหาร / ร้านค้าบริการ': 0, 'ความปลอดภัยและจราจร': 7, 'ระบบเครือข่ายและเทคโนโลยี': 0, 'บริการและสวัสดิการนิสิต': 0}",7,ความปลอดภัยและจราจร
รปภ. ช่วยดูตรงหลังมอ หน่อยครับ ทางมืดมากอันตราย,"['อันตราย', 'รปภ.', 'ทางมืด', 'รปภ']","{'การเดินทาง / รถเมล์มพ.': 0, 'สิ่งอำนวยความสะดวกและอาคารสถานที่': 0, 'สุขอนามัยและความสะอาด': 0, 'การเรียนการสอนและหลักสูตร': 0, 'โรงอาหาร / ร้านค้าบริการ': 0, 'ความปลอดภัยและจราจร': 20, 'ระบบเครือข่ายและเทคโนโลยี': 0, 'บริการและสวัสดิการนิสิต': 0}",20,ความปลอดภัยและจราจร
อาจารย์ครับ ขอสอบชดเชยต้องทำไง รบกวนให้คำแนะนำที,"['ขอสอบชดเชย', 'อาจารย์']","{'การเดินทาง / รถเมล์มพ.': 0, 'สิ่งอำนวยความสะดวกและอาคารสถานที่': 0, 'สุขอนามัยและความสะอาด': 0, 'การเรียนการสอนและหลักสูตร': 17, 'โรงอาหาร / ร้านค้าบริการ': 0, 'ความปลอดภัยและจราจร': 0, 'ระบบเครือข่ายและเทคโนโลยี': 0, 'บริการและสวัสดิการนิสิต': 0}",17,การเรียนการสอนและหลักสูตร
สอบถามหน่อยครับ สอบถามเรื่องทุนการศึกษา,"['ทุนการศึกษา', 'สอบถามหน่อยครับ']","{'การเดินทาง / รถเมล์มพ.': 0, 'สิ่งอำนวยความสะดวกและอาคารสถานที่': 0, 'สุขอนามัยและความสะอาด': 0, 'การเรียนการสอนและหลักสูตร': 0, 'โรงอาหาร / ร้านค้าบริการ': 0, 'ความปลอดภัยและจราจร': 0, 'ระบบเครือข่ายและเทคโนโลยี': 0, 'บริการและสวัสดิการนิสิต': 26}",26,บริการและสวัสดิการนิสิต
อาจารย์ครับ ตารางเรียนไม่ขึ้นระบบ รบกวนให้คำแนะนำที,"['ตารางเรียน', 'อาจารย์', 'ระบบ']","{'การเดินทาง / รถเมล์มพ.': 0, 'สิ่งอำนวยความสะดวกและอาคารสถานที่': 0, 'สุขอนามัยและความสะอาด': 0, 'การเรียนการสอนและหลักสูตร': 17, 'โรงอาหาร / ร้านค้าบริการ': 0, 'ความปลอดภัยและจราจร': 0, 'ระบบเครือข่ายและเทคโนโลยี': 4, 'บริการและสวัสดิการนิสิต': 0}",17,การเรียนการสอนและหลักสูตร
สอบถามหน่อยครับ สอบถามเรื่องทุนการศึกษา,"['ทุนการศึกษา', 'สอบถามหน่อยครับ']","{'การเดินทาง / รถเมล์มพ.': 0, 'สิ่งอำนวยความสะดวกและอาคารสถานที่': 0, 'สุขอนามัยและความสะอาด': 0, 'การเรียนการสอนและหลักสูตร': 0, 'โรงอาหาร / ร้านค้าบริการ': 0, 'ความปลอดภัยและจราจร': 0, 'ระบบเครือข่ายและเทคโนโลยี': 0, 'บริการและสวัสดิการนิสิต': 26}",26,บริการและสวัสดิการนิสิต
รปภ. ช่วยดูตรงทางแยก หน่อยครับ มีรถชนกัน,"['รถชน', 'รปภ.', 'รปภ']","{'การเดินทาง / รถเมล์มพ.': 0, 'สิ่งอำนวยความสะดวกและอาคารสถานที่': 0, 'สุขอนามัยและความสะอาด': 0, 'การเรียนการสอนและหลักสูตร': 0, 'โรงอาหาร / ร้านค้าบริการ': 0, 'ความปลอดภัยและจราจร': 11, 'ระบบเครือข่ายและเทคโนโลยี': 0, 'บริการและสวัสดิการนิสิต': 0}",11,ความปลอดภัยและจราจร
แจ้งเรื่องน้ำไม่ไหล ตรงห้องน้ำตึกสงวน ช่วยมาดูหน่อย,['น้ำไม่ไหล'],"{'การเดินทาง / รถเมล์มพ.': 0, 'สิ่งอำนวยความสะดวกและอาคารสถานที่': 9, 'สุขอนามัยและความสะอาด': 0, 'การเรียนการสอนและหลักสูตร': 0, 'โรงอาหาร / ร้านค้าบริการ': 0, 'ความปลอดภัยและจราจร': 0, 'ระบบเครือข่ายและเทคโนโลยี': 0, 'บริการและสวัสดิการนิสิต': 0}",9,สิ่งอำนวยความสะดวกและอาคารสถานที่
อาจารย์ครับ อยากติดต่ออาจารย์เรื่องดรอปเรียน รบกวนให้คำแนะนำที,"['ดรอปเรียน', 'ติดต่ออาจารย์', 'อาจารย์']","{'การเดินทาง / รถเมล์มพ.': 0, 'สิ่งอำนวยความสะดวกและอาคารสถานที่': 0, 'สุขอนามัยและความสะอาด': 0, 'การเรียนการสอนและหลักสูตร': 29, 'โรงอาหาร / ร้านค้าบริการ': 0, 'ความปลอดภัยและจราจร': 0, 'ระบบเครือข่ายและเทคโนโลยี': 0, 'บริการและสวัสดิการนิสิต': 0}",29,การเรียนการสอนและหลักสูตร
แจ้งทำความสะอาดตรงโรงอาหาร มีหมาจรจัดมาคุ้ยขยะ ครับ,"['หมาจรจัด', 'ทำความสะอาด', 'โรงอาหาร', 'อาหาร']","{'การเดินทาง / รถเมล์มพ.': 0, 'สิ่งอำนวยความสะดวกและอาคารสถานที่': 0, 'สุขอนามัยและความสะอาด': 19, 'การเรียนการสอนและหลักสูตร': 0, 'โรงอาหาร / ร้านค้าบริการ': 13, 'ความปลอดภัยและจราจร': 0, 'ระบบเครือข่ายและเทคโนโลยี': 0, 'บริการและสวัสดิการนิสิต': 0}",19,สุขอนามัยและความสะอาด
อาจารย์ครับ เกรดยังไม่ออกครับ รบกวนให้คำแนะนำที,"['เกรด', 'อาจารย์']","{'การเดินทาง / รถเมล์มพ.': 0, 'สิ่งอำนวยความสะดวกและอาคารสถานที่': 0, 'สุขอนามัยและความสะอาด': 0, 'การเรียนการสอนและหลักสูตร': 11, 'โรงอาหาร / ร้านค้าบริการ': 0, 'ความปลอดภัยและจราจร': 0, 'ระบบเครือข่ายและเทคโนโลยี': 0, 'บริการและสวัสดิการนิสิต': 0}",11,การเรียนการสอนและหลักสูตร
แจ้งเรื่องน้ำไม่ไหล ตรงตึก ICT ช่วยมาดูหน่อย,['น้ำไม่ไหล'],"{'การเดินทาง / รถเมล์มพ.': 0, 'สิ่งอำนวยความสะดวกและอาคารสถานที่': 9, 'สุขอนามัยและความสะอาด': 0, 'การเรียนการสอนและหลักสูตร': 0, 'โรงอาหาร / ร้านค้าบริการ': 0, 'ความปลอดภัยและจราจร': 0, 'ระบบเครือข่ายและเทคโนโลยี': 0, 'บริการและสวัสดิการนิสิต': 0}",9,สิ่งอำนวยความสะดวกและอาคารสถานที่
แจ้งเรื่องน้ำไม่ไหล ตรงห้องบรรยาย ช่วยมาดูหน่อย,['น้ำไม่ไหล'],"{'การเดินทาง / รถเมล์มพ.': 0, 'สิ่งอำนวยความสะดวกและอาคารสถานที่': 9, 'สุขอนามัยและความสะอาด': 0, 'การเรียนการสอนและหลักสูตร': 0, 'โรงอาหาร / ร้านค้าบริการ': 0, 'ความปลอดภัยและจราจร': 0, 'ระบบเครือข่ายและเทคโนโลยี': 0, 'บริการและสวัสดิการนิสิต': 0}",9,สิ่งอำนวยความสะดวกและอาคารสถานที่
แจ้งเรื่องหลังคารั่วหนักมาก ตรงห้องบรรยาย ช่วยมาดูหน่อย,['หลังคารั่ว'],"{'การเดินทาง / รถเมล์มพ.': 0, 'สิ่งอำนวยความสะดวกและอาคารสถานที่': 10, 'สุขอนามัยและความสะอาด': 0, 'การเรียนการสอนและหลักสูตร': 0, 'โรงอาหาร / ร้านค้าบริการ': 0, 'ความปลอดภัยและจราจร': 0, 'ระบบเครือข่ายและเทคโนโลยี': 0, 'บริการและสวัสดิการนิสิต': 0}",10,สิ่งอำนวยความสะดวกและอาคารสถานที่
สอบถามหน่อยครับ ทำบัตรนิสิตใหม่ที่ไหน,"['บัตรนิสิต', 'สอบถามหน่อยครับ']","{'การเดินทาง / รถเมล์มพ.': 0, 'สิ่งอำนวยความสะดวกและอาคารสถานที่': 0, 'สุขอนามัยและความสะอาด': 0, 'การเรียนการสอนและหลักสูตร': 0, 'โรงอาหาร / ร้านค้าบริการ': 0, 'ความปลอดภัยและจราจร': 0, 'ระบบเครือข่ายและเทคโนโลยี': 0, 'บริการและสวัสดิการนิสิต': 24}",24,บริการและสวัสดิการนิสิต
แจ้งทำความสะอาดตรงโรงอาหาร หญ้ารกมาก ครับ,"['หญ้ารก', 'ทำความสะอาด', 'โรงอาหาร', 'อาหาร']","{'การเดินทาง / รถเมล์มพ.': 0, 'สิ่งอำนวยความสะดวกและอาคารสถานที่': 0, 'สุขอนามัยและความสะอาด': 17, 'การเรียนการสอนและหลักสูตร': 0, 'โรงอาหาร / ร้านค้าบริการ': 13, 'ความปลอดภัยและจราจร': 0, 'ระบบเครือข่ายและเทคโนโลยี': 0, 'บริการและสวัสดิการนิสิต': 0}",17,สุขอนามัยและความสะอาด
รปภ. ช่วยดูตรงหลังมอ หน่อยครับ คนจอดรถขวางทาง,"['รปภ.', 'จอดรถขวาง', 'รปภ']","{'การเดินทาง / รถเมล์มพ.': 0, 'สิ่งอำนวยความสะดวกและอาคารสถานที่': 0, 'สุขอนามัยและความสะอาด': 0, 'การเรียนการสอนและหลักสูตร': 0, 'โรงอาหาร / ร้านค้าบริการ': 0, 'ความปลอดภัยและจราจร': 16, 'ระบบเครือข่ายและเทคโนโลยี': 0, 'บริการและสวัสดิการนิสิต': 0}",16,ความปลอดภัยและจราจร
ลงทะเบียนไม่ได้ ตอนนี้อยู่หน้ามอ ทำงานไม่ได้เลย,['ลงทะเบียนไม่ได้'],"{'การเดินทาง / รถเมล์มพ.': 0, 'สิ่งอำนวยความสะดวกและอาคารสถานที่': 0, 'สุขอนามัยและความสะอาด': 0, 'การเรียนการสอนและหลักสูตร': 0, 'โรงอาหาร / ร้านค้าบริการ': 0, 'ความปลอดภัยและจราจร': 0, 'ระบบเครือข่ายและเทคโนโลยี': 15, 'บริการและสวัสดิการนิสิต': 0}",15,ระบบเครือข่ายและเทคโนโลยี
แจ้งทำความสะอาดตรงสวนหน้าตึก กิ่งไม้หักขวางทาง ครับ,"['กิ่งไม้หัก', 'ทำความสะอาด']","{'การเดินทาง / รถเมล์มพ.': 0, 'สิ่งอำนวยความสะดวกและอาคารสถานที่': 0, 'สุขอนามัยและความสะอาด': 21, 'การเรียนการสอนและหลักสูตร': 0, 'โรงอาหาร / ร้านค้าบริการ': 0, 'ความปลอดภัยและจราจร': 0, 'ระบบเครือข่ายและเทคโนโลยี': 0, 'บริการและสวัสดิการนิสิต': 0}",21,สุขอนามัยและความสะอาด
เน็ตหลุดบ่อยมาก ตอนนี้อยู่ห้องสมุด ทำงานไม่ได้เลย,"['เน็ตหลุด', 'หลุดบ่อย']","{'การเดินทาง / รถเมล์มพ.': 0, 'สิ่งอำนวยความสะดวกและอาคารสถานที่': 0, 'สุขอนามัยและความสะอาด': 0, 'การเรียนการสอนและหลักสูตร': 0, 'โรงอาหาร / ร้านค้าบริการ': 0, 'ความปลอดภัยและจราจร': 0, 'ระบบเครือข่ายและเทคโนโลยี': 16, 'บริการและสวัสดิการนิสิต': 0}",16,ระบบเครือข่ายและเทคโนโลยี
รปภ. ช่วยดูตรงทางแยก หน่อยครับ ทางมืดมากอันตราย,"['อันตราย', 'รปภ.', 'ทางมืด', 'รปภ']","{'การเดินทาง / รถเมล์มพ.': 0, 'สิ่งอำนวยความสะดวกและอาคารสถานที่': 0, 'สุขอนามัยและความสะอาด': 0, 'การเรียนการสอนและหลักสูตร': 0, 'โรงอาหาร / ร้านค้าบริการ': 0, 'ความปลอดภัยและจราจร': 20, 'ระบบเครือข่ายและเทคโนโลยี': 0, 'บริการและสวัสดิการนิสิต': 0}",20,ความปลอดภัยและจราจร
สอบถามหน่อยครับ รถเมล์สาย 1 หมดกี่โมง,"['รถเมล์', 'รถเมล์สาย', 'สอบถามหน่อยครับ']","{'การเดินทาง / รถเมล์มพ.': 15, 'สิ่งอำนวยความสะดวกและอาคารสถานที่': 0, 'สุขอนามัยและความสะอาด': 0, 'การเรียนการสอนและหลักสูตร': 0, 'โรงอาหาร / ร้านค้าบริการ': 0, 'ความปลอดภัยและจราจร': 0, 'ระบบเครือข่ายและเทคโนโลยี': 0, 'บริการและสวัสดิการนิสิต': 15}",15,การเดินทาง / รถเมล์มพ.
แจ้งทำความสะอาดตรงริมสระน้ำ มีหมาจรจัดมาคุ้ยขยะ ครับ,"['หมาจรจัด', 'ทำความสะอาด']","{'การเดินทาง / รถเมล์มพ.': 0, 'สิ่งอำนวยความสะดวกและอาคารสถานที่': 0, 'สุขอนามัยและความสะอาด': 19, 'การเรียนการสอนและหลักสูตร': 0, 'โรงอาหาร / ร้านค้าบริการ': 0, 'ความปลอดภัยและจราจร': 0, 'ระบบเครือข่ายและเทคโนโลยี': 0, 'บริการและสวัสดิการนิสิต': 0}",19,สุขอนามัยและความสะอาด
อาจารย์ครับ ตารางเรียนไม่ขึ้นระบบ รบกวนให้คำแนะนำที,"['ตารางเรียน', 'อาจารย์', 'ระบบ']","{'การเดินทาง / รถเมล์มพ.': 0, 'สิ่งอำนวยความสะดวกและอาคารสถานที่': 0, 'สุขอนามัยและความสะอาด': 0, 'การเรียนการสอนและหลักสูตร': 17, 'โรงอาหาร / ร้านค้าบริการ': 0, 'ความปลอดภัยและจราจร': 0, 'ระบบเครือข่ายและเทคโนโลยี': 4, 'บริการและสวัสดิการนิสิต': 0}",17,การเรียนการสอนและหลักสูตร
อาจารย์ครับ ลงทะเบียนวิชานี้ไม่ได้ รบกวนให้คำแนะนำที,"['วิชา', 'อาจารย์']","{'การเดินทาง / รถเมล์มพ.': 0, 'สิ่งอำนวยความสะดวกและอาคารสถานที่': 0, 'สุขอนามัยและความสะอาด': 0, 'การเรียนการสอนและหลักสูตร': 11, 'โรงอาหาร / ร้านค้าบริการ': 0, 'ความปลอดภัยและจราจร': 0, 'ระบบเครือข่ายและเทคโนโลยี': 0, 'บริการและสวัสดิการนิสิต': 0}",11,การเรียนการสอนและหลักสูตร
รปภ. ช่วยดูตรงลานจอดรถ หน่อยครับ มีรถชนกัน,"['รถชน', 'รปภ.', 'รปภ']","{'การเดินทาง / รถเมล์มพ.': 0, 'สิ่งอำนวยความสะดวกและอาคารสถานที่': 0, 'สุขอนามัยและความสะอาด': 0, 'การเรียนการสอนและหลักสูตร': 0, 'โรงอาหาร / ร้านค้าบริการ': 0, 'ความปลอดภัยและจราจร': 11, 'ระบบเครือข่ายและเทคโนโลยี': 0, 'บริการและสวัสดิการนิสิต': 0}",11,ความปลอดภัยและจราจร
เน็ตหลุดบ่อยมาก ตอนนี้อยู่ห้องสมุด ทำงานไม่ได้เลย,"['เน็ตหลุด', 'หลุดบ่อย']","{'การเดินทาง / รถเมล์มพ.': 0, 'สิ่งอำนวยความสะดวกและอาคารสถานที่': 0, 'สุขอนามัยและความสะอาด': 0, 'การเรียนการสอนและหลักสูตร': 0, 'โรงอาหาร / ร้านค้าบริการ': 0, 'ความปลอดภัยและจราจร': 0, 'ระบบเครือข่ายและเทคโนโลยี': 16, 'บริการและสวัสดิการนิสิต': 0}",16,ระบบเครือข่ายและเทคโนโลยี
แจ้งเรื่องไฟดับครับ ตรงห้อง 1204 ช่วยมาดูหน่อย,['ไฟดับ'],"{'การเดินทาง / รถเมล์มพ.': 0, 'สิ่งอำนวยความสะดวกและอาคารสถานที่': 5, 'สุขอนามัยและความสะอาด': 0, 'การเรียนการสอนและหลักสูตร': 0, 'โรงอาหาร / ร้านค้าบริการ': 0, 'ความปลอดภัยและจราจร': 0, 'ระบบเครือข่ายและเทคโนโลยี': 0, 'บริการและสวัสดิการนิสิต': 0}",5,สิ่งอำนวยความสะดวกและอาคารสถานที่
รปภ. ช่วยดูตรงทางแยก หน่อยครับ รถติดหนักมาก,"['รถติด', 'รปภ.', 'รปภ']","{'การเดินทาง / รถเมล์มพ.': 5, 'สิ่งอำนวยความสะดวกและอาคารสถานที่': 0, 'สุขอนามัยและความสะอาด': 0, 'การเรียนการสอนและหลักสูตร': 0, 'โรงอาหาร / ร้านค้าบริการ': 0, 'ความปลอดภัยและจราจร': 7, 'ระบบเครือข่ายและเทคโนโลยี': 0, 'บริการและสวัสดิการนิสิต': 0}",7,ความปลอดภัยและจราจร
ลืมรหัสผ่านเข้าระบบ ตอนนี้อยู่หอพักใน ทำงานไม่ได้เลย,"['ลืมรหัสผ่าน', 'ระบบ']","{'การเดินทาง / รถเมล์มพ.': 0, 'สิ่งอำนวยความสะดวกและอาคารสถานที่': 0, 'สุขอนามัยและความสะอาด': 0, 'การเรียนการสอนและหลักสูตร': 0, 'โรงอาหาร / ร้านค้าบริการ': 0, 'ความปลอดภัยและจราจร': 0, 'ระบบเครือข่ายและเทคโนโลยี': 15, 'บริการและสวัสดิการนิสิต': 0}",15,ระบบเครือข่ายและเทคโนโลยี
แจ้งเรื่องแอร์ไม่เย็นเลย ตรงห้อง 1204 ช่วยมาดูหน่อย,"['แอร์ไม่เย็น', 'แอร์']","{'การเดินทาง / รถเมล์มพ.': 0, 'สิ่งอำนวยความสะดวกและอาคารสถานที่': 15, 'สุขอนามัยและความสะอาด': 0, 'การเรียนการสอนและหลักสูตร': 0, 'โรงอาหาร / ร้านค้าบริการ': 0, 'ความปลอดภัยและจราจร': 0, 'ระบบเครือข่ายและเทคโนโลยี': 0, 'บริการและสวัสดิการนิสิต': 0}",15,สิ่งอำนวยความสะดวกและอาคารสถานที่
แจ้งทำความสะอาดตรงสวนหน้าตึก หญ้ารกมาก ครับ,"['หญ้ารก', 'ทำความสะอาด']","{'การเดินทาง / รถเมล์มพ.': 0, 'สิ่งอำนวยความสะดวกและอาคารสถานที่': 0, 'สุขอนามัยและความสะอาด': 17, 'การเรียนการสอนและหลักสูตร': 0, 'โรงอาหาร / ร้านค้าบริการ': 0, 'ความปลอดภัยและจราจร': 0, 'ระบบเครือข่ายและเทคโนโลยี': 0, 'บริการและสวัสดิการนิสิต': 0}",17,สุขอนามัยและความสะอาด
สอบถามหน่อยครับ อยากทราบกำหนดการกิจกรรมรับน้อง,"['กิจกรรม', 'สอบถามหน่อยครับ']","{'การเดินทาง / รถเมล์มพ.': 0, 'สิ่งอำนวยความสะดวกและอาคารสถานที่': 0, 'สุขอนามัยและความสะอาด': 0, 'การเรียนการสอนและหลักสูตร': 0, 'โรงอาหาร / ร้านค้าบริการ': 0, 'ความปลอดภัยและจราจร': 0, 'ระบบเครือข่ายและเทคโนโลยี': 0, 'บริการและสวัสดิการนิสิต': 22}",22,บริการและสวัสดิการนิสิต
รปภ. ช่วยดูตรงลานจอดรถ หน่อยครับ รถติดหนักมาก,"['รถติด', 'รปภ.', 'รปภ']","{'การเดินทาง / รถเมล์มพ.': 5, 'สิ่งอำนวยความสะดวกและอาคารสถานที่': 0, 'สุขอนามัยและความสะอาด': 0, 'การเรียนการสอนและหลักสูตร': 0, 'โรงอาหาร / ร้านค้าบริการ': 0, 'ความปลอดภัยและจราจร': 7, 'ระบบเครือข่ายและเทคโนโลยี': 0, 'บริการและสวัสดิการนิสิต': 0}",7,ความปลอดภัยและจราจร
สอบถามหน่อยครับ อยากทราบกำหนดการกิจกรรมรับน้อง,"['กิจกรรม', 'สอบถามหน่อยครับ']","{'การเดินทาง / รถเมล์มพ.': 0, 'สิ่งอำนวยความสะดวกและอาคารสถานที่': 0, 'สุขอนามัยและความสะอาด': 0, 'การเรียนการสอนและหลักสูตร': 0, 'โรงอาหาร / ร้านค้าบริการ': 0, 'ความปลอดภัยและจราจร': 0, 'ระบบเครือข่ายและเทคโนโลยี': 0, 'บริการและสวัสดิการนิสิต': 22}",22,บริการและสวัสดิการนิสิต
แจ้งเรื่องหลังคารั่วหนักมาก ตรงห้องน้ำตึกสงวน ช่วยมาดูหน่อย,['หลังคารั่ว'],"{'การเดินทาง / รถเมล์มพ.': 0, 'สิ่งอำนวยความสะดวกและอาคารสถานที่': 10, 'สุขอนามัยและความสะอาด': 0, 'การเรียนการสอนและหลักสูตร': 0, 'โรงอาหาร / ร้านค้าบริการ': 0, 'ความปลอดภัยและจราจร': 0, 'ระบบเครือข่ายและเทคโนโลยี': 0, 'บริการและสวัสดิการนิสิต': 0}",10,สิ่งอำนวยความสะดวกและอาคารสถานที่
แจ้งเรื่องแอร์ไม่เย็นเลย ตรงตึกวิทย์ ช่วยมาดูหน่อย,"['แอร์ไม่เย็น', 'แอร์']","{'การเดินทาง / รถเมล์มพ.': 0, 'สิ่งอำนวยความสะดวกและอาคารสถานที่': 15, 'สุขอนามัยและความสะอาด': 0, 'การเรียนการสอนและหลักสูตร': 0, 'โรงอาหาร / ร้านค้าบริการ': 0, 'ความปลอดภัยและจราจร': 0, 'ระบบเครือข่ายและเทคโนโลยี': 0, 'บริการและสวัสดิการนิสิต': 0}",15,สิ่งอำนวยความสะดวกและอาคารสถานที่
แจ้งทำความสะอาดตรงสนามบาส ขยะล้นถังส่งกลิ่นเหม็น ครับ,"['ขยะล้น', 'เหม็น', 'ทำความสะอาด', 'กลิ่นเหม็น']","{'การเดินทาง / รถเมล์มพ.': 0, 'สิ่งอำนวยความสะดวกและอาคารสถานที่': 0, 'สุขอนามัยและความสะอาด': 32, 'การเรียนการสอนและหลักสูตร': 0, 'โรงอาหาร / ร้านค้าบริการ': 0, 'ความปลอดภัยและจราจร': 0, 'ระบบเครือข่ายและเทคโนโลยี': 0, 'บริการและสวัสดิการนิสิต': 0}",32,สุขอนามัยและความสะอาด
อาจารย์ครับ ลงทะเบียนวิชานี้ไม่ได้ รบกวนให้คำแนะนำที,"['วิชา', 'อาจารย์']","{'การเดินทาง / รถเมล์มพ.': 0, 'สิ่งอำนวยความสะดวกและอาคารสถานที่': 0, 'สุขอนามัยและความสะอาด': 0, 'การเรียนการสอนและหลักสูตร': 11, 'โรงอาหาร / ร้านค้าบริการ': 0, 'ความปลอดภัยและจราจร': 0, 'ระบบเครือข่ายและเทคโนโลยี': 0, 'บริการและสวัสดิการนิสิต': 0}",11,การเรียนการสอนและหลักสูตร
รปภ. ช่วยดูตรงหลังมอ หน่อยครับ หมวกกันน็อคหาย,"['รปภ.', 'รปภ', 'หมวกกันน็อคหาย']","{'การเดินทาง / รถเมล์มพ.': 0, 'สิ่งอำนวยความสะดวกและอาคารสถานที่': 0, 'สุขอนามัยและความสะอาด': 0, 'การเรียนการสอนและหลักสูตร': 0, 'โรงอาหาร / ร้านค้าบริการ': 0, 'ความปลอดภัยและจราจร': 7, 'ระบบเครือข่ายและเทคโนโลยี': 0, 'บริการและสวัสดิการนิสิต': 14}",14,บริการและสวัสดิการนิสิต
ลืมรหัสผ่านเข้าระบบ ตอนนี้อยู่ตึกคณะ ทำงานไม่ได้เลย,"['ลืมรหัสผ่าน', 'ระบบ']","{'การเดินทาง / รถเมล์มพ.': 0, 'สิ่งอำนวยความสะดวกและอาคารสถานที่': 0, 'สุขอนามัยและความสะอาด': 0, 'การเรียนการสอนและหลักสูตร': 0, 'โรงอาหาร / ร้านค้าบริการ': 0, 'ความปลอดภัยและจราจร': 0, 'ระบบเครือข่ายและเทคโนโลยี': 15, 'บริการและสวัสดิการนิสิต': 0}",15,ระบบเครือข่ายและเทคโนโลยี
ลงทะเบียนไม่ได้ ตอนนี้อยู่ห้องสมุด ทำงานไม่ได้เลย,['ลงทะเบียนไม่ได้'],"{'การเดินทาง / รถเมล์มพ.': 0, 'สิ่งอำนวยความสะดวกและอาคารสถานที่': 0, 'สุขอนามัยและความสะอาด': 0, 'การเรียนการสอนและหลักสูตร': 0, 'โรงอาหาร / ร้านค้าบริการ': 0, 'ความปลอดภัยและจราจร': 0, 'ระบบเครือข่ายและเทคโนโลยี': 15, 'บริการและสวัสดิการนิสิต': 0}",15,ระบบเครือข่ายและเทคโนโลยี
รปภ. ช่วยดูตรงหลังมอ หน่อยครับ ทางมืดมากอันตราย,"['อันตราย', 'รปภ.', 'ทางมืด', 'รปภ']","{'การเดินทาง / รถเมล์มพ.': 0, 'สิ่งอำนวยความสะดวกและอาคารสถานที่': 0, 'สุขอนามัยและความสะอาด': 0, 'การเรียนการสอนและหลักสูตร': 0, 'โรงอาหาร / ร้านค้าบริการ': 0, 'ความปลอดภัยและจราจร': 20, 'ระบบเครือข่ายและเทคโนโลยี': 0, 'บริการและสวัสดิการนิสิต': 0}",20,ความปลอดภัยและจราจร
สอบถามหน่อยครับ อยากทราบกำหนดการกิจกรรมรับน้อง,"['กิจกรรม', 'สอบถามหน่อยครับ']","{'การเดินทาง / รถเมล์มพ.': 0, 'สิ่งอำนวยความสะดวกและอาคารสถานที่': 0, 'สุขอนามัยและความสะอาด': 0, 'การเรียนการสอนและหลักสูตร': 0, 'โรงอาหาร / ร้านค้าบริการ': 0, 'ความปลอดภัยและจราจร': 0, 'ระบบเครือข่ายและเทคโนโลยี': 0, 'บริการและสวัสดิการนิสิต': 22}",22,บริการและสวัสดิการนิสิต
แจ้งเรื่องแอร์ไม่เย็นเลย ตรงอาคารเรียนรวม ช่วยมาดูหน่อย,"['แอร์ไม่เย็น', 'แอร์']","{'การเดินทาง / รถเมล์มพ.': 0, 'สิ่งอำนวยความสะดวกและอาคารสถานที่': 15, 'สุขอนามัยและความสะอาด': 0, 'การเรียนการสอนและหลักสูตร': 0, 'โรงอาหาร / ร้านค้าบริการ': 0, 'ความปลอดภัยและจราจร': 0, 'ระบบเครือข่ายและเทคโนโลยี': 0, 'บริการและสวัสดิการนิสิต': 0}",15,สิ่งอำนวยความสะดวกและอาคารสถานที่
รปภ. ช่วยดูตรงทางแยก หน่อยครับ หมวกกันน็อคหาย,"['รปภ.', 'รปภ', 'หมวกกันน็อคหาย']","{'การเดินทาง / รถเมล์มพ.': 0, 'สิ่งอำนวยความสะดวกและอาคารสถานที่': 0, 'สุขอนามัยและความสะอาด': 0, 'การเรียนการสอนและหลักสูตร': 0, 'โรงอาหาร / ร้านค้าบริการ': 0, 'ความปลอดภัยและจราจร': 7, 'ระบบเครือข่ายและเทคโนโลยี': 0, 'บริการและสวัสดิการนิสิต': 14}",14,บริการและสวัสดิการนิสิต
แจ้งทำความสะอาดตรงโรงอาหาร กิ่งไม้หักขวางทาง ครับ,"['กิ่งไม้หัก', 'ทำความสะอาด', 'โรงอาหาร', 'อาหาร']","{'การเดินทาง / รถเมล์มพ.': 0, 'สิ่งอำนวยความสะดวกและอาคารสถานที่': 0, 'สุขอนามัยและความสะอาด': 21, 'การเรียนการสอนและหลักสูตร': 0, 'โรงอาหาร / ร้านค้าบริการ': 13, 'ความปลอดภัยและจราจร': 0, 'ระบบเครือข่ายและเทคโนโลยี': 0, 'บริการและสวัสดิการนิสิต': 0}",21,สุขอนามัยและความสะอาด
อาจารย์ครับ อยากติดต่ออาจารย์เรื่องดรอปเรียน รบกวนให้คำแนะนำที,"['ดรอปเรียน', 'ติดต่ออาจารย์', 'อาจารย์']","{'การเดินทาง / รถเมล์มพ.': 0, 'สิ่งอำนวยความสะดวกและอาคารสถานที่': 0, 'สุขอนามัยและความสะอาด': 0, 'การเรียนการสอนและหลักสูตร': 29, 'โรงอาหาร / ร้านค้าบริการ': 0, 'ความปลอดภัยและจราจร': 0, 'ระบบเครือข่ายและเทคโนโลยี': 0, 'บริการและสวัสดิการนิสิต': 0}",29,การเรียนการสอนและหลักสูตร
รปภ. ช่วยดูตรงประตู 2 หน่อยครับ หมวกกันน็อคหาย,"['รปภ.', 'รปภ', 'ประตู 2', 'หมวกกันน็อคหาย']","{'การเดินทาง / รถเมล์มพ.': 0, 'สิ่งอำนวยความสะดวกและอาคารสถานที่': 0, 'สุขอนามัยและความสะอาด': 0, 'การเรียนการสอนและหลักสูตร': 0, 'โรงอาหาร / ร้านค้าบริการ': 0, 'ความปลอดภัยและจราจร': 14, 'ระบบเครือข่ายและเทคโนโลยี': 0, 'บริการและสวัสดิการนิสิต': 14}",14,ความปลอดภัยและจราจร
สอบถามหน่อยครับ อยากทราบกำหนดการกิจกรรมรับน้อง,"['กิจกรรม', 'สอบถามหน่อยครับ']","{'การเดินทาง / รถเมล์มพ.': 0, 'สิ่งอำนวยความสะดวกและอาคารสถานที่': 0, 'สุขอนามัยและความสะอาด': 0, 'การเรียนการสอนและหลักสูตร': 0, 'โรงอาหาร / ร้านค้าบริการ': 0, 'ความปลอดภัยและจราจร': 0, 'ระบบเครือข่ายและเทคโนโลยี': 0, 'บริการและสวัสดิการนิสิต': 22}",22,บริการและสวัสดิการนิสิต
สอบถามหน่อยครับ รถเมล์สาย 1 หมดกี่โมง,"['รถเมล์', 'รถเมล์สาย', 'สอบถามหน่อยครับ']","{'การเดินทาง / รถเมล์มพ.': 15, 'สิ่งอำนวยความสะดวกและอาคารสถานที่': 0, 'สุขอนามัยและความสะอาด': 0, 'การเรียนการสอนและหลักสูตร': 0, 'โรงอาหาร / ร้านค้าบริการ': 0, 'ความปลอดภัยและจราจร': 0, 'ระบบเครือข่ายและเทคโนโลยี': 0, 'บริการและสวัสดิการนิสิต': 15}",15,การเดินทาง / รถเมล์มพ.
เน็ตหลุดบ่อยมาก ตอนนี้อยู่หอพักใน ทำงานไม่ได้เลย,"['เน็ตหลุด', 'หลุดบ่อย']","{'การเดินทาง / รถเมล์มพ.': 0, 'สิ่งอำนวยความสะดวกและอาคารสถานที่': 0, 'สุขอนามัยและความสะอาด': 0, 'การเรียนการสอนและหลักสูตร': 0, 'โรงอาหาร / ร้านค้าบริการ': 0, 'ความปลอดภัยและจราจร': 0, 'ระบบเครือข่ายและเทคโนโลยี': 16, 'บริการและสวัสดิการนิสิต': 0}",16,ระบบเครือข่ายและเทคโนโลยี
แจ้งเรื่องไฟดับครับ ตรงอาคารเรียนรวม ช่วยมาดูหน่อย,['ไฟดับ'],"{'การเดินทาง / รถเมล์มพ.': 0, 'สิ่งอำนวยความสะดวกและอาคารสถานที่': 5, 'สุขอนามัยและความสะอาด': 0, 'การเรียนการสอนและหลักสูตร': 0, 'โรงอาหาร / ร้านค้าบริการ': 0, 'ความปลอดภัยและจราจร': 0, 'ระบบเครือข่ายและเทคโนโลยี': 0, 'บริการและสวัสดิการนิสิต': 0}",5,สิ่งอำนวยความสะดวกและอาคารสถานที่
แจ้งเรื่องประตูพัง ตรงตึก ICT ช่วยมาดูหน่อย,"['พัง', 'ประตูพัง']","{'การเดินทาง / รถเมล์มพ.': 0, 'สิ่งอำนวยความสะดวกและอาคารสถานที่': 11, 'สุขอนามัยและความสะอาด': 0, 'การเรียนการสอนและหลักสูตร': 0, 'โรงอาหาร / ร้านค้าบริการ': 0, 'ความปลอดภัยและจราจร': 0, 'ระบบเครือข่ายและเทคโนโลยี': 0, 'บริการและสวัสดิการนิสิต': 0}",11,สิ่งอำนวยความสะดวกและอาคารสถานที่
อาจารย์ครับ ลงทะเบียนวิชานี้ไม่ได้ รบกวนให้คำแนะนำที,"['วิชา', 'อาจารย์']","{'การเดินทาง / รถเมล์มพ.': 0, 'สิ่งอำนวยความสะดวกและอาคารสถานที่': 0, 'สุขอนามัยและความสะอาด': 0, 'การเรียนการสอนและหลักสูตร': 11, 'โรงอาหาร / ร้านค้าบริการ': 0, 'ความปลอดภัยและจราจร': 0, 'ระบบเครือข่ายและเทคโนโลยี': 0, 'บริการและสวัสดิการนิสิต': 0}",11,การเรียนการสอนและหลักสูตร
ไวไฟเข้าไม่ได้ ตอนนี้อยู่หน้ามอ ทำงานไม่ได้เลย,"['ไวไฟเข้าไม่ได้', 'ไวไฟ']","{'การเดินทาง / รถเมล์มพ.': 0, 'สิ่งอำนวยความสะดวกและอาคารสถานที่': 0, 'สุขอนามัยและความสะอาด': 0, 'การเรียนการสอนและหลักสูตร': 0, 'โรงอาหาร / ร้านค้าบริการ': 0, 'ความปลอดภัยและจราจร': 0, 'ระบบเครือข่ายและเทคโนโลยี': 18, 'บริการและสวัสดิการนิสิต': 0}",18,ระบบเครือข่ายและเทคโนโลยี
รปภ. ช่วยดูตรงหลังมอ หน่อยครับ รถติดหนักมาก,"['รถติด', 'รปภ.', 'รปภ']","{'การเดินทาง / รถเมล์มพ.': 5, 'สิ่งอำนวยความสะดวกและอาคารสถานที่': 0, 'สุขอนามัยและความสะอาด': 0, 'การเรียนการสอนและหลักสูตร': 0, 'โรงอาหาร / ร้านค้าบริการ': 0, 'ความปลอดภัยและจราจร': 7, 'ระบบเครือข่ายและเทคโนโลยี': 0, 'บริการและสวัสดิการนิสิต': 0}",7,ความปลอดภัยและจราจร
แจ้งเรื่องแอร์ไม่เย็นเลย ตรงตึกวิทย์ ช่วยมาดูหน่อย,"['แอร์ไม่เย็น', 'แอร์']","{'การเดินทาง / รถเมล์มพ.': 0, 'สิ่งอำนวยความสะดวกและอาคารสถานที่': 15, 'สุขอนามัยและความสะอาด': 0, 'การเรียนการสอนและหลักสูตร': 0, 'โรงอาหาร / ร้านค้าบริการ': 0, 'ความปลอดภัยและจราจร': 0, 'ระบบเครือข่ายและเทคโนโลยี': 0, 'บริการและสวัสดิการนิสิต': 0}",15,สิ่งอำนวยความสะดวกและอาคารสถานที่
รปภ. ช่วยดูตรงประตู 2 หน่อยครับ คนจอดรถขวางทาง,"['รปภ.', 'จอดรถขวาง', 'รปภ', 'ประตู 2']","{'การเดินทาง / รถเมล์มพ.': 0, 'สิ่งอำนวยความสะดวกและอาคารสถานที่': 0, 'สุขอนามัยและความสะอาด': 0, 'การเรียนการสอนและหลักสูตร': 0, 'โรงอาหาร / ร้านค้าบริการ': 0, 'ความปลอดภัยและจราจร': 23, 'ระบบเครือข่ายและเทคโนโลยี': 0, 'บริการและสวัสดิการนิสิต': 0}",23,ความปลอดภัยและจราจร
แจ้งทำความสะอาดตรงทางเดิน มีหมาจรจัดมาคุ้ยขยะ ครับ,"['หมาจรจัด', 'ทำความสะอาด']","{'การเดินทาง / รถเมล์มพ.': 0, 'สิ่งอำนวยความสะดวกและอาคารสถานที่': 0, 'สุขอนามัยและความสะอาด': 19, 'การเรียนการสอนและหลักสูตร': 0, 'โรงอาหาร / ร้านค้าบริการ': 0, 'ความปลอดภัยและจราจร': 0, 'ระบบเครือข่ายและเทคโนโลยี': 0, 'บริการและสวัสดิการนิสิต': 0}",19,สุขอนามัยและความสะอาด
อาจารย์ครับ ตารางเรียนไม่ขึ้นระบบ รบกวนให้คำแนะนำที,"['ตารางเรียน', 'อาจารย์', 'ระบบ']","{'การเดินทาง / รถเมล์มพ.': 0, 'สิ่งอำนวยความสะดวกและอาคารสถานที่': 0, 'สุขอนามัยและความสะอาด': 0, 'การเรียนการสอนและหลักสูตร': 17, 'โรงอาหาร / ร้านค้าบริการ': 0, 'ความปลอดภัยและจราจร': 0, 'ระบบเครือข่ายและเทคโนโลยี': 4, 'บริการและสวัสดิการนิสิต': 0}",17,การเรียนการสอนและหลักสูตร
รปภ. ช่วยดูตรงหลังมอ หน่อยครับ คนจอดรถขวางทาง,"['รปภ.', 'จอดรถขวาง', 'รปภ']","{'การเดินทาง / รถเมล์มพ.': 0, 'สิ่งอำนวยความสะดวกและอาคารสถานที่': 0, 'สุขอนามัยและความสะอาด': 0, 'การเรียนการสอนและหลักสูตร': 0, 'โรงอาหาร / ร้านค้าบริการ': 0, 'ความปลอดภัยและจราจร': 16, 'ระบบเครือข่ายและเทคโนโลยี': 0, 'บริการและสวัสดิการนิสิต': 0}",16,ความปลอดภัยและจราจร
ลงทะเบียนไม่ได้ ตอนนี้อยู่ห้องสมุด ทำงานไม่ได้เลย,['ลงทะเบียนไม่ได้'],"{'การเดินทาง / รถเมล์มพ.': 0, 'สิ่งอำนวยความสะดวกและอาคารสถานที่': 0, 'สุขอนามัยและความสะอาด': 0, 'การเรียนการสอนและหลักสูตร': 0, 'โรงอาหาร / ร้านค้าบริการ': 0, 'ความปลอดภัยและจราจร': 0, 'ระบบเครือข่ายและเทคโนโลยี': 15, 'บริการและสวัสดิการนิสิต': 0}",15,ระบบเครือข่ายและเทคโนโลยี
ลืมรหัสผ่านเข้าระบบ ตอนนี้อยู่ห้องสมุด ทำงานไม่ได้เลย,"['ลืมรหัสผ่าน', 'ระบบ']","{'การเดินทาง / รถเมล์มพ.': 0, 'สิ่งอำนวยความสะดวกและอาคารสถานที่': 0, 'สุขอนามัยและความสะอาด': 0, 'การเรียนการสอนและหลักสูตร': 0, 'โรงอาหาร / ร้านค้าบริการ': 0, 'ความปลอดภัยและจราจร': 0, 'ระบบเครือข่ายและเทคโนโลยี': 15, 'บริการและสวัสดิการนิสิต': 0}",15,ระบบเครือข่ายและเทคโนโลยี
อาจารย์ครับ อยากติดต่ออาจารย์เรื่องดรอปเรียน รบกวนให้คำแนะนำที,"['ดรอปเรียน', 'ติดต่ออาจารย์', 'อาจารย์']","{'การเดินทาง / รถเมล์มพ.': 0, 'สิ่งอำนวยความสะดวกและอาคารสถานที่': 0, 'สุขอนามัยและความสะอาด': 0, 'การเรียนการสอนและหลักสูตร': 29, 'โรงอาหาร / ร้านค้าบริการ': 0, 'ความปลอดภัยและจราจร': 0, 'ระบบเครือข่ายและเทคโนโลยี': 0, 'บริการและสวัสดิการนิสิต': 0}",29,การเรียนการสอนและหลักสูตร
สอบถามหน่อยครับ สอบถามเรื่องทุนการศึกษา,"['ทุนการศึกษา', 'สอบถามหน่อยครับ']","{'การเดินทาง / รถเมล์มพ.': 0, 'สิ่งอำนวยความสะดวกและอาคารสถานที่': 0, 'สุขอนามัยและความสะอาด': 0, 'การเรียนการสอนและหลักสูตร': 0, 'โรงอาหาร / ร้านค้าบริการ': 0, 'ความปลอดภัยและจราจร': 0, 'ระบบเครือข่ายและเทคโนโลยี': 0, 'บริการและสวัสดิการนิสิต': 26}",26,บริการและสวัสดิการนิสิต
แจ้งทำความสะอาดตรงริมสระน้ำ หญ้ารกมาก ครับ,"['หญ้ารก', 'ทำความสะอาด']","{'การเดินทาง / รถเมล์มพ.': 0, 'สิ่งอำนวยความสะดวกและอาคารสถานที่': 0, 'สุขอนามัยและความสะอาด': 17, 'การเรียนการสอนและหลักสูตร': 0, 'โรงอาหาร / ร้านค้าบริการ': 0, 'ความปลอดภัยและจราจร': 0, 'ระบบเครือข่ายและเทคโนโลยี': 0, 'บริการและสวัสดิการนิสิต': 0}",17,สุขอนามัยและความสะอาด
แจ้งทำความสะอาดตรงทางเดิน กิ่งไม้หักขวางทาง ครับ,"['กิ่งไม้หัก', 'ทำความสะอาด']","{'การเดินทาง / รถเมล์มพ.': 0, 'สิ่งอำนวยความสะดวกและอาคารสถานที่': 0, 'สุขอนามัยและความสะอาด': 21, 'การเรียนการสอนและหลักสูตร': 0, 'โรงอาหาร / ร้านค้าบริการ': 0, 'ความปลอดภัยและจราจร': 0, 'ระบบเครือข่ายและเทคโนโลยี': 0, 'บริการและสวัสดิการนิสิต': 0}",21,สุขอนามัยและความสะอาด
อาจารย์ครับ เกรดยังไม่ออกครับ รบกวนให้คำแนะนำที,"['เกรด', 'อาจารย์']","{'การเดินทาง / รถเมล์มพ.': 0, 'สิ่งอำนวยความสะดวกและอาคารสถานที่': 0, 'สุขอนามัยและความสะอาด': 0, 'การเรียนการสอนและหลักสูตร': 11, 'โรงอาหาร / ร้านค้าบริการ': 0, 'ความปลอดภัยและจราจร': 0, 'ระบบเครือข่ายและเทคโนโลยี': 0, 'บริการและสวัสดิการนิสิต': 0}",11,การเรียนการสอนและหลักสูตร
สอบถามหน่อยครับ ทำบัตรนิสิตใหม่ที่ไหน,"['บัตรนิสิต', 'สอบถามหน่อยครับ']","{'การเดินทาง / รถเมล์มพ.': 0, 'สิ่งอำนวยความสะดวกและอาคารสถานที่': 0, 'สุขอนามัยและความสะอาด': 0, 'การเรียนการสอนและหลักสูตร': 0, 'โรงอาหาร / ร้านค้าบริการ': 0, 'ความปลอดภัยและจราจร': 0, 'ระบบเครือข่ายและเทคโนโลยี': 0, 'บริการและสวัสดิการนิสิต': 24}",24,บริการและสวัสดิการนิสิต
แจ้งเรื่องแอร์ไม่เย็นเลย ตรงห้อง 1204 ช่วยมาดูหน่อย,"['แอร์ไม่เย็น', 'แอร์']","{'การเดินทาง / รถเมล์มพ.': 0, 'สิ่งอำนวยความสะดวกและอาคารสถานที่': 15, 'สุขอนามัยและความสะอาด': 0, 'การเรียนการสอนและหลักสูตร': 0, 'โรงอาหาร / ร้านค้าบริการ': 0, 'ความปลอดภัยและจราจร': 0, 'ระบบเครือข่ายและเทคโนโลยี': 0, 'บริการและสวัสดิการนิสิต': 0}",15,สิ่งอำนวยความสะดวกและอาคารสถานที่
สอบถามหน่อยครับ รถเมล์สาย 1 หมดกี่โมง,"['รถเมล์', 'รถเมล์สาย', 'สอบถามหน่อยครับ']","{'การเดินทาง / รถเมล์มพ.': 15, 'สิ่งอำนวยความสะดวกและอาคารสถานที่': 0, 'สุขอนามัยและความสะอาด': 0, 'การเรียนการสอนและหลักสูตร': 0, 'โรงอาหาร / ร้านค้าบริการ': 0, 'ความปลอดภัยและจราจร': 0, 'ระบบเครือข่ายและเทคโนโลยี': 0, 'บริการและสวัสดิการนิสิต': 15}",15,การเดินทาง / รถเมล์มพ.
ระบบล่ม ตอนนี้อยู่ห้องสมุด ทำงานไม่ได้เลย,"['ระบบล่ม', 'ระบบ']","{'การเดินทาง / รถเมล์มพ.': 0, 'สิ่งอำนวยความสะดวกและอาคารสถานที่': 0, 'สุขอนามัยและความสะอาด': 0, 'การเรียนการสอนและหลักสูตร': 0, 'โรงอาหาร / ร้านค้าบริการ': 0, 'ความปลอดภัยและจราจร': 0, 'ระบบเครือข่ายและเทคโนโลยี': 11, 'บริการและสวัสดิการนิสิต': 0}",11,ระบบเครือข่ายและเทคโนโลยี
สอบถามหน่อยครับ อยากทราบกำหนดการกิจกรรมรับน้อง,"['กิจกรรม', 'สอบถามหน่อยครับ']","{'การเดินทาง / รถเมล์มพ.': 0, 'สิ่งอำนวยความสะดวกและอาคารสถานที่': 0, 'สุขอนามัยและความสะอาด': 0, 'การเรียนการสอนและหลักสูตร': 0, 'โรงอาหาร / ร้านค้าบริการ': 0, 'ความปลอดภัยและจราจร': 0, 'ระบบเครือข่ายและเทคโนโลยี': 0, 'บริการและสวัสดิการนิสิต': 22}",22,บริการและสวัสดิการนิสิต
รปภ. ช่วยดูตรงทางแยก หน่อยครับ หมวกกันน็อคหาย,"['รปภ.', 'รปภ', 'หมวกกันน็อคหาย']","{'การเดินทาง / รถเมล์มพ.': 0, 'สิ่งอำนวยความสะดวกและอาคารสถานที่': 0, 'สุขอนามัยและความสะอาด': 0, 'การเรียนการสอนและหลักสูตร': 0, 'โรงอาหาร / ร้านค้าบริการ': 0, 'ความปลอดภัยและจราจร': 7, 'ระบบเครือข่ายและเทคโนโลยี': 0, 'บริการและสวัสดิการนิสิต': 14}",14,บริการและสวัสดิการนิสิต
ลืมรหัสผ่านเข้าระบบ ตอนนี้อยู่ห้องสมุด ทำงานไม่ได้เลย,"['ลืมรหัสผ่าน', 'ระบบ']","{'การเดินทาง / รถเมล์มพ.': 0, 'สิ่งอำนวยความสะดวกและอาคารสถานที่': 0, 'สุขอนามัยและความสะอาด': 0, 'การเรียนการสอนและหลักสูตร': 0, 'โรงอาหาร / ร้านค้าบริการ': 0, 'ความปลอดภัยและจราจร': 0, 'ระบบเครือข่ายและเทคโนโลยี': 15, 'บริการและสวัสดิการนิสิต': 0}",15,ระบบเครือข่ายและเทคโนโลยี
อาจารย์ครับ อยากติดต่ออาจารย์เรื่องดรอปเรียน รบกวนให้คำแนะนำที,"['ดรอปเรียน', 'ติดต่ออาจารย์', 'อาจารย์']","{'การเดินทาง / รถเมล์มพ.': 0, 'สิ่งอำนวยความสะดวกและอาคารสถานที่': 0, 'สุขอนามัยและความสะอาด': 0, 'การเรียนการสอนและหลักสูตร': 29, 'โรงอาหาร / ร้านค้าบริการ': 0, 'ความปลอดภัยและจราจร': 0, 'ระบบเครือข่ายและเทคโนโลยี': 0, 'บริการและสวัสดิการนิสิต': 0}",29,การเรียนการสอนและหลักสูตร
ลงทะเบียนไม่ได้ ตอนนี้อยู่ห้องสมุด ทำงานไม่ได้เลย,['ลงทะเบียนไม่ได้'],"{'การเดินทาง / รถเมล์มพ.': 0, 'สิ่งอำนวยความสะดวกและอาคารสถานที่': 0, 'สุขอนามัยและความสะอาด': 0, 'การเรียนการสอนและหลักสูตร': 0, 'โรงอาหาร / ร้านค้าบริการ': 0, 'ความปลอดภัยและจราจร': 0, 'ระบบเครือข่ายและเทคโนโลยี': 15, 'บริการและสวัสดิการนิสิต': 0}",15,ระบบเครือข่ายและเทคโนโลยี
แจ้งทำความสะอาดตรงทางเดิน ขยะล้นถังส่งกลิ่นเหม็น ครับ,"['ขยะล้น', 'เหม็น', 'ทำความสะอาด', 'กลิ่นเหม็น']","{'การเดินทาง / รถเมล์มพ.': 0, 'สิ่งอำนวยความสะดวกและอาคารสถานที่': 0, 'สุขอนามัยและความสะอาด': 32, 'การเรียนการสอนและหลักสูตร': 0, 'โรงอาหาร / ร้านค้าบริการ': 0, 'ความปลอดภัยและจราจร': 0, 'ระบบเครือข่ายและเทคโนโลยี': 0, 'บริการและสวัสดิการนิสิต': 0}",32,สุขอนามัยและความสะอาด
อาจารย์ครับ เกรดยังไม่ออกครับ รบกวนให้คำแนะนำที,"['เกรด', 'อาจารย์']","{'การเดินทาง / รถเมล์มพ.': 0, 'สิ่งอำนวยความสะดวกและอาคารสถานที่': 0, 'สุขอนามัยและความสะอาด': 0, 'การเรียนการสอนและหลักสูตร': 11, 'โรงอาหาร / ร้านค้าบริการ': 0, 'ความปลอดภัยและจราจร': 0, 'ระบบเครือข่ายและเทคโนโลยี': 0, 'บริการและสวัสดิการนิสิต': 0}",11,การเรียนการสอนและหลักสูตร
แจ้งเรื่องน้ำไม่ไหล ตรงห้องน้ำตึกสงวน ช่วยมาดูหน่อย,['น้ำไม่ไหล'],"{'การเดินทาง / รถเมล์มพ.': 0, 'สิ่งอำนวยความสะดวกและอาคารสถานที่': 9, 'สุขอนามัยและความสะอาด': 0, 'การเรียนการสอนและหลักสูตร': 0, 'โรงอาหาร / ร้านค้าบริการ': 0, 'ความปลอดภัยและจราจร': 0, 'ระบบเครือข่ายและเทคโนโลยี': 0, 'บริการและสวัสดิการนิสิต': 0}",9,สิ่งอำนวยความสะดวกและอาคารสถานที่
แจ้งเรื่องแอร์ไม่เย็นเลย ตรงห้องน้ำตึกสงวน ช่วยมาดูหน่อย,"['แอร์ไม่เย็น', 'แอร์']","{'การเดินทาง / รถเมล์มพ.': 0, 'สิ่งอำนวยความสะดวกและอาคารสถานที่': 15, 'สุขอนามัยและความสะอาด': 0, 'การเรียนการสอนและหลักสูตร': 0, 'โรงอาหาร / ร้านค้าบริการ': 0, 'ความปลอดภัยและจราจร': 0, 'ระบบเครือข่ายและเทคโนโลยี': 0, 'บริการและสวัสดิการนิสิต': 0}",15,สิ่งอำนวยความสะดวกและอาคารสถานที่
เน็ตหลุดบ่อยมาก ตอนนี้อยู่ห้องสมุด ทำงานไม่ได้เลย,"['เน็ตหลุด', 'หลุดบ่อย']","{'การเดินทาง / รถเมล์มพ.': 0, 'สิ่งอำนวยความสะดวกและอาคารสถานที่': 0, 'สุขอนามัยและความสะอาด': 0, 'การเรียนการสอนและหลักสูตร': 0, 'โรงอาหาร / ร้านค้าบริการ': 0, 'ความปลอดภัยและจราจร': 0, 'ระบบเครือข่ายและเทคโนโลยี': 16, 'บริการและสวัสดิการนิสิต': 0}",16,ระบบเครือข่ายและเทคโนโลยี
ลงทะเบียนไม่ได้ ตอนนี้อยู่หน้ามอ ทำงานไม่ได้เลย,['ลงทะเบียนไม่ได้'],"{'การเดินทาง / รถเมล์มพ.': 0, 'สิ่งอำนวยความสะดวกและอาคารสถานที่': 0, 'สุขอนามัยและความสะอาด': 0, 'การเรียนการสอนและหลักสูตร': 0, 'โรงอาหาร / ร้านค้าบริการ': 0, 'ความปลอดภัยและจราจร': 0, 'ระบบเครือข่ายและเทคโนโลยี': 15, 'บริการและสวัสดิการนิสิต': 0}",15,ระบบเครือข่ายและเทคโนโลยี
อาจารย์ครับ เกรดยังไม่ออกครับ รบกวนให้คำแนะนำที,"['เกรด', 'อาจารย์']","{'การเดินทาง / รถเมล์มพ.': 0, 'สิ่งอำนวยความสะดวกและอาคารสถานที่': 0, 'สุขอนามัยและความสะอาด': 0, 'การเรียนการสอนและหลักสูตร': 11, 'โรงอาหาร / ร้านค้าบริการ': 0, 'ความปลอดภัยและจราจร': 0, 'ระบบเครือข่ายและเทคโนโลยี': 0, 'บริการและสวัสดิการนิสิต': 0}",11,การเรียนการสอนและหลักสูตร
อาจารย์ครับ ตารางเรียนไม่ขึ้นระบบ รบกวนให้คำแนะนำที,"['ตารางเรียน', 'อาจารย์', 'ระบบ']","{'การเดินทาง / รถเมล์มพ.': 0, 'สิ่งอำนวยความสะดวกและอาคารสถานที่': 0, 'สุขอนามัยและความสะอาด': 0, 'การเรียนการสอนและหลักสูตร': 17, 'โรงอาหาร / ร้านค้าบริการ': 0, 'ความปลอดภัยและจราจร': 0, 'ระบบเครือข่ายและเทคโนโลยี': 4, 'บริการและสวัสดิการนิสิต': 0}",17,การเรียนการสอนและหลักสูตร
ลงทะเบียนไม่ได้ ตอนนี้อยู่ตึกคณะ ทำงานไม่ได้เลย,['ลงทะเบียนไม่ได้'],"{'การเดินทาง / รถเมล์มพ.': 0, 'สิ่งอำนวยความสะดวกและอาคารสถานที่': 0, 'สุขอนามัยและความสะอาด': 0, 'การเรียนการสอนและหลักสูตร': 0, 'โรงอาหาร / ร้านค้าบริการ': 0, 'ความปลอดภัยและจราจร': 0, 'ระบบเครือข่ายและเทคโนโลยี': 15, 'บริการและสวัสดิการนิสิต': 0}",15,ระบบเครือข่ายและเทคโนโลยี
อาจารย์ครับ อยากติดต่ออาจารย์เรื่องดรอปเรียน รบกวนให้คำแนะนำที,"['ดรอปเรียน', 'ติดต่ออาจารย์', 'อาจารย์']","{'การเดินทาง / รถเมล์มพ.': 0, 'สิ่งอำนวยความสะดวกและอาคารสถานที่': 0, 'สุขอนามัยและความสะอาด': 0, 'การเรียนการสอนและหลักสูตร': 29, 'โรงอาหาร / ร้านค้าบริการ': 0, 'ความปลอดภัยและจราจร': 0, 'ระบบเครือข่ายและเทคโนโลยี': 0, 'บริการและสวัสดิการนิสิต': 0}",29,การเรียนการสอนและหลักสูตร
แจ้งทำความสะอาดตรงริมสระน้ำ หญ้ารกมาก ครับ,"['หญ้ารก', 'ทำความสะอาด']","{'การเดินทาง / รถเมล์มพ.': 0, 'สิ่งอำนวยความสะดวกและอาคารสถานที่': 0, 'สุขอนามัยและความสะอาด': 17, 'การเรียนการสอนและหลักสูตร': 0, 'โรงอาหาร / ร้านค้าบริการ': 0, 'ความปลอดภัยและจราจร': 0, 'ระบบเครือข่ายและเทคโนโลยี': 0, 'บริการและสวัสดิการนิสิต': 0}",17,สุขอนามัยและความสะอาด
อาจารย์ครับ ตารางเรียนไม่ขึ้นระบบ รบกวนให้คำแนะนำที,"['ตารางเรียน', 'อาจารย์', 'ระบบ']","{'การเดินทาง / รถเมล์มพ.': 0, 'สิ่งอำนวยความสะดวกและอาคารสถานที่': 0, 'สุขอนามัยและความสะอาด': 0, 'การเรียนการสอนและหลักสูตร': 17, 'โรงอาหาร / ร้านค้าบริการ': 0, 'ความปลอดภัยและจราจร': 0, 'ระบบเครือข่ายและเทคโนโลยี': 4, 'บริการและสวัสดิการนิสิต': 0}",17,การเรียนการสอนและหลักสูตร
สอบถามหน่อยครับ ทำบัตรนิสิตใหม่ที่ไหน,"['บัตรนิสิต', 'สอบถามหน่อยครับ']","{'การเดินทาง / รถเมล์มพ.': 0, 'สิ่งอำนวยความสะดวกและอาคารสถานที่': 0, 'สุขอนามัยและความสะอาด': 0, 'การเรียนการสอนและหลักสูตร': 0, 'โรงอาหาร / ร้านค้าบริการ': 0, 'ความปลอดภัยและจราจร': 0, 'ระบบเครือข่ายและเทคโนโลยี': 0, 'บริการและสวัสดิการนิสิต': 24}",24,บริการและสวัสดิการนิสิต
แจ้งเรื่องไฟดับครับ ตรงห้องบรรยาย ช่วยมาดูหน่อย,['ไฟดับ'],"{'การเดินทาง / รถเมล์มพ.': 0, 'สิ่งอำนวยความสะดวกและอาคารสถานที่': 5, 'สุขอนามัยและความสะอาด': 0, 'การเรียนการสอนและหลักสูตร': 0, 'โรงอาหาร / ร้านค้าบริการ': 0, 'ความปลอดภัยและจราจร': 0, 'ระบบเครือข่ายและเทคโนโลยี': 0, 'บริการและสวัสดิการนิสิต': 0}",5,สิ่งอำนวยความสะดวกและอาคารสถานที่
สอบถามหน่อยครับ รถเมล์สาย 1 หมดกี่โมง,"['รถเมล์', 'รถเมล์สาย', 'สอบถามหน่อยครับ']","{'การเดินทาง / รถเมล์มพ.': 15, 'สิ่งอำนวยความสะดวกและอาคารสถานที่': 0, 'สุขอนามัยและความสะอาด': 0, 'การเรียนการสอนและหลักสูตร': 0, 'โรงอาหาร / ร้านค้าบริการ': 0, 'ความปลอดภัยและจราจร': 0, 'ระบบเครือข่ายและเทคโนโลยี': 0, 'บริการและสวัสดิการนิสิต': 15}",15,การเดินทาง / รถเมล์มพ.
แจ้งทำความสะอาดตรงริมสระน้ำ กิ่งไม้หักขวางทาง ครับ,"['กิ่งไม้หัก', 'ทำความสะอาด']","{'การเดินทาง / รถเมล์มพ.': 0, 'สิ่งอำนวยความสะดวกและอาคารสถานที่': 0, 'สุขอนามัยและความสะอาด': 21, 'การเรียนการสอนและหลักสูตร': 0, 'โรงอาหาร / ร้านค้าบริการ': 0, 'ความปลอดภัยและจราจร': 0, 'ระบบเครือข่ายและเทคโนโลยี': 0, 'บริการและสวัสดิการนิสิต': 0}",21,สุขอนามัยและความสะอาด
แจ้งทำความสะอาดตรงสนามบาส มีหมาจรจัดมาคุ้ยขยะ ครับ,"['หมาจรจัด', 'ทำความสะอาด']","{'การเดินทาง / รถเมล์มพ.': 0, 'สิ่งอำนวยความสะดวกและอาคารสถานที่': 0, 'สุขอนามัยและความสะอาด': 19, 'การเรียนการสอนและหลักสูตร': 0, 'โรงอาหาร / ร้านค้าบริการ': 0, 'ความปลอดภัยและจราจร': 0, 'ระบบเครือข่ายและเทคโนโลยี': 0, 'บริการและสวัสดิการนิสิต': 0}",19,สุขอนามัยและความสะอาด
แจ้งทำความสะอาดตรงทางเดิน ขยะล้นถังส่งกลิ่นเหม็น ครับ,"['ขยะล้น', 'เหม็น', 'ทำความสะอาด', 'กลิ่นเหม็น']","{'การเดินทาง / รถเมล์มพ.': 0, 'สิ่งอำนวยความสะดวกและอาคารสถานที่': 0, 'สุขอนามัยและความสะอาด': 32, 'การเรียนการสอนและหลักสูตร': 0, 'โรงอาหาร / ร้านค้าบริการ': 0, 'ความปลอดภัยและจราจร': 0, 'ระบบเครือข่ายและเทคโนโลยี': 0, 'บริการและสวัสดิการนิสิต': 0}",32,สุขอนามัยและความสะอาด
เน็ตหลุดบ่อยมาก ตอนนี้อยู่ตึกคณะ ทำงานไม่ได้เลย,"['เน็ตหลุด', 'หลุดบ่อย']","{'การเดินทาง / รถเมล์มพ.': 0, 'สิ่งอำนวยความสะดวกและอาคารสถานที่': 0, 'สุขอนามัยและความสะอาด': 0, 'การเรียนการสอนและหลักสูตร': 0, 'โรงอาหาร / ร้านค้าบริการ': 0, 'ความปลอดภัยและจราจร': 0, 'ระบบเครือข่ายและเทคโนโลยี': 16, 'บริการและสวัสดิการนิสิต': 0}",16,ระบบเครือข่ายและเทคโนโลยี
แจ้งเรื่องหลังคารั่วหนักมาก ตรงห้องบรรยาย ช่วยมาดูหน่อย,['หลังคารั่ว'],"{'การเดินทาง / รถเมล์มพ.': 0, 'สิ่งอำนวยความสะดวกและอาคารสถานที่': 10, 'สุขอนามัยและความสะอาด': 0, 'การเรียนการสอนและหลักสูตร': 0, 'โรงอาหาร / ร้านค้าบริการ': 0, 'ความปลอดภัยและจราจร': 0, 'ระบบเครือข่ายและเทคโนโลยี': 0, 'บริการและสวัสดิการนิสิต': 0}",10,สิ่งอำนวยความสะดวกและอาคารสถานที่
รปภ. ช่วยดูตรงประตู 2 หน่อยครับ ทางมืดมากอันตราย,"['อันตราย', 'รปภ.', 'ทางมืด', 'รปภ', 'ประตู 2']","{'การเดินทาง / รถเมล์มพ.': 0, 'สิ่งอำนวยความสะดวกและอาคารสถานที่': 0, 'สุขอนามัยและความสะอาด': 0, 'การเรียนการสอนและหลักสูตร': 0, 'โรงอาหาร / ร้านค้าบริการ': 0, 'ความปลอดภัยและจราจร': 27, 'ระบบเครือข่ายและเทคโนโลยี': 0, 'บริการและสวัสดิการนิสิต': 0}",27,ความปลอดภัยและจราจร
รปภ. ช่วยดูตรงทางแยก หน่อยครับ ทางมืดมากอันตราย,"['อันตราย', 'รปภ.', 'ทางมืด', 'รปภ']","{'การเดินทาง / รถเมล์มพ.': 0, 'สิ่งอำนวยความสะดวกและอาคารสถานที่': 0, 'สุขอนามัยและความสะอาด': 0, 'การเรียนการสอนและหลักสูตร': 0, 'โรงอาหาร / ร้านค้าบริการ': 0, 'ความปลอดภัยและจราจร': 20, 'ระบบเครือข่ายและเทคโนโลยี': 0, 'บริการและสวัสดิการนิสิต': 0}",20,ความปลอดภัยและจราจร
แจ้งเรื่องแอร์ไม่เย็นเลย ตรงตึกวิทย์ ช่วยมาดูหน่อย,"['แอร์ไม่เย็น', 'แอร์']","{'การเดินทาง / รถเมล์มพ.': 0, 'สิ่งอำนวยความสะดวกและอาคารสถานที่': 15, 'สุขอนามัยและความสะอาด': 0, 'การเรียนการสอนและหลักสูตร': 0, 'โรงอาหาร / ร้านค้าบริการ': 0, 'ความปลอดภัยและจราจร': 0, 'ระบบเครือข่ายและเทคโนโลยี': 0, 'บริการและสวัสดิการนิสิต': 0}",15,สิ่งอำนวยความสะดวกและอาคารสถานที่
แจ้งเรื่องลิฟต์ค้าง ตรงตึก ICT ช่วยมาดูหน่อย,"['ลิฟต์ค้าง', 'ลิฟต์']","{'การเดินทาง / รถเมล์มพ.': 0, 'สิ่งอำนวยความสะดวกและอาคารสถานที่': 14, 'สุขอนามัยและความสะอาด': 0, 'การเรียนการสอนและหลักสูตร': 0, 'โรงอาหาร / ร้านค้าบริการ': 0, 'ความปลอดภัยและจราจร': 0, 'ระบบเครือข่ายและเทคโนโลยี': 0, 'บริการและสวัสดิการนิสิต': 0}",14,สิ่งอำนวยความสะดวกและอาคารสถานที่
อาจารย์ครับ อยากติดต่ออาจารย์เรื่องดรอปเรียน รบกวนให้คำแนะนำที,"['ดรอปเรียน', 'ติดต่ออาจารย์', 'อาจารย์']","{'การเดินทาง / รถเมล์มพ.': 0, 'สิ่งอำนวยความสะดวกและอาคารสถานที่': 0, 'สุขอนามัยและความสะอาด': 0, 'การเรียนการสอนและหลักสูตร': 29, 'โรงอาหาร / ร้านค้าบริการ': 0, 'ความปลอดภัยและจราจร': 0, 'ระบบเครือข่ายและเทคโนโลยี': 0, 'บริการและสวัสดิการนิสิต': 0}",29,การเรียนการสอนและหลักสูตร
แจ้งทำความสะอาดตรงริมสระน้ำ สกปรกมากไม่ทำความสะอาด ครับ,"['สกปรก', 'ไม่ทำความสะอาด', 'ทำความสะอาด']","{'การเดินทาง / รถเมล์มพ.': 0, 'สิ่งอำนวยความสะดวกและอาคารสถานที่': 0, 'สุขอนามัยและความสะอาด': 30, 'การเรียนการสอนและหลักสูตร': 0, 'โรงอาหาร / ร้านค้าบริการ': 0, 'ความปลอดภัยและจราจร': 0, 'ระบบเครือข่ายและเทคโนโลยี': 0, 'บริการและสวัสดิการนิสิต': 0}",30,สุขอนามัยและความสะอาด
อาจารย์ครับ อยากติดต่ออาจารย์เรื่องดรอปเรียน รบกวนให้คำแนะนำที,"['ดรอปเรียน', 'ติดต่ออาจารย์', 'อาจารย์']","{'การเดินทาง / รถเมล์มพ.': 0, 'สิ่งอำนวยความสะดวกและอาคารสถานที่': 0, 'สุขอนามัยและความสะอาด': 0, 'การเรียนการสอนและหลักสูตร': 29, 'โรงอาหาร / ร้านค้าบริการ': 0, 'ความปลอดภัยและจราจร': 0, 'ระบบเครือข่ายและเทคโนโลยี': 0, 'บริการและสวัสดิการนิสิต': 0}",29,การเรียนการสอนและหลักสูตร
ลืมรหัสผ่านเข้าระบบ ตอนนี้อยู่หน้ามอ ทำงานไม่ได้เลย,"['ลืมรหัสผ่าน', 'ระบบ']","{'การเดินทาง / รถเมล์มพ.': 0, 'สิ่งอำนวยความสะดวกและอาคารสถานที่': 0, 'สุขอนามัยและความสะอาด': 0, 'การเรียนการสอนและหลักสูตร': 0, 'โรงอาหาร / ร้านค้าบริการ': 0, 'ความปลอดภัยและจราจร': 0, 'ระบบเครือข่ายและเทคโนโลยี': 15, 'บริการและสวัสดิการนิสิต': 0}",15,ระบบเครือข่ายและเทคโนโลยี
แจ้งทำความสะอาดตรงสวนหน้าตึก ขยะล้นถังส่งกลิ่นเหม็น ครับ,"['ขยะล้น', 'เหม็น', 'ทำความสะอาด', 'กลิ่นเหม็น']","{'การเดินทาง / รถเมล์มพ.': 0, 'สิ่งอำนวยความสะดวกและอาคารสถานที่': 0, 'สุขอนามัยและความสะอาด': 32, 'การเรียนการสอนและหลักสูตร': 0, 'โรงอาหาร / ร้านค้าบริการ': 0, 'ความปลอดภัยและจราจร': 0, 'ระบบเครือข่ายและเทคโนโลยี': 0, 'บริการและสวัสดิการนิสิต': 0}",32,สุขอนามัยและความสะอาด
รปภ. ช่วยดูตรงทางแยก หน่อยครับ ทางมืดมากอันตราย,"['อันตราย', 'รปภ.', 'ทางมืด', 'รปภ']","{'การเดินทาง / รถเมล์มพ.': 0, 'สิ่งอำนวยความสะดวกและอาคารสถานที่': 0, 'สุขอนามัยและความสะอาด': 0, 'การเรียนการสอนและหลักสูตร': 0, 'โรงอาหาร / ร้านค้าบริการ': 0, 'ความปลอดภัยและจราจร': 20, 'ระบบเครือข่ายและเทคโนโลยี': 0, 'บริการและสวัสดิการนิสิต': 0}",20,ความปลอดภัยและจราจร
สอบถามหน่อยครับ รถเมล์สาย 1 หมดกี่โมง,"['รถเมล์', 'รถเมล์สาย', 'สอบถามหน่อยครับ']","{'การเดินทาง / รถเมล์มพ.': 15, 'สิ่งอำนวยความสะดวกและอาคารสถานที่': 0, 'สุขอนามัยและความสะอาด': 0, 'การเรียนการสอนและหลักสูตร': 0, 'โรงอาหาร / ร้านค้าบริการ': 0, 'ความปลอดภัยและจราจร': 0, 'ระบบเครือข่ายและเทคโนโลยี': 0, 'บริการและสวัสดิการนิสิต': 15}",15,การเดินทาง / รถเมล์มพ.
สอบถามหน่อยครับ สอบถามเรื่องทุนการศึกษา,"['ทุนการศึกษา', 'สอบถามหน่อยครับ']","{'การเดินทาง / รถเมล์มพ.': 0, 'สิ่งอำนวยความสะดวกและอาคารสถานที่': 0, 'สุขอนามัยและความสะอาด': 0, 'การเรียนการสอนและหลักสูตร': 0, 'โรงอาหาร / ร้านค้าบริการ': 0, 'ความปลอดภัยและจราจร': 0, 'ระบบเครือข่ายและเทคโนโลยี': 0, 'บริการและสวัสดิการนิสิต': 26}",26,บริการและสวัสดิการนิสิต
ระบบล่ม ตอนนี้อยู่ห้องสมุด ทำงานไม่ได้เลย,"['ระบบล่ม', 'ระบบ']","{'การเดินทาง / รถเมล์มพ.': 0, 'สิ่งอำนวยความสะดวกและอาคารสถานที่': 0, 'สุขอนามัยและความสะอาด': 0, 'การเรียนการสอนและหลักสูตร': 0, 'โรงอาหาร / ร้านค้าบริการ': 0, 'ความปลอดภัยและจราจร': 0, 'ระบบเครือข่ายและเทคโนโลยี': 11, 'บริการและสวัสดิการนิสิต': 0}",11,ระบบเครือข่ายและเทคโนโลยี
สอบถามหน่อยครับ ทำบัตรนิสิตใหม่ที่ไหน,"['บัตรนิสิต', 'สอบถามหน่อยครับ']","{'การเดินทาง / รถเมล์มพ.': 0, 'สิ่งอำนวยความสะดวกและอาคารสถานที่': 0, 'สุขอนามัยและความสะอาด': 0, 'การเรียนการสอนและหลักสูตร': 0, 'โรงอาหาร / ร้านค้าบริการ': 0, 'ความปลอดภัยและจราจร': 0, 'ระบบเครือข่ายและเทคโนโลยี': 0, 'บริการและสวัสดิการนิสิต': 24}",24,บริการและสวัสดิการนิสิต
อาจารย์ครับ ตารางเรียนไม่ขึ้นระบบ รบกวนให้คำแนะนำที,"['ตารางเรียน', 'อาจารย์', 'ระบบ']","{'การเดินทาง / รถเมล์มพ.': 0, 'สิ่งอำนวยความสะดวกและอาคารสถานที่': 0, 'สุขอนามัยและความสะอาด': 0, 'การเรียนการสอนและหลักสูตร': 17, 'โรงอาหาร / ร้านค้าบริการ': 0, 'ความปลอดภัยและจราจร': 0, 'ระบบเครือข่ายและเทคโนโลยี': 4, 'บริการและสวัสดิการนิสิต': 0}",17,การเรียนการสอนและหลักสูตร
แจ้งทำความสะอาดตรงทางเดิน กิ่งไม้หักขวางทาง ครับ,"['กิ่งไม้หัก', 'ทำความสะอาด']","{'การเดินทาง / รถเมล์มพ.': 0, 'สิ่งอำนวยความสะดวกและอาคารสถานที่': 0, 'สุขอนามัยและความสะอาด': 21, 'การเรียนการสอนและหลักสูตร': 0, 'โรงอาหาร / ร้านค้าบริการ': 0, 'ความปลอดภัยและจราจร': 0, 'ระบบเครือข่ายและเทคโนโลยี': 0, 'บริการและสวัสดิการนิสิต': 0}",21,สุขอนามัยและความสะอาด
รปภ. ช่วยดูตรงประตู 2 หน่อยครับ ทางมืดมากอันตราย,"['อันตราย', 'รปภ.', 'ทางมืด', 'รปภ', 'ประตู 2']","{'การเดินทาง / รถเมล์มพ.': 0, 'สิ่งอำนวยความสะดวกและอาคารสถานที่': 0, 'สุขอนามัยและความสะอาด': 0, 'การเรียนการสอนและหลักสูตร': 0, 'โรงอาหาร / ร้านค้าบริการ': 0, 'ความปลอดภัยและจราจร': 27, 'ระบบเครือข่ายและเทคโนโลยี': 0, 'บริการและสวัสดิการนิสิต': 0}",27,ความปลอดภัยและจราจร
ลงทะเบียนไม่ได้ ตอนนี้อยู่ตึกคณะ ทำงานไม่ได้เลย,['ลงทะเบียนไม่ได้'],"{'การเดินทาง / รถเมล์มพ.': 0, 'สิ่งอำนวยความสะดวกและอาคารสถานที่': 0, 'สุขอนามัยและความสะอาด': 0, 'การเรียนการสอนและหลักสูตร': 0, 'โรงอาหาร / ร้านค้าบริการ': 0, 'ความปลอดภัยและจราจร': 0, 'ระบบเครือข่ายและเทคโนโลยี': 15, 'บริการและสวัสดิการนิสิต': 0}",15,ระบบเครือข่ายและเทคโนโลยี
สอบถามหน่อยครับ รถเมล์สาย 1 หมดกี่โมง,"['รถเมล์', 'รถเมล์สาย', 'สอบถามหน่อยครับ']","{'การเดินทาง / รถเมล์มพ.': 15, 'สิ่งอำนวยความสะดวกและอาคารสถานที่': 0, 'สุขอนามัยและความสะอาด': 0, 'การเรียนการสอนและหลักสูตร': 0, 'โรงอาหาร / ร้านค้าบริการ': 0, 'ความปลอดภัยและจราจร': 0, 'ระบบเครือข่ายและเทคโนโลยี': 0, 'บริการและสวัสดิการนิสิต': 15}",15,การเดินทาง / รถเมล์มพ.
รปภ. ช่วยดูตรงประตู 2 หน่อยครับ คนจอดรถขวางทาง,"['รปภ.', 'จอดรถขวาง', 'รปภ', 'ประตู 2']","{'การเดินทาง / รถเมล์มพ.': 0, 'สิ่งอำนวยความสะดวกและอาคารสถานที่': 0, 'สุขอนามัยและความสะอาด': 0, 'การเรียนการสอนและหลักสูตร': 0, 'โรงอาหาร / ร้านค้าบริการ': 0, 'ความปลอดภัยและจราจร': 23, 'ระบบเครือข่ายและเทคโนโลยี': 0, 'บริการและสวัสดิการนิสิต': 0}",23,ความปลอดภัยและจราจร
อาจารย์ครับ เกรดยังไม่ออกครับ รบกวนให้คำแนะนำที,"['เกรด', 'อาจารย์']","{'การเดินทาง / รถเมล์มพ.': 0, 'สิ่งอำนวยความสะดวกและอาคารสถานที่': 0, 'สุขอนามัยและความสะอาด': 0, 'การเรียนการสอนและหลักสูตร': 11, 'โรงอาหาร / ร้านค้าบริการ': 0, 'ความปลอดภัยและจราจร': 0, 'ระบบเครือข่ายและเทคโนโลยี': 0, 'บริการและสวัสดิการนิสิต': 0}",11,การเรียนการสอนและหลักสูตร
แจ้งเรื่องลิฟต์ค้าง ตรงห้องน้ำตึกสงวน ช่วยมาดูหน่อย,"['ลิฟต์ค้าง', 'ลิฟต์']","{'การเดินทาง / รถเมล์มพ.': 0, 'สิ่งอำนวยความสะดวกและอาคารสถานที่': 14, 'สุขอนามัยและความสะอาด': 0, 'การเรียนการสอนและหลักสูตร': 0, 'โรงอาหาร / ร้านค้าบริการ': 0, 'ความปลอดภัยและจราจร': 0, 'ระบบเครือข่ายและเทคโนโลยี': 0, 'บริการและสวัสดิการนิสิต': 0}",14,สิ่งอำนวยความสะดวกและอาคารสถานที่
สอบถามหน่อยครับ รถเมล์สาย 1 หมดกี่โมง,"['รถเมล์', 'รถเมล์สาย', 'สอบถามหน่อยครับ']","{'การเดินทาง / รถเมล์มพ.': 15, 'สิ่งอำนวยความสะดวกและอาคารสถานที่': 0, 'สุขอนามัยและความสะอาด': 0, 'การเรียนการสอนและหลักสูตร': 0, 'โรงอาหาร / ร้านค้าบริการ': 0, 'ความปลอดภัยและจราจร': 0, 'ระบบเครือข่ายและเทคโนโลยี': 0, 'บริการและสวัสดิการนิสิต': 15}",15,การเดินทาง / รถเมล์มพ.
สอบถามหน่อยครับ สอบถามเรื่องทุนการศึกษา,"['ทุนการศึกษา', 'สอบถามหน่อยครับ']","{'การเดินทาง / รถเมล์มพ.': 0, 'สิ่งอำนวยความสะดวกและอาคารสถานที่': 0, 'สุขอนามัยและความสะอาด': 0, 'การเรียนการสอนและหลักสูตร': 0, 'โรงอาหาร / ร้านค้าบริการ': 0, 'ความปลอดภัยและจราจร': 0, 'ระบบเครือข่ายและเทคโนโลยี': 0, 'บริการและสวัสดิการนิสิต': 26}",26,บริการและสวัสดิการนิสิต
อาจารย์ครับ อยากติดต่ออาจารย์เรื่องดรอปเรียน รบกวนให้คำแนะนำที,"['ดรอปเรียน', 'ติดต่ออาจารย์', 'อาจารย์']","{'การเดินทาง / รถเมล์มพ.': 0, 'สิ่งอำนวยความสะดวกและอาคารสถานที่': 0, 'สุขอนามัยและความสะอาด': 0, 'การเรียนการสอนและหลักสูตร': 29, 'โรงอาหาร / ร้านค้าบริการ': 0, 'ความปลอดภัยและจราจร': 0, 'ระบบเครือข่ายและเทคโนโลยี': 0, 'บริการและสวัสดิการนิสิต': 0}",29,การเรียนการสอนและหลักสูตร
แจ้งเรื่องหลังคารั่วหนักมาก ตรงอาคารเรียนรวม ช่วยมาดูหน่อย,['หลังคารั่ว'],"{'การเดินทาง / รถเมล์มพ.': 0, 'สิ่งอำนวยความสะดวกและอาคารสถานที่': 10, 'สุขอนามัยและความสะอาด': 0, 'การเรียนการสอนและหลักสูตร': 0, 'โรงอาหาร / ร้านค้าบริการ': 0, 'ความปลอดภัยและจราจร': 0, 'ระบบเครือข่ายและเทคโนโลยี': 0, 'บริการและสวัสดิการนิสิต': 0}",10,สิ่งอำนวยความสะดวกและอาคารสถานที่
อาจารย์ครับ ขอสอบชดเชยต้องทำไง รบกวนให้คำแนะนำที,"['ขอสอบชดเชย', 'อาจารย์']","{'การเดินทาง / รถเมล์มพ.': 0, 'สิ่งอำนวยความสะดวกและอาคารสถานที่': 0, 'สุขอนามัยและความสะอาด': 0, 'การเรียนการสอนและหลักสูตร': 17, 'โรงอาหาร / ร้านค้าบริการ': 0, 'ความปลอดภัยและจราจร': 0, 'ระบบเครือข่ายและเทคโนโลยี': 0, 'บริการและสวัสดิการนิสิต': 0}",17,การเรียนการสอนและหลักสูตร
รปภ. ช่วยดูตรงทางแยก หน่อยครับ มีรถชนกัน,"['รถชน', 'รปภ.', 'รปภ']","{'การเดินทาง / รถเมล์มพ.': 0, 'สิ่งอำนวยความสะดวกและอาคารสถานที่': 0, 'สุขอนามัยและความสะอาด': 0, 'การเรียนการสอนและหลักสูตร': 0, 'โรงอาหาร / ร้านค้าบริการ': 0, 'ความปลอดภัยและจราจร': 11, 'ระบบเครือข่ายและเทคโนโลยี': 0, 'บริการและสวัสดิการนิสิต': 0}",11,ความปลอดภัยและจราจร
แจ้งทำความสะอาดตรงทางเดิน สกปรกมากไม่ทำความสะอาด ครับ,"['สกปรก', 'ไม่ทำความสะอาด', 'ทำความสะอาด']","{'การเดินทาง / รถเมล์มพ.': 0, 'สิ่งอำนวยความสะดวกและอาคารสถานที่': 0, 'สุขอนามัยและความสะอาด': 30, 'การเรียนการสอนและหลักสูตร': 0, 'โรงอาหาร / ร้านค้าบริการ': 0, 'ความปลอดภัยและจราจร': 0, 'ระบบเครือข่ายและเทคโนโลยี': 0, 'บริการและสวัสดิการนิสิต': 0}",30,สุขอนามัยและความสะอาด
แจ้งทำความสะอาดตรงริมสระน้ำ สกปรกมากไม่ทำความสะอาด ครับ,"['สกปรก', 'ไม่ทำความสะอาด', 'ทำความสะอาด']","{'การเดินทาง / รถเมล์มพ.': 0, 'สิ่งอำนวยความสะดวกและอาคารสถานที่': 0, 'สุขอนามัยและความสะอาด': 30, 'การเรียนการสอนและหลักสูตร': 0, 'โรงอาหาร / ร้านค้าบริการ': 0, 'ความปลอดภัยและจราจร': 0, 'ระบบเครือข่ายและเทคโนโลยี': 0, 'บริการและสวัสดิการนิสิต': 0}",30,สุขอนามัยและความสะอาด
รปภ. ช่วยดูตรงทางแยก หน่อยครับ หมวกกันน็อคหาย,"['รปภ.', 'รปภ', 'หมวกกันน็อคหาย']","{'การเดินทาง / รถเมล์มพ.': 0, 'สิ่งอำนวยความสะดวกและอาคารสถานที่': 0, 'สุขอนามัยและความสะอาด': 0, 'การเรียนการสอนและหลักสูตร': 0, 'โรงอาหาร / ร้านค้าบริการ': 0, 'ความปลอดภัยและจราจร': 7, 'ระบบเครือข่ายและเทคโนโลยี': 0, 'บริการและสวัสดิการนิสิต': 14}",14,บริการและสวัสดิการนิสิต
แจ้งทำความสะอาดตรงสนามบาส หญ้ารกมาก ครับ,"['หญ้ารก', 'ทำความสะอาด']","{'การเดินทาง / รถเมล์มพ.': 0, 'สิ่งอำนวยความสะดวกและอาคารสถานที่': 0, 'สุขอนามัยและความสะอาด': 17, 'การเรียนการสอนและหลักสูตร': 0, 'โรงอาหาร / ร้านค้าบริการ': 0, 'ความปลอดภัยและจราจร': 0, 'ระบบเครือข่ายและเทคโนโลยี': 0, 'บริการและสวัสดิการนิสิต': 0}",17,สุขอนามัยและความสะอาด
แจ้งทำความสะอาดตรงโรงอาหาร หญ้ารกมาก ครับ,"['หญ้ารก', 'ทำความสะอาด', 'โรงอาหาร', 'อาหาร']","{'การเดินทาง / รถเมล์มพ.': 0, 'สิ่งอำนวยความสะดวกและอาคารสถานที่': 0, 'สุขอนามัยและความสะอาด': 17, 'การเรียนการสอนและหลักสูตร': 0, 'โรงอาหาร / ร้านค้าบริการ': 13, 'ความปลอดภัยและจราจร': 0, 'ระบบเครือข่ายและเทคโนโลยี': 0, 'บริการและสวัสดิการนิสิต': 0}",17,สุขอนามัยและความสะอาด
แจ้งเรื่องน้ำไม่ไหล ตรงห้อง 1204 ช่วยมาดูหน่อย,['น้ำไม่ไหล'],"{'การเดินทาง / รถเมล์มพ.': 0, 'สิ่งอำนวยความสะดวกและอาคารสถานที่': 9, 'สุขอนามัยและความสะอาด': 0, 'การเรียนการสอนและหลักสูตร': 0, 'โรงอาหาร / ร้านค้าบริการ': 0, 'ความปลอดภัยและจราจร': 0, 'ระบบเครือข่ายและเทคโนโลยี': 0, 'บริการและสวัสดิการนิสิต': 0}",9,สิ่งอำนวยความสะดวกและอาคารสถานที่
แจ้งเรื่องไฟดับครับ ตรงห้องน้ำตึกสงวน ช่วยมาดูหน่อย,['ไฟดับ'],"{'การเดินทาง / รถเมล์มพ.': 0, 'สิ่งอำนวยความสะดวกและอาคารสถานที่': 5, 'สุขอนามัยและความสะอาด': 0, 'การเรียนการสอนและหลักสูตร': 0, 'โรงอาหาร / ร้านค้าบริการ': 0, 'ความปลอดภัยและจราจร': 0, 'ระบบเครือข่ายและเทคโนโลยี': 0, 'บริการและสวัสดิการนิสิต': 0}",5,สิ่งอำนวยความสะดวกและอาคารสถานที่
รปภ. ช่วยดูตรงประตู 2 หน่อยครับ รถติดหนักมาก,"['รถติด', 'รปภ.', 'รปภ', 'ประตู 2']","{'การเดินทาง / รถเมล์มพ.': 5, 'สิ่งอำนวยความสะดวกและอาคารสถานที่': 0, 'สุขอนามัยและความสะอาด': 0, 'การเรียนการสอนและหลักสูตร': 0, 'โรงอาหาร / ร้านค้าบริการ': 0, 'ความปลอดภัยและจราจร': 14, 'ระบบเครือข่ายและเทคโนโลยี': 0, 'บริการและสวัสดิการนิสิต': 0}",14,ความปลอดภัยและจราจร
แจ้งเรื่องน้ำไม่ไหล ตรงอาคารเรียนรวม ช่วยมาดูหน่อย,['น้ำไม่ไหล'],"{'การเดินทาง / รถเมล์มพ.': 0, 'สิ่งอำนวยความสะดวกและอาคารสถานที่': 9, 'สุขอนามัยและความสะอาด': 0, 'การเรียนการสอนและหลักสูตร': 0, 'โรงอาหาร / ร้านค้าบริการ': 0, 'ความปลอดภัยและจราจร': 0, 'ระบบเครือข่ายและเทคโนโลยี': 0, 'บริการและสวัสดิการนิสิต': 0}",9,สิ่งอำนวยความสะดวกและอาคารสถานที่
อาจารย์ครับ ขอสอบชดเชยต้องทำไง รบกวนให้คำแนะนำที,"['ขอสอบชดเชย', 'อาจารย์']","{'การเดินทาง / รถเมล์มพ.': 0, 'สิ่งอำนวยความสะดวกและอาคารสถานที่': 0, 'สุขอนามัยและความสะอาด': 0, 'การเรียนการสอนและหลักสูตร': 17, 'โรงอาหาร / ร้านค้าบริการ': 0, 'ความปลอดภัยและจราจร': 0, 'ระบบเครือข่ายและเทคโนโลยี': 0, 'บริการและสวัสดิการนิสิต': 0}",17,การเรียนการสอนและหลักสูตร
แจ้งเรื่องน้ำไม่ไหล ตรงตึก ICT ช่วยมาดูหน่อย,['น้ำไม่ไหล'],"{'การเดินทาง / รถเมล์มพ.': 0, 'สิ่งอำนวยความสะดวกและอาคารสถานที่': 9, 'สุขอนามัยและความสะอาด': 0, 'การเรียนการสอนและหลักสูตร': 0, 'โรงอาหาร / ร้านค้าบริการ': 0, 'ความปลอดภัยและจราจร': 0, 'ระบบเครือข่ายและเทคโนโลยี': 0, 'บริการและสวัสดิการนิสิต': 0}",9,สิ่งอำนวยความสะดวกและอาคารสถานที่
แจ้งทำความสะอาดตรงริมสระน้ำ กิ่งไม้หักขวางทาง ครับ,"['กิ่งไม้หัก', 'ทำความสะอาด']","{'การเดินทาง / รถเมล์มพ.': 0, 'สิ่งอำนวยความสะดวกและอาคารสถานที่': 0, 'สุขอนามัยและความสะอาด': 21, 'การเรียนการสอนและหลักสูตร': 0, 'โรงอาหาร / ร้านค้าบริการ': 0, 'ความปลอดภัยและจราจร': 0, 'ระบบเครือข่ายและเทคโนโลยี': 0, 'บริการและสวัสดิการนิสิต': 0}",21,สุขอนามัยและความสะอาด
รปภ. ช่วยดูตรงหลังมอ หน่อยครับ ทางมืดมากอันตราย,"['อันตราย', 'รปภ.', 'ทางมืด', 'รปภ']","{'การเดินทาง / รถเมล์มพ.': 0, 'สิ่งอำนวยความสะดวกและอาคารสถานที่': 0, 'สุขอนามัยและความสะอาด': 0, 'การเรียนการสอนและหลักสูตร': 0, 'โรงอาหาร / ร้านค้าบริการ': 0, 'ความปลอดภัยและจราจร': 20, 'ระบบเครือข่ายและเทคโนโลยี': 0, 'บริการและสวัสดิการนิสิต': 0}",20,ความปลอดภัยและจราจร
ระบบล่ม ตอนนี้อยู่ตึกคณะ ทำงานไม่ได้เลย,"['ระบบล่ม', 'ระบบ']","{'การเดินทาง / รถเมล์มพ.': 0, 'สิ่งอำนวยความสะดวกและอาคารสถานที่': 0, 'สุขอนามัยและความสะอาด': 0, 'การเรียนการสอนและหลักสูตร': 0, 'โรงอาหาร / ร้านค้าบริการ': 0, 'ความปลอดภัยและจราจร': 0, 'ระบบเครือข่ายและเทคโนโลยี': 11, 'บริการและสวัสดิการนิสิต': 0}",11,ระบบเครือข่ายและเทคโนโลยี
อาจารย์ครับ อยากติดต่ออาจารย์เรื่องดรอปเรียน รบกวนให้คำแนะนำที,"['ดรอปเรียน', 'ติดต่ออาจารย์', 'อาจารย์']","{'การเดินทาง / รถเมล์มพ.': 0, 'สิ่งอำนวยความสะดวกและอาคารสถานที่': 0, 'สุขอนามัยและความสะอาด': 0, 'การเรียนการสอนและหลักสูตร': 29, 'โรงอาหาร / ร้านค้าบริการ': 0, 'ความปลอดภัยและจราจร': 0, 'ระบบเครือข่ายและเทคโนโลยี': 0, 'บริการและสวัสดิการนิสิต': 0}",29,การเรียนการสอนและหลักสูตร
อาจารย์ครับ เกรดยังไม่ออกครับ รบกวนให้คำแนะนำที,"['เกรด', 'อาจารย์']","{'การเดินทาง / รถเมล์มพ.': 0, 'สิ่งอำนวยความสะดวกและอาคารสถานที่': 0, 'สุขอนามัยและความสะอาด': 0, 'การเรียนการสอนและหลักสูตร': 11, 'โรงอาหาร / ร้านค้าบริการ': 0, 'ความปลอดภัยและจราจร': 0, 'ระบบเครือข่ายและเทคโนโลยี': 0, 'บริการและสวัสดิการนิสิต': 0}",11,การเรียนการสอนและหลักสูตร
สอบถามหน่อยครับ สอบถามเรื่องทุนการศึกษา,"['ทุนการศึกษา', 'สอบถามหน่อยครับ']","{'การเดินทาง / รถเมล์มพ.': 0, 'สิ่งอำนวยความสะดวกและอาคารสถานที่': 0, 'สุขอนามัยและความสะอาด': 0, 'การเรียนการสอนและหลักสูตร': 0, 'โรงอาหาร / ร้านค้าบริการ': 0, 'ความปลอดภัยและจราจร': 0, 'ระบบเครือข่ายและเทคโนโลยี': 0, 'บริการและสวัสดิการนิสิต': 26}",26,บริการและสวัสดิการนิสิต
ลงทะเบียนไม่ได้ ตอนนี้อยู่หน้ามอ ทำงานไม่ได้เลย,['ลงทะเบียนไม่ได้'],"{'การเดินทาง / รถเมล์มพ.': 0, 'สิ่งอำนวยความสะดวกและอาคารสถานที่': 0, 'สุขอนามัยและความสะอาด': 0, 'การเรียนการสอนและหลักสูตร': 0, 'โรงอาหาร / ร้านค้าบริการ': 0, 'ความปลอดภัยและจราจร': 0, 'ระบบเครือข่ายและเทคโนโลยี': 15, 'บริการและสวัสดิการนิสิต': 0}",15,ระบบเครือข่ายและเทคโนโลยี
สอบถามหน่อยครับ รถเมล์สาย 1 หมดกี่โมง,"['รถเมล์', 'รถเมล์สาย', 'สอบถามหน่อยครับ']","{'การเดินทาง / รถเมล์มพ.': 15, 'สิ่งอำนวยความสะดวกและอาคารสถานที่': 0, 'สุขอนามัยและความสะอาด': 0, 'การเรียนการสอนและหลักสูตร': 0, 'โรงอาหาร / ร้านค้าบริการ': 0, 'ความปลอดภัยและจราจร': 0, 'ระบบเครือข่ายและเทคโนโลยี': 0, 'บริการและสวัสดิการนิสิต': 15}",15,การเดินทาง / รถเมล์มพ.
แจ้งเรื่องแอร์ไม่เย็นเลย ตรงห้องบรรยาย ช่วยมาดูหน่อย,"['แอร์ไม่เย็น', 'แอร์']","{'การเดินทาง / รถเมล์มพ.': 0, 'สิ่งอำนวยความสะดวกและอาคารสถานที่': 15, 'สุขอนามัยและความสะอาด': 0, 'การเรียนการสอนและหลักสูตร': 0, 'โรงอาหาร / ร้านค้าบริการ': 0, 'ความปลอดภัยและจราจร': 0, 'ระบบเครือข่ายและเทคโนโลยี': 0, 'บริการและสวัสดิการนิสิต': 0}",15,สิ่งอำนวยความสะดวกและอาคารสถานที่
สอบถามหน่อยครับ สอบถามเรื่องทุนการศึกษา,"['ทุนการศึกษา', 'สอบถามหน่อยครับ']","{'การเดินทาง / รถเมล์มพ.': 0, 'สิ่งอำนวยความสะดวกและอาคารสถานที่': 0, 'สุขอนามัยและความสะอาด': 0, 'การเรียนการสอนและหลักสูตร': 0, 'โรงอาหาร / ร้านค้าบริการ': 0, 'ความปลอดภัยและจราจร': 0, 'ระบบเครือข่ายและเทคโนโลยี': 0, 'บริการและสวัสดิการนิสิต': 26}",26,บริการและสวัสดิการนิสิต
แจ้งเรื่องหลังคารั่วหนักมาก ตรงห้อง 1204 ช่วยมาดูหน่อย,['หลังคารั่ว'],"{'การเดินทาง / รถเมล์มพ.': 0, 'สิ่งอำนวยความสะดวกและอาคารสถานที่': 10, 'สุขอนามัยและความสะอาด': 0, 'การเรียนการสอนและหลักสูตร': 0, 'โรงอาหาร / ร้านค้าบริการ': 0, 'ความปลอดภัยและจราจร': 0, 'ระบบเครือข่ายและเทคโนโลยี': 0, 'บริการและสวัสดิการนิสิต': 0}",10,สิ่งอำนวยความสะดวกและอาคารสถานที่
แจ้งทำความสะอาดตรงสนามบาส กิ่งไม้หักขวางทาง ครับ,"['กิ่งไม้หัก', 'ทำความสะอาด']","{'การเดินทาง / รถเมล์มพ.': 0, 'สิ่งอำนวยความสะดวกและอาคารสถานที่': 0, 'สุขอนามัยและความสะอาด': 21, 'การเรียนการสอนและหลักสูตร': 0, 'โรงอาหาร / ร้านค้าบริการ': 0, 'ความปลอดภัยและจราจร': 0, 'ระบบเครือข่ายและเทคโนโลยี': 0, 'บริการและสวัสดิการนิสิต': 0}",21,สุขอนามัยและความสะอาด
รปภ. ช่วยดูตรงประตู 2 หน่อยครับ หมวกกันน็อคหาย,"['รปภ.', 'รปภ', 'ประตู 2', 'หมวกกันน็อคหาย']","{'การเดินทาง / รถเมล์มพ.': 0, 'สิ่งอำนวยความสะดวกและอาคารสถานที่': 0, 'สุขอนามัยและความสะอาด': 0, 'การเรียนการสอนและหลักสูตร': 0, 'โรงอาหาร / ร้านค้าบริการ': 0, 'ความปลอดภัยและจราจร': 14, 'ระบบเครือข่ายและเทคโนโลยี': 0, 'บริการและสวัสดิการนิสิต': 14}",14,ความปลอดภัยและจราจร
รปภ. ช่วยดูตรงหน้ามอ หน่อยครับ หมวกกันน็อคหาย,"['รปภ.', 'รปภ', 'หมวกกันน็อคหาย']","{'การเดินทาง / รถเมล์มพ.': 0, 'สิ่งอำนวยความสะดวกและอาคารสถานที่': 0, 'สุขอนามัยและความสะอาด': 0, 'การเรียนการสอนและหลักสูตร': 0, 'โรงอาหาร / ร้านค้าบริการ': 0, 'ความปลอดภัยและจราจร': 7, 'ระบบเครือข่ายและเทคโนโลยี': 0, 'บริการและสวัสดิการนิสิต': 14}",14,บริการและสวัสดิการนิสิต
แจ้งทำความสะอาดตรงสนามบาส มีหมาจรจัดมาคุ้ยขยะ ครับ,"['หมาจรจัด', 'ทำความสะอาด']","{'การเดินทาง / รถเมล์มพ.': 0, 'สิ่งอำนวยความสะดวกและอาคารสถานที่': 0, 'สุขอนามัยและความสะอาด': 19, 'การเรียนการสอนและหลักสูตร': 0, 'โรงอาหาร / ร้านค้าบริการ': 0, 'ความปลอดภัยและจราจร': 0, 'ระบบเครือข่ายและเทคโนโลยี': 0, 'บริการและสวัสดิการนิสิต': 0}",19,สุขอนามัยและความสะอาด
รปภ. ช่วยดูตรงทางแยก หน่อยครับ คนจอดรถขวางทาง,"['รปภ.', 'จอดรถขวาง', 'รปภ']","{'การเดินทาง / รถเมล์มพ.': 0, 'สิ่งอำนวยความสะดวกและอาคารสถานที่': 0, 'สุขอนามัยและความสะอาด': 0, 'การเรียนการสอนและหลักสูตร': 0, 'โรงอาหาร / ร้านค้าบริการ': 0, 'ความปลอดภัยและจราจร': 16, 'ระบบเครือข่ายและเทคโนโลยี': 0, 'บริการและสวัสดิการนิสิต': 0}",16,ความปลอดภัยและจราจร
อาจารย์ครับ ตารางเรียนไม่ขึ้นระบบ รบกวนให้คำแนะนำที,"['ตารางเรียน', 'อาจารย์', 'ระบบ']","{'การเดินทาง / รถเมล์มพ.': 0, 'สิ่งอำนวยความสะดวกและอาคารสถานที่': 0, 'สุขอนามัยและความสะอาด': 0, 'การเรียนการสอนและหลักสูตร': 17, 'โรงอาหาร / ร้านค้าบริการ': 0, 'ความปลอดภัยและจราจร': 0, 'ระบบเครือข่ายและเทคโนโลยี': 4, 'บริการและสวัสดิการนิสิต': 0}",17,การเรียนการสอนและหลักสูตร
แจ้งเรื่องลิฟต์ค้าง ตรงห้องน้ำตึกสงวน ช่วยมาดูหน่อย,"['ลิฟต์ค้าง', 'ลิฟต์']","{'การเดินทาง / รถเมล์มพ.': 0, 'สิ่งอำนวยความสะดวกและอาคารสถานที่': 14, 'สุขอนามัยและความสะอาด': 0, 'การเรียนการสอนและหลักสูตร': 0, 'โรงอาหาร / ร้านค้าบริการ': 0, 'ความปลอดภัยและจราจร': 0, 'ระบบเครือข่ายและเทคโนโลยี': 0, 'บริการและสวัสดิการนิสิต': 0}",14,สิ่งอำนวยความสะดวกและอาคารสถานที่
ระบบล่ม ตอนนี้อยู่ตึกคณะ ทำงานไม่ได้เลย,"['ระบบล่ม', 'ระบบ']","{'การเดินทาง / รถเมล์มพ.': 0, 'สิ่งอำนวยความสะดวกและอาคารสถานที่': 0, 'สุขอนามัยและความสะอาด': 0, 'การเรียนการสอนและหลักสูตร': 0, 'โรงอาหาร / ร้านค้าบริการ': 0, 'ความปลอดภัยและจราจร': 0, 'ระบบเครือข่ายและเทคโนโลยี': 11, 'บริการและสวัสดิการนิสิต': 0}",11,ระบบเครือข่ายและเทคโนโลยี
ไวไฟเข้าไม่ได้ ตอนนี้อยู่หน้ามอ ทำงานไม่ได้เลย,"['ไวไฟเข้าไม่ได้', 'ไวไฟ']","{'การเดินทาง / รถเมล์มพ.': 0, 'สิ่งอำนวยความสะดวกและอาคารสถานที่': 0, 'สุขอนามัยและความสะอาด': 0, 'การเรียนการสอนและหลักสูตร': 0, 'โรงอาหาร / ร้านค้าบริการ': 0, 'ความปลอดภัยและจราจร': 0, 'ระบบเครือข่ายและเทคโนโลยี': 18, 'บริการและสวัสดิการนิสิต': 0}",18,ระบบเครือข่ายและเทคโนโลยี
อาจารย์ครับ อยากติดต่ออาจารย์เรื่องดรอปเรียน รบกวนให้คำแนะนำที,"['ดรอปเรียน', 'ติดต่ออาจารย์', 'อาจารย์']","{'การเดินทาง / รถเมล์มพ.': 0, 'สิ่งอำนวยความสะดวกและอาคารสถานที่': 0, 'สุขอนามัยและความสะอาด': 0, 'การเรียนการสอนและหลักสูตร': 29, 'โรงอาหาร / ร้านค้าบริการ': 0, 'ความปลอดภัยและจราจร': 0, 'ระบบเครือข่ายและเทคโนโลยี': 0, 'บริการและสวัสดิการนิสิต': 0}",29,การเรียนการสอนและหลักสูตร
รปภ. ช่วยดูตรงทางแยก หน่อยครับ รถติดหนักมาก,"['รถติด', 'รปภ.', 'รปภ']","{'การเดินทาง / รถเมล์มพ.': 5, 'สิ่งอำนวยความสะดวกและอาคารสถานที่': 0, 'สุขอนามัยและความสะอาด': 0, 'การเรียนการสอนและหลักสูตร': 0, 'โรงอาหาร / ร้านค้าบริการ': 0, 'ความปลอดภัยและจราจร': 7, 'ระบบเครือข่ายและเทคโนโลยี': 0, 'บริการและสวัสดิการนิสิต': 0}",7,ความปลอดภัยและจราจร
สอบถามหน่อยครับ ทำบัตรนิสิตใหม่ที่ไหน,"['บัตรนิสิต', 'สอบถามหน่อยครับ']","{'การเดินทาง / รถเมล์มพ.': 0, 'สิ่งอำนวยความสะดวกและอาคารสถานที่': 0, 'สุขอนามัยและความสะอาด': 0, 'การเรียนการสอนและหลักสูตร': 0, 'โรงอาหาร / ร้านค้าบริการ': 0, 'ความปลอดภัยและจราจร': 0, 'ระบบเครือข่ายและเทคโนโลยี': 0, 'บริการและสวัสดิการนิสิต': 24}",24,บริการและสวัสดิการนิสิต
แจ้งทำความสะอาดตรงสวนหน้าตึก มีหมาจรจัดมาคุ้ยขยะ ครับ,"['หมาจรจัด', 'ทำความสะอาด']","{'การเดินทาง / รถเมล์มพ.': 0, 'สิ่งอำนวยความสะดวกและอาคารสถานที่': 0, 'สุขอนามัยและความสะอาด': 19, 'การเรียนการสอนและหลักสูตร': 0, 'โรงอาหาร / ร้านค้าบริการ': 0, 'ความปลอดภัยและจราจร': 0, 'ระบบเครือข่ายและเทคโนโลยี': 0, 'บริการและสวัสดิการนิสิต': 0}",19,สุขอนามัยและความสะอาด
แจ้งทำความสะอาดตรงโรงอาหาร ขยะล้นถังส่งกลิ่นเหม็น ครับ,"['ขยะล้น', 'เหม็น', 'ทำความสะอาด', 'กลิ่นเหม็น', 'โรงอาหาร', 'อาหาร']","{'การเดินทาง / รถเมล์มพ.': 0, 'สิ่งอำนวยความสะดวกและอาคารสถานที่': 0, 'สุขอนามัยและความสะอาด': 32, 'การเรียนการสอนและหลักสูตร': 0, 'โรงอาหาร / ร้านค้าบริการ': 13, 'ความปลอดภัยและจราจร': 0, 'ระบบเครือข่ายและเทคโนโลยี': 0, 'บริการและสวัสดิการนิสิต': 0}",32,สุขอนามัยและความสะอาด
แจ้งเรื่องแอร์ไม่เย็นเลย ตรงห้อง 1204 ช่วยมาดูหน่อย,"['แอร์ไม่เย็น', 'แอร์']","{'การเดินทาง / รถเมล์มพ.': 0, 'สิ่งอำนวยความสะดวกและอาคารสถานที่': 15, 'สุขอนามัยและความสะอาด': 0, 'การเรียนการสอนและหลักสูตร': 0, 'โรงอาหาร / ร้านค้าบริการ': 0, 'ความปลอดภัยและจราจร': 0, 'ระบบเครือข่ายและเทคโนโลยี': 0, 'บริการและสวัสดิการนิสิต': 0}",15,สิ่งอำนวยความสะดวกและอาคารสถานที่
แจ้งเรื่องแอร์ไม่เย็นเลย ตรงตึกวิทย์ ช่วยมาดูหน่อย,"['แอร์ไม่เย็น', 'แอร์']","{'การเดินทาง / รถเมล์มพ.': 0, 'สิ่งอำนวยความสะดวกและอาคารสถานที่': 15, 'สุขอนามัยและความสะอาด': 0, 'การเรียนการสอนและหลักสูตร': 0, 'โรงอาหาร / ร้านค้าบริการ': 0, 'ความปลอดภัยและจราจร': 0, 'ระบบเครือข่ายและเทคโนโลยี': 0, 'บริการและสวัสดิการนิสิต': 0}",15,สิ่งอำนวยความสะดวกและอาคารสถานที่
อาจารย์ครับ อยากติดต่ออาจารย์เรื่องดรอปเรียน รบกวนให้คำแนะนำที,"['ดรอปเรียน', 'ติดต่ออาจารย์', 'อาจารย์']","{'การเดินทาง / รถเมล์มพ.': 0, 'สิ่งอำนวยความสะดวกและอาคารสถานที่': 0, 'สุขอนามัยและความสะอาด': 0, 'การเรียนการสอนและหลักสูตร': 29, 'โรงอาหาร / ร้านค้าบริการ': 0, 'ความปลอดภัยและจราจร': 0, 'ระบบเครือข่ายและเทคโนโลยี': 0, 'บริการและสวัสดิการนิสิต': 0}",29,การเรียนการสอนและหลักสูตร
รปภ. ช่วยดูตรงลานจอดรถ หน่อยครับ ทางมืดมากอันตราย,"['อันตราย', 'รปภ.', 'ทางมืด', 'รปภ']","{'การเดินทาง / รถเมล์มพ.': 0, 'สิ่งอำนวยความสะดวกและอาคารสถานที่': 0, 'สุขอนามัยและความสะอาด': 0, 'การเรียนการสอนและหลักสูตร': 0, 'โรงอาหาร / ร้านค้าบริการ': 0, 'ความปลอดภัยและจราจร': 20, 'ระบบเครือข่ายและเทคโนโลยี': 0, 'บริการและสวัสดิการนิสิต': 0}",20,ความปลอดภัยและจราจร
ระบบล่ม ตอนนี้อยู่หน้ามอ ทำงานไม่ได้เลย,"['ระบบล่ม', 'ระบบ']","{'การเดินทาง / รถเมล์มพ.': 0, 'สิ่งอำนวยความสะดวกและอาคารสถานที่': 0, 'สุขอนามัยและความสะอาด': 0, 'การเรียนการสอนและหลักสูตร': 0, 'โรงอาหาร / ร้านค้าบริการ': 0, 'ความปลอดภัยและจราจร': 0, 'ระบบเครือข่ายและเทคโนโลยี': 11, 'บริการและสวัสดิการนิสิต': 0}",11,ระบบเครือข่ายและเทคโนโลยี
รปภ. ช่วยดูตรงหน้ามอ หน่อยครับ หมวกกันน็อคหาย,"['รปภ.', 'รปภ', 'หมวกกันน็อคหาย']","{'การเดินทาง / รถเมล์มพ.': 0, 'สิ่งอำนวยความสะดวกและอาคารสถานที่': 0, 'สุขอนามัยและความสะอาด': 0, 'การเรียนการสอนและหลักสูตร': 0, 'โรงอาหาร / ร้านค้าบริการ': 0, 'ความปลอดภัยและจราจร': 7, 'ระบบเครือข่ายและเทคโนโลยี': 0, 'บริการและสวัสดิการนิสิต': 14}",14,บริการและสวัสดิการนิสิต
ระบบล่ม ตอนนี้อยู่ห้องสมุด ทำงานไม่ได้เลย,"['ระบบล่ม', 'ระบบ']","{'การเดินทาง / รถเมล์มพ.': 0, 'สิ่งอำนวยความสะดวกและอาคารสถานที่': 0, 'สุขอนามัยและความสะอาด': 0, 'การเรียนการสอนและหลักสูตร': 0, 'โรงอาหาร / ร้านค้าบริการ': 0, 'ความปลอดภัยและจราจร': 0, 'ระบบเครือข่ายและเทคโนโลยี': 11, 'บริการและสวัสดิการนิสิต': 0}",11,ระบบเครือข่ายและเทคโนโลยี
อาจารย์ครับ อยากติดต่ออาจารย์เรื่องดรอปเรียน รบกวนให้คำแนะนำที,"['ดรอปเรียน', 'ติดต่ออาจารย์', 'อาจารย์']","{'การเดินทาง / รถเมล์มพ.': 0, 'สิ่งอำนวยความสะดวกและอาคารสถานที่': 0, 'สุขอนามัยและความสะอาด': 0, 'การเรียนการสอนและหลักสูตร': 29, 'โรงอาหาร / ร้านค้าบริการ': 0, 'ความปลอดภัยและจราจร': 0, 'ระบบเครือข่ายและเทคโนโลยี': 0, 'บริการและสวัสดิการนิสิต': 0}",29,การเรียนการสอนและหลักสูตร
แจ้งทำความสะอาดตรงสนามบาส มีหมาจรจัดมาคุ้ยขยะ ครับ,"['หมาจรจัด', 'ทำความสะอาด']","{'การเดินทาง / รถเมล์มพ.': 0, 'สิ่งอำนวยความสะดวกและอาคารสถานที่': 0, 'สุขอนามัยและความสะอาด': 19, 'การเรียนการสอนและหลักสูตร': 0, 'โรงอาหาร / ร้านค้าบริการ': 0, 'ความปลอดภัยและจราจร': 0, 'ระบบเครือข่ายและเทคโนโลยี': 0, 'บริการและสวัสดิการนิสิต': 0}",19,สุขอนามัยและความสะอาด
แจ้งเรื่องไฟดับครับ ตรงห้อง 1204 ช่วยมาดูหน่อย,['ไฟดับ'],"{'การเดินทาง / รถเมล์มพ.': 0, 'สิ่งอำนวยความสะดวกและอาคารสถานที่': 5, 'สุขอนามัยและความสะอาด': 0, 'การเรียนการสอนและหลักสูตร': 0, 'โรงอาหาร / ร้านค้าบริการ': 0, 'ความปลอดภัยและจราจร': 0, 'ระบบเครือข่ายและเทคโนโลยี': 0, 'บริการและสวัสดิการนิสิต': 0}",5,สิ่งอำนวยความสะดวกและอาคารสถานที่
อาจารย์ครับ ลงทะเบียนวิชานี้ไม่ได้ รบกวนให้คำแนะนำที,"['วิชา', 'อาจารย์']","{'การเดินทาง / รถเมล์มพ.': 0, 'สิ่งอำนวยความสะดวกและอาคารสถานที่': 0, 'สุขอนามัยและความสะอาด': 0, 'การเรียนการสอนและหลักสูตร': 11, 'โรงอาหาร / ร้านค้าบริการ': 0, 'ความปลอดภัยและจราจร': 0, 'ระบบเครือข่ายและเทคโนโลยี': 0, 'บริการและสวัสดิการนิสิต': 0}",11,การเรียนการสอนและหลักสูตร
แจ้งทำความสะอาดตรงทางเดิน สกปรกมากไม่ทำความสะอาด ครับ,"['สกปรก', 'ไม่ทำความสะอาด', 'ทำความสะอาด']","{'การเดินทาง / รถเมล์มพ.': 0, 'สิ่งอำนวยความสะดวกและอาคารสถานที่': 0, 'สุขอนามัยและความสะอาด': 30, 'การเรียนการสอนและหลักสูตร': 0, 'โรงอาหาร / ร้านค้าบริการ': 0, 'ความปลอดภัยและจราจร': 0, 'ระบบเครือข่ายและเทคโนโลยี': 0, 'บริการและสวัสดิการนิสิต': 0}",30,สุขอนามัยและความสะอาด
อาจารย์ครับ ตารางเรียนไม่ขึ้นระบบ รบกวนให้คำแนะนำที,"['ตารางเรียน', 'อาจารย์', 'ระบบ']","{'การเดินทาง / รถเมล์มพ.': 0, 'สิ่งอำนวยความสะดวกและอาคารสถานที่': 0, 'สุขอนามัยและความสะอาด': 0, 'การเรียนการสอนและหลักสูตร': 17, 'โรงอาหาร / ร้านค้าบริการ': 0, 'ความปลอดภัยและจราจร': 0, 'ระบบเครือข่ายและเทคโนโลยี': 4, 'บริการและสวัสดิการนิสิต': 0}",17,การเรียนการสอนและหลักสูตร
แจ้งทำความสะอาดตรงสวนหน้าตึก สกปรกมากไม่ทำความสะอาด ครับ,"['สกปรก', 'ไม่ทำความสะอาด', 'ทำความสะอาด']","{'การเดินทาง / รถเมล์มพ.': 0, 'สิ่งอำนวยความสะดวกและอาคารสถานที่': 0, 'สุขอนามัยและความสะอาด': 30, 'การเรียนการสอนและหลักสูตร': 0, 'โรงอาหาร / ร้านค้าบริการ': 0, 'ความปลอดภัยและจราจร': 0, 'ระบบเครือข่ายและเทคโนโลยี': 0, 'บริการและสวัสดิการนิสิต': 0}",30,สุขอนามัยและความสะอาด
อาจารย์ครับ ขอสอบชดเชยต้องทำไง รบกวนให้คำแนะนำที,"['ขอสอบชดเชย', 'อาจารย์']","{'การเดินทาง / รถเมล์มพ.': 0, 'สิ่งอำนวยความสะดวกและอาคารสถานที่': 0, 'สุขอนามัยและความสะอาด': 0, 'การเรียนการสอนและหลักสูตร': 17, 'โรงอาหาร / ร้านค้าบริการ': 0, 'ความปลอดภัยและจราจร': 0, 'ระบบเครือข่ายและเทคโนโลยี': 0, 'บริการและสวัสดิการนิสิต': 0}",17,การเรียนการสอนและหลักสูตร
สอบถามหน่อยครับ อยากทราบกำหนดการกิจกรรมรับน้อง,"['กิจกรรม', 'สอบถามหน่อยครับ']","{'การเดินทาง / รถเมล์มพ.': 0, 'สิ่งอำนวยความสะดวกและอาคารสถานที่': 0, 'สุขอนามัยและความสะอาด': 0, 'การเรียนการสอนและหลักสูตร': 0, 'โรงอาหาร / ร้านค้าบริการ': 0, 'ความปลอดภัยและจราจร': 0, 'ระบบเครือข่ายและเทคโนโลยี': 0, 'บริการและสวัสดิการนิสิต': 22}",22,บริการและสวัสดิการนิสิต
อาจารย์ครับ อยากติดต่ออาจารย์เรื่องดรอปเรียน รบกวนให้คำแนะนำที,"['ดรอปเรียน', 'ติดต่ออาจารย์', 'อาจารย์']","{'การเดินทาง / รถเมล์มพ.': 0, 'สิ่งอำนวยความสะดวกและอาคารสถานที่': 0, 'สุขอนามัยและความสะอาด': 0, 'การเรียนการสอนและหลักสูตร': 29, 'โรงอาหาร / ร้านค้าบริการ': 0, 'ความปลอดภัยและจราจร': 0, 'ระบบเครือข่ายและเทคโนโลยี': 0, 'บริการและสวัสดิการนิสิต': 0}",29,การเรียนการสอนและหลักสูตร
สอบถามหน่อยครับ สอบถามเรื่องทุนการศึกษา,"['ทุนการศึกษา', 'สอบถามหน่อยครับ']","{'การเดินทาง / รถเมล์มพ.': 0, 'สิ่งอำนวยความสะดวกและอาคารสถานที่': 0, 'สุขอนามัยและความสะอาด': 0, 'การเรียนการสอนและหลักสูตร': 0, 'โรงอาหาร / ร้านค้าบริการ': 0, 'ความปลอดภัยและจราจร': 0, 'ระบบเครือข่ายและเทคโนโลยี': 0, 'บริการและสวัสดิการนิสิต': 26}",26,บริการและสวัสดิการนิสิต
ลงทะเบียนไม่ได้ ตอนนี้อยู่ตึกคณะ ทำงานไม่ได้เลย,['ลงทะเบียนไม่ได้'],"{'การเดินทาง / รถเมล์มพ.': 0, 'สิ่งอำนวยความสะดวกและอาคารสถานที่': 0, 'สุขอนามัยและความสะอาด': 0, 'การเรียนการสอนและหลักสูตร': 0, 'โรงอาหาร / ร้านค้าบริการ': 0, 'ความปลอดภัยและจราจร': 0, 'ระบบเครือข่ายและเทคโนโลยี': 15, 'บริการและสวัสดิการนิสิต': 0}",15,ระบบเครือข่ายและเทคโนโลยี
สอบถามหน่อยครับ อยากทราบกำหนดการกิจกรรมรับน้อง,"['กิจกรรม', 'สอบถามหน่อยครับ']","{'การเดินทาง / รถเมล์มพ.': 0, 'สิ่งอำนวยความสะดวกและอาคารสถานที่': 0, 'สุขอนามัยและความสะอาด': 0, 'การเรียนการสอนและหลักสูตร': 0, 'โรงอาหาร / ร้านค้าบริการ': 0, 'ความปลอดภัยและจราจร': 0, 'ระบบเครือข่ายและเทคโนโลยี': 0, 'บริการและสวัสดิการนิสิต': 22}",22,บริการและสวัสดิการนิสิต
ไวไฟเข้าไม่ได้ ตอนนี้อยู่หอพักใน ทำงานไม่ได้เลย,"['ไวไฟเข้าไม่ได้', 'ไวไฟ']","{'การเดินทาง / รถเมล์มพ.': 0, 'สิ่งอำนวยความสะดวกและอาคารสถานที่': 0, 'สุขอนามัยและความสะอาด': 0, 'การเรียนการสอนและหลักสูตร': 0, 'โรงอาหาร / ร้านค้าบริการ': 0, 'ความปลอดภัยและจราจร': 0, 'ระบบเครือข่ายและเทคโนโลยี': 18, 'บริการและสวัสดิการนิสิต': 0}",18,ระบบเครือข่ายและเทคโนโลยี
แจ้งทำความสะอาดตรงโรงอาหาร กิ่งไม้หักขวางทาง ครับ,"['กิ่งไม้หัก', 'ทำความสะอาด', 'โรงอาหาร', 'อาหาร']","{'การเดินทาง / รถเมล์มพ.': 0, 'สิ่งอำนวยความสะดวกและอาคารสถานที่': 0, 'สุขอนามัยและความสะอาด': 21, 'การเรียนการสอนและหลักสูตร': 0, 'โรงอาหาร / ร้านค้าบริการ': 13, 'ความปลอดภัยและจราจร': 0, 'ระบบเครือข่ายและเทคโนโลยี': 0, 'บริการและสวัสดิการนิสิต': 0}",21,สุขอนามัยและความสะอาด
ไวไฟเข้าไม่ได้ ตอนนี้อยู่ตึกคณะ ทำงานไม่ได้เลย,"['ไวไฟเข้าไม่ได้', 'ไวไฟ']","{'การเดินทาง / รถเมล์มพ.': 0, 'สิ่งอำนวยความสะดวกและอาคารสถานที่': 0, 'สุขอนามัยและความสะอาด': 0, 'การเรียนการสอนและหลักสูตร': 0, 'โรงอาหาร / ร้านค้าบริการ': 0, 'ความปลอดภัยและจราจร': 0, 'ระบบเครือข่ายและเทคโนโลยี': 18, 'บริการและสวัสดิการนิสิต': 0}",18,ระบบเครือข่ายและเทคโนโลยี
แจ้งเรื่องลิฟต์ค้าง ตรงห้อง 1204 ช่วยมาดูหน่อย,"['ลิฟต์ค้าง', 'ลิฟต์']","{'การเดินทาง / รถเมล์มพ.': 0, 'สิ่งอำนวยความสะดวกและอาคารสถานที่': 14, 'สุขอนามัยและความสะอาด': 0, 'การเรียนการสอนและหลักสูตร': 0, 'โรงอาหาร / ร้านค้าบริการ': 0, 'ความปลอดภัยและจราจร': 0, 'ระบบเครือข่ายและเทคโนโลยี': 0, 'บริการและสวัสดิการนิสิต': 0}",14,สิ่งอำนวยความสะดวกและอาคารสถานที่
แจ้งทำความสะอาดตรงโรงอาหาร มีหมาจรจัดมาคุ้ยขยะ ครับ,"['หมาจรจัด', 'ทำความสะอาด', 'โรงอาหาร', 'อาหาร']","{'การเดินทาง / รถเมล์มพ.': 0, 'สิ่งอำนวยความสะดวกและอาคารสถานที่': 0, 'สุขอนามัยและความสะอาด': 19, 'การเรียนการสอนและหลักสูตร': 0, 'โรงอาหาร / ร้านค้าบริการ': 13, 'ความปลอดภัยและจราจร': 0, 'ระบบเครือข่ายและเทคโนโลยี': 0, 'บริการและสวัสดิการนิสิต': 0}",19,สุขอนามัยและความสะอาด
รปภ. ช่วยดูตรงหลังมอ หน่อยครับ มีรถชนกัน,"['รถชน', 'รปภ.', 'รปภ']","{'การเดินทาง / รถเมล์มพ.': 0, 'สิ่งอำนวยความสะดวกและอาคารสถานที่': 0, 'สุขอนามัยและความสะอาด': 0, 'การเรียนการสอนและหลักสูตร': 0, 'โรงอาหาร / ร้านค้าบริการ': 0, 'ความปลอดภัยและจราจร': 11, 'ระบบเครือข่ายและเทคโนโลยี': 0, 'บริการและสวัสดิการนิสิต': 0}",11,ความปลอดภัยและจราจร
สอบถามหน่อยครับ รถเมล์สาย 1 หมดกี่โมง,"['รถเมล์', 'รถเมล์สาย', 'สอบถามหน่อยครับ']","{'การเดินทาง / รถเมล์มพ.': 15, 'สิ่งอำนวยความสะดวกและอาคารสถานที่': 0, 'สุขอนามัยและความสะอาด': 0, 'การเรียนการสอนและหลักสูตร': 0, 'โรงอาหาร / ร้านค้าบริการ': 0, 'ความปลอดภัยและจราจร': 0, 'ระบบเครือข่ายและเทคโนโลยี': 0, 'บริการและสวัสดิการนิสิต': 15}",15,การเดินทาง / รถเมล์มพ.
อาจารย์ครับ เกรดยังไม่ออกครับ รบกวนให้คำแนะนำที,"['เกรด', 'อาจารย์']","{'การเดินทาง / รถเมล์มพ.': 0, 'สิ่งอำนวยความสะดวกและอาคารสถานที่': 0, 'สุขอนามัยและความสะอาด': 0, 'การเรียนการสอนและหลักสูตร': 11, 'โรงอาหาร / ร้านค้าบริการ': 0, 'ความปลอดภัยและจราจร': 0, 'ระบบเครือข่ายและเทคโนโลยี': 0, 'บริการและสวัสดิการนิสิต': 0}",11,การเรียนการสอนและหลักสูตร
แจ้งทำความสะอาดตรงสนามบาส ขยะล้นถังส่งกลิ่นเหม็น ครับ,"['ขยะล้น', 'เหม็น', 'ทำความสะอาด', 'กลิ่นเหม็น']","{'การเดินทาง / รถเมล์มพ.': 0, 'สิ่งอำนวยความสะดวกและอาคารสถานที่': 0, 'สุขอนามัยและความสะอาด': 32, 'การเรียนการสอนและหลักสูตร': 0, 'โรงอาหาร / ร้านค้าบริการ': 0, 'ความปลอดภัยและจราจร': 0, 'ระบบเครือข่ายและเทคโนโลยี': 0, 'บริการและสวัสดิการนิสิต': 0}",32,สุขอนามัยและความสะอาด
สอบถามหน่อยครับ อยากทราบกำหนดการกิจกรรมรับน้อง,"['กิจกรรม', 'สอบถามหน่อยครับ']","{'การเดินทาง / รถเมล์มพ.': 0, 'สิ่งอำนวยความสะดวกและอาคารสถานที่': 0, 'สุขอนามัยและความสะอาด': 0, 'การเรียนการสอนและหลักสูตร': 0, 'โรงอาหาร / ร้านค้าบริการ': 0, 'ความปลอดภัยและจราจร': 0, 'ระบบเครือข่ายและเทคโนโลยี': 0, 'บริการและสวัสดิการนิสิต': 22}",22,บริการและสวัสดิการนิสิต
แจ้งทำความสะอาดตรงริมสระน้ำ สกปรกมากไม่ทำความสะอาด ครับ,"['สกปรก', 'ไม่ทำความสะอาด', 'ทำความสะอาด']","{'การเดินทาง / รถเมล์มพ.': 0, 'สิ่งอำนวยความสะดวกและอาคารสถานที่': 0, 'สุขอนามัยและความสะอาด': 30, 'การเรียนการสอนและหลักสูตร': 0, 'โรงอาหาร / ร้านค้าบริการ': 0, 'ความปลอดภัยและจราจร': 0, 'ระบบเครือข่ายและเทคโนโลยี': 0, 'บริการและสวัสดิการนิสิต': 0}",30,สุขอนามัยและความสะอาด
สอบถามหน่อยครับ ทำบัตรนิสิตใหม่ที่ไหน,"['บัตรนิสิต', 'สอบถามหน่อยครับ']","{'การเดินทาง / รถเมล์มพ.': 0, 'สิ่งอำนวยความสะดวกและอาคารสถานที่': 0, 'สุขอนามัยและความสะอาด': 0, 'การเรียนการสอนและหลักสูตร': 0, 'โรงอาหาร / ร้านค้าบริการ': 0, 'ความปลอดภัยและจราจร': 0, 'ระบบเครือข่ายและเทคโนโลยี': 0, 'บริการและสวัสดิการนิสิต': 24}",24,บริการและสวัสดิการนิสิต
สอบถามหน่อยครับ รถเมล์สาย 1 หมดกี่โมง,"['รถเมล์', 'รถเมล์สาย', 'สอบถามหน่อยครับ']","{'การเดินทาง / รถเมล์มพ.': 15, 'สิ่งอำนวยความสะดวกและอาคารสถานที่': 0, 'สุขอนามัยและความสะอาด': 0, 'การเรียนการสอนและหลักสูตร': 0, 'โรงอาหาร / ร้านค้าบริการ': 0, 'ความปลอดภัยและจราจร': 0, 'ระบบเครือข่ายและเทคโนโลยี': 0, 'บริการและสวัสดิการนิสิต': 15}",15,การเดินทาง / รถเมล์มพ.
รปภ. ช่วยดูตรงประตู 2 หน่อยครับ คนจอดรถขวางทาง,"['รปภ.', 'จอดรถขวาง', 'รปภ', 'ประตู 2']","{'การเดินทาง / รถเมล์มพ.': 0, 'สิ่งอำนวยความสะดวกและอาคารสถานที่': 0, 'สุขอนามัยและความสะอาด': 0, 'การเรียนการสอนและหลักสูตร': 0, 'โรงอาหาร / ร้านค้าบริการ': 0, 'ความปลอดภัยและจราจร': 23, 'ระบบเครือข่ายและเทคโนโลยี': 0, 'บริการและสวัสดิการนิสิต': 0}",23,ความปลอดภัยและจราจร
แจ้งทำความสะอาดตรงโรงอาหาร ขยะล้นถังส่งกลิ่นเหม็น ครับ,"['ขยะล้น', 'เหม็น', 'ทำความสะอาด', 'กลิ่นเหม็น', 'โรงอาหาร', 'อาหาร']","{'การเดินทาง / รถเมล์มพ.': 0, 'สิ่งอำนวยความสะดวกและอาคารสถานที่': 0, 'สุขอนามัยและความสะอาด': 32, 'การเรียนการสอนและหลักสูตร': 0, 'โรงอาหาร / ร้านค้าบริการ': 13, 'ความปลอดภัยและจราจร': 0, 'ระบบเครือข่ายและเทคโนโลยี': 0, 'บริการและสวัสดิการนิสิต': 0}",32,สุขอนามัยและความสะอาด
สอบถามหน่อยครับ ทำบัตรนิสิตใหม่ที่ไหน,"['บัตรนิสิต', 'สอบถามหน่อยครับ']","{'การเดินทาง / รถเมล์มพ.': 0, 'สิ่งอำนวยความสะดวกและอาคารสถานที่': 0, 'สุขอนามัยและความสะอาด': 0, 'การเรียนการสอนและหลักสูตร': 0, 'โรงอาหาร / ร้านค้าบริการ': 0, 'ความปลอดภัยและจราจร': 0, 'ระบบเครือข่ายและเทคโนโลยี': 0, 'บริการและสวัสดิการนิสิต': 24}",24,บริการและสวัสดิการนิสิต
แจ้งทำความสะอาดตรงสวนหน้าตึก ขยะล้นถังส่งกลิ่นเหม็น ครับ,"['ขยะล้น', 'เหม็น', 'ทำความสะอาด', 'กลิ่นเหม็น']","{'การเดินทาง / รถเมล์มพ.': 0, 'สิ่งอำนวยความสะดวกและอาคารสถานที่': 0, 'สุขอนามัยและความสะอาด': 32, 'การเรียนการสอนและหลักสูตร': 0, 'โรงอาหาร / ร้านค้าบริการ': 0, 'ความปลอดภัยและจราจร': 0, 'ระบบเครือข่ายและเทคโนโลยี': 0, 'บริการและสวัสดิการนิสิต': 0}",32,สุขอนามัยและความสะอาด
แจ้งเรื่องแอร์ไม่เย็นเลย ตรงห้อง 1204 ช่วยมาดูหน่อย,"['แอร์ไม่เย็น', 'แอร์']","{'การเดินทาง / รถเมล์มพ.': 0, 'สิ่งอำนวยความสะดวกและอาคารสถานที่': 15, 'สุขอนามัยและความสะอาด': 0, 'การเรียนการสอนและหลักสูตร': 0, 'โรงอาหาร / ร้านค้าบริการ': 0, 'ความปลอดภัยและจราจร': 0, 'ระบบเครือข่ายและเทคโนโลยี': 0, 'บริการและสวัสดิการนิสิต': 0}",15,สิ่งอำนวยความสะดวกและอาคารสถานที่
อาจารย์ครับ อยากติดต่ออาจารย์เรื่องดรอปเรียน รบกวนให้คำแนะนำที,"['ดรอปเรียน', 'ติดต่ออาจารย์', 'อาจารย์']","{'การเดินทาง / รถเมล์มพ.': 0, 'สิ่งอำนวยความสะดวกและอาคารสถานที่': 0, 'สุขอนามัยและความสะอาด': 0, 'การเรียนการสอนและหลักสูตร': 29, 'โรงอาหาร / ร้านค้าบริการ': 0, 'ความปลอดภัยและจราจร': 0, 'ระบบเครือข่ายและเทคโนโลยี': 0, 'บริการและสวัสดิการนิสิต': 0}",29,การเรียนการสอนและหลักสูตร
แจ้งทำความสะอาดตรงโรงอาหาร หญ้ารกมาก ครับ,"['หญ้ารก', 'ทำความสะอาด', 'โรงอาหาร', 'อาหาร']","{'การเดินทาง / รถเมล์มพ.': 0, 'สิ่งอำนวยความสะดวกและอาคารสถานที่': 0, 'สุขอนามัยและความสะอาด': 17, 'การเรียนการสอนและหลักสูตร': 0, 'โรงอาหาร / ร้านค้าบริการ': 13, 'ความปลอดภัยและจราจร': 0, 'ระบบเครือข่ายและเทคโนโลยี': 0, 'บริการและสวัสดิการนิสิต': 0}",17,สุขอนามัยและความสะอาด
อาจารย์ครับ เกรดยังไม่ออกครับ รบกวนให้คำแนะนำที,"['เกรด', 'อาจารย์']","{'การเดินทาง / รถเมล์มพ.': 0, 'สิ่งอำนวยความสะดวกและอาคารสถานที่': 0, 'สุขอนามัยและความสะอาด': 0, 'การเรียนการสอนและหลักสูตร': 11, 'โรงอาหาร / ร้านค้าบริการ': 0, 'ความปลอดภัยและจราจร': 0, 'ระบบเครือข่ายและเทคโนโลยี': 0, 'บริการและสวัสดิการนิสิต': 0}",11,การเรียนการสอนและหลักสูตร
ลืมรหัสผ่านเข้าระบบ ตอนนี้อยู่หอพักใน ทำงานไม่ได้เลย,"['ลืมรหัสผ่าน', 'ระบบ']","{'การเดินทาง / รถเมล์มพ.': 0, 'สิ่งอำนวยความสะดวกและอาคารสถานที่': 0, 'สุขอนามัยและความสะอาด': 0, 'การเรียนการสอนและหลักสูตร': 0, 'โรงอาหาร / ร้านค้าบริการ': 0, 'ความปลอดภัยและจราจร': 0, 'ระบบเครือข่ายและเทคโนโลยี': 15, 'บริการและสวัสดิการนิสิต': 0}",15,ระบบเครือข่ายและเทคโนโลยี
แจ้งทำความสะอาดตรงริมสระน้ำ มีหมาจรจัดมาคุ้ยขยะ ครับ,"['หมาจรจัด', 'ทำความสะอาด']","{'การเดินทาง / รถเมล์มพ.': 0, 'สิ่งอำนวยความสะดวกและอาคารสถานที่': 0, 'สุขอนามัยและความสะอาด': 19, 'การเรียนการสอนและหลักสูตร': 0, 'โรงอาหาร / ร้านค้าบริการ': 0, 'ความปลอดภัยและจราจร': 0, 'ระบบเครือข่ายและเทคโนโลยี': 0, 'บริการและสวัสดิการนิสิต': 0}",19,สุขอนามัยและความสะอาด
รปภ. ช่วยดูตรงลานจอดรถ หน่อยครับ รถติดหนักมาก,"['รถติด', 'รปภ.', 'รปภ']","{'การเดินทาง / รถเมล์มพ.': 5, 'สิ่งอำนวยความสะดวกและอาคารสถานที่': 0, 'สุขอนามัยและความสะอาด': 0, 'การเรียนการสอนและหลักสูตร': 0, 'โรงอาหาร / ร้านค้าบริการ': 0, 'ความปลอดภัยและจราจร': 7, 'ระบบเครือข่ายและเทคโนโลยี': 0, 'บริการและสวัสดิการนิสิต': 0}",7,ความปลอดภัยและจราจร
ระบบล่ม ตอนนี้อยู่ห้องสมุด ทำงานไม่ได้เลย,"['ระบบล่ม', 'ระบบ']","{'การเดินทาง / รถเมล์มพ.': 0, 'สิ่งอำนวยความสะดวกและอาคารสถานที่': 0, 'สุขอนามัยและความสะอาด': 0, 'การเรียนการสอนและหลักสูตร': 0, 'โรงอาหาร / ร้านค้าบริการ': 0, 'ความปลอดภัยและจราจร': 0, 'ระบบเครือข่ายและเทคโนโลยี': 11, 'บริการและสวัสดิการนิสิต': 0}",11,ระบบเครือข่ายและเทคโนโลยี
สอบถามหน่อยครับ สอบถามเรื่องทุนการศึกษา,"['ทุนการศึกษา', 'สอบถามหน่อยครับ']","{'การเดินทาง / รถเมล์มพ.': 0, 'สิ่งอำนวยความสะดวกและอาคารสถานที่': 0, 'สุขอนามัยและความสะอาด': 0, 'การเรียนการสอนและหลักสูตร': 0, 'โรงอาหาร / ร้านค้าบริการ': 0, 'ความปลอดภัยและจราจร': 0, 'ระบบเครือข่ายและเทคโนโลยี': 0, 'บริการและสวัสดิการนิสิต': 26}",26,บริการและสวัสดิการนิสิต
รปภ. ช่วยดูตรงทางแยก หน่อยครับ หมวกกันน็อคหาย,"['รปภ.', 'รปภ', 'หมวกกันน็อคหาย']","{'การเดินทาง / รถเมล์มพ.': 0, 'สิ่งอำนวยความสะดวกและอาคารสถานที่': 0, 'สุขอนามัยและความสะอาด': 0, 'การเรียนการสอนและหลักสูตร': 0, 'โรงอาหาร / ร้านค้าบริการ': 0, 'ความปลอดภัยและจราจร': 7, 'ระบบเครือข่ายและเทคโนโลยี': 0, 'บริการและสวัสดิการนิสิต': 14}",14,บริการและสวัสดิการนิสิต
แจ้งทำความสะอาดตรงริมสระน้ำ หญ้ารกมาก ครับ,"['หญ้ารก', 'ทำความสะอาด']","{'การเดินทาง / รถเมล์มพ.': 0, 'สิ่งอำนวยความสะดวกและอาคารสถานที่': 0, 'สุขอนามัยและความสะอาด': 17, 'การเรียนการสอนและหลักสูตร': 0, 'โรงอาหาร / ร้านค้าบริการ': 0, 'ความปลอดภัยและจราจร': 0, 'ระบบเครือข่ายและเทคโนโลยี': 0, 'บริการและสวัสดิการนิสิต': 0}",17,สุขอนามัยและความสะอาด
สอบถามหน่อยครับ สอบถามเรื่องทุนการศึกษา,"['ทุนการศึกษา', 'สอบถามหน่อยครับ']","{'การเดินทาง / รถเมล์มพ.': 0, 'สิ่งอำนวยความสะดวกและอาคารสถานที่': 0, 'สุขอนามัยและความสะอาด': 0, 'การเรียนการสอนและหลักสูตร': 0, 'โรงอาหาร / ร้านค้าบริการ': 0, 'ความปลอดภัยและจราจร': 0, 'ระบบเครือข่ายและเทคโนโลยี': 0, 'บริการและสวัสดิการนิสิต': 26}",26,บริการและสวัสดิการนิสิต
แจ้งเรื่องลิฟต์ค้าง ตรงห้องบรรยาย ช่วยมาดูหน่อย,"['ลิฟต์ค้าง', 'ลิฟต์']","{'การเดินทาง / รถเมล์มพ.': 0, 'สิ่งอำนวยความสะดวกและอาคารสถานที่': 14, 'สุขอนามัยและความสะอาด': 0, 'การเรียนการสอนและหลักสูตร': 0, 'โรงอาหาร / ร้านค้าบริการ': 0, 'ความปลอดภัยและจราจร': 0, 'ระบบเครือข่ายและเทคโนโลยี': 0, 'บริการและสวัสดิการนิสิต': 0}",14,สิ่งอำนวยความสะดวกและอาคารสถานที่
ไวไฟเข้าไม่ได้ ตอนนี้อยู่หอพักใน ทำงานไม่ได้เลย,"['ไวไฟเข้าไม่ได้', 'ไวไฟ']","{'การเดินทาง / รถเมล์มพ.': 0, 'สิ่งอำนวยความสะดวกและอาคารสถานที่': 0, 'สุขอนามัยและความสะอาด': 0, 'การเรียนการสอนและหลักสูตร': 0, 'โรงอาหาร / ร้านค้าบริการ': 0, 'ความปลอดภัยและจราจร': 0, 'ระบบเครือข่ายและเทคโนโลยี': 18, 'บริการและสวัสดิการนิสิต': 0}",18,ระบบเครือข่ายและเทคโนโลยี
แจ้งเรื่องลิฟต์ค้าง ตรงอาคารเรียนรวม ช่วยมาดูหน่อย,"['ลิฟต์ค้าง', 'ลิฟต์']","{'การเดินทาง / รถเมล์มพ.': 0, 'สิ่งอำนวยความสะดวกและอาคารสถานที่': 14, 'สุขอนามัยและความสะอาด': 0, 'การเรียนการสอนและหลักสูตร': 0, 'โรงอาหาร / ร้านค้าบริการ': 0, 'ความปลอดภัยและจราจร': 0, 'ระบบเครือข่ายและเทคโนโลยี': 0, 'บริการและสวัสดิการนิสิต': 0}",14,สิ่งอำนวยความสะดวกและอาคารสถานที่
แจ้งเรื่องแอร์ไม่เย็นเลย ตรงห้องน้ำตึกสงวน ช่วยมาดูหน่อย,"['แอร์ไม่เย็น', 'แอร์']","{'การเดินทาง / รถเมล์มพ.': 0, 'สิ่งอำนวยความสะดวกและอาคารสถานที่': 15, 'สุขอนามัยและความสะอาด': 0, 'การเรียนการสอนและหลักสูตร': 0, 'โรงอาหาร / ร้านค้าบริการ': 0, 'ความปลอดภัยและจราจร': 0, 'ระบบเครือข่ายและเทคโนโลยี': 0, 'บริการและสวัสดิการนิสิต': 0}",15,สิ่งอำนวยความสะดวกและอาคารสถานที่
เน็ตหลุดบ่อยมาก ตอนนี้อยู่ห้องสมุด ทำงานไม่ได้เลย,"['เน็ตหลุด', 'หลุดบ่อย']","{'การเดินทาง / รถเมล์มพ.': 0, 'สิ่งอำนวยความสะดวกและอาคารสถานที่': 0, 'สุขอนามัยและความสะอาด': 0, 'การเรียนการสอนและหลักสูตร': 0, 'โรงอาหาร / ร้านค้าบริการ': 0, 'ความปลอดภัยและจราจร': 0, 'ระบบเครือข่ายและเทคโนโลยี': 16, 'บริการและสวัสดิการนิสิต': 0}",16,ระบบเครือข่ายและเทคโนโลยี
รปภ. ช่วยดูตรงประตู 2 หน่อยครับ คนจอดรถขวางทาง,"['รปภ.', 'จอดรถขวาง', 'รปภ', 'ประตู 2']","{'การเดินทาง / รถเมล์มพ.': 0, 'สิ่งอำนวยความสะดวกและอาคารสถานที่': 0, 'สุขอนามัยและความสะอาด': 0, 'การเรียนการสอนและหลักสูตร': 0, 'โรงอาหาร / ร้านค้าบริการ': 0, 'ความปลอดภัยและจราจร': 23, 'ระบบเครือข่ายและเทคโนโลยี': 0, 'บริการและสวัสดิการนิสิต': 0}",23,ความปลอดภัยและจราจร
อาจารย์ครับ ลงทะเบียนวิชานี้ไม่ได้ รบกวนให้คำแนะนำที,"['วิชา', 'อาจารย์']","{'การเดินทาง / รถเมล์มพ.': 0, 'สิ่งอำนวยความสะดวกและอาคารสถานที่': 0, 'สุขอนามัยและความสะอาด': 0, 'การเรียนการสอนและหลักสูตร': 11, 'โรงอาหาร / ร้านค้าบริการ': 0, 'ความปลอดภัยและจราจร': 0, 'ระบบเครือข่ายและเทคโนโลยี': 0, 'บริการและสวัสดิการนิสิต': 0}",11,การเรียนการสอนและหลักสูตร
สอบถามหน่อยครับ สอบถามเรื่องทุนการศึกษา,"['ทุนการศึกษา', 'สอบถามหน่อยครับ']","{'การเดินทาง / รถเมล์มพ.': 0, 'สิ่งอำนวยความสะดวกและอาคารสถานที่': 0, 'สุขอนามัยและความสะอาด': 0, 'การเรียนการสอนและหลักสูตร': 0, 'โรงอาหาร / ร้านค้าบริการ': 0, 'ความปลอดภัยและจราจร': 0, 'ระบบเครือข่ายและเทคโนโลยี': 0, 'บริการและสวัสดิการนิสิต': 26}",26,บริการและสวัสดิการนิสิต
ระบบล่ม ตอนนี้อยู่ห้องสมุด ทำงานไม่ได้เลย,"['ระบบล่ม', 'ระบบ']","{'การเดินทาง / รถเมล์มพ.': 0, 'สิ่งอำนวยความสะดวกและอาคารสถานที่': 0, 'สุขอนามัยและความสะอาด': 0, 'การเรียนการสอนและหลักสูตร': 0, 'โรงอาหาร / ร้านค้าบริการ': 0, 'ความปลอดภัยและจราจร': 0, 'ระบบเครือข่ายและเทคโนโลยี': 11, 'บริการและสวัสดิการนิสิต': 0}",11,ระบบเครือข่ายและเทคโนโลยี
อาจารย์ครับ ตารางเรียนไม่ขึ้นระบบ รบกวนให้คำแนะนำที,"['ตารางเรียน', 'อาจารย์', 'ระบบ']","{'การเดินทาง / รถเมล์มพ.': 0, 'สิ่งอำนวยความสะดวกและอาคารสถานที่': 0, 'สุขอนามัยและความสะอาด': 0, 'การเรียนการสอนและหลักสูตร': 17, 'โรงอาหาร / ร้านค้าบริการ': 0, 'ความปลอดภัยและจราจร': 0, 'ระบบเครือข่ายและเทคโนโลยี': 4, 'บริการและสวัสดิการนิสิต': 0}",17,การเรียนการสอนและหลักสูตร
ลืมรหัสผ่านเข้าระบบ ตอนนี้อยู่ตึกคณะ ทำงานไม่ได้เลย,"['ลืมรหัสผ่าน', 'ระบบ']","{'การเดินทาง / รถเมล์มพ.': 0, 'สิ่งอำนวยความสะดวกและอาคารสถานที่': 0, 'สุขอนามัยและความสะอาด': 0, 'การเรียนการสอนและหลักสูตร': 0, 'โรงอาหาร / ร้านค้าบริการ': 0, 'ความปลอดภัยและจราจร': 0, 'ระบบเครือข่ายและเทคโนโลยี': 15, 'บริการและสวัสดิการนิสิต': 0}",15,ระบบเครือข่ายและเทคโนโลยี
อาจารย์ครับ ลงทะเบียนวิชานี้ไม่ได้ รบกวนให้คำแนะนำที,"['วิชา', 'อาจารย์']","{'การเดินทาง / รถเมล์มพ.': 0, 'สิ่งอำนวยความสะดวกและอาคารสถานที่': 0, 'สุขอนามัยและความสะอาด': 0, 'การเรียนการสอนและหลักสูตร': 11, 'โรงอาหาร / ร้านค้าบริการ': 0, 'ความปลอดภัยและจราจร': 0, 'ระบบเครือข่ายและเทคโนโลยี': 0, 'บริการและสวัสดิการนิสิต': 0}",11,การเรียนการสอนและหลักสูตร
ไวไฟเข้าไม่ได้ ตอนนี้อยู่ห้องสมุด ทำงานไม่ได้เลย,"['ไวไฟเข้าไม่ได้', 'ไวไฟ']","{'การเดินทาง / รถเมล์มพ.': 0, 'สิ่งอำนวยความสะดวกและอาคารสถานที่': 0, 'สุขอนามัยและความสะอาด': 0, 'การเรียนการสอนและหลักสูตร': 0, 'โรงอาหาร / ร้านค้าบริการ': 0, 'ความปลอดภัยและจราจร': 0, 'ระบบเครือข่ายและเทคโนโลยี': 18, 'บริการและสวัสดิการนิสิต': 0}",18,ระบบเครือข่ายและเทคโนโลยี
รปภ. ช่วยดูตรงหลังมอ หน่อยครับ คนจอดรถขวางทาง,"['รปภ.', 'จอดรถขวาง', 'รปภ']","{'การเดินทาง / รถเมล์มพ.': 0, 'สิ่งอำนวยความสะดวกและอาคารสถานที่': 0, 'สุขอนามัยและความสะอาด': 0, 'การเรียนการสอนและหลักสูตร': 0, 'โรงอาหาร / ร้านค้าบริการ': 0, 'ความปลอดภัยและจราจร': 16, 'ระบบเครือข่ายและเทคโนโลยี': 0, 'บริการและสวัสดิการนิสิต': 0}",16,ความปลอดภัยและจราจร
อาจารย์ครับ ลงทะเบียนวิชานี้ไม่ได้ รบกวนให้คำแนะนำที,"['วิชา', 'อาจารย์']","{'การเดินทาง / รถเมล์มพ.': 0, 'สิ่งอำนวยความสะดวกและอาคารสถานที่': 0, 'สุขอนามัยและความสะอาด': 0, 'การเรียนการสอนและหลักสูตร': 11, 'โรงอาหาร / ร้านค้าบริการ': 0, 'ความปลอดภัยและจราจร': 0, 'ระบบเครือข่ายและเทคโนโลยี': 0, 'บริการและสวัสดิการนิสิต': 0}",11,การเรียนการสอนและหลักสูตร
ลงทะเบียนไม่ได้ ตอนนี้อยู่หน้ามอ ทำงานไม่ได้เลย,['ลงทะเบียนไม่ได้'],"{'การเดินทาง / รถเมล์มพ.': 0, 'สิ่งอำนวยความสะดวกและอาคารสถานที่': 0, 'สุขอนามัยและความสะอาด': 0, 'การเรียนการสอนและหลักสูตร': 0, 'โรงอาหาร / ร้านค้าบริการ': 0, 'ความปลอดภัยและจราจร': 0, 'ระบบเครือข่ายและเทคโนโลยี': 15, 'บริการและสวัสดิการนิสิต': 0}",15,ระบบเครือข่ายและเทคโนโลยี
อาจารย์ครับ ขอสอบชดเชยต้องทำไง รบกวนให้คำแนะนำที,"['ขอสอบชดเชย', 'อาจารย์']","{'การเดินทาง / รถเมล์มพ.': 0, 'สิ่งอำนวยความสะดวกและอาคารสถานที่': 0, 'สุขอนามัยและความสะอาด': 0, 'การเรียนการสอนและหลักสูตร': 17, 'โรงอาหาร / ร้านค้าบริการ': 0, 'ความปลอดภัยและจราจร': 0, 'ระบบเครือข่ายและเทคโนโลยี': 0, 'บริการและสวัสดิการนิสิต': 0}",17,การเรียนการสอนและหลักสูตร
สอบถามหน่อยครับ อยากทราบกำหนดการกิจกรรมรับน้อง,"['กิจกรรม', 'สอบถามหน่อยครับ']","{'การเดินทาง / รถเมล์มพ.': 0, 'สิ่งอำนวยความสะดวกและอาคารสถานที่': 0, 'สุขอนามัยและความสะอาด': 0, 'การเรียนการสอนและหลักสูตร': 0, 'โรงอาหาร / ร้านค้าบริการ': 0, 'ความปลอดภัยและจราจร': 0, 'ระบบเครือข่ายและเทคโนโลยี': 0, 'บริการและสวัสดิการนิสิต': 22}",22,บริการและสวัสดิการนิสิต
อาจารย์ครับ อยากติดต่ออาจารย์เรื่องดรอปเรียน รบกวนให้คำแนะนำที,"['ดรอปเรียน', 'ติดต่ออาจารย์', 'อาจารย์']","{'การเดินทาง / รถเมล์มพ.': 0, 'สิ่งอำนวยความสะดวกและอาคารสถานที่': 0, 'สุขอนามัยและความสะอาด': 0, 'การเรียนการสอนและหลักสูตร': 29, 'โรงอาหาร / ร้านค้าบริการ': 0, 'ความปลอดภัยและจราจร': 0, 'ระบบเครือข่ายและเทคโนโลยี': 0, 'บริการและสวัสดิการนิสิต': 0}",29,การเรียนการสอนและหลักสูตร
ลงทะเบียนไม่ได้ ตอนนี้อยู่ตึกคณะ ทำงานไม่ได้เลย,['ลงทะเบียนไม่ได้'],"{'การเดินทาง / รถเมล์มพ.': 0, 'สิ่งอำนวยความสะดวกและอาคารสถานที่': 0, 'สุขอนามัยและความสะอาด': 0, 'การเรียนการสอนและหลักสูตร': 0, 'โรงอาหาร / ร้านค้าบริการ': 0, 'ความปลอดภัยและจราจร': 0, 'ระบบเครือข่ายและเทคโนโลยี': 15, 'บริการและสวัสดิการนิสิต': 0}",15,ระบบเครือข่ายและเทคโนโลยี
แจ้งเรื่องประตูพัง ตรงห้อง 1204 ช่วยมาดูหน่อย,"['พัง', 'ประตูพัง']","{'การเดินทาง / รถเมล์มพ.': 0, 'สิ่งอำนวยความสะดวกและอาคารสถานที่': 11, 'สุขอนามัยและความสะอาด': 0, 'การเรียนการสอนและหลักสูตร': 0, 'โรงอาหาร / ร้านค้าบริการ': 0, 'ความปลอดภัยและจราจร': 0, 'ระบบเครือข่ายและเทคโนโลยี': 0, 'บริการและสวัสดิการนิสิต': 0}",11,สิ่งอำนวยความสะดวกและอาคารสถานที่
แจ้งเรื่องน้ำไม่ไหล ตรงห้อง 1204 ช่วยมาดูหน่อย,['น้ำไม่ไหล'],"{'การเดินทาง / รถเมล์มพ.': 0, 'สิ่งอำนวยความสะดวกและอาคารสถานที่': 9, 'สุขอนามัยและความสะอาด': 0, 'การเรียนการสอนและหลักสูตร': 0, 'โรงอาหาร / ร้านค้าบริการ': 0, 'ความปลอดภัยและจราจร': 0, 'ระบบเครือข่ายและเทคโนโลยี': 0, 'บริการและสวัสดิการนิสิต': 0}",9,สิ่งอำนวยความสะดวกและอาคารสถานที่
ไวไฟเข้าไม่ได้ ตอนนี้อยู่หอพักใน ทำงานไม่ได้เลย,"['ไวไฟเข้าไม่ได้', 'ไวไฟ']","{'การเดินทาง / รถเมล์มพ.': 0, 'สิ่งอำนวยความสะดวกและอาคารสถานที่': 0, 'สุขอนามัยและความสะอาด': 0, 'การเรียนการสอนและหลักสูตร': 0, 'โรงอาหาร / ร้านค้าบริการ': 0, 'ความปลอดภัยและจราจร': 0, 'ระบบเครือข่ายและเทคโนโลยี': 18, 'บริการและสวัสดิการนิสิต': 0}",18,ระบบเครือข่ายและเทคโนโลยี
อาจารย์ครับ ลงทะเบียนวิชานี้ไม่ได้ รบกวนให้คำแนะนำที,"['วิชา', 'อาจารย์']","{'การเดินทาง / รถเมล์มพ.': 0, 'สิ่งอำนวยความสะดวกและอาคารสถานที่': 0, 'สุขอนามัยและความสะอาด': 0, 'การเรียนการสอนและหลักสูตร': 11, 'โรงอาหาร / ร้านค้าบริการ': 0, 'ความปลอดภัยและจราจร': 0, 'ระบบเครือข่ายและเทคโนโลยี': 0, 'บริการและสวัสดิการนิสิต': 0}",11,การเรียนการสอนและหลักสูตร
แจ้งเรื่องแอร์ไม่เย็นเลย ตรงห้องบรรยาย ช่วยมาดูหน่อย,"['แอร์ไม่เย็น', 'แอร์']","{'การเดินทาง / รถเมล์มพ.': 0, 'สิ่งอำนวยความสะดวกและอาคารสถานที่': 15, 'สุขอนามัยและความสะอาด': 0, 'การเรียนการสอนและหลักสูตร': 0, 'โรงอาหาร / ร้านค้าบริการ': 0, 'ความปลอดภัยและจราจร': 0, 'ระบบเครือข่ายและเทคโนโลยี': 0, 'บริการและสวัสดิการนิสิต': 0}",15,สิ่งอำนวยความสะดวกและอาคารสถานที่
อาจารย์ครับ อยากติดต่ออาจารย์เรื่องดรอปเรียน รบกวนให้คำแนะนำที,"['ดรอปเรียน', 'ติดต่ออาจารย์', 'อาจารย์']","{'การเดินทาง / รถเมล์มพ.': 0, 'สิ่งอำนวยความสะดวกและอาคารสถานที่': 0, 'สุขอนามัยและความสะอาด': 0, 'การเรียนการสอนและหลักสูตร': 29, 'โรงอาหาร / ร้านค้าบริการ': 0, 'ความปลอดภัยและจราจร': 0, 'ระบบเครือข่ายและเทคโนโลยี': 0, 'บริการและสวัสดิการนิสิต': 0}",29,การเรียนการสอนและหลักสูตร
อาจารย์ครับ ขอสอบชดเชยต้องทำไง รบกวนให้คำแนะนำที,"['ขอสอบชดเชย', 'อาจารย์']","{'การเดินทาง / รถเมล์มพ.': 0, 'สิ่งอำนวยความสะดวกและอาคารสถานที่': 0, 'สุขอนามัยและความสะอาด': 0, 'การเรียนการสอนและหลักสูตร': 17, 'โรงอาหาร / ร้านค้าบริการ': 0, 'ความปลอดภัยและจราจร': 0, 'ระบบเครือข่ายและเทคโนโลยี': 0, 'บริการและสวัสดิการนิสิต': 0}",17,การเรียนการสอนและหลักสูตร
ไวไฟเข้าไม่ได้ ตอนนี้อยู่ตึกคณะ ทำงานไม่ได้เลย,"['ไวไฟเข้าไม่ได้', 'ไวไฟ']","{'การเดินทาง / รถเมล์มพ.': 0, 'สิ่งอำนวยความสะดวกและอาคารสถานที่': 0, 'สุขอนามัยและความสะอาด': 0, 'การเรียนการสอนและหลักสูตร': 0, 'โรงอาหาร / ร้านค้าบริการ': 0, 'ความปลอดภัยและจราจร': 0, 'ระบบเครือข่ายและเทคโนโลยี': 18, 'บริการและสวัสดิการนิสิต': 0}",18,ระบบเครือข่ายและเทคโนโลยี
อาจารย์ครับ ตารางเรียนไม่ขึ้นระบบ รบกวนให้คำแนะนำที,"['ตารางเรียน', 'อาจารย์', 'ระบบ']","{'การเดินทาง / รถเมล์มพ.': 0, 'สิ่งอำนวยความสะดวกและอาคารสถานที่': 0, 'สุขอนามัยและความสะอาด': 0, 'การเรียนการสอนและหลักสูตร': 17, 'โรงอาหาร / ร้านค้าบริการ': 0, 'ความปลอดภัยและจราจร': 0, 'ระบบเครือข่ายและเทคโนโลยี': 4, 'บริการและสวัสดิการนิสิต': 0}",17,การเรียนการสอนและหลักสูตร
แจ้งเรื่องแอร์ไม่เย็นเลย ตรงห้อง 1204 ช่วยมาดูหน่อย,"['แอร์ไม่เย็น', 'แอร์']","{'การเดินทาง / รถเมล์มพ.': 0, 'สิ่งอำนวยความสะดวกและอาคารสถานที่': 15, 'สุขอนามัยและความสะอาด': 0, 'การเรียนการสอนและหลักสูตร': 0, 'โรงอาหาร / ร้านค้าบริการ': 0, 'ความปลอดภัยและจราจร': 0, 'ระบบเครือข่ายและเทคโนโลยี': 0, 'บริการและสวัสดิการนิสิต': 0}",15,สิ่งอำนวยความสะดวกและอาคารสถานที่
รปภ. ช่วยดูตรงหลังมอ หน่อยครับ รถติดหนักมาก,"['รถติด', 'รปภ.', 'รปภ']","{'การเดินทาง / รถเมล์มพ.': 5, 'สิ่งอำนวยความสะดวกและอาคารสถานที่': 0, 'สุขอนามัยและความสะอาด': 0, 'การเรียนการสอนและหลักสูตร': 0, 'โรงอาหาร / ร้านค้าบริการ': 0, 'ความปลอดภัยและจราจร': 7, 'ระบบเครือข่ายและเทคโนโลยี': 0, 'บริการและสวัสดิการนิสิต': 0}",7,ความปลอดภัยและจราจร
แจ้งทำความสะอาดตรงริมสระน้ำ กิ่งไม้หักขวางทาง ครับ,"['กิ่งไม้หัก', 'ทำความสะอาด']","{'การเดินทาง / รถเมล์มพ.': 0, 'สิ่งอำนวยความสะดวกและอาคารสถานที่': 0, 'สุขอนามัยและความสะอาด': 21, 'การเรียนการสอนและหลักสูตร': 0, 'โรงอาหาร / ร้านค้าบริการ': 0, 'ความปลอดภัยและจราจร': 0, 'ระบบเครือข่ายและเทคโนโลยี': 0, 'บริการและสวัสดิการนิสิต': 0}",21,สุขอนามัยและความสะอาด
แจ้งทำความสะอาดตรงทางเดิน กิ่งไม้หักขวางทาง ครับ,"['กิ่งไม้หัก', 'ทำความสะอาด']","{'การเดินทาง / รถเมล์มพ.': 0, 'สิ่งอำนวยความสะดวกและอาคารสถานที่': 0, 'สุขอนามัยและความสะอาด': 21, 'การเรียนการสอนและหลักสูตร': 0, 'โรงอาหาร / ร้านค้าบริการ': 0, 'ความปลอดภัยและจราจร': 0, 'ระบบเครือข่ายและเทคโนโลยี': 0, 'บริการและสวัสดิการนิสิต': 0}",21,สุขอนามัยและความสะอาด
สอบถามหน่อยครับ รถเมล์สาย 1 หมดกี่โมง,"['รถเมล์', 'รถเมล์สาย', 'สอบถามหน่อยครับ']","{'การเดินทาง / รถเมล์มพ.': 15, 'สิ่งอำนวยความสะดวกและอาคารสถานที่': 0, 'สุขอนามัยและความสะอาด': 0, 'การเรียนการสอนและหลักสูตร': 0, 'โรงอาหาร / ร้านค้าบริการ': 0, 'ความปลอดภัยและจราจร': 0, 'ระบบเครือข่ายและเทคโนโลยี': 0, 'บริการและสวัสดิการนิสิต': 15}",15,การเดินทาง / รถเมล์มพ.
แจ้งทำความสะอาดตรงโรงอาหาร สกปรกมากไม่ทำความสะอาด ครับ,"['สกปรก', 'ไม่ทำความสะอาด', 'ทำความสะอาด', 'โรงอาหาร', 'อาหาร']","{'การเดินทาง / รถเมล์มพ.': 0, 'สิ่งอำนวยความสะดวกและอาคารสถานที่': 0, 'สุขอนามัยและความสะอาด': 30, 'การเรียนการสอนและหลักสูตร': 0, 'โรงอาหาร / ร้านค้าบริการ': 13, 'ความปลอดภัยและจราจร': 0, 'ระบบเครือข่ายและเทคโนโลยี': 0, 'บริการและสวัสดิการนิสิต': 0}",30,สุขอนามัยและความสะอาด
รปภ. ช่วยดูตรงหลังมอ หน่อยครับ ทางมืดมากอันตราย,"['อันตราย', 'รปภ.', 'ทางมืด', 'รปภ']","{'การเดินทาง / รถเมล์มพ.': 0, 'สิ่งอำนวยความสะดวกและอาคารสถานที่': 0, 'สุขอนามัยและความสะอาด': 0, 'การเรียนการสอนและหลักสูตร': 0, 'โรงอาหาร / ร้านค้าบริการ': 0, 'ความปลอดภัยและจราจร': 20, 'ระบบเครือข่ายและเทคโนโลยี': 0, 'บริการและสวัสดิการนิสิต': 0}",20,ความปลอดภัยและจราจร
ลืมรหัสผ่านเข้าระบบ ตอนนี้อยู่ตึกคณะ ทำงานไม่ได้เลย,"['ลืมรหัสผ่าน', 'ระบบ']","{'การเดินทาง / รถเมล์มพ.': 0, 'สิ่งอำนวยความสะดวกและอาคารสถานที่': 0, 'สุขอนามัยและความสะอาด': 0, 'การเรียนการสอนและหลักสูตร': 0, 'โรงอาหาร / ร้านค้าบริการ': 0, 'ความปลอดภัยและจราจร': 0, 'ระบบเครือข่ายและเทคโนโลยี': 15, 'บริการและสวัสดิการนิสิต': 0}",15,ระบบเครือข่ายและเทคโนโลยี
แจ้งเรื่องแอร์ไม่เย็นเลย ตรงห้องน้ำตึกสงวน ช่วยมาดูหน่อย,"['แอร์ไม่เย็น', 'แอร์']","{'การเดินทาง / รถเมล์มพ.': 0, 'สิ่งอำนวยความสะดวกและอาคารสถานที่': 15, 'สุขอนามัยและความสะอาด': 0, 'การเรียนการสอนและหลักสูตร': 0, 'โรงอาหาร / ร้านค้าบริการ': 0, 'ความปลอดภัยและจราจร': 0, 'ระบบเครือข่ายและเทคโนโลยี': 0, 'บริการและสวัสดิการนิสิต': 0}",15,สิ่งอำนวยความสะดวกและอาคารสถานที่
แจ้งเรื่องน้ำไม่ไหล ตรงห้องบรรยาย ช่วยมาดูหน่อย,['น้ำไม่ไหล'],"{'การเดินทาง / รถเมล์มพ.': 0, 'สิ่งอำนวยความสะดวกและอาคารสถานที่': 9, 'สุขอนามัยและความสะอาด': 0, 'การเรียนการสอนและหลักสูตร': 0, 'โรงอาหาร / ร้านค้าบริการ': 0, 'ความปลอดภัยและจราจร': 0, 'ระบบเครือข่ายและเทคโนโลยี': 0, 'บริการและสวัสดิการนิสิต': 0}",9,สิ่งอำนวยความสะดวกและอาคารสถานที่
รปภ. ช่วยดูตรงลานจอดรถ หน่อยครับ รถติดหนักมาก,"['รถติด', 'รปภ.', 'รปภ']","{'การเดินทาง / รถเมล์มพ.': 5, 'สิ่งอำนวยความสะดวกและอาคารสถานที่': 0, 'สุขอนามัยและความสะอาด': 0, 'การเรียนการสอนและหลักสูตร': 0, 'โรงอาหาร / ร้านค้าบริการ': 0, 'ความปลอดภัยและจราจร': 7, 'ระบบเครือข่ายและเทคโนโลยี': 0, 'บริการและสวัสดิการนิสิต': 0}",7,ความปลอดภัยและจราจร
แจ้งทำความสะอาดตรงริมสระน้ำ มีหมาจรจัดมาคุ้ยขยะ ครับ,"['หมาจรจัด', 'ทำความสะอาด']","{'การเดินทาง / รถเมล์มพ.': 0, 'สิ่งอำนวยความสะดวกและอาคารสถานที่': 0, 'สุขอนามัยและความสะอาด': 19, 'การเรียนการสอนและหลักสูตร': 0, 'โรงอาหาร / ร้านค้าบริการ': 0, 'ความปลอดภัยและจราจร': 0, 'ระบบเครือข่ายและเทคโนโลยี': 0, 'บริการและสวัสดิการนิสิต': 0}",19,สุขอนามัยและความสะอาด
แจ้งทำความสะอาดตรงสวนหน้าตึก ขยะล้นถังส่งกลิ่นเหม็น ครับ,"['ขยะล้น', 'เหม็น', 'ทำความสะอาด', 'กลิ่นเหม็น']","{'การเดินทาง / รถเมล์มพ.': 0, 'สิ่งอำนวยความสะดวกและอาคารสถานที่': 0, 'สุขอนามัยและความสะอาด': 32, 'การเรียนการสอนและหลักสูตร': 0, 'โรงอาหาร / ร้านค้าบริการ': 0, 'ความปลอดภัยและจราจร': 0, 'ระบบเครือข่ายและเทคโนโลยี': 0, 'บริการและสวัสดิการนิสิต': 0}",32,สุขอนามัยและความสะอาด
สอบถามหน่อยครับ อยากทราบกำหนดการกิจกรรมรับน้อง,"['กิจกรรม', 'สอบถามหน่อยครับ']","{'การเดินทาง / รถเมล์มพ.': 0, 'สิ่งอำนวยความสะดวกและอาคารสถานที่': 0, 'สุขอนามัยและความสะอาด': 0, 'การเรียนการสอนและหลักสูตร': 0, 'โรงอาหาร / ร้านค้าบริการ': 0, 'ความปลอดภัยและจราจร': 0, 'ระบบเครือข่ายและเทคโนโลยี': 0, 'บริการและสวัสดิการนิสิต': 22}",22,บริการและสวัสดิการนิสิต
ระบบล่ม ตอนนี้อยู่หน้ามอ ทำงานไม่ได้เลย,"['ระบบล่ม', 'ระบบ']","{'การเดินทาง / รถเมล์มพ.': 0, 'สิ่งอำนวยความสะดวกและอาคารสถานที่': 0, 'สุขอนามัยและความสะอาด': 0, 'การเรียนการสอนและหลักสูตร': 0, 'โรงอาหาร / ร้านค้าบริการ': 0, 'ความปลอดภัยและจราจร': 0, 'ระบบเครือข่ายและเทคโนโลยี': 11, 'บริการและสวัสดิการนิสิต': 0}",11,ระบบเครือข่ายและเทคโนโลยี
สอบถามหน่อยครับ ทำบัตรนิสิตใหม่ที่ไหน,"['บัตรนิสิต', 'สอบถามหน่อยครับ']","{'การเดินทาง / รถเมล์มพ.': 0, 'สิ่งอำนวยความสะดวกและอาคารสถานที่': 0, 'สุขอนามัยและความสะอาด': 0, 'การเรียนการสอนและหลักสูตร': 0, 'โรงอาหาร / ร้านค้าบริการ': 0, 'ความปลอดภัยและจราจร': 0, 'ระบบเครือข่ายและเทคโนโลยี': 0, 'บริการและสวัสดิการนิสิต': 24}",24,บริการและสวัสดิการนิสิต
แจ้งทำความสะอาดตรงโรงอาหาร สกปรกมากไม่ทำความสะอาด ครับ,"['สกปรก', 'ไม่ทำความสะอาด', 'ทำความสะอาด', 'โรงอาหาร', 'อาหาร']","{'การเดินทาง / รถเมล์มพ.': 0, 'สิ่งอำนวยความสะดวกและอาคารสถานที่': 0, 'สุขอนามัยและความสะอาด': 30, 'การเรียนการสอนและหลักสูตร': 0, 'โรงอาหาร / ร้านค้าบริการ': 13, 'ความปลอดภัยและจราจร': 0, 'ระบบเครือข่ายและเทคโนโลยี': 0, 'บริการและสวัสดิการนิสิต': 0}",30,สุขอนามัยและความสะอาด
รปภ. ช่วยดูตรงลานจอดรถ หน่อยครับ หมวกกันน็อคหาย,"['รปภ.', 'รปภ', 'หมวกกันน็อคหาย']","{'การเดินทาง / รถเมล์มพ.': 0, 'สิ่งอำนวยความสะดวกและอาคารสถานที่': 0, 'สุขอนามัยและความสะอาด': 0, 'การเรียนการสอนและหลักสูตร': 0, 'โรงอาหาร / ร้านค้าบริการ': 0, 'ความปลอดภัยและจราจร': 7, 'ระบบเครือข่ายและเทคโนโลยี': 0, 'บริการและสวัสดิการนิสิต': 14}",14,บริการและสวัสดิการนิสิต
ไวไฟเข้าไม่ได้ ตอนนี้อยู่ตึกคณะ ทำงานไม่ได้เลย,"['ไวไฟเข้าไม่ได้', 'ไวไฟ']","{'การเดินทาง / รถเมล์มพ.': 0, 'สิ่งอำนวยความสะดวกและอาคารสถานที่': 0, 'สุขอนามัยและความสะอาด': 0, 'การเรียนการสอนและหลักสูตร': 0, 'โรงอาหาร / ร้านค้าบริการ': 0, 'ความปลอดภัยและจราจร': 0, 'ระบบเครือข่ายและเทคโนโลยี': 18, 'บริการและสวัสดิการนิสิต': 0}",18,ระบบเครือข่ายและเทคโนโลยี
สอบถามหน่อยครับ รถเมล์สาย 1 หมดกี่โมง,"['รถเมล์', 'รถเมล์สาย', 'สอบถามหน่อยครับ']","{'การเดินทาง / รถเมล์มพ.': 15, 'สิ่งอำนวยความสะดวกและอาคารสถานที่': 0, 'สุขอนามัยและความสะอาด': 0, 'การเรียนการสอนและหลักสูตร': 0, 'โรงอาหาร / ร้านค้าบริการ': 0, 'ความปลอดภัยและจราจร': 0, 'ระบบเครือข่ายและเทคโนโลยี': 0, 'บริการและสวัสดิการนิสิต': 15}",15,การเดินทาง / รถเมล์มพ.
รปภ. ช่วยดูตรงหลังมอ หน่อยครับ คนจอดรถขวางทาง,"['รปภ.', 'จอดรถขวาง', 'รปภ']","{'การเดินทาง / รถเมล์มพ.': 0, 'สิ่งอำนวยความสะดวกและอาคารสถานที่': 0, 'สุขอนามัยและความสะอาด': 0, 'การเรียนการสอนและหลักสูตร': 0, 'โรงอาหาร / ร้านค้าบริการ': 0, 'ความปลอดภัยและจราจร': 16, 'ระบบเครือข่ายและเทคโนโลยี': 0, 'บริการและสวัสดิการนิสิต': 0}",16,ความปลอดภัยและจราจร
ระบบล่ม ตอนนี้อยู่หอพักใน ทำงานไม่ได้เลย,"['ระบบล่ม', 'ระบบ']","{'การเดินทาง / รถเมล์มพ.': 0, 'สิ่งอำนวยความสะดวกและอาคารสถานที่': 0, 'สุขอนามัยและความสะอาด': 0, 'การเรียนการสอนและหลักสูตร': 0, 'โรงอาหาร / ร้านค้าบริการ': 0, 'ความปลอดภัยและจราจร': 0, 'ระบบเครือข่ายและเทคโนโลยี': 11, 'บริการและสวัสดิการนิสิต': 0}",11,ระบบเครือข่ายและเทคโนโลยี
แจ้งทำความสะอาดตรงริมสระน้ำ ขยะล้นถังส่งกลิ่นเหม็น ครับ,"['ขยะล้น', 'เหม็น', 'ทำความสะอาด', 'กลิ่นเหม็น']","{'การเดินทาง / รถเมล์มพ.': 0, 'สิ่งอำนวยความสะดวกและอาคารสถานที่': 0, 'สุขอนามัยและความสะอาด': 32, 'การเรียนการสอนและหลักสูตร': 0, 'โรงอาหาร / ร้านค้าบริการ': 0, 'ความปลอดภัยและจราจร': 0, 'ระบบเครือข่ายและเทคโนโลยี': 0, 'บริการและสวัสดิการนิสิต': 0}",32,สุขอนามัยและความสะอาด
รปภ. ช่วยดูตรงทางแยก หน่อยครับ หมวกกันน็อคหาย,"['รปภ.', 'รปภ', 'หมวกกันน็อคหาย']","{'การเดินทาง / รถเมล์มพ.': 0, 'สิ่งอำนวยความสะดวกและอาคารสถานที่': 0, 'สุขอนามัยและความสะอาด': 0, 'การเรียนการสอนและหลักสูตร': 0, 'โรงอาหาร / ร้านค้าบริการ': 0, 'ความปลอดภัยและจราจร': 7, 'ระบบเครือข่ายและเทคโนโลยี': 0, 'บริการและสวัสดิการนิสิต': 14}",14,บริการและสวัสดิการนิสิต
แจ้งทำความสะอาดตรงสวนหน้าตึก มีหมาจรจัดมาคุ้ยขยะ ครับ,"['หมาจรจัด', 'ทำความสะอาด']","{'การเดินทาง / รถเมล์มพ.': 0, 'สิ่งอำนวยความสะดวกและอาคารสถานที่': 0, 'สุขอนามัยและความสะอาด': 19, 'การเรียนการสอนและหลักสูตร': 0, 'โรงอาหาร / ร้านค้าบริการ': 0, 'ความปลอดภัยและจราจร': 0, 'ระบบเครือข่ายและเทคโนโลยี': 0, 'บริการและสวัสดิการนิสิต': 0}",19,สุขอนามัยและความสะอาด
สอบถามหน่อยครับ รถเมล์สาย 1 หมดกี่โมง,"['รถเมล์', 'รถเมล์สาย', 'สอบถามหน่อยครับ']","{'การเดินทาง / รถเมล์มพ.': 15, 'สิ่งอำนวยความสะดวกและอาคารสถานที่': 0, 'สุขอนามัยและความสะอาด': 0, 'การเรียนการสอนและหลักสูตร': 0, 'โรงอาหาร / ร้านค้าบริการ': 0, 'ความปลอดภัยและจราจร': 0, 'ระบบเครือข่ายและเทคโนโลยี': 0, 'บริการและสวัสดิการนิสิต': 15}",15,การเดินทาง / รถเมล์มพ.
สอบถามหน่อยครับ รถเมล์สาย 1 หมดกี่โมง,"['รถเมล์', 'รถเมล์สาย', 'สอบถามหน่อยครับ']","{'การเดินทาง / รถเมล์มพ.': 15, 'สิ่งอำนวยความสะดวกและอาคารสถานที่': 0, 'สุขอนามัยและความสะอาด': 0, 'การเรียนการสอนและหลักสูตร': 0, 'โรงอาหาร / ร้านค้าบริการ': 0, 'ความปลอดภัยและจราจร': 0, 'ระบบเครือข่ายและเทคโนโลยี': 0, 'บริการและสวัสดิการนิสิต': 15}",15,การเดินทาง / รถเมล์มพ.
แจ้งทำความสะอาดตรงทางเดิน ขยะล้นถังส่งกลิ่นเหม็น ครับ,"['ขยะล้น', 'เหม็น', 'ทำความสะอาด', 'กลิ่นเหม็น']","{'การเดินทาง / รถเมล์มพ.': 0, 'สิ่งอำนวยความสะดวกและอาคารสถานที่': 0, 'สุขอนามัยและความสะอาด': 32, 'การเรียนการสอนและหลักสูตร': 0, 'โรงอาหาร / ร้านค้าบริการ': 0, 'ความปลอดภัยและจราจร': 0, 'ระบบเครือข่ายและเทคโนโลยี': 0, 'บริการและสวัสดิการนิสิต': 0}",32,สุขอนามัยและความสะอาด
สอบถามหน่อยครับ รถเมล์สาย 1 หมดกี่โมง,"['รถเมล์', 'รถเมล์สาย', 'สอบถามหน่อยครับ']","{'การเดินทาง / รถเมล์มพ.': 15, 'สิ่งอำนวยความสะดวกและอาคารสถานที่': 0, 'สุขอนามัยและความสะอาด': 0, 'การเรียนการสอนและหลักสูตร': 0, 'โรงอาหาร / ร้านค้าบริการ': 0, 'ความปลอดภัยและจราจร': 0, 'ระบบเครือข่ายและเทคโนโลยี': 0, 'บริการและสวัสดิการนิสิต': 15}",15,การเดินทาง / รถเมล์มพ.
รปภ. ช่วยดูตรงทางแยก หน่อยครับ หมวกกันน็อคหาย,"['รปภ.', 'รปภ', 'หมวกกันน็อคหาย']","{'การเดินทาง / รถเมล์มพ.': 0, 'สิ่งอำนวยความสะดวกและอาคารสถานที่': 0, 'สุขอนามัยและความสะอาด': 0, 'การเรียนการสอนและหลักสูตร': 0, 'โรงอาหาร / ร้านค้าบริการ': 0, 'ความปลอดภัยและจราจร': 7, 'ระบบเครือข่ายและเทคโนโลยี': 0, 'บริการและสวัสดิการนิสิต': 14}",14,บริการและสวัสดิการนิสิต
ระบบล่ม ตอนนี้อยู่ตึกคณะ ทำงานไม่ได้เลย,"['ระบบล่ม', 'ระบบ']","{'การเดินทาง / รถเมล์มพ.': 0, 'สิ่งอำนวยความสะดวกและอาคารสถานที่': 0, 'สุขอนามัยและความสะอาด': 0, 'การเรียนการสอนและหลักสูตร': 0, 'โรงอาหาร / ร้านค้าบริการ': 0, 'ความปลอดภัยและจราจร': 0, 'ระบบเครือข่ายและเทคโนโลยี': 11, 'บริการและสวัสดิการนิสิต': 0}",11,ระบบเครือข่ายและเทคโนโลยี
แจ้งทำความสะอาดตรงสนามบาส หญ้ารกมาก ครับ,"['หญ้ารก', 'ทำความสะอาด']","{'การเดินทาง / รถเมล์มพ.': 0, 'สิ่งอำนวยความสะดวกและอาคารสถานที่': 0, 'สุขอนามัยและความสะอาด': 17, 'การเรียนการสอนและหลักสูตร': 0, 'โรงอาหาร / ร้านค้าบริการ': 0, 'ความปลอดภัยและจราจร': 0, 'ระบบเครือข่ายและเทคโนโลยี': 0, 'บริการและสวัสดิการนิสิต': 0}",17,สุขอนามัยและความสะอาด
รปภ. ช่วยดูตรงลานจอดรถ หน่อยครับ ทางมืดมากอันตราย,"['อันตราย', 'รปภ.', 'ทางมืด', 'รปภ']","{'การเดินทาง / รถเมล์มพ.': 0, 'สิ่งอำนวยความสะดวกและอาคารสถานที่': 0, 'สุขอนามัยและความสะอาด': 0, 'การเรียนการสอนและหลักสูตร': 0, 'โรงอาหาร / ร้านค้าบริการ': 0, 'ความปลอดภัยและจราจร': 20, 'ระบบเครือข่ายและเทคโนโลยี': 0, 'บริการและสวัสดิการนิสิต': 0}",20,ความปลอดภัยและจราจร
อาจารย์ครับ ขอสอบชดเชยต้องทำไง รบกวนให้คำแนะนำที,"['ขอสอบชดเชย', 'อาจารย์']","{'การเดินทาง / รถเมล์มพ.': 0, 'สิ่งอำนวยความสะดวกและอาคารสถานที่': 0, 'สุขอนามัยและความสะอาด': 0, 'การเรียนการสอนและหลักสูตร': 17, 'โรงอาหาร / ร้านค้าบริการ': 0, 'ความปลอดภัยและจราจร': 0, 'ระบบเครือข่ายและเทคโนโลยี': 0, 'บริการและสวัสดิการนิสิต': 0}",17,การเรียนการสอนและหลักสูตร
สอบถามหน่อยครับ ทำบัตรนิสิตใหม่ที่ไหน,"['บัตรนิสิต', 'สอบถามหน่อยครับ']","{'การเดินทาง / รถเมล์มพ.': 0, 'สิ่งอำนวยความสะดวกและอาคารสถานที่': 0, 'สุขอนามัยและความสะอาด': 0, 'การเรียนการสอนและหลักสูตร': 0, 'โรงอาหาร / ร้านค้าบริการ': 0, 'ความปลอดภัยและจราจร': 0, 'ระบบเครือข่ายและเทคโนโลยี': 0, 'บริการและสวัสดิการนิสิต': 24}",24,บริการและสวัสดิการนิสิต
แจ้งทำความสะอาดตรงโรงอาหาร ขยะล้นถังส่งกลิ่นเหม็น ครับ,"['ขยะล้น', 'เหม็น', 'ทำความสะอาด', 'กลิ่นเหม็น', 'โรงอาหาร', 'อาหาร']","{'การเดินทาง / รถเมล์มพ.': 0, 'สิ่งอำนวยความสะดวกและอาคารสถานที่': 0, 'สุขอนามัยและความสะอาด': 32, 'การเรียนการสอนและหลักสูตร': 0, 'โรงอาหาร / ร้านค้าบริการ': 13, 'ความปลอดภัยและจราจร': 0, 'ระบบเครือข่ายและเทคโนโลยี': 0, 'บริการและสวัสดิการนิสิต': 0}",32,สุขอนามัยและความสะอาด
สอบถามหน่อยครับ อยากทราบกำหนดการกิจกรรมรับน้อง,"['กิจกรรม', 'สอบถามหน่อยครับ']","{'การเดินทาง / รถเมล์มพ.': 0, 'สิ่งอำนวยความสะดวกและอาคารสถานที่': 0, 'สุขอนามัยและความสะอาด': 0, 'การเรียนการสอนและหลักสูตร': 0, 'โรงอาหาร / ร้านค้าบริการ': 0, 'ความปลอดภัยและจราจร': 0, 'ระบบเครือข่ายและเทคโนโลยี': 0, 'บริการและสวัสดิการนิสิต': 22}",22,บริการและสวัสดิการนิสิต
อาจารย์ครับ เกรดยังไม่ออกครับ รบกวนให้คำแนะนำที,"['เกรด', 'อาจารย์']","{'การเดินทาง / รถเมล์มพ.': 0, 'สิ่งอำนวยความสะดวกและอาคารสถานที่': 0, 'สุขอนามัยและความสะอาด': 0, 'การเรียนการสอนและหลักสูตร': 11, 'โรงอาหาร / ร้านค้าบริการ': 0, 'ความปลอดภัยและจราจร': 0, 'ระบบเครือข่ายและเทคโนโลยี': 0, 'บริการและสวัสดิการนิสิต': 0}",11,การเรียนการสอนและหลักสูตร
เน็ตหลุดบ่อยมาก ตอนนี้อยู่ตึกคณะ ทำงานไม่ได้เลย,"['เน็ตหลุด', 'หลุดบ่อย']","{'การเดินทาง / รถเมล์มพ.': 0, 'สิ่งอำนวยความสะดวกและอาคารสถานที่': 0, 'สุขอนามัยและความสะอาด': 0, 'การเรียนการสอนและหลักสูตร': 0, 'โรงอาหาร / ร้านค้าบริการ': 0, 'ความปลอดภัยและจราจร': 0, 'ระบบเครือข่ายและเทคโนโลยี': 16, 'บริการและสวัสดิการนิสิต': 0}",16,ระบบเครือข่ายและเทคโนโลยี
ลงทะเบียนไม่ได้ ตอนนี้อยู่หอพักใน ทำงานไม่ได้เลย,['ลงทะเบียนไม่ได้'],"{'การเดินทาง / รถเมล์มพ.': 0, 'สิ่งอำนวยความสะดวกและอาคารสถานที่': 0, 'สุขอนามัยและความสะอาด': 0, 'การเรียนการสอนและหลักสูตร': 0, 'โรงอาหาร / ร้านค้าบริการ': 0, 'ความปลอดภัยและจราจร': 0, 'ระบบเครือข่ายและเทคโนโลยี': 15, 'บริการและสวัสดิการนิสิต': 0}",15,ระบบเครือข่ายและเทคโนโลยี
รปภ. ช่วยดูตรงหน้ามอ หน่อยครับ หมวกกันน็อคหาย,"['รปภ.', 'รปภ', 'หมวกกันน็อคหาย']","{'การเดินทาง / รถเมล์มพ.': 0, 'สิ่งอำนวยความสะดวกและอาคารสถานที่': 0, 'สุขอนามัยและความสะอาด': 0, 'การเรียนการสอนและหลักสูตร': 0, 'โรงอาหาร / ร้านค้าบริการ': 0, 'ความปลอดภัยและจราจร': 7, 'ระบบเครือข่ายและเทคโนโลยี': 0, 'บริการและสวัสดิการนิสิต': 14}",14,บริการและสวัสดิการนิสิต
อาจารย์ครับ ขอสอบชดเชยต้องทำไง รบกวนให้คำแนะนำที,"['ขอสอบชดเชย', 'อาจารย์']","{'การเดินทาง / รถเมล์มพ.': 0, 'สิ่งอำนวยความสะดวกและอาคารสถานที่': 0, 'สุขอนามัยและความสะอาด': 0, 'การเรียนการสอนและหลักสูตร': 17, 'โรงอาหาร / ร้านค้าบริการ': 0, 'ความปลอดภัยและจราจร': 0, 'ระบบเครือข่ายและเทคโนโลยี': 0, 'บริการและสวัสดิการนิสิต': 0}",17,การเรียนการสอนและหลักสูตร
รปภ. ช่วยดูตรงประตู 2 หน่อยครับ คนจอดรถขวางทาง,"['รปภ.', 'จอดรถขวาง', 'รปภ', 'ประตู 2']","{'การเดินทาง / รถเมล์มพ.': 0, 'สิ่งอำนวยความสะดวกและอาคารสถานที่': 0, 'สุขอนามัยและความสะอาด': 0, 'การเรียนการสอนและหลักสูตร': 0, 'โรงอาหาร / ร้านค้าบริการ': 0, 'ความปลอดภัยและจราจร': 23, 'ระบบเครือข่ายและเทคโนโลยี': 0, 'บริการและสวัสดิการนิสิต': 0}",23,ความปลอดภัยและจราจร
อาจารย์ครับ อยากติดต่ออาจารย์เรื่องดรอปเรียน รบกวนให้คำแนะนำที,"['ดรอปเรียน', 'ติดต่ออาจารย์', 'อาจารย์']","{'การเดินทาง / รถเมล์มพ.': 0, 'สิ่งอำนวยความสะดวกและอาคารสถานที่': 0, 'สุขอนามัยและความสะอาด': 0, 'การเรียนการสอนและหลักสูตร': 29, 'โรงอาหาร / ร้านค้าบริการ': 0, 'ความปลอดภัยและจราจร': 0, 'ระบบเครือข่ายและเทคโนโลยี': 0, 'บริการและสวัสดิการนิสิต': 0}",29,การเรียนการสอนและหลักสูตร
แจ้งทำความสะอาดตรงสวนหน้าตึก หญ้ารกมาก ครับ,"['หญ้ารก', 'ทำความสะอาด']","{'การเดินทาง / รถเมล์มพ.': 0, 'สิ่งอำนวยความสะดวกและอาคารสถานที่': 0, 'สุขอนามัยและความสะอาด': 17, 'การเรียนการสอนและหลักสูตร': 0, 'โรงอาหาร / ร้านค้าบริการ': 0, 'ความปลอดภัยและจราจร': 0, 'ระบบเครือข่ายและเทคโนโลยี': 0, 'บริการและสวัสดิการนิสิต': 0}",17,สุขอนามัยและความสะอาด
สอบถามหน่อยครับ สอบถามเรื่องทุนการศึกษา,"['ทุนการศึกษา', 'สอบถามหน่อยครับ']","{'การเดินทาง / รถเมล์มพ.': 0, 'สิ่งอำนวยความสะดวกและอาคารสถานที่': 0, 'สุขอนามัยและความสะอาด': 0, 'การเรียนการสอนและหลักสูตร': 0, 'โรงอาหาร / ร้านค้าบริการ': 0, 'ความปลอดภัยและจราจร': 0, 'ระบบเครือข่ายและเทคโนโลยี': 0, 'บริการและสวัสดิการนิสิต': 26}",26,บริการและสวัสดิการนิสิต
ลืมรหัสผ่านเข้าระบบ ตอนนี้อยู่หน้ามอ ทำงานไม่ได้เลย,"['ลืมรหัสผ่าน', 'ระบบ']","{'การเดินทาง / รถเมล์มพ.': 0, 'สิ่งอำนวยความสะดวกและอาคารสถานที่': 0, 'สุขอนามัยและความสะอาด': 0, 'การเรียนการสอนและหลักสูตร': 0, 'โรงอาหาร / ร้านค้าบริการ': 0, 'ความปลอดภัยและจราจร': 0, 'ระบบเครือข่ายและเทคโนโลยี': 15, 'บริการและสวัสดิการนิสิต': 0}",15,ระบบเครือข่ายและเทคโนโลยี
สอบถามหน่อยครับ ทำบัตรนิสิตใหม่ที่ไหน,"['บัตรนิสิต', 'สอบถามหน่อยครับ']","{'การเดินทาง / รถเมล์มพ.': 0, 'สิ่งอำนวยความสะดวกและอาคารสถานที่': 0, 'สุขอนามัยและความสะอาด': 0, 'การเรียนการสอนและหลักสูตร': 0, 'โรงอาหาร / ร้านค้าบริการ': 0, 'ความปลอดภัยและจราจร': 0, 'ระบบเครือข่ายและเทคโนโลยี': 0, 'บริการและสวัสดิการนิสิต': 24}",24,บริการและสวัสดิการนิสิต
ลืมรหัสผ่านเข้าระบบ ตอนนี้อยู่หอพักใน ทำงานไม่ได้เลย,"['ลืมรหัสผ่าน', 'ระบบ']","{'การเดินทาง / รถเมล์มพ.': 0, 'สิ่งอำนวยความสะดวกและอาคารสถานที่': 0, 'สุขอนามัยและความสะอาด': 0, 'การเรียนการสอนและหลักสูตร': 0, 'โรงอาหาร / ร้านค้าบริการ': 0, 'ความปลอดภัยและจราจร': 0, 'ระบบเครือข่ายและเทคโนโลยี': 15, 'บริการและสวัสดิการนิสิต': 0}",15,ระบบเครือข่ายและเทคโนโลยี
รปภ. ช่วยดูตรงหลังมอ หน่อยครับ คนจอดรถขวางทาง,"['รปภ.', 'จอดรถขวาง', 'รปภ']","{'การเดินทาง / รถเมล์มพ.': 0, 'สิ่งอำนวยความสะดวกและอาคารสถานที่': 0, 'สุขอนามัยและความสะอาด': 0, 'การเรียนการสอนและหลักสูตร': 0, 'โรงอาหาร / ร้านค้าบริการ': 0, 'ความปลอดภัยและจราจร': 16, 'ระบบเครือข่ายและเทคโนโลยี': 0, 'บริการและสวัสดิการนิสิต': 0}",16,ความปลอดภัยและจราจร
สอบถามหน่อยครับ อยากทราบกำหนดการกิจกรรมรับน้อง,"['กิจกรรม', 'สอบถามหน่อยครับ']","{'การเดินทาง / รถเมล์มพ.': 0, 'สิ่งอำนวยความสะดวกและอาคารสถานที่': 0, 'สุขอนามัยและความสะอาด': 0, 'การเรียนการสอนและหลักสูตร': 0, 'โรงอาหาร / ร้านค้าบริการ': 0, 'ความปลอดภัยและจราจร': 0, 'ระบบเครือข่ายและเทคโนโลยี': 0, 'บริการและสวัสดิการนิสิต': 22}",22,บริการและสวัสดิการนิสิต
แจ้งเรื่องไฟดับครับ ตรงตึกวิทย์ ช่วยมาดูหน่อย,['ไฟดับ'],"{'การเดินทาง / รถเมล์มพ.': 0, 'สิ่งอำนวยความสะดวกและอาคารสถานที่': 5, 'สุขอนามัยและความสะอาด': 0, 'การเรียนการสอนและหลักสูตร': 0, 'โรงอาหาร / ร้านค้าบริการ': 0, 'ความปลอดภัยและจราจร': 0, 'ระบบเครือข่ายและเทคโนโลยี': 0, 'บริการและสวัสดิการนิสิต': 0}",5,สิ่งอำนวยความสะดวกและอาคารสถานที่
สอบถามหน่อยครับ รถเมล์สาย 1 หมดกี่โมง,"['รถเมล์', 'รถเมล์สาย', 'สอบถามหน่อยครับ']","{'การเดินทาง / รถเมล์มพ.': 15, 'สิ่งอำนวยความสะดวกและอาคารสถานที่': 0, 'สุขอนามัยและความสะอาด': 0, 'การเรียนการสอนและหลักสูตร': 0, 'โรงอาหาร / ร้านค้าบริการ': 0, 'ความปลอดภัยและจราจร': 0, 'ระบบเครือข่ายและเทคโนโลยี': 0, 'บริการและสวัสดิการนิสิต': 15}",15,การเดินทาง / รถเมล์มพ.
รปภ. ช่วยดูตรงทางแยก หน่อยครับ รถติดหนักมาก,"['รถติด', 'รปภ.', 'รปภ']","{'การเดินทาง / รถเมล์มพ.': 5, 'สิ่งอำนวยความสะดวกและอาคารสถานที่': 0, 'สุขอนามัยและความสะอาด': 0, 'การเรียนการสอนและหลักสูตร': 0, 'โรงอาหาร / ร้านค้าบริการ': 0, 'ความปลอดภัยและจราจร': 7, 'ระบบเครือข่ายและเทคโนโลยี': 0, 'บริการและสวัสดิการนิสิต': 0}",7,ความปลอดภัยและจราจร
รปภ. ช่วยดูตรงประตู 2 หน่อยครับ ทางมืดมากอันตราย,"['อันตราย', 'รปภ.', 'ทางมืด', 'รปภ', 'ประตู 2']","{'การเดินทาง / รถเมล์มพ.': 0, 'สิ่งอำนวยความสะดวกและอาคารสถานที่': 0, 'สุขอนามัยและความสะอาด': 0, 'การเรียนการสอนและหลักสูตร': 0, 'โรงอาหาร / ร้านค้าบริการ': 0, 'ความปลอดภัยและจราจร': 27, 'ระบบเครือข่ายและเทคโนโลยี': 0, 'บริการและสวัสดิการนิสิต': 0}",27,ความปลอดภัยและจราจร
ระบบล่ม ตอนนี้อยู่หอพักใน ทำงานไม่ได้เลย,"['ระบบล่ม', 'ระบบ']","{'การเดินทาง / รถเมล์มพ.': 0, 'สิ่งอำนวยความสะดวกและอาคารสถานที่': 0, 'สุขอนามัยและความสะอาด': 0, 'การเรียนการสอนและหลักสูตร': 0, 'โรงอาหาร / ร้านค้าบริการ': 0, 'ความปลอดภัยและจราจร': 0, 'ระบบเครือข่ายและเทคโนโลยี': 11, 'บริการและสวัสดิการนิสิต': 0}",11,ระบบเครือข่ายและเทคโนโลยี
รปภ. ช่วยดูตรงทางแยก หน่อยครับ มีรถชนกัน,"['รถชน', 'รปภ.', 'รปภ']","{'การเดินทาง / รถเมล์มพ.': 0, 'สิ่งอำนวยความสะดวกและอาคารสถานที่': 0, 'สุขอนามัยและความสะอาด': 0, 'การเรียนการสอนและหลักสูตร': 0, 'โรงอาหาร / ร้านค้าบริการ': 0, 'ความปลอดภัยและจราจร': 11, 'ระบบเครือข่ายและเทคโนโลยี': 0, 'บริการและสวัสดิการนิสิต': 0}",11,ความปลอดภัยและจราจร
รปภ. ช่วยดูตรงประตู 2 หน่อยครับ คนจอดรถขวางทาง,"['รปภ.', 'จอดรถขวาง', 'รปภ', 'ประตู 2']","{'การเดินทาง / รถเมล์มพ.': 0, 'สิ่งอำนวยความสะดวกและอาคารสถานที่': 0, 'สุขอนามัยและความสะอาด': 0, 'การเรียนการสอนและหลักสูตร': 0, 'โรงอาหาร / ร้านค้าบริการ': 0, 'ความปลอดภัยและจราจร': 23, 'ระบบเครือข่ายและเทคโนโลยี': 0, 'บริการและสวัสดิการนิสิต': 0}",23,ความปลอดภัยและจราจร
สอบถามหน่อยครับ รถเมล์สาย 1 หมดกี่โมง,"['รถเมล์', 'รถเมล์สาย', 'สอบถามหน่อยครับ']","{'การเดินทาง / รถเมล์มพ.': 15, 'สิ่งอำนวยความสะดวกและอาคารสถานที่': 0, 'สุขอนามัยและความสะอาด': 0, 'การเรียนการสอนและหลักสูตร': 0, 'โรงอาหาร / ร้านค้าบริการ': 0, 'ความปลอดภัยและจราจร': 0, 'ระบบเครือข่ายและเทคโนโลยี': 0, 'บริการและสวัสดิการนิสิต': 15}",15,การเดินทาง / รถเมล์มพ.
ระบบล่ม ตอนนี้อยู่ตึกคณะ ทำงานไม่ได้เลย,"['ระบบล่ม', 'ระบบ']","{'การเดินทาง / รถเมล์มพ.': 0, 'สิ่งอำนวยความสะดวกและอาคารสถานที่': 0, 'สุขอนามัยและความสะอาด': 0, 'การเรียนการสอนและหลักสูตร': 0, 'โรงอาหาร / ร้านค้าบริการ': 0, 'ความปลอดภัยและจราจร': 0, 'ระบบเครือข่ายและเทคโนโลยี': 11, 'บริการและสวัสดิการนิสิต': 0}",11,ระบบเครือข่ายและเทคโนโลยี
แจ้งเรื่องหลังคารั่วหนักมาก ตรงอาคารเรียนรวม ช่วยมาดูหน่อย,['หลังคารั่ว'],"{'การเดินทาง / รถเมล์มพ.': 0, 'สิ่งอำนวยความสะดวกและอาคารสถานที่': 10, 'สุขอนามัยและความสะอาด': 0, 'การเรียนการสอนและหลักสูตร': 0, 'โรงอาหาร / ร้านค้าบริการ': 0, 'ความปลอดภัยและจราจร': 0, 'ระบบเครือข่ายและเทคโนโลยี': 0, 'บริการและสวัสดิการนิสิต': 0}",10,สิ่งอำนวยความสะดวกและอาคารสถานที่
แจ้งทำความสะอาดตรงสวนหน้าตึก กิ่งไม้หักขวางทาง ครับ,"['กิ่งไม้หัก', 'ทำความสะอาด']","{'การเดินทาง / รถเมล์มพ.': 0, 'สิ่งอำนวยความสะดวกและอาคารสถานที่': 0, 'สุขอนามัยและความสะอาด': 21, 'การเรียนการสอนและหลักสูตร': 0, 'โรงอาหาร / ร้านค้าบริการ': 0, 'ความปลอดภัยและจราจร': 0, 'ระบบเครือข่ายและเทคโนโลยี': 0, 'บริการและสวัสดิการนิสิต': 0}",21,สุขอนามัยและความสะอาด
อาจารย์ครับ ตารางเรียนไม่ขึ้นระบบ รบกวนให้คำแนะนำที,"['ตารางเรียน', 'อาจารย์', 'ระบบ']","{'การเดินทาง / รถเมล์มพ.': 0, 'สิ่งอำนวยความสะดวกและอาคารสถานที่': 0, 'สุขอนามัยและความสะอาด': 0, 'การเรียนการสอนและหลักสูตร': 17, 'โรงอาหาร / ร้านค้าบริการ': 0, 'ความปลอดภัยและจราจร': 0, 'ระบบเครือข่ายและเทคโนโลยี': 4, 'บริการและสวัสดิการนิสิต': 0}",17,การเรียนการสอนและหลักสูตร
แจ้งทำความสะอาดตรงสวนหน้าตึก สกปรกมากไม่ทำความสะอาด ครับ,"['สกปรก', 'ไม่ทำความสะอาด', 'ทำความสะอาด']","{'การเดินทาง / รถเมล์มพ.': 0, 'สิ่งอำนวยความสะดวกและอาคารสถานที่': 0, 'สุขอนามัยและความสะอาด': 30, 'การเรียนการสอนและหลักสูตร': 0, 'โรงอาหาร / ร้านค้าบริการ': 0, 'ความปลอดภัยและจราจร': 0, 'ระบบเครือข่ายและเทคโนโลยี': 0, 'บริการและสวัสดิการนิสิต': 0}",30,สุขอนามัยและความสะอาด
แจ้งเรื่องแอร์ไม่เย็นเลย ตรงห้องบรรยาย ช่วยมาดูหน่อย,"['แอร์ไม่เย็น', 'แอร์']","{'การเดินทาง / รถเมล์มพ.': 0, 'สิ่งอำนวยความสะดวกและอาคารสถานที่': 15, 'สุขอนามัยและความสะอาด': 0, 'การเรียนการสอนและหลักสูตร': 0, 'โรงอาหาร / ร้านค้าบริการ': 0, 'ความปลอดภัยและจราจร': 0, 'ระบบเครือข่ายและเทคโนโลยี': 0, 'บริการและสวัสดิการนิสิต': 0}",15,สิ่งอำนวยความสะดวกและอาคารสถานที่
สอบถามหน่อยครับ สอบถามเรื่องทุนการศึกษา,"['ทุนการศึกษา', 'สอบถามหน่อยครับ']","{'การเดินทาง / รถเมล์มพ.': 0, 'สิ่งอำนวยความสะดวกและอาคารสถานที่': 0, 'สุขอนามัยและความสะอาด': 0, 'การเรียนการสอนและหลักสูตร': 0, 'โรงอาหาร / ร้านค้าบริการ': 0, 'ความปลอดภัยและจราจร': 0, 'ระบบเครือข่ายและเทคโนโลยี': 0, 'บริการและสวัสดิการนิสิต': 26}",26,บริการและสวัสดิการนิสิต
รปภ. ช่วยดูตรงหน้ามอ หน่อยครับ มีรถชนกัน,"['รถชน', 'รปภ.', 'รปภ']","{'การเดินทาง / รถเมล์มพ.': 0, 'สิ่งอำนวยความสะดวกและอาคารสถานที่': 0, 'สุขอนามัยและความสะอาด': 0, 'การเรียนการสอนและหลักสูตร': 0, 'โรงอาหาร / ร้านค้าบริการ': 0, 'ความปลอดภัยและจราจร': 11, 'ระบบเครือข่ายและเทคโนโลยี': 0, 'บริการและสวัสดิการนิสิต': 0}",11,ความปลอดภัยและจราจร
ลงทะเบียนไม่ได้ ตอนนี้อยู่ตึกคณะ ทำงานไม่ได้เลย,['ลงทะเบียนไม่ได้'],"{'การเดินทาง / รถเมล์มพ.': 0, 'สิ่งอำนวยความสะดวกและอาคารสถานที่': 0, 'สุขอนามัยและความสะอาด': 0, 'การเรียนการสอนและหลักสูตร': 0, 'โรงอาหาร / ร้านค้าบริการ': 0, 'ความปลอดภัยและจราจร': 0, 'ระบบเครือข่ายและเทคโนโลยี': 15, 'บริการและสวัสดิการนิสิต': 0}",15,ระบบเครือข่ายและเทคโนโลยี
ระบบล่ม ตอนนี้อยู่ห้องสมุด ทำงานไม่ได้เลย,"['ระบบล่ม', 'ระบบ']","{'การเดินทาง / รถเมล์มพ.': 0, 'สิ่งอำนวยความสะดวกและอาคารสถานที่': 0, 'สุขอนามัยและความสะอาด': 0, 'การเรียนการสอนและหลักสูตร': 0, 'โรงอาหาร / ร้านค้าบริการ': 0, 'ความปลอดภัยและจราจร': 0, 'ระบบเครือข่ายและเทคโนโลยี': 11, 'บริการและสวัสดิการนิสิต': 0}",11,ระบบเครือข่ายและเทคโนโลยี
อาจารย์ครับ เกรดยังไม่ออกครับ รบกวนให้คำแนะนำที,"['เกรด', 'อาจารย์']","{'การเดินทาง / รถเมล์มพ.': 0, 'สิ่งอำนวยความสะดวกและอาคารสถานที่': 0, 'สุขอนามัยและความสะอาด': 0, 'การเรียนการสอนและหลักสูตร': 11, 'โรงอาหาร / ร้านค้าบริการ': 0, 'ความปลอดภัยและจราจร': 0, 'ระบบเครือข่ายและเทคโนโลยี': 0, 'บริการและสวัสดิการนิสิต': 0}",11,การเรียนการสอนและหลักสูตร
รปภ. ช่วยดูตรงทางแยก หน่อยครับ รถติดหนักมาก,"['รถติด', 'รปภ.', 'รปภ']","{'การเดินทาง / รถเมล์มพ.': 5, 'สิ่งอำนวยความสะดวกและอาคารสถานที่': 0, 'สุขอนามัยและความสะอาด': 0, 'การเรียนการสอนและหลักสูตร': 0, 'โรงอาหาร / ร้านค้าบริการ': 0, 'ความปลอดภัยและจราจร': 7, 'ระบบเครือข่ายและเทคโนโลยี': 0, 'บริการและสวัสดิการนิสิต': 0}",7,ความปลอดภัยและจราจร
แจ้งเรื่องน้ำไม่ไหล ตรงห้องน้ำตึกสงวน ช่วยมาดูหน่อย,['น้ำไม่ไหล'],"{'การเดินทาง / รถเมล์มพ.': 0, 'สิ่งอำนวยความสะดวกและอาคารสถานที่': 9, 'สุขอนามัยและความสะอาด': 0, 'การเรียนการสอนและหลักสูตร': 0, 'โรงอาหาร / ร้านค้าบริการ': 0, 'ความปลอดภัยและจราจร': 0, 'ระบบเครือข่ายและเทคโนโลยี': 0, 'บริการและสวัสดิการนิสิต': 0}",9,สิ่งอำนวยความสะดวกและอาคารสถานที่
รปภ. ช่วยดูตรงทางแยก หน่อยครับ รถติดหนักมาก,"['รถติด', 'รปภ.', 'รปภ']","{'การเดินทาง / รถเมล์มพ.': 5, 'สิ่งอำนวยความสะดวกและอาคารสถานที่': 0, 'สุขอนามัยและความสะอาด': 0, 'การเรียนการสอนและหลักสูตร': 0, 'โรงอาหาร / ร้านค้าบริการ': 0, 'ความปลอดภัยและจราจร': 7, 'ระบบเครือข่ายและเทคโนโลยี': 0, 'บริการและสวัสดิการนิสิต': 0}",7,ความปลอดภัยและจราจร
เน็ตหลุดบ่อยมาก ตอนนี้อยู่ตึกคณะ ทำงานไม่ได้เลย,"['เน็ตหลุด', 'หลุดบ่อย']","{'การเดินทาง / รถเมล์มพ.': 0, 'สิ่งอำนวยความสะดวกและอาคารสถานที่': 0, 'สุขอนามัยและความสะอาด': 0, 'การเรียนการสอนและหลักสูตร': 0, 'โรงอาหาร / ร้านค้าบริการ': 0, 'ความปลอดภัยและจราจร': 0, 'ระบบเครือข่ายและเทคโนโลยี': 16, 'บริการและสวัสดิการนิสิต': 0}",16,ระบบเครือข่ายและเทคโนโลยี
แจ้งเรื่องลิฟต์ค้าง ตรงตึก ICT ช่วยมาดูหน่อย,"['ลิฟต์ค้าง', 'ลิฟต์']","{'การเดินทาง / รถเมล์มพ.': 0, 'สิ่งอำนวยความสะดวกและอาคารสถานที่': 14, 'สุขอนามัยและความสะอาด': 0, 'การเรียนการสอนและหลักสูตร': 0, 'โรงอาหาร / ร้านค้าบริการ': 0, 'ความปลอดภัยและจราจร': 0, 'ระบบเครือข่ายและเทคโนโลยี': 0, 'บริการและสวัสดิการนิสิต': 0}",14,สิ่งอำนวยความสะดวกและอาคารสถานที่
รปภ. ช่วยดูตรงทางแยก หน่อยครับ ทางมืดมากอันตราย,"['อันตราย', 'รปภ.', 'ทางมืด', 'รปภ']","{'การเดินทาง / รถเมล์มพ.': 0, 'สิ่งอำนวยความสะดวกและอาคารสถานที่': 0, 'สุขอนามัยและความสะอาด': 0, 'การเรียนการสอนและหลักสูตร': 0, 'โรงอาหาร / ร้านค้าบริการ': 0, 'ความปลอดภัยและจราจร': 20, 'ระบบเครือข่ายและเทคโนโลยี': 0, 'บริการและสวัสดิการนิสิต': 0}",20,ความปลอดภัยและจราจร
ไวไฟเข้าไม่ได้ ตอนนี้อยู่ตึกคณะ ทำงานไม่ได้เลย,"['ไวไฟเข้าไม่ได้', 'ไวไฟ']","{'การเดินทาง / รถเมล์มพ.': 0, 'สิ่งอำนวยความสะดวกและอาคารสถานที่': 0, 'สุขอนามัยและความสะอาด': 0, 'การเรียนการสอนและหลักสูตร': 0, 'โรงอาหาร / ร้านค้าบริการ': 0, 'ความปลอดภัยและจราจร': 0, 'ระบบเครือข่ายและเทคโนโลยี': 18, 'บริการและสวัสดิการนิสิต': 0}",18,ระบบเครือข่ายและเทคโนโลยี
เน็ตหลุดบ่อยมาก ตอนนี้อยู่หอพักใน ทำงานไม่ได้เลย,"['เน็ตหลุด', 'หลุดบ่อย']","{'การเดินทาง / รถเมล์มพ.': 0, 'สิ่งอำนวยความสะดวกและอาคารสถานที่': 0, 'สุขอนามัยและความสะอาด': 0, 'การเรียนการสอนและหลักสูตร': 0, 'โรงอาหาร / ร้านค้าบริการ': 0, 'ความปลอดภัยและจราจร': 0, 'ระบบเครือข่ายและเทคโนโลยี': 16, 'บริการและสวัสดิการนิสิต': 0}",16,ระบบเครือข่ายและเทคโนโลยี
รปภ. ช่วยดูตรงหน้ามอ หน่อยครับ หมวกกันน็อคหาย,"['รปภ.', 'รปภ', 'หมวกกันน็อคหาย']","{'การเดินทาง / รถเมล์มพ.': 0, 'สิ่งอำนวยความสะดวกและอาคารสถานที่': 0, 'สุขอนามัยและความสะอาด': 0, 'การเรียนการสอนและหลักสูตร': 0, 'โรงอาหาร / ร้านค้าบริการ': 0, 'ความปลอดภัยและจราจร': 7, 'ระบบเครือข่ายและเทคโนโลยี': 0, 'บริการและสวัสดิการนิสิต': 14}",14,บริการและสวัสดิการนิสิต
อาจารย์ครับ เกรดยังไม่ออกครับ รบกวนให้คำแนะนำที,"['เกรด', 'อาจารย์']","{'การเดินทาง / รถเมล์มพ.': 0, 'สิ่งอำนวยความสะดวกและอาคารสถานที่': 0, 'สุขอนามัยและความสะอาด': 0, 'การเรียนการสอนและหลักสูตร': 11, 'โรงอาหาร / ร้านค้าบริการ': 0, 'ความปลอดภัยและจราจร': 0, 'ระบบเครือข่ายและเทคโนโลยี': 0, 'บริการและสวัสดิการนิสิต': 0}",11,การเรียนการสอนและหลักสูตร
อาจารย์ครับ อยากติดต่ออาจารย์เรื่องดรอปเรียน รบกวนให้คำแนะนำที,"['ดรอปเรียน', 'ติดต่ออาจารย์', 'อาจารย์']","{'การเดินทาง / รถเมล์มพ.': 0, 'สิ่งอำนวยความสะดวกและอาคารสถานที่': 0, 'สุขอนามัยและความสะอาด': 0, 'การเรียนการสอนและหลักสูตร': 29, 'โรงอาหาร / ร้านค้าบริการ': 0, 'ความปลอดภัยและจราจร': 0, 'ระบบเครือข่ายและเทคโนโลยี': 0, 'บริการและสวัสดิการนิสิต': 0}",29,การเรียนการสอนและหลักสูตร
แจ้งเรื่องน้ำไม่ไหล ตรงห้อง 1204 ช่วยมาดูหน่อย,['น้ำไม่ไหล'],"{'การเดินทาง / รถเมล์มพ.': 0, 'สิ่งอำนวยความสะดวกและอาคารสถานที่': 9, 'สุขอนามัยและความสะอาด': 0, 'การเรียนการสอนและหลักสูตร': 0, 'โรงอาหาร / ร้านค้าบริการ': 0, 'ความปลอดภัยและจราจร': 0, 'ระบบเครือข่ายและเทคโนโลยี': 0, 'บริการและสวัสดิการนิสิต': 0}",9,สิ่งอำนวยความสะดวกและอาคารสถานที่
แจ้งทำความสะอาดตรงสนามบาส หญ้ารกมาก ครับ,"['หญ้ารก', 'ทำความสะอาด']","{'การเดินทาง / รถเมล์มพ.': 0, 'สิ่งอำนวยความสะดวกและอาคารสถานที่': 0, 'สุขอนามัยและความสะอาด': 17, 'การเรียนการสอนและหลักสูตร': 0, 'โรงอาหาร / ร้านค้าบริการ': 0, 'ความปลอดภัยและจราจร': 0, 'ระบบเครือข่ายและเทคโนโลยี': 0, 'บริการและสวัสดิการนิสิต': 0}",17,สุขอนามัยและความสะอาด
สอบถามหน่อยครับ ทำบัตรนิสิตใหม่ที่ไหน,"['บัตรนิสิต', 'สอบถามหน่อยครับ']","{'การเดินทาง / รถเมล์มพ.': 0, 'สิ่งอำนวยความสะดวกและอาคารสถานที่': 0, 'สุขอนามัยและความสะอาด': 0, 'การเรียนการสอนและหลักสูตร': 0, 'โรงอาหาร / ร้านค้าบริการ': 0, 'ความปลอดภัยและจราจร': 0, 'ระบบเครือข่ายและเทคโนโลยี': 0, 'บริการและสวัสดิการนิสิต': 24}",24,บริการและสวัสดิการนิสิต
แจ้งเรื่องน้ำไม่ไหล ตรงตึก ICT ช่วยมาดูหน่อย,['น้ำไม่ไหล'],"{'การเดินทาง / รถเมล์มพ.': 0, 'สิ่งอำนวยความสะดวกและอาคารสถานที่': 9, 'สุขอนามัยและความสะอาด': 0, 'การเรียนการสอนและหลักสูตร': 0, 'โรงอาหาร / ร้านค้าบริการ': 0, 'ความปลอดภัยและจราจร': 0, 'ระบบเครือข่ายและเทคโนโลยี': 0, 'บริการและสวัสดิการนิสิต': 0}",9,สิ่งอำนวยความสะดวกและอาคารสถานที่
อาจารย์ครับ เกรดยังไม่ออกครับ รบกวนให้คำแนะนำที,"['เกรด', 'อาจารย์']","{'การเดินทาง / รถเมล์มพ.': 0, 'สิ่งอำนวยความสะดวกและอาคารสถานที่': 0, 'สุขอนามัยและความสะอาด': 0, 'การเรียนการสอนและหลักสูตร': 11, 'โรงอาหาร / ร้านค้าบริการ': 0, 'ความปลอดภัยและจราจร': 0, 'ระบบเครือข่ายและเทคโนโลยี': 0, 'บริการและสวัสดิการนิสิต': 0}",11,การเรียนการสอนและหลักสูตร
รปภ. ช่วยดูตรงลานจอดรถ หน่อยครับ รถติดหนักมาก,"['รถติด', 'รปภ.', 'รปภ']","{'การเดินทาง / รถเมล์มพ.': 5, 'สิ่งอำนวยความสะดวกและอาคารสถานที่': 0, 'สุขอนามัยและความสะอาด': 0, 'การเรียนการสอนและหลักสูตร': 0, 'โรงอาหาร / ร้านค้าบริการ': 0, 'ความปลอดภัยและจราจร': 7, 'ระบบเครือข่ายและเทคโนโลยี': 0, 'บริการและสวัสดิการนิสิต': 0}",7,ความปลอดภัยและจราจร
แจ้งทำความสะอาดตรงริมสระน้ำ มีหมาจรจัดมาคุ้ยขยะ ครับ,"['หมาจรจัด', 'ทำความสะอาด']","{'การเดินทาง / รถเมล์มพ.': 0, 'สิ่งอำนวยความสะดวกและอาคารสถานที่': 0, 'สุขอนามัยและความสะอาด': 19, 'การเรียนการสอนและหลักสูตร': 0, 'โรงอาหาร / ร้านค้าบริการ': 0, 'ความปลอดภัยและจราจร': 0, 'ระบบเครือข่ายและเทคโนโลยี': 0, 'บริการและสวัสดิการนิสิต': 0}",19,สุขอนามัยและความสะอาด
แจ้งเรื่องประตูพัง ตรงห้องบรรยาย ช่วยมาดูหน่อย,"['พัง', 'ประตูพัง']","{'การเดินทาง / รถเมล์มพ.': 0, 'สิ่งอำนวยความสะดวกและอาคารสถานที่': 11, 'สุขอนามัยและความสะอาด': 0, 'การเรียนการสอนและหลักสูตร': 0, 'โรงอาหาร / ร้านค้าบริการ': 0, 'ความปลอดภัยและจราจร': 0, 'ระบบเครือข่ายและเทคโนโลยี': 0, 'บริการและสวัสดิการนิสิต': 0}",11,สิ่งอำนวยความสะดวกและอาคารสถานที่
รปภ. ช่วยดูตรงหลังมอ หน่อยครับ รถติดหนักมาก,"['รถติด', 'รปภ.', 'รปภ']","{'การเดินทาง / รถเมล์มพ.': 5, 'สิ่งอำนวยความสะดวกและอาคารสถานที่': 0, 'สุขอนามัยและความสะอาด': 0, 'การเรียนการสอนและหลักสูตร': 0, 'โรงอาหาร / ร้านค้าบริการ': 0, 'ความปลอดภัยและจราจร': 7, 'ระบบเครือข่ายและเทคโนโลยี': 0, 'บริการและสวัสดิการนิสิต': 0}",7,ความปลอดภัยและจราจร
รปภ. ช่วยดูตรงทางแยก หน่อยครับ รถติดหนักมาก,"['รถติด', 'รปภ.', 'รปภ']","{'การเดินทาง / รถเมล์มพ.': 5, 'สิ่งอำนวยความสะดวกและอาคารสถานที่': 0, 'สุขอนามัยและความสะอาด': 0, 'การเรียนการสอนและหลักสูตร': 0, 'โรงอาหาร / ร้านค้าบริการ': 0, 'ความปลอดภัยและจราจร': 7, 'ระบบเครือข่ายและเทคโนโลยี': 0, 'บริการและสวัสดิการนิสิต': 0}",7,ความปลอดภัยและจราจร
รปภ. ช่วยดูตรงประตู 2 หน่อยครับ หมวกกันน็อคหาย,"['รปภ.', 'รปภ', 'ประตู 2', 'หมวกกันน็อคหาย']","{'การเดินทาง / รถเมล์มพ.': 0, 'สิ่งอำนวยความสะดวกและอาคารสถานที่': 0, 'สุขอนามัยและความสะอาด': 0, 'การเรียนการสอนและหลักสูตร': 0, 'โรงอาหาร / ร้านค้าบริการ': 0, 'ความปลอดภัยและจราจร': 14, 'ระบบเครือข่ายและเทคโนโลยี': 0, 'บริการและสวัสดิการนิสิต': 14}",14,ความปลอดภัยและจราจร
รปภ. ช่วยดูตรงทางแยก หน่อยครับ มีรถชนกัน,"['รถชน', 'รปภ.', 'รปภ']","{'การเดินทาง / รถเมล์มพ.': 0, 'สิ่งอำนวยความสะดวกและอาคารสถานที่': 0, 'สุขอนามัยและความสะอาด': 0, 'การเรียนการสอนและหลักสูตร': 0, 'โรงอาหาร / ร้านค้าบริการ': 0, 'ความปลอดภัยและจราจร': 11, 'ระบบเครือข่ายและเทคโนโลยี': 0, 'บริการและสวัสดิการนิสิต': 0}",11,ความปลอดภัยและจราจร
ลงทะเบียนไม่ได้ ตอนนี้อยู่หอพักใน ทำงานไม่ได้เลย,['ลงทะเบียนไม่ได้'],"{'การเดินทาง / รถเมล์มพ.': 0, 'สิ่งอำนวยความสะดวกและอาคารสถานที่': 0, 'สุขอนามัยและความสะอาด': 0, 'การเรียนการสอนและหลักสูตร': 0, 'โรงอาหาร / ร้านค้าบริการ': 0, 'ความปลอดภัยและจราจร': 0, 'ระบบเครือข่ายและเทคโนโลยี': 15, 'บริการและสวัสดิการนิสิต': 0}",15,ระบบเครือข่ายและเทคโนโลยี
อาจารย์ครับ ตารางเรียนไม่ขึ้นระบบ รบกวนให้คำแนะนำที,"['ตารางเรียน', 'อาจารย์', 'ระบบ']","{'การเดินทาง / รถเมล์มพ.': 0, 'สิ่งอำนวยความสะดวกและอาคารสถานที่': 0, 'สุขอนามัยและความสะอาด': 0, 'การเรียนการสอนและหลักสูตร': 17, 'โรงอาหาร / ร้านค้าบริการ': 0, 'ความปลอดภัยและจราจร': 0, 'ระบบเครือข่ายและเทคโนโลยี': 4, 'บริการและสวัสดิการนิสิต': 0}",17,การเรียนการสอนและหลักสูตร
รปภ. ช่วยดูตรงหลังมอ หน่อยครับ คนจอดรถขวางทาง,"['รปภ.', 'จอดรถขวาง', 'รปภ']","{'การเดินทาง / รถเมล์มพ.': 0, 'สิ่งอำนวยความสะดวกและอาคารสถานที่': 0, 'สุขอนามัยและความสะอาด': 0, 'การเรียนการสอนและหลักสูตร': 0, 'โรงอาหาร / ร้านค้าบริการ': 0, 'ความปลอดภัยและจราจร': 16, 'ระบบเครือข่ายและเทคโนโลยี': 0, 'บริการและสวัสดิการนิสิต': 0}",16,ความปลอดภัยและจราจร
ไวไฟเข้าไม่ได้ ตอนนี้อยู่ตึกคณะ ทำงานไม่ได้เลย,"['ไวไฟเข้าไม่ได้', 'ไวไฟ']","{'การเดินทาง / รถเมล์มพ.': 0, 'สิ่งอำนวยความสะดวกและอาคารสถานที่': 0, 'สุขอนามัยและความสะอาด': 0, 'การเรียนการสอนและหลักสูตร': 0, 'โรงอาหาร / ร้านค้าบริการ': 0, 'ความปลอดภัยและจราจร': 0, 'ระบบเครือข่ายและเทคโนโลยี': 18, 'บริการและสวัสดิการนิสิต': 0}",18,ระบบเครือข่ายและเทคโนโลยี
รปภ. ช่วยดูตรงหลังมอ หน่อยครับ รถติดหนักมาก,"['รถติด', 'รปภ.', 'รปภ']","{'การเดินทาง / รถเมล์มพ.': 5, 'สิ่งอำนวยความสะดวกและอาคารสถานที่': 0, 'สุขอนามัยและความสะอาด': 0, 'การเรียนการสอนและหลักสูตร': 0, 'โรงอาหาร / ร้านค้าบริการ': 0, 'ความปลอดภัยและจราจร': 7, 'ระบบเครือข่ายและเทคโนโลยี': 0, 'บริการและสวัสดิการนิสิต': 0}",7,ความปลอดภัยและจราจร
อาจารย์ครับ ขอสอบชดเชยต้องทำไง รบกวนให้คำแนะนำที,"['ขอสอบชดเชย', 'อาจารย์']","{'การเดินทาง / รถเมล์มพ.': 0, 'สิ่งอำนวยความสะดวกและอาคารสถานที่': 0, 'สุขอนามัยและความสะอาด': 0, 'การเรียนการสอนและหลักสูตร': 17, 'โรงอาหาร / ร้านค้าบริการ': 0, 'ความปลอดภัยและจราจร': 0, 'ระบบเครือข่ายและเทคโนโลยี': 0, 'บริการและสวัสดิการนิสิต': 0}",17,การเรียนการสอนและหลักสูตร
รปภ. ช่วยดูตรงทางแยก หน่อยครับ รถติดหนักมาก,"['รถติด', 'รปภ.', 'รปภ']","{'การเดินทาง / รถเมล์มพ.': 5, 'สิ่งอำนวยความสะดวกและอาคารสถานที่': 0, 'สุขอนามัยและความสะอาด': 0, 'การเรียนการสอนและหลักสูตร': 0, 'โรงอาหาร / ร้านค้าบริการ': 0, 'ความปลอดภัยและจราจร': 7, 'ระบบเครือข่ายและเทคโนโลยี': 0, 'บริการและสวัสดิการนิสิต': 0}",7,ความปลอดภัยและจราจร
แจ้งเรื่องไฟดับครับ ตรงห้องบรรยาย ช่วยมาดูหน่อย,['ไฟดับ'],"{'การเดินทาง / รถเมล์มพ.': 0, 'สิ่งอำนวยความสะดวกและอาคารสถานที่': 5, 'สุขอนามัยและความสะอาด': 0, 'การเรียนการสอนและหลักสูตร': 0, 'โรงอาหาร / ร้านค้าบริการ': 0, 'ความปลอดภัยและจราจร': 0, 'ระบบเครือข่ายและเทคโนโลยี': 0, 'บริการและสวัสดิการนิสิต': 0}",5,สิ่งอำนวยความสะดวกและอาคารสถานที่
รปภ. ช่วยดูตรงลานจอดรถ หน่อยครับ มีรถชนกัน,"['รถชน', 'รปภ.', 'รปภ']","{'การเดินทาง / รถเมล์มพ.': 0, 'สิ่งอำนวยความสะดวกและอาคารสถานที่': 0, 'สุขอนามัยและความสะอาด': 0, 'การเรียนการสอนและหลักสูตร': 0, 'โรงอาหาร / ร้านค้าบริการ': 0, 'ความปลอดภัยและจราจร': 11, 'ระบบเครือข่ายและเทคโนโลยี': 0, 'บริการและสวัสดิการนิสิต': 0}",11,ความปลอดภัยและจราจร
ลงทะเบียนไม่ได้ ตอนนี้อยู่ตึกคณะ ทำงานไม่ได้เลย,['ลงทะเบียนไม่ได้'],"{'การเดินทาง / รถเมล์มพ.': 0, 'สิ่งอำนวยความสะดวกและอาคารสถานที่': 0, 'สุขอนามัยและความสะอาด': 0, 'การเรียนการสอนและหลักสูตร': 0, 'โรงอาหาร / ร้านค้าบริการ': 0, 'ความปลอดภัยและจราจร': 0, 'ระบบเครือข่ายและเทคโนโลยี': 15, 'บริการและสวัสดิการนิสิต': 0}",15,ระบบเครือข่ายและเทคโนโลยี
แจ้งทำความสะอาดตรงทางเดิน มีหมาจรจัดมาคุ้ยขยะ ครับ,"['หมาจรจัด', 'ทำความสะอาด']","{'การเดินทาง / รถเมล์มพ.': 0, 'สิ่งอำนวยความสะดวกและอาคารสถานที่': 0, 'สุขอนามัยและความสะอาด': 19, 'การเรียนการสอนและหลักสูตร': 0, 'โรงอาหาร / ร้านค้าบริการ': 0, 'ความปลอดภัยและจราจร': 0, 'ระบบเครือข่ายและเทคโนโลยี': 0, 'บริการและสวัสดิการนิสิต': 0}",19,สุขอนามัยและความสะอาด
ลืมรหัสผ่านเข้าระบบ ตอนนี้อยู่ตึกคณะ ทำงานไม่ได้เลย,"['ลืมรหัสผ่าน', 'ระบบ']","{'การเดินทาง / รถเมล์มพ.': 0, 'สิ่งอำนวยความสะดวกและอาคารสถานที่': 0, 'สุขอนามัยและความสะอาด': 0, 'การเรียนการสอนและหลักสูตร': 0, 'โรงอาหาร / ร้านค้าบริการ': 0, 'ความปลอดภัยและจราจร': 0, 'ระบบเครือข่ายและเทคโนโลยี': 15, 'บริการและสวัสดิการนิสิต': 0}",15,ระบบเครือข่ายและเทคโนโลยี
อาจารย์ครับ เกรดยังไม่ออกครับ รบกวนให้คำแนะนำที,"['เกรด', 'อาจารย์']","{'การเดินทาง / รถเมล์มพ.': 0, 'สิ่งอำนวยความสะดวกและอาคารสถานที่': 0, 'สุขอนามัยและความสะอาด': 0, 'การเรียนการสอนและหลักสูตร': 11, 'โรงอาหาร / ร้านค้าบริการ': 0, 'ความปลอดภัยและจราจร': 0, 'ระบบเครือข่ายและเทคโนโลยี': 0, 'บริการและสวัสดิการนิสิต': 0}",11,การเรียนการสอนและหลักสูตร
แจ้งทำความสะอาดตรงโรงอาหาร กิ่งไม้หักขวางทาง ครับ,"['กิ่งไม้หัก', 'ทำความสะอาด', 'โรงอาหาร', 'อาหาร']","{'การเดินทาง / รถเมล์มพ.': 0, 'สิ่งอำนวยความสะดวกและอาคารสถานที่': 0, 'สุขอนามัยและความสะอาด': 21, 'การเรียนการสอนและหลักสูตร': 0, 'โรงอาหาร / ร้านค้าบริการ': 13, 'ความปลอดภัยและจราจร': 0, 'ระบบเครือข่ายและเทคโนโลยี': 0, 'บริการและสวัสดิการนิสิต': 0}",21,สุขอนามัยและความสะอาด
แจ้งทำความสะอาดตรงสวนหน้าตึก กิ่งไม้หักขวางทาง ครับ,"['กิ่งไม้หัก', 'ทำความสะอาด']","{'การเดินทาง / รถเมล์มพ.': 0, 'สิ่งอำนวยความสะดวกและอาคารสถานที่': 0, 'สุขอนามัยและความสะอาด': 21, 'การเรียนการสอนและหลักสูตร': 0, 'โรงอาหาร / ร้านค้าบริการ': 0, 'ความปลอดภัยและจราจร': 0, 'ระบบเครือข่ายและเทคโนโลยี': 0, 'บริการและสวัสดิการนิสิต': 0}",21,สุขอนามัยและความสะอาด
ไวไฟเข้าไม่ได้ ตอนนี้อยู่ห้องสมุด ทำงานไม่ได้เลย,"['ไวไฟเข้าไม่ได้', 'ไวไฟ']","{'การเดินทาง / รถเมล์มพ.': 0, 'สิ่งอำนวยความสะดวกและอาคารสถานที่': 0, 'สุขอนามัยและความสะอาด': 0, 'การเรียนการสอนและหลักสูตร': 0, 'โรงอาหาร / ร้านค้าบริการ': 0, 'ความปลอดภัยและจราจร': 0, 'ระบบเครือข่ายและเทคโนโลยี': 18, 'บริการและสวัสดิการนิสิต': 0}",18,ระบบเครือข่ายและเทคโนโลยี
สอบถามหน่อยครับ รถเมล์สาย 1 หมดกี่โมง,"['รถเมล์', 'รถเมล์สาย', 'สอบถามหน่อยครับ']","{'การเดินทาง / รถเมล์มพ.': 15, 'สิ่งอำนวยความสะดวกและอาคารสถานที่': 0, 'สุขอนามัยและความสะอาด': 0, 'การเรียนการสอนและหลักสูตร': 0, 'โรงอาหาร / ร้านค้าบริการ': 0, 'ความปลอดภัยและจราจร': 0, 'ระบบเครือข่ายและเทคโนโลยี': 0, 'บริการและสวัสดิการนิสิต': 15}",15,การเดินทาง / รถเมล์มพ.
ลืมรหัสผ่านเข้าระบบ ตอนนี้อยู่ตึกคณะ ทำงานไม่ได้เลย,"['ลืมรหัสผ่าน', 'ระบบ']","{'การเดินทาง / รถเมล์มพ.': 0, 'สิ่งอำนวยความสะดวกและอาคารสถานที่': 0, 'สุขอนามัยและความสะอาด': 0, 'การเรียนการสอนและหลักสูตร': 0, 'โรงอาหาร / ร้านค้าบริการ': 0, 'ความปลอดภัยและจราจร': 0, 'ระบบเครือข่ายและเทคโนโลยี': 15, 'บริการและสวัสดิการนิสิต': 0}",15,ระบบเครือข่ายและเทคโนโลยี
ไวไฟเข้าไม่ได้ ตอนนี้อยู่หอพักใน ทำงานไม่ได้เลย,"['ไวไฟเข้าไม่ได้', 'ไวไฟ']","{'การเดินทาง / รถเมล์มพ.': 0, 'สิ่งอำนวยความสะดวกและอาคารสถานที่': 0, 'สุขอนามัยและความสะอาด': 0, 'การเรียนการสอนและหลักสูตร': 0, 'โรงอาหาร / ร้านค้าบริการ': 0, 'ความปลอดภัยและจราจร': 0, 'ระบบเครือข่ายและเทคโนโลยี': 18, 'บริการและสวัสดิการนิสิต': 0}",18,ระบบเครือข่ายและเทคโนโลยี
แจ้งเรื่องหลังคารั่วหนักมาก ตรงห้อง 1204 ช่วยมาดูหน่อย,['หลังคารั่ว'],"{'การเดินทาง / รถเมล์มพ.': 0, 'สิ่งอำนวยความสะดวกและอาคารสถานที่': 10, 'สุขอนามัยและความสะอาด': 0, 'การเรียนการสอนและหลักสูตร': 0, 'โรงอาหาร / ร้านค้าบริการ': 0, 'ความปลอดภัยและจราจร': 0, 'ระบบเครือข่ายและเทคโนโลยี': 0, 'บริการและสวัสดิการนิสิต': 0}",10,สิ่งอำนวยความสะดวกและอาคารสถานที่
สอบถามหน่อยครับ รถเมล์สาย 1 หมดกี่โมง,"['รถเมล์', 'รถเมล์สาย', 'สอบถามหน่อยครับ']","{'การเดินทาง / รถเมล์มพ.': 15, 'สิ่งอำนวยความสะดวกและอาคารสถานที่': 0, 'สุขอนามัยและความสะอาด': 0, 'การเรียนการสอนและหลักสูตร': 0, 'โรงอาหาร / ร้านค้าบริการ': 0, 'ความปลอดภัยและจราจร': 0, 'ระบบเครือข่ายและเทคโนโลยี': 0, 'บริการและสวัสดิการนิสิต': 15}",15,การเดินทาง / รถเมล์มพ.
แจ้งเรื่องไฟดับครับ ตรงตึกวิทย์ ช่วยมาดูหน่อย,['ไฟดับ'],"{'การเดินทาง / รถเมล์มพ.': 0, 'สิ่งอำนวยความสะดวกและอาคารสถานที่': 5, 'สุขอนามัยและความสะอาด': 0, 'การเรียนการสอนและหลักสูตร': 0, 'โรงอาหาร / ร้านค้าบริการ': 0, 'ความปลอดภัยและจราจร': 0, 'ระบบเครือข่ายและเทคโนโลยี': 0, 'บริการและสวัสดิการนิสิต': 0}",5,สิ่งอำนวยความสะดวกและอาคารสถานที่
อาจารย์ครับ ขอสอบชดเชยต้องทำไง รบกวนให้คำแนะนำที,"['ขอสอบชดเชย', 'อาจารย์']","{'การเดินทาง / รถเมล์มพ.': 0, 'สิ่งอำนวยความสะดวกและอาคารสถานที่': 0, 'สุขอนามัยและความสะอาด': 0, 'การเรียนการสอนและหลักสูตร': 17, 'โรงอาหาร / ร้านค้าบริการ': 0, 'ความปลอดภัยและจราจร': 0, 'ระบบเครือข่ายและเทคโนโลยี': 0, 'บริการและสวัสดิการนิสิต': 0}",17,การเรียนการสอนและหลักสูตร
สอบถามหน่อยครับ อยากทราบกำหนดการกิจกรรมรับน้อง,"['กิจกรรม', 'สอบถามหน่อยครับ']","{'การเดินทาง / รถเมล์มพ.': 0, 'สิ่งอำนวยความสะดวกและอาคารสถานที่': 0, 'สุขอนามัยและความสะอาด': 0, 'การเรียนการสอนและหลักสูตร': 0, 'โรงอาหาร / ร้านค้าบริการ': 0, 'ความปลอดภัยและจราจร': 0, 'ระบบเครือข่ายและเทคโนโลยี': 0, 'บริการและสวัสดิการนิสิต': 22}",22,บริการและสวัสดิการนิสิต
แจ้งเรื่องไฟดับครับ ตรงตึกวิทย์ ช่วยมาดูหน่อย,['ไฟดับ'],"{'การเดินทาง / รถเมล์มพ.': 0, 'สิ่งอำนวยความสะดวกและอาคารสถานที่': 5, 'สุขอนามัยและความสะอาด': 0, 'การเรียนการสอนและหลักสูตร': 0, 'โรงอาหาร / ร้านค้าบริการ': 0, 'ความปลอดภัยและจราจร': 0, 'ระบบเครือข่ายและเทคโนโลยี': 0, 'บริการและสวัสดิการนิสิต': 0}",5,สิ่งอำนวยความสะดวกและอาคารสถานที่
แจ้งเรื่องหลังคารั่วหนักมาก ตรงตึก ICT ช่วยมาดูหน่อย,['หลังคารั่ว'],"{'การเดินทาง / รถเมล์มพ.': 0, 'สิ่งอำนวยความสะดวกและอาคารสถานที่': 10, 'สุขอนามัยและความสะอาด': 0, 'การเรียนการสอนและหลักสูตร': 0, 'โรงอาหาร / ร้านค้าบริการ': 0, 'ความปลอดภัยและจราจร': 0, 'ระบบเครือข่ายและเทคโนโลยี': 0, 'บริการและสวัสดิการนิสิต': 0}",10,สิ่งอำนวยความสะดวกและอาคารสถานที่
ลงทะเบียนไม่ได้ ตอนนี้อยู่หน้ามอ ทำงานไม่ได้เลย,['ลงทะเบียนไม่ได้'],"{'การเดินทาง / รถเมล์มพ.': 0, 'สิ่งอำนวยความสะดวกและอาคารสถานที่': 0, 'สุขอนามัยและความสะอาด': 0, 'การเรียนการสอนและหลักสูตร': 0, 'โรงอาหาร / ร้านค้าบริการ': 0, 'ความปลอดภัยและจราจร': 0, 'ระบบเครือข่ายและเทคโนโลยี': 15, 'บริการและสวัสดิการนิสิต': 0}",15,ระบบเครือข่ายและเทคโนโลยี
สอบถามหน่อยครับ อยากทราบกำหนดการกิจกรรมรับน้อง,"['กิจกรรม', 'สอบถามหน่อยครับ']","{'การเดินทาง / รถเมล์มพ.': 0, 'สิ่งอำนวยความสะดวกและอาคารสถานที่': 0, 'สุขอนามัยและความสะอาด': 0, 'การเรียนการสอนและหลักสูตร': 0, 'โรงอาหาร / ร้านค้าบริการ': 0, 'ความปลอดภัยและจราจร': 0, 'ระบบเครือข่ายและเทคโนโลยี': 0, 'บริการและสวัสดิการนิสิต': 22}",22,บริการและสวัสดิการนิสิต
อาจารย์ครับ เกรดยังไม่ออกครับ รบกวนให้คำแนะนำที,"['เกรด', 'อาจารย์']","{'การเดินทาง / รถเมล์มพ.': 0, 'สิ่งอำนวยความสะดวกและอาคารสถานที่': 0, 'สุขอนามัยและความสะอาด': 0, 'การเรียนการสอนและหลักสูตร': 11, 'โรงอาหาร / ร้านค้าบริการ': 0, 'ความปลอดภัยและจราจร': 0, 'ระบบเครือข่ายและเทคโนโลยี': 0, 'บริการและสวัสดิการนิสิต': 0}",11,การเรียนการสอนและหลักสูตร
สอบถามหน่อยครับ สอบถามเรื่องทุนการศึกษา,"['ทุนการศึกษา', 'สอบถามหน่อยครับ']","{'การเดินทาง / รถเมล์มพ.': 0, 'สิ่งอำนวยความสะดวกและอาคารสถานที่': 0, 'สุขอนามัยและความสะอาด': 0, 'การเรียนการสอนและหลักสูตร': 0, 'โรงอาหาร / ร้านค้าบริการ': 0, 'ความปลอดภัยและจราจร': 0, 'ระบบเครือข่ายและเทคโนโลยี': 0, 'บริการและสวัสดิการนิสิต': 26}",26,บริการและสวัสดิการนิสิต
ไวไฟเข้าไม่ได้ ตอนนี้อยู่ตึกคณะ ทำงานไม่ได้เลย,"['ไวไฟเข้าไม่ได้', 'ไวไฟ']","{'การเดินทาง / รถเมล์มพ.': 0, 'สิ่งอำนวยความสะดวกและอาคารสถานที่': 0, 'สุขอนามัยและความสะอาด': 0, 'การเรียนการสอนและหลักสูตร': 0, 'โรงอาหาร / ร้านค้าบริการ': 0, 'ความปลอดภัยและจราจร': 0, 'ระบบเครือข่ายและเทคโนโลยี': 18, 'บริการและสวัสดิการนิสิต': 0}",18,ระบบเครือข่ายและเทคโนโลยี
อาจารย์ครับ อยากติดต่ออาจารย์เรื่องดรอปเรียน รบกวนให้คำแนะนำที,"['ดรอปเรียน', 'ติดต่ออาจารย์', 'อาจารย์']","{'การเดินทาง / รถเมล์มพ.': 0, 'สิ่งอำนวยความสะดวกและอาคารสถานที่': 0, 'สุขอนามัยและความสะอาด': 0, 'การเรียนการสอนและหลักสูตร': 29, 'โรงอาหาร / ร้านค้าบริการ': 0, 'ความปลอดภัยและจราจร': 0, 'ระบบเครือข่ายและเทคโนโลยี': 0, 'บริการและสวัสดิการนิสิต': 0}",29,การเรียนการสอนและหลักสูตร
อาจารย์ครับ เกรดยังไม่ออกครับ รบกวนให้คำแนะนำที,"['เกรด', 'อาจารย์']","{'การเดินทาง / รถเมล์มพ.': 0, 'สิ่งอำนวยความสะดวกและอาคารสถานที่': 0, 'สุขอนามัยและความสะอาด': 0, 'การเรียนการสอนและหลักสูตร': 11, 'โรงอาหาร / ร้านค้าบริการ': 0, 'ความปลอดภัยและจราจร': 0, 'ระบบเครือข่ายและเทคโนโลยี': 0, 'บริการและสวัสดิการนิสิต': 0}",11,การเรียนการสอนและหลักสูตร
สอบถามหน่อยครับ อยากทราบกำหนดการกิจกรรมรับน้อง,"['กิจกรรม', 'สอบถามหน่อยครับ']","{'การเดินทาง / รถเมล์มพ.': 0, 'สิ่งอำนวยความสะดวกและอาคารสถานที่': 0, 'สุขอนามัยและความสะอาด': 0, 'การเรียนการสอนและหลักสูตร': 0, 'โรงอาหาร / ร้านค้าบริการ': 0, 'ความปลอดภัยและจราจร': 0, 'ระบบเครือข่ายและเทคโนโลยี': 0, 'บริการและสวัสดิการนิสิต': 22}",22,บริการและสวัสดิการนิสิต
สอบถามหน่อยครับ อยากทราบกำหนดการกิจกรรมรับน้อง,"['กิจกรรม', 'สอบถามหน่อยครับ']","{'การเดินทาง / รถเมล์มพ.': 0, 'สิ่งอำนวยความสะดวกและอาคารสถานที่': 0, 'สุขอนามัยและความสะอาด': 0, 'การเรียนการสอนและหลักสูตร': 0, 'โรงอาหาร / ร้านค้าบริการ': 0, 'ความปลอดภัยและจราจร': 0, 'ระบบเครือข่ายและเทคโนโลยี': 0, 'บริการและสวัสดิการนิสิต': 22}",22,บริการและสวัสดิการนิสิต
อาจารย์ครับ ตารางเรียนไม่ขึ้นระบบ รบกวนให้คำแนะนำที,"['ตารางเรียน', 'อาจารย์', 'ระบบ']","{'การเดินทาง / รถเมล์มพ.': 0, 'สิ่งอำนวยความสะดวกและอาคารสถานที่': 0, 'สุขอนามัยและความสะอาด': 0, 'การเรียนการสอนและหลักสูตร': 17, 'โรงอาหาร / ร้านค้าบริการ': 0, 'ความปลอดภัยและจราจร': 0, 'ระบบเครือข่ายและเทคโนโลยี': 4, 'บริการและสวัสดิการนิสิต': 0}",17,การเรียนการสอนและหลักสูตร
แจ้งเรื่องลิฟต์ค้าง ตรงตึก ICT ช่วยมาดูหน่อย,"['ลิฟต์ค้าง', 'ลิฟต์']","{'การเดินทาง / รถเมล์มพ.': 0, 'สิ่งอำนวยความสะดวกและอาคารสถานที่': 14, 'สุขอนามัยและความสะอาด': 0, 'การเรียนการสอนและหลักสูตร': 0, 'โรงอาหาร / ร้านค้าบริการ': 0, 'ความปลอดภัยและจราจร': 0, 'ระบบเครือข่ายและเทคโนโลยี': 0, 'บริการและสวัสดิการนิสิต': 0}",14,สิ่งอำนวยความสะดวกและอาคารสถานที่
รปภ. ช่วยดูตรงหน้ามอ หน่อยครับ คนจอดรถขวางทาง,"['รปภ.', 'จอดรถขวาง', 'รปภ']","{'การเดินทาง / รถเมล์มพ.': 0, 'สิ่งอำนวยความสะดวกและอาคารสถานที่': 0, 'สุขอนามัยและความสะอาด': 0, 'การเรียนการสอนและหลักสูตร': 0, 'โรงอาหาร / ร้านค้าบริการ': 0, 'ความปลอดภัยและจราจร': 16, 'ระบบเครือข่ายและเทคโนโลยี': 0, 'บริการและสวัสดิการนิสิต': 0}",16,ความปลอดภัยและจราจร
อาจารย์ครับ เกรดยังไม่ออกครับ รบกวนให้คำแนะนำที,"['เกรด', 'อาจารย์']","{'การเดินทาง / รถเมล์มพ.': 0, 'สิ่งอำนวยความสะดวกและอาคารสถานที่': 0, 'สุขอนามัยและความสะอาด': 0, 'การเรียนการสอนและหลักสูตร': 11, 'โรงอาหาร / ร้านค้าบริการ': 0, 'ความปลอดภัยและจราจร': 0, 'ระบบเครือข่ายและเทคโนโลยี': 0, 'บริการและสวัสดิการนิสิต': 0}",11,การเรียนการสอนและหลักสูตร
รปภ. ช่วยดูตรงหน้ามอ หน่อยครับ มีรถชนกัน,"['รถชน', 'รปภ.', 'รปภ']","{'การเดินทาง / รถเมล์มพ.': 0, 'สิ่งอำนวยความสะดวกและอาคารสถานที่': 0, 'สุขอนามัยและความสะอาด': 0, 'การเรียนการสอนและหลักสูตร': 0, 'โรงอาหาร / ร้านค้าบริการ': 0, 'ความปลอดภัยและจราจร': 11, 'ระบบเครือข่ายและเทคโนโลยี': 0, 'บริการและสวัสดิการนิสิต': 0}",11,ความปลอดภัยและจราจร
อาจารย์ครับ อยากติดต่ออาจารย์เรื่องดรอปเรียน รบกวนให้คำแนะนำที,"['ดรอปเรียน', 'ติดต่ออาจารย์', 'อาจารย์']","{'การเดินทาง / รถเมล์มพ.': 0, 'สิ่งอำนวยความสะดวกและอาคารสถานที่': 0, 'สุขอนามัยและความสะอาด': 0, 'การเรียนการสอนและหลักสูตร': 29, 'โรงอาหาร / ร้านค้าบริการ': 0, 'ความปลอดภัยและจราจร': 0, 'ระบบเครือข่ายและเทคโนโลยี': 0, 'บริการและสวัสดิการนิสิต': 0}",29,การเรียนการสอนและหลักสูตร
สอบถามหน่อยครับ อยากทราบกำหนดการกิจกรรมรับน้อง,"['กิจกรรม', 'สอบถามหน่อยครับ']","{'การเดินทาง / รถเมล์มพ.': 0, 'สิ่งอำนวยความสะดวกและอาคารสถานที่': 0, 'สุขอนามัยและความสะอาด': 0, 'การเรียนการสอนและหลักสูตร': 0, 'โรงอาหาร / ร้านค้าบริการ': 0, 'ความปลอดภัยและจราจร': 0, 'ระบบเครือข่ายและเทคโนโลยี': 0, 'บริการและสวัสดิการนิสิต': 22}",22,บริการและสวัสดิการนิสิต
อาจารย์ครับ ลงทะเบียนวิชานี้ไม่ได้ รบกวนให้คำแนะนำที,"['วิชา', 'อาจารย์']","{'การเดินทาง / รถเมล์มพ.': 0, 'สิ่งอำนวยความสะดวกและอาคารสถานที่': 0, 'สุขอนามัยและความสะอาด': 0, 'การเรียนการสอนและหลักสูตร': 11, 'โรงอาหาร / ร้านค้าบริการ': 0, 'ความปลอดภัยและจราจร': 0, 'ระบบเครือข่ายและเทคโนโลยี': 0, 'บริการและสวัสดิการนิสิต': 0}",11,การเรียนการสอนและหลักสูตร
แจ้งทำความสะอาดตรงทางเดิน มีหมาจรจัดมาคุ้ยขยะ ครับ,"['หมาจรจัด', 'ทำความสะอาด']","{'การเดินทาง / รถเมล์มพ.': 0, 'สิ่งอำนวยความสะดวกและอาคารสถานที่': 0, 'สุขอนามัยและความสะอาด': 19, 'การเรียนการสอนและหลักสูตร': 0, 'โรงอาหาร / ร้านค้าบริการ': 0, 'ความปลอดภัยและจราจร': 0, 'ระบบเครือข่ายและเทคโนโลยี': 0, 'บริการและสวัสดิการนิสิต': 0}",19,สุขอนามัยและความสะอาด
แจ้งเรื่องแอร์ไม่เย็นเลย ตรงห้องบรรยาย ช่วยมาดูหน่อย,"['แอร์ไม่เย็น', 'แอร์']","{'การเดินทาง / รถเมล์มพ.': 0, 'สิ่งอำนวยความสะดวกและอาคารสถานที่': 15, 'สุขอนามัยและความสะอาด': 0, 'การเรียนการสอนและหลักสูตร': 0, 'โรงอาหาร / ร้านค้าบริการ': 0, 'ความปลอดภัยและจราจร': 0, 'ระบบเครือข่ายและเทคโนโลยี': 0, 'บริการและสวัสดิการนิสิต': 0}",15,สิ่งอำนวยความสะดวกและอาคารสถานที่
รปภ. ช่วยดูตรงลานจอดรถ หน่อยครับ หมวกกันน็อคหาย,"['รปภ.', 'รปภ', 'หมวกกันน็อคหาย']","{'การเดินทาง / รถเมล์มพ.': 0, 'สิ่งอำนวยความสะดวกและอาคารสถานที่': 0, 'สุขอนามัยและความสะอาด': 0, 'การเรียนการสอนและหลักสูตร': 0, 'โรงอาหาร / ร้านค้าบริการ': 0, 'ความปลอดภัยและจราจร': 7, 'ระบบเครือข่ายและเทคโนโลยี': 0, 'บริการและสวัสดิการนิสิต': 14}",14,บริการและสวัสดิการนิสิต
แจ้งเรื่องไฟดับครับ ตรงตึกวิทย์ ช่วยมาดูหน่อย,['ไฟดับ'],"{'การเดินทาง / รถเมล์มพ.': 0, 'สิ่งอำนวยความสะดวกและอาคารสถานที่': 5, 'สุขอนามัยและความสะอาด': 0, 'การเรียนการสอนและหลักสูตร': 0, 'โรงอาหาร / ร้านค้าบริการ': 0, 'ความปลอดภัยและจราจร': 0, 'ระบบเครือข่ายและเทคโนโลยี': 0, 'บริการและสวัสดิการนิสิต': 0}",5,สิ่งอำนวยความสะดวกและอาคารสถานที่
แจ้งเรื่องน้ำไม่ไหล ตรงห้องน้ำตึกสงวน ช่วยมาดูหน่อย,['น้ำไม่ไหล'],"{'การเดินทาง / รถเมล์มพ.': 0, 'สิ่งอำนวยความสะดวกและอาคารสถานที่': 9, 'สุขอนามัยและความสะอาด': 0, 'การเรียนการสอนและหลักสูตร': 0, 'โรงอาหาร / ร้านค้าบริการ': 0, 'ความปลอดภัยและจราจร': 0, 'ระบบเครือข่ายและเทคโนโลยี': 0, 'บริการและสวัสดิการนิสิต': 0}",9,สิ่งอำนวยความสะดวกและอาคารสถานที่
แจ้งเรื่องประตูพัง ตรงห้อง 1204 ช่วยมาดูหน่อย,"['พัง', 'ประตูพัง']","{'การเดินทาง / รถเมล์มพ.': 0, 'สิ่งอำนวยความสะดวกและอาคารสถานที่': 11, 'สุขอนามัยและความสะอาด': 0, 'การเรียนการสอนและหลักสูตร': 0, 'โรงอาหาร / ร้านค้าบริการ': 0, 'ความปลอดภัยและจราจร': 0, 'ระบบเครือข่ายและเทคโนโลยี': 0, 'บริการและสวัสดิการนิสิต': 0}",11,สิ่งอำนวยความสะดวกและอาคารสถานที่
แจ้งเรื่องหลังคารั่วหนักมาก ตรงอาคารเรียนรวม ช่วยมาดูหน่อย,['หลังคารั่ว'],"{'การเดินทาง / รถเมล์มพ.': 0, 'สิ่งอำนวยความสะดวกและอาคารสถานที่': 10, 'สุขอนามัยและความสะอาด': 0, 'การเรียนการสอนและหลักสูตร': 0, 'โรงอาหาร / ร้านค้าบริการ': 0, 'ความปลอดภัยและจราจร': 0, 'ระบบเครือข่ายและเทคโนโลยี': 0, 'บริการและสวัสดิการนิสิต': 0}",10,สิ่งอำนวยความสะดวกและอาคารสถานที่
อาจารย์ครับ ลงทะเบียนวิชานี้ไม่ได้ รบกวนให้คำแนะนำที,"['วิชา', 'อาจารย์']","{'การเดินทาง / รถเมล์มพ.': 0, 'สิ่งอำนวยความสะดวกและอาคารสถานที่': 0, 'สุขอนามัยและความสะอาด': 0, 'การเรียนการสอนและหลักสูตร': 11, 'โรงอาหาร / ร้านค้าบริการ': 0, 'ความปลอดภัยและจราจร': 0, 'ระบบเครือข่ายและเทคโนโลยี': 0, 'บริการและสวัสดิการนิสิต': 0}",11,การเรียนการสอนและหลักสูตร
อาจารย์ครับ ขอสอบชดเชยต้องทำไง รบกวนให้คำแนะนำที,"['ขอสอบชดเชย', 'อาจารย์']","{'การเดินทาง / รถเมล์มพ.': 0, 'สิ่งอำนวยความสะดวกและอาคารสถานที่': 0, 'สุขอนามัยและความสะอาด': 0, 'การเรียนการสอนและหลักสูตร': 17, 'โรงอาหาร / ร้านค้าบริการ': 0, 'ความปลอดภัยและจราจร': 0, 'ระบบเครือข่ายและเทคโนโลยี': 0, 'บริการและสวัสดิการนิสิต': 0}",17,การเรียนการสอนและหลักสูตร
ระบบล่ม ตอนนี้อยู่ห้องสมุด ทำงานไม่ได้เลย,"['ระบบล่ม', 'ระบบ']","{'การเดินทาง / รถเมล์มพ.': 0, 'สิ่งอำนวยความสะดวกและอาคารสถานที่': 0, 'สุขอนามัยและความสะอาด': 0, 'การเรียนการสอนและหลักสูตร': 0, 'โรงอาหาร / ร้านค้าบริการ': 0, 'ความปลอดภัยและจราจร': 0, 'ระบบเครือข่ายและเทคโนโลยี': 11, 'บริการและสวัสดิการนิสิต': 0}",11,ระบบเครือข่ายและเทคโนโลยี
อาจารย์ครับ เกรดยังไม่ออกครับ รบกวนให้คำแนะนำที,"['เกรด', 'อาจารย์']","{'การเดินทาง / รถเมล์มพ.': 0, 'สิ่งอำนวยความสะดวกและอาคารสถานที่': 0, 'สุขอนามัยและความสะอาด': 0, 'การเรียนการสอนและหลักสูตร': 11, 'โรงอาหาร / ร้านค้าบริการ': 0, 'ความปลอดภัยและจราจร': 0, 'ระบบเครือข่ายและเทคโนโลยี': 0, 'บริการและสวัสดิการนิสิต': 0}",11,การเรียนการสอนและหลักสูตร
ลืมรหัสผ่านเข้าระบบ ตอนนี้อยู่ห้องสมุด ทำงานไม่ได้เลย,"['ลืมรหัสผ่าน', 'ระบบ']","{'การเดินทาง / รถเมล์มพ.': 0, 'สิ่งอำนวยความสะดวกและอาคารสถานที่': 0, 'สุขอนามัยและความสะอาด': 0, 'การเรียนการสอนและหลักสูตร': 0, 'โรงอาหาร / ร้านค้าบริการ': 0, 'ความปลอดภัยและจราจร': 0, 'ระบบเครือข่ายและเทคโนโลยี': 15, 'บริการและสวัสดิการนิสิต': 0}",15,ระบบเครือข่ายและเทคโนโลยี
อาจารย์ครับ ตารางเรียนไม่ขึ้นระบบ รบกวนให้คำแนะนำที,"['ตารางเรียน', 'อาจารย์', 'ระบบ']","{'การเดินทาง / รถเมล์มพ.': 0, 'สิ่งอำนวยความสะดวกและอาคารสถานที่': 0, 'สุขอนามัยและความสะอาด': 0, 'การเรียนการสอนและหลักสูตร': 17, 'โรงอาหาร / ร้านค้าบริการ': 0, 'ความปลอดภัยและจราจร': 0, 'ระบบเครือข่ายและเทคโนโลยี': 4, 'บริการและสวัสดิการนิสิต': 0}",17,การเรียนการสอนและหลักสูตร
อาจารย์ครับ ตารางเรียนไม่ขึ้นระบบ รบกวนให้คำแนะนำที,"['ตารางเรียน', 'อาจารย์', 'ระบบ']","{'การเดินทาง / รถเมล์มพ.': 0, 'สิ่งอำนวยความสะดวกและอาคารสถานที่': 0, 'สุขอนามัยและความสะอาด': 0, 'การเรียนการสอนและหลักสูตร': 17, 'โรงอาหาร / ร้านค้าบริการ': 0, 'ความปลอดภัยและจราจร': 0, 'ระบบเครือข่ายและเทคโนโลยี': 4, 'บริการและสวัสดิการนิสิต': 0}",17,การเรียนการสอนและหลักสูตร
แจ้งทำความสะอาดตรงสวนหน้าตึก หญ้ารกมาก ครับ,"['หญ้ารก', 'ทำความสะอาด']","{'การเดินทาง / รถเมล์มพ.': 0, 'สิ่งอำนวยความสะดวกและอาคารสถานที่': 0, 'สุขอนามัยและความสะอาด': 17, 'การเรียนการสอนและหลักสูตร': 0, 'โรงอาหาร / ร้านค้าบริการ': 0, 'ความปลอดภัยและจราจร': 0, 'ระบบเครือข่ายและเทคโนโลยี': 0, 'บริการและสวัสดิการนิสิต': 0}",17,สุขอนามัยและความสะอาด
อาจารย์ครับ ตารางเรียนไม่ขึ้นระบบ รบกวนให้คำแนะนำที,"['ตารางเรียน', 'อาจารย์', 'ระบบ']","{'การเดินทาง / รถเมล์มพ.': 0, 'สิ่งอำนวยความสะดวกและอาคารสถานที่': 0, 'สุขอนามัยและความสะอาด': 0, 'การเรียนการสอนและหลักสูตร': 17, 'โรงอาหาร / ร้านค้าบริการ': 0, 'ความปลอดภัยและจราจร': 0, 'ระบบเครือข่ายและเทคโนโลยี': 4, 'บริการและสวัสดิการนิสิต': 0}",17,การเรียนการสอนและหลักสูตร
รปภ. ช่วยดูตรงลานจอดรถ หน่อยครับ รถติดหนักมาก,"['รถติด', 'รปภ.', 'รปภ']","{'การเดินทาง / รถเมล์มพ.': 5, 'สิ่งอำนวยความสะดวกและอาคารสถานที่': 0, 'สุขอนามัยและความสะอาด': 0, 'การเรียนการสอนและหลักสูตร': 0, 'โรงอาหาร / ร้านค้าบริการ': 0, 'ความปลอดภัยและจราจร': 7, 'ระบบเครือข่ายและเทคโนโลยี': 0, 'บริการและสวัสดิการนิสิต': 0}",7,ความปลอดภัยและจราจร
แจ้งทำความสะอาดตรงทางเดิน กิ่งไม้หักขวางทาง ครับ,"['กิ่งไม้หัก', 'ทำความสะอาด']","{'การเดินทาง / รถเมล์มพ.': 0, 'สิ่งอำนวยความสะดวกและอาคารสถานที่': 0, 'สุขอนามัยและความสะอาด': 21, 'การเรียนการสอนและหลักสูตร': 0, 'โรงอาหาร / ร้านค้าบริการ': 0, 'ความปลอดภัยและจราจร': 0, 'ระบบเครือข่ายและเทคโนโลยี': 0, 'บริการและสวัสดิการนิสิต': 0}",21,สุขอนามัยและความสะอาด
อาจารย์ครับ เกรดยังไม่ออกครับ รบกวนให้คำแนะนำที,"['เกรด', 'อาจารย์']","{'การเดินทาง / รถเมล์มพ.': 0, 'สิ่งอำนวยความสะดวกและอาคารสถานที่': 0, 'สุขอนามัยและความสะอาด': 0, 'การเรียนการสอนและหลักสูตร': 11, 'โรงอาหาร / ร้านค้าบริการ': 0, 'ความปลอดภัยและจราจร': 0, 'ระบบเครือข่ายและเทคโนโลยี': 0, 'บริการและสวัสดิการนิสิต': 0}",11,การเรียนการสอนและหลักสูตร
รปภ. ช่วยดูตรงประตู 2 หน่อยครับ รถติดหนักมาก,"['รถติด', 'รปภ.', 'รปภ', 'ประตู 2']","{'การเดินทาง / รถเมล์มพ.': 5, 'สิ่งอำนวยความสะดวกและอาคารสถานที่': 0, 'สุขอนามัยและความสะอาด': 0, 'การเรียนการสอนและหลักสูตร': 0, 'โรงอาหาร / ร้านค้าบริการ': 0, 'ความปลอดภัยและจราจร': 14, 'ระบบเครือข่ายและเทคโนโลยี': 0, 'บริการและสวัสดิการนิสิต': 0}",14,ความปลอดภัยและจราจร
ไวไฟเข้าไม่ได้ ตอนนี้อยู่ตึกคณะ ทำงานไม่ได้เลย,"['ไวไฟเข้าไม่ได้', 'ไวไฟ']","{'การเดินทาง / รถเมล์มพ.': 0, 'สิ่งอำนวยความสะดวกและอาคารสถานที่': 0, 'สุขอนามัยและความสะอาด': 0, 'การเรียนการสอนและหลักสูตร': 0, 'โรงอาหาร / ร้านค้าบริการ': 0, 'ความปลอดภัยและจราจร': 0, 'ระบบเครือข่ายและเทคโนโลยี': 18, 'บริการและสวัสดิการนิสิต': 0}",18,ระบบเครือข่ายและเทคโนโลยี
อาจารย์ครับ ลงทะเบียนวิชานี้ไม่ได้ รบกวนให้คำแนะนำที,"['วิชา', 'อาจารย์']","{'การเดินทาง / รถเมล์มพ.': 0, 'สิ่งอำนวยความสะดวกและอาคารสถานที่': 0, 'สุขอนามัยและความสะอาด': 0, 'การเรียนการสอนและหลักสูตร': 11, 'โรงอาหาร / ร้านค้าบริการ': 0, 'ความปลอดภัยและจราจร': 0, 'ระบบเครือข่ายและเทคโนโลยี': 0, 'บริการและสวัสดิการนิสิต': 0}",11,การเรียนการสอนและหลักสูตร
แจ้งทำความสะอาดตรงโรงอาหาร หญ้ารกมาก ครับ,"['หญ้ารก', 'ทำความสะอาด', 'โรงอาหาร', 'อาหาร']","{'การเดินทาง / รถเมล์มพ.': 0, 'สิ่งอำนวยความสะดวกและอาคารสถานที่': 0, 'สุขอนามัยและความสะอาด': 17, 'การเรียนการสอนและหลักสูตร': 0, 'โรงอาหาร / ร้านค้าบริการ': 13, 'ความปลอดภัยและจราจร': 0, 'ระบบเครือข่ายและเทคโนโลยี': 0, 'บริการและสวัสดิการนิสิต': 0}",17,สุขอนามัยและความสะอาด
แจ้งเรื่องประตูพัง ตรงห้องบรรยาย ช่วยมาดูหน่อย,"['พัง', 'ประตูพัง']","{'การเดินทาง / รถเมล์มพ.': 0, 'สิ่งอำนวยความสะดวกและอาคารสถานที่': 11, 'สุขอนามัยและความสะอาด': 0, 'การเรียนการสอนและหลักสูตร': 0, 'โรงอาหาร / ร้านค้าบริการ': 0, 'ความปลอดภัยและจราจร': 0, 'ระบบเครือข่ายและเทคโนโลยี': 0, 'บริการและสวัสดิการนิสิต': 0}",11,สิ่งอำนวยความสะดวกและอาคารสถานที่
รปภ. ช่วยดูตรงทางแยก หน่อยครับ มีรถชนกัน,"['รถชน', 'รปภ.', 'รปภ']","{'การเดินทาง / รถเมล์มพ.': 0, 'สิ่งอำนวยความสะดวกและอาคารสถานที่': 0, 'สุขอนามัยและความสะอาด': 0, 'การเรียนการสอนและหลักสูตร': 0, 'โรงอาหาร / ร้านค้าบริการ': 0, 'ความปลอดภัยและจราจร': 11, 'ระบบเครือข่ายและเทคโนโลยี': 0, 'บริการและสวัสดิการนิสิต': 0}",11,ความปลอดภัยและจราจร
สอบถามหน่อยครับ อยากทราบกำหนดการกิจกรรมรับน้อง,"['กิจกรรม', 'สอบถามหน่อยครับ']","{'การเดินทาง / รถเมล์มพ.': 0, 'สิ่งอำนวยความสะดวกและอาคารสถานที่': 0, 'สุขอนามัยและความสะอาด': 0, 'การเรียนการสอนและหลักสูตร': 0, 'โรงอาหาร / ร้านค้าบริการ': 0, 'ความปลอดภัยและจราจร': 0, 'ระบบเครือข่ายและเทคโนโลยี': 0, 'บริการและสวัสดิการนิสิต': 22}",22,บริการและสวัสดิการนิสิต
เน็ตหลุดบ่อยมาก ตอนนี้อยู่หน้ามอ ทำงานไม่ได้เลย,"['เน็ตหลุด', 'หลุดบ่อย']","{'การเดินทาง / รถเมล์มพ.': 0, 'สิ่งอำนวยความสะดวกและอาคารสถานที่': 0, 'สุขอนามัยและความสะอาด': 0, 'การเรียนการสอนและหลักสูตร': 0, 'โรงอาหาร / ร้านค้าบริการ': 0, 'ความปลอดภัยและจราจร': 0, 'ระบบเครือข่ายและเทคโนโลยี': 16, 'บริการและสวัสดิการนิสิต': 0}",16,ระบบเครือข่ายและเทคโนโลยี
รปภ. ช่วยดูตรงประตู 2 หน่อยครับ รถติดหนักมาก,"['รถติด', 'รปภ.', 'รปภ', 'ประตู 2']","{'การเดินทาง / รถเมล์มพ.': 5, 'สิ่งอำนวยความสะดวกและอาคารสถานที่': 0, 'สุขอนามัยและความสะอาด': 0, 'การเรียนการสอนและหลักสูตร': 0, 'โรงอาหาร / ร้านค้าบริการ': 0, 'ความปลอดภัยและจราจร': 14, 'ระบบเครือข่ายและเทคโนโลยี': 0, 'บริการและสวัสดิการนิสิต': 0}",14,ความปลอดภัยและจราจร
สอบถามหน่อยครับ รถเมล์สาย 1 หมดกี่โมง,"['รถเมล์', 'รถเมล์สาย', 'สอบถามหน่อยครับ']","{'การเดินทาง / รถเมล์มพ.': 15, 'สิ่งอำนวยความสะดวกและอาคารสถานที่': 0, 'สุขอนามัยและความสะอาด': 0, 'การเรียนการสอนและหลักสูตร': 0, 'โรงอาหาร / ร้านค้าบริการ': 0, 'ความปลอดภัยและจราจร': 0, 'ระบบเครือข่ายและเทคโนโลยี': 0, 'บริการและสวัสดิการนิสิต': 15}",15,การเดินทาง / รถเมล์มพ.
อาจารย์ครับ เกรดยังไม่ออกครับ รบกวนให้คำแนะนำที,"['เกรด', 'อาจารย์']","{'การเดินทาง / รถเมล์มพ.': 0, 'สิ่งอำนวยความสะดวกและอาคารสถานที่': 0, 'สุขอนามัยและความสะอาด': 0, 'การเรียนการสอนและหลักสูตร': 11, 'โรงอาหาร / ร้านค้าบริการ': 0, 'ความปลอดภัยและจราจร': 0, 'ระบบเครือข่ายและเทคโนโลยี': 0, 'บริการและสวัสดิการนิสิต': 0}",11,การเรียนการสอนและหลักสูตร
แจ้งทำความสะอาดตรงสนามบาส สกปรกมากไม่ทำความสะอาด ครับ,"['สกปรก', 'ไม่ทำความสะอาด', 'ทำความสะอาด']","{'การเดินทาง / รถเมล์มพ.': 0, 'สิ่งอำนวยความสะดวกและอาคารสถานที่': 0, 'สุขอนามัยและความสะอาด': 30, 'การเรียนการสอนและหลักสูตร': 0, 'โรงอาหาร / ร้านค้าบริการ': 0, 'ความปลอดภัยและจราจร': 0, 'ระบบเครือข่ายและเทคโนโลยี': 0, 'บริการและสวัสดิการนิสิต': 0}",30,สุขอนามัยและความสะอาด
ระบบล่ม ตอนนี้อยู่ห้องสมุด ทำงานไม่ได้เลย,"['ระบบล่ม', 'ระบบ']","{'การเดินทาง / รถเมล์มพ.': 0, 'สิ่งอำนวยความสะดวกและอาคารสถานที่': 0, 'สุขอนามัยและความสะอาด': 0, 'การเรียนการสอนและหลักสูตร': 0, 'โรงอาหาร / ร้านค้าบริการ': 0, 'ความปลอดภัยและจราจร': 0, 'ระบบเครือข่ายและเทคโนโลยี': 11, 'บริการและสวัสดิการนิสิต': 0}",11,ระบบเครือข่ายและเทคโนโลยี
อาจารย์ครับ ลงทะเบียนวิชานี้ไม่ได้ รบกวนให้คำแนะนำที,"['วิชา', 'อาจารย์']","{'การเดินทาง / รถเมล์มพ.': 0, 'สิ่งอำนวยความสะดวกและอาคารสถานที่': 0, 'สุขอนามัยและความสะอาด': 0, 'การเรียนการสอนและหลักสูตร': 11, 'โรงอาหาร / ร้านค้าบริการ': 0, 'ความปลอดภัยและจราจร': 0, 'ระบบเครือข่ายและเทคโนโลยี': 0, 'บริการและสวัสดิการนิสิต': 0}",11,การเรียนการสอนและหลักสูตร
แจ้งทำความสะอาดตรงโรงอาหาร มีหมาจรจัดมาคุ้ยขยะ ครับ,"['หมาจรจัด', 'ทำความสะอาด', 'โรงอาหาร', 'อาหาร']","{'การเดินทาง / รถเมล์มพ.': 0, 'สิ่งอำนวยความสะดวกและอาคารสถานที่': 0, 'สุขอนามัยและความสะอาด': 19, 'การเรียนการสอนและหลักสูตร': 0, 'โรงอาหาร / ร้านค้าบริการ': 13, 'ความปลอดภัยและจราจร': 0, 'ระบบเครือข่ายและเทคโนโลยี': 0, 'บริการและสวัสดิการนิสิต': 0}",19,สุขอนามัยและความสะอาด
แจ้งทำความสะอาดตรงสวนหน้าตึก หญ้ารกมาก ครับ,"['หญ้ารก', 'ทำความสะอาด']","{'การเดินทาง / รถเมล์มพ.': 0, 'สิ่งอำนวยความสะดวกและอาคารสถานที่': 0, 'สุขอนามัยและความสะอาด': 17, 'การเรียนการสอนและหลักสูตร': 0, 'โรงอาหาร / ร้านค้าบริการ': 0, 'ความปลอดภัยและจราจร': 0, 'ระบบเครือข่ายและเทคโนโลยี': 0, 'บริการและสวัสดิการนิสิต': 0}",17,สุขอนามัยและความสะอาด
สอบถามหน่อยครับ รถเมล์สาย 1 หมดกี่โมง,"['รถเมล์', 'รถเมล์สาย', 'สอบถามหน่อยครับ']","{'การเดินทาง / รถเมล์มพ.': 15, 'สิ่งอำนวยความสะดวกและอาคารสถานที่': 0, 'สุขอนามัยและความสะอาด': 0, 'การเรียนการสอนและหลักสูตร': 0, 'โรงอาหาร / ร้านค้าบริการ': 0, 'ความปลอดภัยและจราจร': 0, 'ระบบเครือข่ายและเทคโนโลยี': 0, 'บริการและสวัสดิการนิสิต': 15}",15,การเดินทาง / รถเมล์มพ.
แจ้งเรื่องประตูพัง ตรงห้องบรรยาย ช่วยมาดูหน่อย,"['พัง', 'ประตูพัง']","{'การเดินทาง / รถเมล์มพ.': 0, 'สิ่งอำนวยความสะดวกและอาคารสถานที่': 11, 'สุขอนามัยและความสะอาด': 0, 'การเรียนการสอนและหลักสูตร': 0, 'โรงอาหาร / ร้านค้าบริการ': 0, 'ความปลอดภัยและจราจร': 0, 'ระบบเครือข่ายและเทคโนโลยี': 0, 'บริการและสวัสดิการนิสิต': 0}",11,สิ่งอำนวยความสะดวกและอาคารสถานที่
สอบถามหน่อยครับ ทำบัตรนิสิตใหม่ที่ไหน,"['บัตรนิสิต', 'สอบถามหน่อยครับ']","{'การเดินทาง / รถเมล์มพ.': 0, 'สิ่งอำนวยความสะดวกและอาคารสถานที่': 0, 'สุขอนามัยและความสะอาด': 0, 'การเรียนการสอนและหลักสูตร': 0, 'โรงอาหาร / ร้านค้าบริการ': 0, 'ความปลอดภัยและจราจร': 0, 'ระบบเครือข่ายและเทคโนโลยี': 0, 'บริการและสวัสดิการนิสิต': 24}",24,บริการและสวัสดิการนิสิต
สอบถามหน่อยครับ อยากทราบกำหนดการกิจกรรมรับน้อง,"['กิจกรรม', 'สอบถามหน่อยครับ']","{'การเดินทาง / รถเมล์มพ.': 0, 'สิ่งอำนวยความสะดวกและอาคารสถานที่': 0, 'สุขอนามัยและความสะอาด': 0, 'การเรียนการสอนและหลักสูตร': 0, 'โรงอาหาร / ร้านค้าบริการ': 0, 'ความปลอดภัยและจราจร': 0, 'ระบบเครือข่ายและเทคโนโลยี': 0, 'บริการและสวัสดิการนิสิต': 22}",22,บริการและสวัสดิการนิสิต
แจ้งทำความสะอาดตรงริมสระน้ำ สกปรกมากไม่ทำความสะอาด ครับ,"['สกปรก', 'ไม่ทำความสะอาด', 'ทำความสะอาด']","{'การเดินทาง / รถเมล์มพ.': 0, 'สิ่งอำนวยความสะดวกและอาคารสถานที่': 0, 'สุขอนามัยและความสะอาด': 30, 'การเรียนการสอนและหลักสูตร': 0, 'โรงอาหาร / ร้านค้าบริการ': 0, 'ความปลอดภัยและจราจร': 0, 'ระบบเครือข่ายและเทคโนโลยี': 0, 'บริการและสวัสดิการนิสิต': 0}",30,สุขอนามัยและความสะอาด
เน็ตหลุดบ่อยมาก ตอนนี้อยู่หน้ามอ ทำงานไม่ได้เลย,"['เน็ตหลุด', 'หลุดบ่อย']","{'การเดินทาง / รถเมล์มพ.': 0, 'สิ่งอำนวยความสะดวกและอาคารสถานที่': 0, 'สุขอนามัยและความสะอาด': 0, 'การเรียนการสอนและหลักสูตร': 0, 'โรงอาหาร / ร้านค้าบริการ': 0, 'ความปลอดภัยและจราจร': 0, 'ระบบเครือข่ายและเทคโนโลยี': 16, 'บริการและสวัสดิการนิสิต': 0}",16,ระบบเครือข่ายและเทคโนโลยี
อาจารย์ครับ เกรดยังไม่ออกครับ รบกวนให้คำแนะนำที,"['เกรด', 'อาจารย์']","{'การเดินทาง / รถเมล์มพ.': 0, 'สิ่งอำนวยความสะดวกและอาคารสถานที่': 0, 'สุขอนามัยและความสะอาด': 0, 'การเรียนการสอนและหลักสูตร': 11, 'โรงอาหาร / ร้านค้าบริการ': 0, 'ความปลอดภัยและจราจร': 0, 'ระบบเครือข่ายและเทคโนโลยี': 0, 'บริการและสวัสดิการนิสิต': 0}",11,การเรียนการสอนและหลักสูตร
อาจารย์ครับ เกรดยังไม่ออกครับ รบกวนให้คำแนะนำที,"['เกรด', 'อาจารย์']","{'การเดินทาง / รถเมล์มพ.': 0, 'สิ่งอำนวยความสะดวกและอาคารสถานที่': 0, 'สุขอนามัยและความสะอาด': 0, 'การเรียนการสอนและหลักสูตร': 11, 'โรงอาหาร / ร้านค้าบริการ': 0, 'ความปลอดภัยและจราจร': 0, 'ระบบเครือข่ายและเทคโนโลยี': 0, 'บริการและสวัสดิการนิสิต': 0}",11,การเรียนการสอนและหลักสูตร
แจ้งทำความสะอาดตรงทางเดิน ขยะล้นถังส่งกลิ่นเหม็น ครับ,"['ขยะล้น', 'เหม็น', 'ทำความสะอาด', 'กลิ่นเหม็น']","{'การเดินทาง / รถเมล์มพ.': 0, 'สิ่งอำนวยความสะดวกและอาคารสถานที่': 0, 'สุขอนามัยและความสะอาด': 32, 'การเรียนการสอนและหลักสูตร': 0, 'โรงอาหาร / ร้านค้าบริการ': 0, 'ความปลอดภัยและจราจร': 0, 'ระบบเครือข่ายและเทคโนโลยี': 0, 'บริการและสวัสดิการนิสิต': 0}",32,สุขอนามัยและความสะอาด
แจ้งเรื่องไฟดับครับ ตรงห้อง 1204 ช่วยมาดูหน่อย,['ไฟดับ'],"{'การเดินทาง / รถเมล์มพ.': 0, 'สิ่งอำนวยความสะดวกและอาคารสถานที่': 5, 'สุขอนามัยและความสะอาด': 0, 'การเรียนการสอนและหลักสูตร': 0, 'โรงอาหาร / ร้านค้าบริการ': 0, 'ความปลอดภัยและจราจร': 0, 'ระบบเครือข่ายและเทคโนโลยี': 0, 'บริการและสวัสดิการนิสิต': 0}",5,สิ่งอำนวยความสะดวกและอาคารสถานที่
ลงทะเบียนไม่ได้ ตอนนี้อยู่หน้ามอ ทำงานไม่ได้เลย,['ลงทะเบียนไม่ได้'],"{'การเดินทาง / รถเมล์มพ.': 0, 'สิ่งอำนวยความสะดวกและอาคารสถานที่': 0, 'สุขอนามัยและความสะอาด': 0, 'การเรียนการสอนและหลักสูตร': 0, 'โรงอาหาร / ร้านค้าบริการ': 0, 'ความปลอดภัยและจราจร': 0, 'ระบบเครือข่ายและเทคโนโลยี': 15, 'บริการและสวัสดิการนิสิต': 0}",15,ระบบเครือข่ายและเทคโนโลยี
สอบถามหน่อยครับ รถเมล์สาย 1 หมดกี่โมง,"['รถเมล์', 'รถเมล์สาย', 'สอบถามหน่อยครับ']","{'การเดินทาง / รถเมล์มพ.': 15, 'สิ่งอำนวยความสะดวกและอาคารสถานที่': 0, 'สุขอนามัยและความสะอาด': 0, 'การเรียนการสอนและหลักสูตร': 0, 'โรงอาหาร / ร้านค้าบริการ': 0, 'ความปลอดภัยและจราจร': 0, 'ระบบเครือข่ายและเทคโนโลยี': 0, 'บริการและสวัสดิการนิสิต': 15}",15,การเดินทาง / รถเมล์มพ.
อาจารย์ครับ ขอสอบชดเชยต้องทำไง รบกวนให้คำแนะนำที,"['ขอสอบชดเชย', 'อาจารย์']","{'การเดินทาง / รถเมล์มพ.': 0, 'สิ่งอำนวยความสะดวกและอาคารสถานที่': 0, 'สุขอนามัยและความสะอาด': 0, 'การเรียนการสอนและหลักสูตร': 17, 'โรงอาหาร / ร้านค้าบริการ': 0, 'ความปลอดภัยและจราจร': 0, 'ระบบเครือข่ายและเทคโนโลยี': 0, 'บริการและสวัสดิการนิสิต': 0}",17,การเรียนการสอนและหลักสูตร
สอบถามหน่อยครับ สอบถามเรื่องทุนการศึกษา,"['ทุนการศึกษา', 'สอบถามหน่อยครับ']","{'การเดินทาง / รถเมล์มพ.': 0, 'สิ่งอำนวยความสะดวกและอาคารสถานที่': 0, 'สุขอนามัยและความสะอาด': 0, 'การเรียนการสอนและหลักสูตร': 0, 'โรงอาหาร / ร้านค้าบริการ': 0, 'ความปลอดภัยและจราจร': 0, 'ระบบเครือข่ายและเทคโนโลยี': 0, 'บริการและสวัสดิการนิสิต': 26}",26,บริการและสวัสดิการนิสิต
รปภ. ช่วยดูตรงทางแยก หน่อยครับ มีรถชนกัน,"['รถชน', 'รปภ.', 'รปภ']","{'การเดินทาง / รถเมล์มพ.': 0, 'สิ่งอำนวยความสะดวกและอาคารสถานที่': 0, 'สุขอนามัยและความสะอาด': 0, 'การเรียนการสอนและหลักสูตร': 0, 'โรงอาหาร / ร้านค้าบริการ': 0, 'ความปลอดภัยและจราจร': 11, 'ระบบเครือข่ายและเทคโนโลยี': 0, 'บริการและสวัสดิการนิสิต': 0}",11,ความปลอดภัยและจราจร
รปภ. ช่วยดูตรงหน้ามอ หน่อยครับ ทางมืดมากอันตราย,"['อันตราย', 'รปภ.', 'ทางมืด', 'รปภ']","{'การเดินทาง / รถเมล์มพ.': 0, 'สิ่งอำนวยความสะดวกและอาคารสถานที่': 0, 'สุขอนามัยและความสะอาด': 0, 'การเรียนการสอนและหลักสูตร': 0, 'โรงอาหาร / ร้านค้าบริการ': 0, 'ความปลอดภัยและจราจร': 20, 'ระบบเครือข่ายและเทคโนโลยี': 0, 'บริการและสวัสดิการนิสิต': 0}",20,ความปลอดภัยและจราจร
รปภ. ช่วยดูตรงประตู 2 หน่อยครับ รถติดหนักมาก,"['รถติด', 'รปภ.', 'รปภ', 'ประตู 2']","{'การเดินทาง / รถเมล์มพ.': 5, 'สิ่งอำนวยความสะดวกและอาคารสถานที่': 0, 'สุขอนามัยและความสะอาด': 0, 'การเรียนการสอนและหลักสูตร': 0, 'โรงอาหาร / ร้านค้าบริการ': 0, 'ความปลอดภัยและจราจร': 14, 'ระบบเครือข่ายและเทคโนโลยี': 0, 'บริการและสวัสดิการนิสิต': 0}",14,ความปลอดภัยและจราจร
แจ้งเรื่องประตูพัง ตรงห้องน้ำตึกสงวน ช่วยมาดูหน่อย,"['พัง', 'ประตูพัง']","{'การเดินทาง / รถเมล์มพ.': 0, 'สิ่งอำนวยความสะดวกและอาคารสถานที่': 11, 'สุขอนามัยและความสะอาด': 0, 'การเรียนการสอนและหลักสูตร': 0, 'โรงอาหาร / ร้านค้าบริการ': 0, 'ความปลอดภัยและจราจร': 0, 'ระบบเครือข่ายและเทคโนโลยี': 0, 'บริการและสวัสดิการนิสิต': 0}",11,สิ่งอำนวยความสะดวกและอาคารสถานที่
อาจารย์ครับ ขอสอบชดเชยต้องทำไง รบกวนให้คำแนะนำที,"['ขอสอบชดเชย', 'อาจารย์']","{'การเดินทาง / รถเมล์มพ.': 0, 'สิ่งอำนวยความสะดวกและอาคารสถานที่': 0, 'สุขอนามัยและความสะอาด': 0, 'การเรียนการสอนและหลักสูตร': 17, 'โรงอาหาร / ร้านค้าบริการ': 0, 'ความปลอดภัยและจราจร': 0, 'ระบบเครือข่ายและเทคโนโลยี': 0, 'บริการและสวัสดิการนิสิต': 0}",17,การเรียนการสอนและหลักสูตร
เน็ตหลุดบ่อยมาก ตอนนี้อยู่ตึกคณะ ทำงานไม่ได้เลย,"['เน็ตหลุด', 'หลุดบ่อย']","{'การเดินทาง / รถเมล์มพ.': 0, 'สิ่งอำนวยความสะดวกและอาคารสถานที่': 0, 'สุขอนามัยและความสะอาด': 0, 'การเรียนการสอนและหลักสูตร': 0, 'โรงอาหาร / ร้านค้าบริการ': 0, 'ความปลอดภัยและจราจร': 0, 'ระบบเครือข่ายและเทคโนโลยี': 16, 'บริการและสวัสดิการนิสิต': 0}",16,ระบบเครือข่ายและเทคโนโลยี
แจ้งเรื่องประตูพัง ตรงห้อง 1204 ช่วยมาดูหน่อย,"['พัง', 'ประตูพัง']","{'การเดินทาง / รถเมล์มพ.': 0, 'สิ่งอำนวยความสะดวกและอาคารสถานที่': 11, 'สุขอนามัยและความสะอาด': 0, 'การเรียนการสอนและหลักสูตร': 0, 'โรงอาหาร / ร้านค้าบริการ': 0, 'ความปลอดภัยและจราจร': 0, 'ระบบเครือข่ายและเทคโนโลยี': 0, 'บริการและสวัสดิการนิสิต': 0}",11,สิ่งอำนวยความสะดวกและอาคารสถานที่
ระบบล่ม ตอนนี้อยู่ห้องสมุด ทำงานไม่ได้เลย,"['ระบบล่ม', 'ระบบ']","{'การเดินทาง / รถเมล์มพ.': 0, 'สิ่งอำนวยความสะดวกและอาคารสถานที่': 0, 'สุขอนามัยและความสะอาด': 0, 'การเรียนการสอนและหลักสูตร': 0, 'โรงอาหาร / ร้านค้าบริการ': 0, 'ความปลอดภัยและจราจร': 0, 'ระบบเครือข่ายและเทคโนโลยี': 11, 'บริการและสวัสดิการนิสิต': 0}",11,ระบบเครือข่ายและเทคโนโลยี
แจ้งทำความสะอาดตรงริมสระน้ำ ขยะล้นถังส่งกลิ่นเหม็น ครับ,"['ขยะล้น', 'เหม็น', 'ทำความสะอาด', 'กลิ่นเหม็น']","{'การเดินทาง / รถเมล์มพ.': 0, 'สิ่งอำนวยความสะดวกและอาคารสถานที่': 0, 'สุขอนามัยและความสะอาด': 32, 'การเรียนการสอนและหลักสูตร': 0, 'โรงอาหาร / ร้านค้าบริการ': 0, 'ความปลอดภัยและจราจร': 0, 'ระบบเครือข่ายและเทคโนโลยี': 0, 'บริการและสวัสดิการนิสิต': 0}",32,สุขอนามัยและความสะอาด
ระบบล่ม ตอนนี้อยู่ตึกคณะ ทำงานไม่ได้เลย,"['ระบบล่ม', 'ระบบ']","{'การเดินทาง / รถเมล์มพ.': 0, 'สิ่งอำนวยความสะดวกและอาคารสถานที่': 0, 'สุขอนามัยและความสะอาด': 0, 'การเรียนการสอนและหลักสูตร': 0, 'โรงอาหาร / ร้านค้าบริการ': 0, 'ความปลอดภัยและจราจร': 0, 'ระบบเครือข่ายและเทคโนโลยี': 11, 'บริการและสวัสดิการนิสิต': 0}",11,ระบบเครือข่ายและเทคโนโลยี
แจ้งทำความสะอาดตรงทางเดิน กิ่งไม้หักขวางทาง ครับ,"['กิ่งไม้หัก', 'ทำความสะอาด']","{'การเดินทาง / รถเมล์มพ.': 0, 'สิ่งอำนวยความสะดวกและอาคารสถานที่': 0, 'สุขอนามัยและความสะอาด': 21, 'การเรียนการสอนและหลักสูตร': 0, 'โรงอาหาร / ร้านค้าบริการ': 0, 'ความปลอดภัยและจราจร': 0, 'ระบบเครือข่ายและเทคโนโลยี': 0, 'บริการและสวัสดิการนิสิต': 0}",21,สุขอนามัยและความสะอาด
อาจารย์ครับ เกรดยังไม่ออกครับ รบกวนให้คำแนะนำที,"['เกรด', 'อาจารย์']","{'การเดินทาง / รถเมล์มพ.': 0, 'สิ่งอำนวยความสะดวกและอาคารสถานที่': 0, 'สุขอนามัยและความสะอาด': 0, 'การเรียนการสอนและหลักสูตร': 11, 'โรงอาหาร / ร้านค้าบริการ': 0, 'ความปลอดภัยและจราจร': 0, 'ระบบเครือข่ายและเทคโนโลยี': 0, 'บริการและสวัสดิการนิสิต': 0}",11,การเรียนการสอนและหลักสูตร
อาจารย์ครับ ลงทะเบียนวิชานี้ไม่ได้ รบกวนให้คำแนะนำที,"['วิชา', 'อาจารย์']","{'การเดินทาง / รถเมล์มพ.': 0, 'สิ่งอำนวยความสะดวกและอาคารสถานที่': 0, 'สุขอนามัยและความสะอาด': 0, 'การเรียนการสอนและหลักสูตร': 11, 'โรงอาหาร / ร้านค้าบริการ': 0, 'ความปลอดภัยและจราจร': 0, 'ระบบเครือข่ายและเทคโนโลยี': 0, 'บริการและสวัสดิการนิสิต': 0}",11,การเรียนการสอนและหลักสูตร
แจ้งทำความสะอาดตรงริมสระน้ำ สกปรกมากไม่ทำความสะอาด ครับ,"['สกปรก', 'ไม่ทำความสะอาด', 'ทำความสะอาด']","{'การเดินทาง / รถเมล์มพ.': 0, 'สิ่งอำนวยความสะดวกและอาคารสถานที่': 0, 'สุขอนามัยและความสะอาด': 30, 'การเรียนการสอนและหลักสูตร': 0, 'โรงอาหาร / ร้านค้าบริการ': 0, 'ความปลอดภัยและจราจร': 0, 'ระบบเครือข่ายและเทคโนโลยี': 0, 'บริการและสวัสดิการนิสิต': 0}",30,สุขอนามัยและความสะอาด
รปภ. ช่วยดูตรงลานจอดรถ หน่อยครับ รถติดหนักมาก,"['รถติด', 'รปภ.', 'รปภ']","{'การเดินทาง / รถเมล์มพ.': 5, 'สิ่งอำนวยความสะดวกและอาคารสถานที่': 0, 'สุขอนามัยและความสะอาด': 0, 'การเรียนการสอนและหลักสูตร': 0, 'โรงอาหาร / ร้านค้าบริการ': 0, 'ความปลอดภัยและจราจร': 7, 'ระบบเครือข่ายและเทคโนโลยี': 0, 'บริการและสวัสดิการนิสิต': 0}",7,ความปลอดภัยและจราจร
สอบถามหน่อยครับ รถเมล์สาย 1 หมดกี่โมง,"['รถเมล์', 'รถเมล์สาย', 'สอบถามหน่อยครับ']","{'การเดินทาง / รถเมล์มพ.': 15, 'สิ่งอำนวยความสะดวกและอาคารสถานที่': 0, 'สุขอนามัยและความสะอาด': 0, 'การเรียนการสอนและหลักสูตร': 0, 'โรงอาหาร / ร้านค้าบริการ': 0, 'ความปลอดภัยและจราจร': 0, 'ระบบเครือข่ายและเทคโนโลยี': 0, 'บริการและสวัสดิการนิสิต': 15}",15,การเดินทาง / รถเมล์มพ.
แจ้งเรื่องน้ำไม่ไหล ตรงตึก ICT ช่วยมาดูหน่อย,['น้ำไม่ไหล'],"{'การเดินทาง / รถเมล์มพ.': 0, 'สิ่งอำนวยความสะดวกและอาคารสถานที่': 9, 'สุขอนามัยและความสะอาด': 0, 'การเรียนการสอนและหลักสูตร': 0, 'โรงอาหาร / ร้านค้าบริการ': 0, 'ความปลอดภัยและจราจร': 0, 'ระบบเครือข่ายและเทคโนโลยี': 0, 'บริการและสวัสดิการนิสิต': 0}",9,สิ่งอำนวยความสะดวกและอาคารสถานที่
รปภ. ช่วยดูตรงทางแยก หน่อยครับ รถติดหนักมาก,"['รถติด', 'รปภ.', 'รปภ']","{'การเดินทาง / รถเมล์มพ.': 5, 'สิ่งอำนวยความสะดวกและอาคารสถานที่': 0, 'สุขอนามัยและความสะอาด': 0, 'การเรียนการสอนและหลักสูตร': 0, 'โรงอาหาร / ร้านค้าบริการ': 0, 'ความปลอดภัยและจราจร': 7, 'ระบบเครือข่ายและเทคโนโลยี': 0, 'บริการและสวัสดิการนิสิต': 0}",7,ความปลอดภัยและจราจร
แจ้งเรื่องน้ำไม่ไหล ตรงตึกวิทย์ ช่วยมาดูหน่อย,['น้ำไม่ไหล'],"{'การเดินทาง / รถเมล์มพ.': 0, 'สิ่งอำนวยความสะดวกและอาคารสถานที่': 9, 'สุขอนามัยและความสะอาด': 0, 'การเรียนการสอนและหลักสูตร': 0, 'โรงอาหาร / ร้านค้าบริการ': 0, 'ความปลอดภัยและจราจร': 0, 'ระบบเครือข่ายและเทคโนโลยี': 0, 'บริการและสวัสดิการนิสิต': 0}",9,สิ่งอำนวยความสะดวกและอาคารสถานที่
รปภ. ช่วยดูตรงประตู 2 หน่อยครับ ทางมืดมากอันตราย,"['อันตราย', 'รปภ.', 'ทางมืด', 'รปภ', 'ประตู 2']","{'การเดินทาง / รถเมล์มพ.': 0, 'สิ่งอำนวยความสะดวกและอาคารสถานที่': 0, 'สุขอนามัยและความสะอาด': 0, 'การเรียนการสอนและหลักสูตร': 0, 'โรงอาหาร / ร้านค้าบริการ': 0, 'ความปลอดภัยและจราจร': 27, 'ระบบเครือข่ายและเทคโนโลยี': 0, 'บริการและสวัสดิการนิสิต': 0}",27,ความปลอดภัยและจราจร
ระบบล่ม ตอนนี้อยู่หอพักใน ทำงานไม่ได้เลย,"['ระบบล่ม', 'ระบบ']","{'การเดินทาง / รถเมล์มพ.': 0, 'สิ่งอำนวยความสะดวกและอาคารสถานที่': 0, 'สุขอนามัยและความสะอาด': 0, 'การเรียนการสอนและหลักสูตร': 0, 'โรงอาหาร / ร้านค้าบริการ': 0, 'ความปลอดภัยและจราจร': 0, 'ระบบเครือข่ายและเทคโนโลยี': 11, 'บริการและสวัสดิการนิสิต': 0}",11,ระบบเครือข่ายและเทคโนโลยี
แจ้งเรื่องน้ำไม่ไหล ตรงตึก ICT ช่วยมาดูหน่อย,['น้ำไม่ไหล'],"{'การเดินทาง / รถเมล์มพ.': 0, 'สิ่งอำนวยความสะดวกและอาคารสถานที่': 9, 'สุขอนามัยและความสะอาด': 0, 'การเรียนการสอนและหลักสูตร': 0, 'โรงอาหาร / ร้านค้าบริการ': 0, 'ความปลอดภัยและจราจร': 0, 'ระบบเครือข่ายและเทคโนโลยี': 0, 'บริการและสวัสดิการนิสิต': 0}",9,สิ่งอำนวยความสะดวกและอาคารสถานที่
สอบถามหน่อยครับ อยากทราบกำหนดการกิจกรรมรับน้อง,"['กิจกรรม', 'สอบถามหน่อยครับ']","{'การเดินทาง / รถเมล์มพ.': 0, 'สิ่งอำนวยความสะดวกและอาคารสถานที่': 0, 'สุขอนามัยและความสะอาด': 0, 'การเรียนการสอนและหลักสูตร': 0, 'โรงอาหาร / ร้านค้าบริการ': 0, 'ความปลอดภัยและจราจร': 0, 'ระบบเครือข่ายและเทคโนโลยี': 0, 'บริการและสวัสดิการนิสิต': 22}",22,บริการและสวัสดิการนิสิต
สอบถามหน่อยครับ อยากทราบกำหนดการกิจกรรมรับน้อง,"['กิจกรรม', 'สอบถามหน่อยครับ']","{'การเดินทาง / รถเมล์มพ.': 0, 'สิ่งอำนวยความสะดวกและอาคารสถานที่': 0, 'สุขอนามัยและความสะอาด': 0, 'การเรียนการสอนและหลักสูตร': 0, 'โรงอาหาร / ร้านค้าบริการ': 0, 'ความปลอดภัยและจราจร': 0, 'ระบบเครือข่ายและเทคโนโลยี': 0, 'บริการและสวัสดิการนิสิต': 22}",22,บริการและสวัสดิการนิสิต
อาจารย์ครับ ลงทะเบียนวิชานี้ไม่ได้ รบกวนให้คำแนะนำที,"['วิชา', 'อาจารย์']","{'การเดินทาง / รถเมล์มพ.': 0, 'สิ่งอำนวยความสะดวกและอาคารสถานที่': 0, 'สุขอนามัยและความสะอาด': 0, 'การเรียนการสอนและหลักสูตร': 11, 'โรงอาหาร / ร้านค้าบริการ': 0, 'ความปลอดภัยและจราจร': 0, 'ระบบเครือข่ายและเทคโนโลยี': 0, 'บริการและสวัสดิการนิสิต': 0}",11,การเรียนการสอนและหลักสูตร
รปภ. ช่วยดูตรงหน้ามอ หน่อยครับ คนจอดรถขวางทาง,"['รปภ.', 'จอดรถขวาง', 'รปภ']","{'การเดินทาง / รถเมล์มพ.': 0, 'สิ่งอำนวยความสะดวกและอาคารสถานที่': 0, 'สุขอนามัยและความสะอาด': 0, 'การเรียนการสอนและหลักสูตร': 0, 'โรงอาหาร / ร้านค้าบริการ': 0, 'ความปลอดภัยและจราจร': 16, 'ระบบเครือข่ายและเทคโนโลยี': 0, 'บริการและสวัสดิการนิสิต': 0}",16,ความปลอดภัยและจราจร
รปภ. ช่วยดูตรงหน้ามอ หน่อยครับ ทางมืดมากอันตราย,"['อันตราย', 'รปภ.', 'ทางมืด', 'รปภ']","{'การเดินทาง / รถเมล์มพ.': 0, 'สิ่งอำนวยความสะดวกและอาคารสถานที่': 0, 'สุขอนามัยและความสะอาด': 0, 'การเรียนการสอนและหลักสูตร': 0, 'โรงอาหาร / ร้านค้าบริการ': 0, 'ความปลอดภัยและจราจร': 20, 'ระบบเครือข่ายและเทคโนโลยี': 0, 'บริการและสวัสดิการนิสิต': 0}",20,ความปลอดภัยและจราจร
แจ้งทำความสะอาดตรงทางเดิน ขยะล้นถังส่งกลิ่นเหม็น ครับ,"['ขยะล้น', 'เหม็น', 'ทำความสะอาด', 'กลิ่นเหม็น']","{'การเดินทาง / รถเมล์มพ.': 0, 'สิ่งอำนวยความสะดวกและอาคารสถานที่': 0, 'สุขอนามัยและความสะอาด': 32, 'การเรียนการสอนและหลักสูตร': 0, 'โรงอาหาร / ร้านค้าบริการ': 0, 'ความปลอดภัยและจราจร': 0, 'ระบบเครือข่ายและเทคโนโลยี': 0, 'บริการและสวัสดิการนิสิต': 0}",32,สุขอนามัยและความสะอาด
อาจารย์ครับ ขอสอบชดเชยต้องทำไง รบกวนให้คำแนะนำที,"['ขอสอบชดเชย', 'อาจารย์']","{'การเดินทาง / รถเมล์มพ.': 0, 'สิ่งอำนวยความสะดวกและอาคารสถานที่': 0, 'สุขอนามัยและความสะอาด': 0, 'การเรียนการสอนและหลักสูตร': 17, 'โรงอาหาร / ร้านค้าบริการ': 0, 'ความปลอดภัยและจราจร': 0, 'ระบบเครือข่ายและเทคโนโลยี': 0, 'บริการและสวัสดิการนิสิต': 0}",17,การเรียนการสอนและหลักสูตร
สอบถามหน่อยครับ สอบถามเรื่องทุนการศึกษา,"['ทุนการศึกษา', 'สอบถามหน่อยครับ']","{'การเดินทาง / รถเมล์มพ.': 0, 'สิ่งอำนวยความสะดวกและอาคารสถานที่': 0, 'สุขอนามัยและความสะอาด': 0, 'การเรียนการสอนและหลักสูตร': 0, 'โรงอาหาร / ร้านค้าบริการ': 0, 'ความปลอดภัยและจราจร': 0, 'ระบบเครือข่ายและเทคโนโลยี': 0, 'บริการและสวัสดิการนิสิต': 26}",26,บริการและสวัสดิการนิสิต
แจ้งทำความสะอาดตรงริมสระน้ำ มีหมาจรจัดมาคุ้ยขยะ ครับ,"['หมาจรจัด', 'ทำความสะอาด']","{'การเดินทาง / รถเมล์มพ.': 0, 'สิ่งอำนวยความสะดวกและอาคารสถานที่': 0, 'สุขอนามัยและความสะอาด': 19, 'การเรียนการสอนและหลักสูตร': 0, 'โรงอาหาร / ร้านค้าบริการ': 0, 'ความปลอดภัยและจราจร': 0, 'ระบบเครือข่ายและเทคโนโลยี': 0, 'บริการและสวัสดิการนิสิต': 0}",19,สุขอนามัยและความสะอาด
รปภ. ช่วยดูตรงประตู 2 หน่อยครับ หมวกกันน็อคหาย,"['รปภ.', 'รปภ', 'ประตู 2', 'หมวกกันน็อคหาย']","{'การเดินทาง / รถเมล์มพ.': 0, 'สิ่งอำนวยความสะดวกและอาคารสถานที่': 0, 'สุขอนามัยและความสะอาด': 0, 'การเรียนการสอนและหลักสูตร': 0, 'โรงอาหาร / ร้านค้าบริการ': 0, 'ความปลอดภัยและจราจร': 14, 'ระบบเครือข่ายและเทคโนโลยี': 0, 'บริการและสวัสดิการนิสิต': 14}",14,ความปลอดภัยและจราจร
สอบถามหน่อยครับ อยากทราบกำหนดการกิจกรรมรับน้อง,"['กิจกรรม', 'สอบถามหน่อยครับ']","{'การเดินทาง / รถเมล์มพ.': 0, 'สิ่งอำนวยความสะดวกและอาคารสถานที่': 0, 'สุขอนามัยและความสะอาด': 0, 'การเรียนการสอนและหลักสูตร': 0, 'โรงอาหาร / ร้านค้าบริการ': 0, 'ความปลอดภัยและจราจร': 0, 'ระบบเครือข่ายและเทคโนโลยี': 0, 'บริการและสวัสดิการนิสิต': 22}",22,บริการและสวัสดิการนิสิต
รปภ. ช่วยดูตรงหน้ามอ หน่อยครับ ทางมืดมากอันตราย,"['อันตราย', 'รปภ.', 'ทางมืด', 'รปภ']","{'การเดินทาง / รถเมล์มพ.': 0, 'สิ่งอำนวยความสะดวกและอาคารสถานที่': 0, 'สุขอนามัยและความสะอาด': 0, 'การเรียนการสอนและหลักสูตร': 0, 'โรงอาหาร / ร้านค้าบริการ': 0, 'ความปลอดภัยและจราจร': 20, 'ระบบเครือข่ายและเทคโนโลยี': 0, 'บริการและสวัสดิการนิสิต': 0}",20,ความปลอดภัยและจราจร
แจ้งทำความสะอาดตรงสวนหน้าตึก ขยะล้นถังส่งกลิ่นเหม็น ครับ,"['ขยะล้น', 'เหม็น', 'ทำความสะอาด', 'กลิ่นเหม็น']","{'การเดินทาง / รถเมล์มพ.': 0, 'สิ่งอำนวยความสะดวกและอาคารสถานที่': 0, 'สุขอนามัยและความสะอาด': 32, 'การเรียนการสอนและหลักสูตร': 0, 'โรงอาหาร / ร้านค้าบริการ': 0, 'ความปลอดภัยและจราจร': 0, 'ระบบเครือข่ายและเทคโนโลยี': 0, 'บริการและสวัสดิการนิสิต': 0}",32,สุขอนามัยและความสะอาด
แจ้งทำความสะอาดตรงสวนหน้าตึก กิ่งไม้หักขวางทาง ครับ,"['กิ่งไม้หัก', 'ทำความสะอาด']","{'การเดินทาง / รถเมล์มพ.': 0, 'สิ่งอำนวยความสะดวกและอาคารสถานที่': 0, 'สุขอนามัยและความสะอาด': 21, 'การเรียนการสอนและหลักสูตร': 0, 'โรงอาหาร / ร้านค้าบริการ': 0, 'ความปลอดภัยและจราจร': 0, 'ระบบเครือข่ายและเทคโนโลยี': 0, 'บริการและสวัสดิการนิสิต': 0}",21,สุขอนามัยและความสะอาด
อาจารย์ครับ อยากติดต่ออาจารย์เรื่องดรอปเรียน รบกวนให้คำแนะนำที,"['ดรอปเรียน', 'ติดต่ออาจารย์', 'อาจารย์']","{'การเดินทาง / รถเมล์มพ.': 0, 'สิ่งอำนวยความสะดวกและอาคารสถานที่': 0, 'สุขอนามัยและความสะอาด': 0, 'การเรียนการสอนและหลักสูตร': 29, 'โรงอาหาร / ร้านค้าบริการ': 0, 'ความปลอดภัยและจราจร': 0, 'ระบบเครือข่ายและเทคโนโลยี': 0, 'บริการและสวัสดิการนิสิต': 0}",29,การเรียนการสอนและหลักสูตร
สอบถามหน่อยครับ ทำบัตรนิสิตใหม่ที่ไหน,"['บัตรนิสิต', 'สอบถามหน่อยครับ']","{'การเดินทาง / รถเมล์มพ.': 0, 'สิ่งอำนวยความสะดวกและอาคารสถานที่': 0, 'สุขอนามัยและความสะอาด': 0, 'การเรียนการสอนและหลักสูตร': 0, 'โรงอาหาร / ร้านค้าบริการ': 0, 'ความปลอดภัยและจราจร': 0, 'ระบบเครือข่ายและเทคโนโลยี': 0, 'บริการและสวัสดิการนิสิต': 24}",24,บริการและสวัสดิการนิสิต
อาจารย์ครับ เกรดยังไม่ออกครับ รบกวนให้คำแนะนำที,"['เกรด', 'อาจารย์']","{'การเดินทาง / รถเมล์มพ.': 0, 'สิ่งอำนวยความสะดวกและอาคารสถานที่': 0, 'สุขอนามัยและความสะอาด': 0, 'การเรียนการสอนและหลักสูตร': 11, 'โรงอาหาร / ร้านค้าบริการ': 0, 'ความปลอดภัยและจราจร': 0, 'ระบบเครือข่ายและเทคโนโลยี': 0, 'บริการและสวัสดิการนิสิต': 0}",11,การเรียนการสอนและหลักสูตร
สอบถามหน่อยครับ ทำบัตรนิสิตใหม่ที่ไหน,"['บัตรนิสิต', 'สอบถามหน่อยครับ']","{'การเดินทาง / รถเมล์มพ.': 0, 'สิ่งอำนวยความสะดวกและอาคารสถานที่': 0, 'สุขอนามัยและความสะอาด': 0, 'การเรียนการสอนและหลักสูตร': 0, 'โรงอาหาร / ร้านค้าบริการ': 0, 'ความปลอดภัยและจราจร': 0, 'ระบบเครือข่ายและเทคโนโลยี': 0, 'บริการและสวัสดิการนิสิต': 24}",24,บริการและสวัสดิการนิสิต
ไวไฟเข้าไม่ได้ ตอนนี้อยู่หอพักใน ทำงานไม่ได้เลย,"['ไวไฟเข้าไม่ได้', 'ไวไฟ']","{'การเดินทาง / รถเมล์มพ.': 0, 'สิ่งอำนวยความสะดวกและอาคารสถานที่': 0, 'สุขอนามัยและความสะอาด': 0, 'การเรียนการสอนและหลักสูตร': 0, 'โรงอาหาร / ร้านค้าบริการ': 0, 'ความปลอดภัยและจราจร': 0, 'ระบบเครือข่ายและเทคโนโลยี': 18, 'บริการและสวัสดิการนิสิต': 0}",18,ระบบเครือข่ายและเทคโนโลยี
แจ้งทำความสะอาดตรงสวนหน้าตึก มีหมาจรจัดมาคุ้ยขยะ ครับ,"['หมาจรจัด', 'ทำความสะอาด']","{'การเดินทาง / รถเมล์มพ.': 0, 'สิ่งอำนวยความสะดวกและอาคารสถานที่': 0, 'สุขอนามัยและความสะอาด': 19, 'การเรียนการสอนและหลักสูตร': 0, 'โรงอาหาร / ร้านค้าบริการ': 0, 'ความปลอดภัยและจราจร': 0, 'ระบบเครือข่ายและเทคโนโลยี': 0, 'บริการและสวัสดิการนิสิต': 0}",19,สุขอนามัยและความสะอาด
แจ้งทำความสะอาดตรงสวนหน้าตึก หญ้ารกมาก ครับ,"['หญ้ารก', 'ทำความสะอาด']","{'การเดินทาง / รถเมล์มพ.': 0, 'สิ่งอำนวยความสะดวกและอาคารสถานที่': 0, 'สุขอนามัยและความสะอาด': 17, 'การเรียนการสอนและหลักสูตร': 0, 'โรงอาหาร / ร้านค้าบริการ': 0, 'ความปลอดภัยและจราจร': 0, 'ระบบเครือข่ายและเทคโนโลยี': 0, 'บริการและสวัสดิการนิสิต': 0}",17,สุขอนามัยและความสะอาด
สอบถามหน่อยครับ รถเมล์สาย 1 หมดกี่โมง,"['รถเมล์', 'รถเมล์สาย', 'สอบถามหน่อยครับ']","{'การเดินทาง / รถเมล์มพ.': 15, 'สิ่งอำนวยความสะดวกและอาคารสถานที่': 0, 'สุขอนามัยและความสะอาด': 0, 'การเรียนการสอนและหลักสูตร': 0, 'โรงอาหาร / ร้านค้าบริการ': 0, 'ความปลอดภัยและจราจร': 0, 'ระบบเครือข่ายและเทคโนโลยี': 0, 'บริการและสวัสดิการนิสิต': 15}",15,การเดินทาง / รถเมล์มพ.
สอบถามหน่อยครับ รถเมล์สาย 1 หมดกี่โมง,"['รถเมล์', 'รถเมล์สาย', 'สอบถามหน่อยครับ']","{'การเดินทาง / รถเมล์มพ.': 15, 'สิ่งอำนวยความสะดวกและอาคารสถานที่': 0, 'สุขอนามัยและความสะอาด': 0, 'การเรียนการสอนและหลักสูตร': 0, 'โรงอาหาร / ร้านค้าบริการ': 0, 'ความปลอดภัยและจราจร': 0, 'ระบบเครือข่ายและเทคโนโลยี': 0, 'บริการและสวัสดิการนิสิต': 15}",15,การเดินทาง / รถเมล์มพ.
ลืมรหัสผ่านเข้าระบบ ตอนนี้อยู่ตึกคณะ ทำงานไม่ได้เลย,"['ลืมรหัสผ่าน', 'ระบบ']","{'การเดินทาง / รถเมล์มพ.': 0, 'สิ่งอำนวยความสะดวกและอาคารสถานที่': 0, 'สุขอนามัยและความสะอาด': 0, 'การเรียนการสอนและหลักสูตร': 0, 'โรงอาหาร / ร้านค้าบริการ': 0, 'ความปลอดภัยและจราจร': 0, 'ระบบเครือข่ายและเทคโนโลยี': 15, 'บริการและสวัสดิการนิสิต': 0}",15,ระบบเครือข่ายและเทคโนโลยี
แจ้งทำความสะอาดตรงทางเดิน หญ้ารกมาก ครับ,"['หญ้ารก', 'ทำความสะอาด']","{'การเดินทาง / รถเมล์มพ.': 0, 'สิ่งอำนวยความสะดวกและอาคารสถานที่': 0, 'สุขอนามัยและความสะอาด': 17, 'การเรียนการสอนและหลักสูตร': 0, 'โรงอาหาร / ร้านค้าบริการ': 0, 'ความปลอดภัยและจราจร': 0, 'ระบบเครือข่ายและเทคโนโลยี': 0, 'บริการและสวัสดิการนิสิต': 0}",17,สุขอนามัยและความสะอาด
ไวไฟเข้าไม่ได้ ตอนนี้อยู่ตึกคณะ ทำงานไม่ได้เลย,"['ไวไฟเข้าไม่ได้', 'ไวไฟ']","{'การเดินทาง / รถเมล์มพ.': 0, 'สิ่งอำนวยความสะดวกและอาคารสถานที่': 0, 'สุขอนามัยและความสะอาด': 0, 'การเรียนการสอนและหลักสูตร': 0, 'โรงอาหาร / ร้านค้าบริการ': 0, 'ความปลอดภัยและจราจร': 0, 'ระบบเครือข่ายและเทคโนโลยี': 18, 'บริการและสวัสดิการนิสิต': 0}",18,ระบบเครือข่ายและเทคโนโลยี
แจ้งเรื่องไฟดับครับ ตรงตึกวิทย์ ช่วยมาดูหน่อย,['ไฟดับ'],"{'การเดินทาง / รถเมล์มพ.': 0, 'สิ่งอำนวยความสะดวกและอาคารสถานที่': 5, 'สุขอนามัยและความสะอาด': 0, 'การเรียนการสอนและหลักสูตร': 0, 'โรงอาหาร / ร้านค้าบริการ': 0, 'ความปลอดภัยและจราจร': 0, 'ระบบเครือข่ายและเทคโนโลยี': 0, 'บริการและสวัสดิการนิสิต': 0}",5,สิ่งอำนวยความสะดวกและอาคารสถานที่
ลืมรหัสผ่านเข้าระบบ ตอนนี้อยู่ห้องสมุด ทำงานไม่ได้เลย,"['ลืมรหัสผ่าน', 'ระบบ']","{'การเดินทาง / รถเมล์มพ.': 0, 'สิ่งอำนวยความสะดวกและอาคารสถานที่': 0, 'สุขอนามัยและความสะอาด': 0, 'การเรียนการสอนและหลักสูตร': 0, 'โรงอาหาร / ร้านค้าบริการ': 0, 'ความปลอดภัยและจราจร': 0, 'ระบบเครือข่ายและเทคโนโลยี': 15, 'บริการและสวัสดิการนิสิต': 0}",15,ระบบเครือข่ายและเทคโนโลยี
รปภ. ช่วยดูตรงประตู 2 หน่อยครับ ทางมืดมากอันตราย,"['อันตราย', 'รปภ.', 'ทางมืด', 'รปภ', 'ประตู 2']","{'การเดินทาง / รถเมล์มพ.': 0, 'สิ่งอำนวยความสะดวกและอาคารสถานที่': 0, 'สุขอนามัยและความสะอาด': 0, 'การเรียนการสอนและหลักสูตร': 0, 'โรงอาหาร / ร้านค้าบริการ': 0, 'ความปลอดภัยและจราจร': 27, 'ระบบเครือข่ายและเทคโนโลยี': 0, 'บริการและสวัสดิการนิสิต': 0}",27,ความปลอดภัยและจราจร
ลืมรหัสผ่านเข้าระบบ ตอนนี้อยู่ห้องสมุด ทำงานไม่ได้เลย,"['ลืมรหัสผ่าน', 'ระบบ']","{'การเดินทาง / รถเมล์มพ.': 0, 'สิ่งอำนวยความสะดวกและอาคารสถานที่': 0, 'สุขอนามัยและความสะอาด': 0, 'การเรียนการสอนและหลักสูตร': 0, 'โรงอาหาร / ร้านค้าบริการ': 0, 'ความปลอดภัยและจราจร': 0, 'ระบบเครือข่ายและเทคโนโลยี': 15, 'บริการและสวัสดิการนิสิต': 0}",15,ระบบเครือข่ายและเทคโนโลยี
สอบถามหน่อยครับ รถเมล์สาย 1 หมดกี่โมง,"['รถเมล์', 'รถเมล์สาย', 'สอบถามหน่อยครับ']","{'การเดินทาง / รถเมล์มพ.': 15, 'สิ่งอำนวยความสะดวกและอาคารสถานที่': 0, 'สุขอนามัยและความสะอาด': 0, 'การเรียนการสอนและหลักสูตร': 0, 'โรงอาหาร / ร้านค้าบริการ': 0, 'ความปลอดภัยและจราจร': 0, 'ระบบเครือข่ายและเทคโนโลยี': 0, 'บริการและสวัสดิการนิสิต': 15}",15,การเดินทาง / รถเมล์มพ.
ระบบล่ม ตอนนี้อยู่ห้องสมุด ทำงานไม่ได้เลย,"['ระบบล่ม', 'ระบบ']","{'การเดินทาง / รถเมล์มพ.': 0, 'สิ่งอำนวยความสะดวกและอาคารสถานที่': 0, 'สุขอนามัยและความสะอาด': 0, 'การเรียนการสอนและหลักสูตร': 0, 'โรงอาหาร / ร้านค้าบริการ': 0, 'ความปลอดภัยและจราจร': 0, 'ระบบเครือข่ายและเทคโนโลยี': 11, 'บริการและสวัสดิการนิสิต': 0}",11,ระบบเครือข่ายและเทคโนโลยี
แจ้งเรื่องไฟดับครับ ตรงอาคารเรียนรวม ช่วยมาดูหน่อย,['ไฟดับ'],"{'การเดินทาง / รถเมล์มพ.': 0, 'สิ่งอำนวยความสะดวกและอาคารสถานที่': 5, 'สุขอนามัยและความสะอาด': 0, 'การเรียนการสอนและหลักสูตร': 0, 'โรงอาหาร / ร้านค้าบริการ': 0, 'ความปลอดภัยและจราจร': 0, 'ระบบเครือข่ายและเทคโนโลยี': 0, 'บริการและสวัสดิการนิสิต': 0}",5,สิ่งอำนวยความสะดวกและอาคารสถานที่
แจ้งเรื่องประตูพัง ตรงตึก ICT ช่วยมาดูหน่อย,"['พัง', 'ประตูพัง']","{'การเดินทาง / รถเมล์มพ.': 0, 'สิ่งอำนวยความสะดวกและอาคารสถานที่': 11, 'สุขอนามัยและความสะอาด': 0, 'การเรียนการสอนและหลักสูตร': 0, 'โรงอาหาร / ร้านค้าบริการ': 0, 'ความปลอดภัยและจราจร': 0, 'ระบบเครือข่ายและเทคโนโลยี': 0, 'บริการและสวัสดิการนิสิต': 0}",11,สิ่งอำนวยความสะดวกและอาคารสถานที่
แจ้งทำความสะอาดตรงสนามบาส หญ้ารกมาก ครับ,"['หญ้ารก', 'ทำความสะอาด']","{'การเดินทาง / รถเมล์มพ.': 0, 'สิ่งอำนวยความสะดวกและอาคารสถานที่': 0, 'สุขอนามัยและความสะอาด': 17, 'การเรียนการสอนและหลักสูตร': 0, 'โรงอาหาร / ร้านค้าบริการ': 0, 'ความปลอดภัยและจราจร': 0, 'ระบบเครือข่ายและเทคโนโลยี': 0, 'บริการและสวัสดิการนิสิต': 0}",17,สุขอนามัยและความสะอาด
ไวไฟเข้าไม่ได้ ตอนนี้อยู่หอพักใน ทำงานไม่ได้เลย,"['ไวไฟเข้าไม่ได้', 'ไวไฟ']","{'การเดินทาง / รถเมล์มพ.': 0, 'สิ่งอำนวยความสะดวกและอาคารสถานที่': 0, 'สุขอนามัยและความสะอาด': 0, 'การเรียนการสอนและหลักสูตร': 0, 'โรงอาหาร / ร้านค้าบริการ': 0, 'ความปลอดภัยและจราจร': 0, 'ระบบเครือข่ายและเทคโนโลยี': 18, 'บริการและสวัสดิการนิสิต': 0}",18,ระบบเครือข่ายและเทคโนโลยี
อาจารย์ครับ อยากติดต่ออาจารย์เรื่องดรอปเรียน รบกวนให้คำแนะนำที,"['ดรอปเรียน', 'ติดต่ออาจารย์', 'อาจารย์']","{'การเดินทาง / รถเมล์มพ.': 0, 'สิ่งอำนวยความสะดวกและอาคารสถานที่': 0, 'สุขอนามัยและความสะอาด': 0, 'การเรียนการสอนและหลักสูตร': 29, 'โรงอาหาร / ร้านค้าบริการ': 0, 'ความปลอดภัยและจราจร': 0, 'ระบบเครือข่ายและเทคโนโลยี': 0, 'บริการและสวัสดิการนิสิต': 0}",29,การเรียนการสอนและหลักสูตร
อาจารย์ครับ ลงทะเบียนวิชานี้ไม่ได้ รบกวนให้คำแนะนำที,"['วิชา', 'อาจารย์']","{'การเดินทาง / รถเมล์มพ.': 0, 'สิ่งอำนวยความสะดวกและอาคารสถานที่': 0, 'สุขอนามัยและความสะอาด': 0, 'การเรียนการสอนและหลักสูตร': 11, 'โรงอาหาร / ร้านค้าบริการ': 0, 'ความปลอดภัยและจราจร': 0, 'ระบบเครือข่ายและเทคโนโลยี': 0, 'บริการและสวัสดิการนิสิต': 0}",11,การเรียนการสอนและหลักสูตร
สอบถามหน่อยครับ สอบถามเรื่องทุนการศึกษา,"['ทุนการศึกษา', 'สอบถามหน่อยครับ']","{'การเดินทาง / รถเมล์มพ.': 0, 'สิ่งอำนวยความสะดวกและอาคารสถานที่': 0, 'สุขอนามัยและความสะอาด': 0, 'การเรียนการสอนและหลักสูตร': 0, 'โรงอาหาร / ร้านค้าบริการ': 0, 'ความปลอดภัยและจราจร': 0, 'ระบบเครือข่ายและเทคโนโลยี': 0, 'บริการและสวัสดิการนิสิต': 26}",26,บริการและสวัสดิการนิสิต
รปภ. ช่วยดูตรงประตู 2 หน่อยครับ รถติดหนักมาก,"['รถติด', 'รปภ.', 'รปภ', 'ประตู 2']","{'การเดินทาง / รถเมล์มพ.': 5, 'สิ่งอำนวยความสะดวกและอาคารสถานที่': 0, 'สุขอนามัยและความสะอาด': 0, 'การเรียนการสอนและหลักสูตร': 0, 'โรงอาหาร / ร้านค้าบริการ': 0, 'ความปลอดภัยและจราจร': 14, 'ระบบเครือข่ายและเทคโนโลยี': 0, 'บริการและสวัสดิการนิสิต': 0}",14,ความปลอดภัยและจราจร
อาจารย์ครับ ขอสอบชดเชยต้องทำไง รบกวนให้คำแนะนำที,"['ขอสอบชดเชย', 'อาจารย์']","{'การเดินทาง / รถเมล์มพ.': 0, 'สิ่งอำนวยความสะดวกและอาคารสถานที่': 0, 'สุขอนามัยและความสะอาด': 0, 'การเรียนการสอนและหลักสูตร': 17, 'โรงอาหาร / ร้านค้าบริการ': 0, 'ความปลอดภัยและจราจร': 0, 'ระบบเครือข่ายและเทคโนโลยี': 0, 'บริการและสวัสดิการนิสิต': 0}",17,การเรียนการสอนและหลักสูตร
สอบถามหน่อยครับ ทำบัตรนิสิตใหม่ที่ไหน,"['บัตรนิสิต', 'สอบถามหน่อยครับ']","{'การเดินทาง / รถเมล์มพ.': 0, 'สิ่งอำนวยความสะดวกและอาคารสถานที่': 0, 'สุขอนามัยและความสะอาด': 0, 'การเรียนการสอนและหลักสูตร': 0, 'โรงอาหาร / ร้านค้าบริการ': 0, 'ความปลอดภัยและจราจร': 0, 'ระบบเครือข่ายและเทคโนโลยี': 0, 'บริการและสวัสดิการนิสิต': 24}",24,บริการและสวัสดิการนิสิต
ไวไฟเข้าไม่ได้ ตอนนี้อยู่หน้ามอ ทำงานไม่ได้เลย,"['ไวไฟเข้าไม่ได้', 'ไวไฟ']","{'การเดินทาง / รถเมล์มพ.': 0, 'สิ่งอำนวยความสะดวกและอาคารสถานที่': 0, 'สุขอนามัยและความสะอาด': 0, 'การเรียนการสอนและหลักสูตร': 0, 'โรงอาหาร / ร้านค้าบริการ': 0, 'ความปลอดภัยและจราจร': 0, 'ระบบเครือข่ายและเทคโนโลยี': 18, 'บริการและสวัสดิการนิสิต': 0}",18,ระบบเครือข่ายและเทคโนโลยี
รปภ. ช่วยดูตรงหน้ามอ หน่อยครับ รถติดหนักมาก,"['รถติด', 'รปภ.', 'รปภ']","{'การเดินทาง / รถเมล์มพ.': 5, 'สิ่งอำนวยความสะดวกและอาคารสถานที่': 0, 'สุขอนามัยและความสะอาด': 0, 'การเรียนการสอนและหลักสูตร': 0, 'โรงอาหาร / ร้านค้าบริการ': 0, 'ความปลอดภัยและจราจร': 7, 'ระบบเครือข่ายและเทคโนโลยี': 0, 'บริการและสวัสดิการนิสิต': 0}",7,ความปลอดภัยและจราจร
แจ้งทำความสะอาดตรงทางเดิน กิ่งไม้หักขวางทาง ครับ,"['กิ่งไม้หัก', 'ทำความสะอาด']","{'การเดินทาง / รถเมล์มพ.': 0, 'สิ่งอำนวยความสะดวกและอาคารสถานที่': 0, 'สุขอนามัยและความสะอาด': 21, 'การเรียนการสอนและหลักสูตร': 0, 'โรงอาหาร / ร้านค้าบริการ': 0, 'ความปลอดภัยและจราจร': 0, 'ระบบเครือข่ายและเทคโนโลยี': 0, 'บริการและสวัสดิการนิสิต': 0}",21,สุขอนามัยและความสะอาด
สอบถามหน่อยครับ รถเมล์สาย 1 หมดกี่โมง,"['รถเมล์', 'รถเมล์สาย', 'สอบถามหน่อยครับ']","{'การเดินทาง / รถเมล์มพ.': 15, 'สิ่งอำนวยความสะดวกและอาคารสถานที่': 0, 'สุขอนามัยและความสะอาด': 0, 'การเรียนการสอนและหลักสูตร': 0, 'โรงอาหาร / ร้านค้าบริการ': 0, 'ความปลอดภัยและจราจร': 0, 'ระบบเครือข่ายและเทคโนโลยี': 0, 'บริการและสวัสดิการนิสิต': 15}",15,การเดินทาง / รถเมล์มพ.
แจ้งทำความสะอาดตรงสวนหน้าตึก สกปรกมากไม่ทำความสะอาด ครับ,"['สกปรก', 'ไม่ทำความสะอาด', 'ทำความสะอาด']","{'การเดินทาง / รถเมล์มพ.': 0, 'สิ่งอำนวยความสะดวกและอาคารสถานที่': 0, 'สุขอนามัยและความสะอาด': 30, 'การเรียนการสอนและหลักสูตร': 0, 'โรงอาหาร / ร้านค้าบริการ': 0, 'ความปลอดภัยและจราจร': 0, 'ระบบเครือข่ายและเทคโนโลยี': 0, 'บริการและสวัสดิการนิสิต': 0}",30,สุขอนามัยและความสะอาด
ลืมรหัสผ่านเข้าระบบ ตอนนี้อยู่หน้ามอ ทำงานไม่ได้เลย,"['ลืมรหัสผ่าน', 'ระบบ']","{'การเดินทาง / รถเมล์มพ.': 0, 'สิ่งอำนวยความสะดวกและอาคารสถานที่': 0, 'สุขอนามัยและความสะอาด': 0, 'การเรียนการสอนและหลักสูตร': 0, 'โรงอาหาร / ร้านค้าบริการ': 0, 'ความปลอดภัยและจราจร': 0, 'ระบบเครือข่ายและเทคโนโลยี': 15, 'บริการและสวัสดิการนิสิต': 0}",15,ระบบเครือข่ายและเทคโนโลยี
ระบบล่ม ตอนนี้อยู่ตึกคณะ ทำงานไม่ได้เลย,"['ระบบล่ม', 'ระบบ']","{'การเดินทาง / รถเมล์มพ.': 0, 'สิ่งอำนวยความสะดวกและอาคารสถานที่': 0, 'สุขอนามัยและความสะอาด': 0, 'การเรียนการสอนและหลักสูตร': 0, 'โรงอาหาร / ร้านค้าบริการ': 0, 'ความปลอดภัยและจราจร': 0, 'ระบบเครือข่ายและเทคโนโลยี': 11, 'บริการและสวัสดิการนิสิต': 0}",11,ระบบเครือข่ายและเทคโนโลยี
แจ้งทำความสะอาดตรงโรงอาหาร มีหมาจรจัดมาคุ้ยขยะ ครับ,"['หมาจรจัด', 'ทำความสะอาด', 'โรงอาหาร', 'อาหาร']","{'การเดินทาง / รถเมล์มพ.': 0, 'สิ่งอำนวยความสะดวกและอาคารสถานที่': 0, 'สุขอนามัยและความสะอาด': 19, 'การเรียนการสอนและหลักสูตร': 0, 'โรงอาหาร / ร้านค้าบริการ': 13, 'ความปลอดภัยและจราจร': 0, 'ระบบเครือข่ายและเทคโนโลยี': 0, 'บริการและสวัสดิการนิสิต': 0}",19,สุขอนามัยและความสะอาด
สอบถามหน่อยครับ ทำบัตรนิสิตใหม่ที่ไหน,"['บัตรนิสิต', 'สอบถามหน่อยครับ']","{'การเดินทาง / รถเมล์มพ.': 0, 'สิ่งอำนวยความสะดวกและอาคารสถานที่': 0, 'สุขอนามัยและความสะอาด': 0, 'การเรียนการสอนและหลักสูตร': 0, 'โรงอาหาร / ร้านค้าบริการ': 0, 'ความปลอดภัยและจราจร': 0, 'ระบบเครือข่ายและเทคโนโลยี': 0, 'บริการและสวัสดิการนิสิต': 24}",24,บริการและสวัสดิการนิสิต
แจ้งทำความสะอาดตรงสวนหน้าตึก กิ่งไม้หักขวางทาง ครับ,"['กิ่งไม้หัก', 'ทำความสะอาด']","{'การเดินทาง / รถเมล์มพ.': 0, 'สิ่งอำนวยความสะดวกและอาคารสถานที่': 0, 'สุขอนามัยและความสะอาด': 21, 'การเรียนการสอนและหลักสูตร': 0, 'โรงอาหาร / ร้านค้าบริการ': 0, 'ความปลอดภัยและจราจร': 0, 'ระบบเครือข่ายและเทคโนโลยี': 0, 'บริการและสวัสดิการนิสิต': 0}",21,สุขอนามัยและความสะอาด
สอบถามหน่อยครับ อยากทราบกำหนดการกิจกรรมรับน้อง,"['กิจกรรม', 'สอบถามหน่อยครับ']","{'การเดินทาง / รถเมล์มพ.': 0, 'สิ่งอำนวยความสะดวกและอาคารสถานที่': 0, 'สุขอนามัยและความสะอาด': 0, 'การเรียนการสอนและหลักสูตร': 0, 'โรงอาหาร / ร้านค้าบริการ': 0, 'ความปลอดภัยและจราจร': 0, 'ระบบเครือข่ายและเทคโนโลยี': 0, 'บริการและสวัสดิการนิสิต': 22}",22,บริการและสวัสดิการนิสิต
รปภ. ช่วยดูตรงลานจอดรถ หน่อยครับ ทางมืดมากอันตราย,"['อันตราย', 'รปภ.', 'ทางมืด', 'รปภ']","{'การเดินทาง / รถเมล์มพ.': 0, 'สิ่งอำนวยความสะดวกและอาคารสถานที่': 0, 'สุขอนามัยและความสะอาด': 0, 'การเรียนการสอนและหลักสูตร': 0, 'โรงอาหาร / ร้านค้าบริการ': 0, 'ความปลอดภัยและจราจร': 20, 'ระบบเครือข่ายและเทคโนโลยี': 0, 'บริการและสวัสดิการนิสิต': 0}",20,ความปลอดภัยและจราจร
สอบถามหน่อยครับ รถเมล์สาย 1 หมดกี่โมง,"['รถเมล์', 'รถเมล์สาย', 'สอบถามหน่อยครับ']","{'การเดินทาง / รถเมล์มพ.': 15, 'สิ่งอำนวยความสะดวกและอาคารสถานที่': 0, 'สุขอนามัยและความสะอาด': 0, 'การเรียนการสอนและหลักสูตร': 0, 'โรงอาหาร / ร้านค้าบริการ': 0, 'ความปลอดภัยและจราจร': 0, 'ระบบเครือข่ายและเทคโนโลยี': 0, 'บริการและสวัสดิการนิสิต': 15}",15,การเดินทาง / รถเมล์มพ.
อาจารย์ครับ อยากติดต่ออาจารย์เรื่องดรอปเรียน รบกวนให้คำแนะนำที,"['ดรอปเรียน', 'ติดต่ออาจารย์', 'อาจารย์']","{'การเดินทาง / รถเมล์มพ.': 0, 'สิ่งอำนวยความสะดวกและอาคารสถานที่': 0, 'สุขอนามัยและความสะอาด': 0, 'การเรียนการสอนและหลักสูตร': 29, 'โรงอาหาร / ร้านค้าบริการ': 0, 'ความปลอดภัยและจราจร': 0, 'ระบบเครือข่ายและเทคโนโลยี': 0, 'บริการและสวัสดิการนิสิต': 0}",29,การเรียนการสอนและหลักสูตร
แจ้งเรื่องแอร์ไม่เย็นเลย ตรงอาคารเรียนรวม ช่วยมาดูหน่อย,"['แอร์ไม่เย็น', 'แอร์']","{'การเดินทาง / รถเมล์มพ.': 0, 'สิ่งอำนวยความสะดวกและอาคารสถานที่': 15, 'สุขอนามัยและความสะอาด': 0, 'การเรียนการสอนและหลักสูตร': 0, 'โรงอาหาร / ร้านค้าบริการ': 0, 'ความปลอดภัยและจราจร': 0, 'ระบบเครือข่ายและเทคโนโลยี': 0, 'บริการและสวัสดิการนิสิต': 0}",15,สิ่งอำนวยความสะดวกและอาคารสถานที่
แจ้งเรื่องแอร์ไม่เย็นเลย ตรงห้องน้ำตึกสงวน ช่วยมาดูหน่อย,"['แอร์ไม่เย็น', 'แอร์']","{'การเดินทาง / รถเมล์มพ.': 0, 'สิ่งอำนวยความสะดวกและอาคารสถานที่': 15, 'สุขอนามัยและความสะอาด': 0, 'การเรียนการสอนและหลักสูตร': 0, 'โรงอาหาร / ร้านค้าบริการ': 0, 'ความปลอดภัยและจราจร': 0, 'ระบบเครือข่ายและเทคโนโลยี': 0, 'บริการและสวัสดิการนิสิต': 0}",15,สิ่งอำนวยความสะดวกและอาคารสถานที่
แจ้งเรื่องประตูพัง ตรงตึก ICT ช่วยมาดูหน่อย,"['พัง', 'ประตูพัง']","{'การเดินทาง / รถเมล์มพ.': 0, 'สิ่งอำนวยความสะดวกและอาคารสถานที่': 11, 'สุขอนามัยและความสะอาด': 0, 'การเรียนการสอนและหลักสูตร': 0, 'โรงอาหาร / ร้านค้าบริการ': 0, 'ความปลอดภัยและจราจร': 0, 'ระบบเครือข่ายและเทคโนโลยี': 0, 'บริการและสวัสดิการนิสิต': 0}",11,สิ่งอำนวยความสะดวกและอาคารสถานที่
แจ้งเรื่องน้ำไม่ไหล ตรงห้อง 1204 ช่วยมาดูหน่อย,['น้ำไม่ไหล'],"{'การเดินทาง / รถเมล์มพ.': 0, 'สิ่งอำนวยความสะดวกและอาคารสถานที่': 9, 'สุขอนามัยและความสะอาด': 0, 'การเรียนการสอนและหลักสูตร': 0, 'โรงอาหาร / ร้านค้าบริการ': 0, 'ความปลอดภัยและจราจร': 0, 'ระบบเครือข่ายและเทคโนโลยี': 0, 'บริการและสวัสดิการนิสิต': 0}",9,สิ่งอำนวยความสะดวกและอาคารสถานที่
สอบถามหน่อยครับ รถเมล์สาย 1 หมดกี่โมง,"['รถเมล์', 'รถเมล์สาย', 'สอบถามหน่อยครับ']","{'การเดินทาง / รถเมล์มพ.': 15, 'สิ่งอำนวยความสะดวกและอาคารสถานที่': 0, 'สุขอนามัยและความสะอาด': 0, 'การเรียนการสอนและหลักสูตร': 0, 'โรงอาหาร / ร้านค้าบริการ': 0, 'ความปลอดภัยและจราจร': 0, 'ระบบเครือข่ายและเทคโนโลยี': 0, 'บริการและสวัสดิการนิสิต': 15}",15,การเดินทาง / รถเมล์มพ.
ลงทะเบียนไม่ได้ ตอนนี้อยู่ตึกคณะ ทำงานไม่ได้เลย,['ลงทะเบียนไม่ได้'],"{'การเดินทาง / รถเมล์มพ.': 0, 'สิ่งอำนวยความสะดวกและอาคารสถานที่': 0, 'สุขอนามัยและความสะอาด': 0, 'การเรียนการสอนและหลักสูตร': 0, 'โรงอาหาร / ร้านค้าบริการ': 0, 'ความปลอดภัยและจราจร': 0, 'ระบบเครือข่ายและเทคโนโลยี': 15, 'บริการและสวัสดิการนิสิต': 0}",15,ระบบเครือข่ายและเทคโนโลยี
รปภ. ช่วยดูตรงหน้ามอ หน่อยครับ คนจอดรถขวางทาง,"['รปภ.', 'จอดรถขวาง', 'รปภ']","{'การเดินทาง / รถเมล์มพ.': 0, 'สิ่งอำนวยความสะดวกและอาคารสถานที่': 0, 'สุขอนามัยและความสะอาด': 0, 'การเรียนการสอนและหลักสูตร': 0, 'โรงอาหาร / ร้านค้าบริการ': 0, 'ความปลอดภัยและจราจร': 16, 'ระบบเครือข่ายและเทคโนโลยี': 0, 'บริการและสวัสดิการนิสิต': 0}",16,ความปลอดภัยและจราจร
สอบถามหน่อยครับ อยากทราบกำหนดการกิจกรรมรับน้อง,"['กิจกรรม', 'สอบถามหน่อยครับ']","{'การเดินทาง / รถเมล์มพ.': 0, 'สิ่งอำนวยความสะดวกและอาคารสถานที่': 0, 'สุขอนามัยและความสะอาด': 0, 'การเรียนการสอนและหลักสูตร': 0, 'โรงอาหาร / ร้านค้าบริการ': 0, 'ความปลอดภัยและจราจร': 0, 'ระบบเครือข่ายและเทคโนโลยี': 0, 'บริการและสวัสดิการนิสิต': 22}",22,บริการและสวัสดิการนิสิต
รปภ. ช่วยดูตรงหน้ามอ หน่อยครับ รถติดหนักมาก,"['รถติด', 'รปภ.', 'รปภ']","{'การเดินทาง / รถเมล์มพ.': 5, 'สิ่งอำนวยความสะดวกและอาคารสถานที่': 0, 'สุขอนามัยและความสะอาด': 0, 'การเรียนการสอนและหลักสูตร': 0, 'โรงอาหาร / ร้านค้าบริการ': 0, 'ความปลอดภัยและจราจร': 7, 'ระบบเครือข่ายและเทคโนโลยี': 0, 'บริการและสวัสดิการนิสิต': 0}",7,ความปลอดภัยและจราจร
ไวไฟเข้าไม่ได้ ตอนนี้อยู่ตึกคณะ ทำงานไม่ได้เลย,"['ไวไฟเข้าไม่ได้', 'ไวไฟ']","{'การเดินทาง / รถเมล์มพ.': 0, 'สิ่งอำนวยความสะดวกและอาคารสถานที่': 0, 'สุขอนามัยและความสะอาด': 0, 'การเรียนการสอนและหลักสูตร': 0, 'โรงอาหาร / ร้านค้าบริการ': 0, 'ความปลอดภัยและจราจร': 0, 'ระบบเครือข่ายและเทคโนโลยี': 18, 'บริการและสวัสดิการนิสิต': 0}",18,ระบบเครือข่ายและเทคโนโลยี
แจ้งเรื่องหลังคารั่วหนักมาก ตรงตึกวิทย์ ช่วยมาดูหน่อย,['หลังคารั่ว'],"{'การเดินทาง / รถเมล์มพ.': 0, 'สิ่งอำนวยความสะดวกและอาคารสถานที่': 10, 'สุขอนามัยและความสะอาด': 0, 'การเรียนการสอนและหลักสูตร': 0, 'โรงอาหาร / ร้านค้าบริการ': 0, 'ความปลอดภัยและจราจร': 0, 'ระบบเครือข่ายและเทคโนโลยี': 0, 'บริการและสวัสดิการนิสิต': 0}",10,สิ่งอำนวยความสะดวกและอาคารสถานที่
เน็ตหลุดบ่อยมาก ตอนนี้อยู่ห้องสมุด ทำงานไม่ได้เลย,"['เน็ตหลุด', 'หลุดบ่อย']","{'การเดินทาง / รถเมล์มพ.': 0, 'สิ่งอำนวยความสะดวกและอาคารสถานที่': 0, 'สุขอนามัยและความสะอาด': 0, 'การเรียนการสอนและหลักสูตร': 0, 'โรงอาหาร / ร้านค้าบริการ': 0, 'ความปลอดภัยและจราจร': 0, 'ระบบเครือข่ายและเทคโนโลยี': 16, 'บริการและสวัสดิการนิสิต': 0}",16,ระบบเครือข่ายและเทคโนโลยี
ไวไฟเข้าไม่ได้ ตอนนี้อยู่หอพักใน ทำงานไม่ได้เลย,"['ไวไฟเข้าไม่ได้', 'ไวไฟ']","{'การเดินทาง / รถเมล์มพ.': 0, 'สิ่งอำนวยความสะดวกและอาคารสถานที่': 0, 'สุขอนามัยและความสะอาด': 0, 'การเรียนการสอนและหลักสูตร': 0, 'โรงอาหาร / ร้านค้าบริการ': 0, 'ความปลอดภัยและจราจร': 0, 'ระบบเครือข่ายและเทคโนโลยี': 18, 'บริการและสวัสดิการนิสิต': 0}",18,ระบบเครือข่ายและเทคโนโลยี
อาจารย์ครับ เกรดยังไม่ออกครับ รบกวนให้คำแนะนำที,"['เกรด', 'อาจารย์']","{'การเดินทาง / รถเมล์มพ.': 0, 'สิ่งอำนวยความสะดวกและอาคารสถานที่': 0, 'สุขอนามัยและความสะอาด': 0, 'การเรียนการสอนและหลักสูตร': 11, 'โรงอาหาร / ร้านค้าบริการ': 0, 'ความปลอดภัยและจราจร': 0, 'ระบบเครือข่ายและเทคโนโลยี': 0, 'บริการและสวัสดิการนิสิต': 0}",11,การเรียนการสอนและหลักสูตร
แจ้งทำความสะอาดตรงสวนหน้าตึก มีหมาจรจัดมาคุ้ยขยะ ครับ,"['หมาจรจัด', 'ทำความสะอาด']","{'การเดินทาง / รถเมล์มพ.': 0, 'สิ่งอำนวยความสะดวกและอาคารสถานที่': 0, 'สุขอนามัยและความสะอาด': 19, 'การเรียนการสอนและหลักสูตร': 0, 'โรงอาหาร / ร้านค้าบริการ': 0, 'ความปลอดภัยและจราจร': 0, 'ระบบเครือข่ายและเทคโนโลยี': 0, 'บริการและสวัสดิการนิสิต': 0}",19,สุขอนามัยและความสะอาด
สอบถามหน่อยครับ อยากทราบกำหนดการกิจกรรมรับน้อง,"['กิจกรรม', 'สอบถามหน่อยครับ']","{'การเดินทาง / รถเมล์มพ.': 0, 'สิ่งอำนวยความสะดวกและอาคารสถานที่': 0, 'สุขอนามัยและความสะอาด': 0, 'การเรียนการสอนและหลักสูตร': 0, 'โรงอาหาร / ร้านค้าบริการ': 0, 'ความปลอดภัยและจราจร': 0, 'ระบบเครือข่ายและเทคโนโลยี': 0, 'บริการและสวัสดิการนิสิต': 22}",22,บริการและสวัสดิการนิสิต
แจ้งทำความสะอาดตรงสวนหน้าตึก มีหมาจรจัดมาคุ้ยขยะ ครับ,"['หมาจรจัด', 'ทำความสะอาด']","{'การเดินทาง / รถเมล์มพ.': 0, 'สิ่งอำนวยความสะดวกและอาคารสถานที่': 0, 'สุขอนามัยและความสะอาด': 19, 'การเรียนการสอนและหลักสูตร': 0, 'โรงอาหาร / ร้านค้าบริการ': 0, 'ความปลอดภัยและจราจร': 0, 'ระบบเครือข่ายและเทคโนโลยี': 0, 'บริการและสวัสดิการนิสิต': 0}",19,สุขอนามัยและความสะอาด
อาจารย์ครับ เกรดยังไม่ออกครับ รบกวนให้คำแนะนำที,"['เกรด', 'อาจารย์']","{'การเดินทาง / รถเมล์มพ.': 0, 'สิ่งอำนวยความสะดวกและอาคารสถานที่': 0, 'สุขอนามัยและความสะอาด': 0, 'การเรียนการสอนและหลักสูตร': 11, 'โรงอาหาร / ร้านค้าบริการ': 0, 'ความปลอดภัยและจราจร': 0, 'ระบบเครือข่ายและเทคโนโลยี': 0, 'บริการและสวัสดิการนิสิต': 0}",11,การเรียนการสอนและหลักสูตร
อาจารย์ครับ ลงทะเบียนวิชานี้ไม่ได้ รบกวนให้คำแนะนำที,"['วิชา', 'อาจารย์']","{'การเดินทาง / รถเมล์มพ.': 0, 'สิ่งอำนวยความสะดวกและอาคารสถานที่': 0, 'สุขอนามัยและความสะอาด': 0, 'การเรียนการสอนและหลักสูตร': 11, 'โรงอาหาร / ร้านค้าบริการ': 0, 'ความปลอดภัยและจราจร': 0, 'ระบบเครือข่ายและเทคโนโลยี': 0, 'บริการและสวัสดิการนิสิต': 0}",11,การเรียนการสอนและหลักสูตร
สอบถามหน่อยครับ สอบถามเรื่องทุนการศึกษา,"['ทุนการศึกษา', 'สอบถามหน่อยครับ']","{'การเดินทาง / รถเมล์มพ.': 0, 'สิ่งอำนวยความสะดวกและอาคารสถานที่': 0, 'สุขอนามัยและความสะอาด': 0, 'การเรียนการสอนและหลักสูตร': 0, 'โรงอาหาร / ร้านค้าบริการ': 0, 'ความปลอดภัยและจราจร': 0, 'ระบบเครือข่ายและเทคโนโลยี': 0, 'บริการและสวัสดิการนิสิต': 26}",26,บริการและสวัสดิการนิสิต
รปภ. ช่วยดูตรงประตู 2 หน่อยครับ คนจอดรถขวางทาง,"['รปภ.', 'จอดรถขวาง', 'รปภ', 'ประตู 2']","{'การเดินทาง / รถเมล์มพ.': 0, 'สิ่งอำนวยความสะดวกและอาคารสถานที่': 0, 'สุขอนามัยและความสะอาด': 0, 'การเรียนการสอนและหลักสูตร': 0, 'โรงอาหาร / ร้านค้าบริการ': 0, 'ความปลอดภัยและจราจร': 23, 'ระบบเครือข่ายและเทคโนโลยี': 0, 'บริการและสวัสดิการนิสิต': 0}",23,ความปลอดภัยและจราจร
รปภ. ช่วยดูตรงทางแยก หน่อยครับ มีรถชนกัน,"['รถชน', 'รปภ.', 'รปภ']","{'การเดินทาง / รถเมล์มพ.': 0, 'สิ่งอำนวยความสะดวกและอาคารสถานที่': 0, 'สุขอนามัยและความสะอาด': 0, 'การเรียนการสอนและหลักสูตร': 0, 'โรงอาหาร / ร้านค้าบริการ': 0, 'ความปลอดภัยและจราจร': 11, 'ระบบเครือข่ายและเทคโนโลยี': 0, 'บริการและสวัสดิการนิสิต': 0}",11,ความปลอดภัยและจราจร
รปภ. ช่วยดูตรงลานจอดรถ หน่อยครับ คนจอดรถขวางทาง,"['รปภ.', 'จอดรถขวาง', 'รปภ']","{'การเดินทาง / รถเมล์มพ.': 0, 'สิ่งอำนวยความสะดวกและอาคารสถานที่': 0, 'สุขอนามัยและความสะอาด': 0, 'การเรียนการสอนและหลักสูตร': 0, 'โรงอาหาร / ร้านค้าบริการ': 0, 'ความปลอดภัยและจราจร': 16, 'ระบบเครือข่ายและเทคโนโลยี': 0, 'บริการและสวัสดิการนิสิต': 0}",16,ความปลอดภัยและจราจร
เน็ตหลุดบ่อยมาก ตอนนี้อยู่หน้ามอ ทำงานไม่ได้เลย,"['เน็ตหลุด', 'หลุดบ่อย']","{'การเดินทาง / รถเมล์มพ.': 0, 'สิ่งอำนวยความสะดวกและอาคารสถานที่': 0, 'สุขอนามัยและความสะอาด': 0, 'การเรียนการสอนและหลักสูตร': 0, 'โรงอาหาร / ร้านค้าบริการ': 0, 'ความปลอดภัยและจราจร': 0, 'ระบบเครือข่ายและเทคโนโลยี': 16, 'บริการและสวัสดิการนิสิต': 0}",16,ระบบเครือข่ายและเทคโนโลยี
รปภ. ช่วยดูตรงลานจอดรถ หน่อยครับ ทางมืดมากอันตราย,"['อันตราย', 'รปภ.', 'ทางมืด', 'รปภ']","{'การเดินทาง / รถเมล์มพ.': 0, 'สิ่งอำนวยความสะดวกและอาคารสถานที่': 0, 'สุขอนามัยและความสะอาด': 0, 'การเรียนการสอนและหลักสูตร': 0, 'โรงอาหาร / ร้านค้าบริการ': 0, 'ความปลอดภัยและจราจร': 20, 'ระบบเครือข่ายและเทคโนโลยี': 0, 'บริการและสวัสดิการนิสิต': 0}",20,ความปลอดภัยและจราจร
แจ้งเรื่องลิฟต์ค้าง ตรงห้องน้ำตึกสงวน ช่วยมาดูหน่อย,"['ลิฟต์ค้าง', 'ลิฟต์']","{'การเดินทาง / รถเมล์มพ.': 0, 'สิ่งอำนวยความสะดวกและอาคารสถานที่': 14, 'สุขอนามัยและความสะอาด': 0, 'การเรียนการสอนและหลักสูตร': 0, 'โรงอาหาร / ร้านค้าบริการ': 0, 'ความปลอดภัยและจราจร': 0, 'ระบบเครือข่ายและเทคโนโลยี': 0, 'บริการและสวัสดิการนิสิต': 0}",14,สิ่งอำนวยความสะดวกและอาคารสถานที่
ลงทะเบียนไม่ได้ ตอนนี้อยู่หน้ามอ ทำงานไม่ได้เลย,['ลงทะเบียนไม่ได้'],"{'การเดินทาง / รถเมล์มพ.': 0, 'สิ่งอำนวยความสะดวกและอาคารสถานที่': 0, 'สุขอนามัยและความสะอาด': 0, 'การเรียนการสอนและหลักสูตร': 0, 'โรงอาหาร / ร้านค้าบริการ': 0, 'ความปลอดภัยและจราจร': 0, 'ระบบเครือข่ายและเทคโนโลยี': 15, 'บริการและสวัสดิการนิสิต': 0}",15,ระบบเครือข่ายและเทคโนโลยี
สอบถามหน่อยครับ รถเมล์สาย 1 หมดกี่โมง,"['รถเมล์', 'รถเมล์สาย', 'สอบถามหน่อยครับ']","{'การเดินทาง / รถเมล์มพ.': 15, 'สิ่งอำนวยความสะดวกและอาคารสถานที่': 0, 'สุขอนามัยและความสะอาด': 0, 'การเรียนการสอนและหลักสูตร': 0, 'โรงอาหาร / ร้านค้าบริการ': 0, 'ความปลอดภัยและจราจร': 0, 'ระบบเครือข่ายและเทคโนโลยี': 0, 'บริการและสวัสดิการนิสิต': 15}",15,การเดินทาง / รถเมล์มพ.
แจ้งทำความสะอาดตรงริมสระน้ำ ขยะล้นถังส่งกลิ่นเหม็น ครับ,"['ขยะล้น', 'เหม็น', 'ทำความสะอาด', 'กลิ่นเหม็น']","{'การเดินทาง / รถเมล์มพ.': 0, 'สิ่งอำนวยความสะดวกและอาคารสถานที่': 0, 'สุขอนามัยและความสะอาด': 32, 'การเรียนการสอนและหลักสูตร': 0, 'โรงอาหาร / ร้านค้าบริการ': 0, 'ความปลอดภัยและจราจร': 0, 'ระบบเครือข่ายและเทคโนโลยี': 0, 'บริการและสวัสดิการนิสิต': 0}",32,สุขอนามัยและความสะอาด
อาจารย์ครับ ตารางเรียนไม่ขึ้นระบบ รบกวนให้คำแนะนำที,"['ตารางเรียน', 'อาจารย์', 'ระบบ']","{'การเดินทาง / รถเมล์มพ.': 0, 'สิ่งอำนวยความสะดวกและอาคารสถานที่': 0, 'สุขอนามัยและความสะอาด': 0, 'การเรียนการสอนและหลักสูตร': 17, 'โรงอาหาร / ร้านค้าบริการ': 0, 'ความปลอดภัยและจราจร': 0, 'ระบบเครือข่ายและเทคโนโลยี': 4, 'บริการและสวัสดิการนิสิต': 0}",17,การเรียนการสอนและหลักสูตร
แจ้งทำความสะอาดตรงโรงอาหาร ขยะล้นถังส่งกลิ่นเหม็น ครับ,"['ขยะล้น', 'เหม็น', 'ทำความสะอาด', 'กลิ่นเหม็น', 'โรงอาหาร', 'อาหาร']","{'การเดินทาง / รถเมล์มพ.': 0, 'สิ่งอำนวยความสะดวกและอาคารสถานที่': 0, 'สุขอนามัยและความสะอาด': 32, 'การเรียนการสอนและหลักสูตร': 0, 'โรงอาหาร / ร้านค้าบริการ': 13, 'ความปลอดภัยและจราจร': 0, 'ระบบเครือข่ายและเทคโนโลยี': 0, 'บริการและสวัสดิการนิสิต': 0}",32,สุขอนามัยและความสะอาด
อาจารย์ครับ ลงทะเบียนวิชานี้ไม่ได้ รบกวนให้คำแนะนำที,"['วิชา', 'อาจารย์']","{'การเดินทาง / รถเมล์มพ.': 0, 'สิ่งอำนวยความสะดวกและอาคารสถานที่': 0, 'สุขอนามัยและความสะอาด': 0, 'การเรียนการสอนและหลักสูตร': 11, 'โรงอาหาร / ร้านค้าบริการ': 0, 'ความปลอดภัยและจราจร': 0, 'ระบบเครือข่ายและเทคโนโลยี': 0, 'บริการและสวัสดิการนิสิต': 0}",11,การเรียนการสอนและหลักสูตร
แจ้งทำความสะอาดตรงริมสระน้ำ หญ้ารกมาก ครับ,"['หญ้ารก', 'ทำความสะอาด']","{'การเดินทาง / รถเมล์มพ.': 0, 'สิ่งอำนวยความสะดวกและอาคารสถานที่': 0, 'สุขอนามัยและความสะอาด': 17, 'การเรียนการสอนและหลักสูตร': 0, 'โรงอาหาร / ร้านค้าบริการ': 0, 'ความปลอดภัยและจราจร': 0, 'ระบบเครือข่ายและเทคโนโลยี': 0, 'บริการและสวัสดิการนิสิต': 0}",17,สุขอนามัยและความสะอาด
แจ้งเรื่องน้ำไม่ไหล ตรงตึก ICT ช่วยมาดูหน่อย,['น้ำไม่ไหล'],"{'การเดินทาง / รถเมล์มพ.': 0, 'สิ่งอำนวยความสะดวกและอาคารสถานที่': 9, 'สุขอนามัยและความสะอาด': 0, 'การเรียนการสอนและหลักสูตร': 0, 'โรงอาหาร / ร้านค้าบริการ': 0, 'ความปลอดภัยและจราจร': 0, 'ระบบเครือข่ายและเทคโนโลยี': 0, 'บริการและสวัสดิการนิสิต': 0}",9,สิ่งอำนวยความสะดวกและอาคารสถานที่
สอบถามหน่อยครับ ทำบัตรนิสิตใหม่ที่ไหน,"['บัตรนิสิต', 'สอบถามหน่อยครับ']","{'การเดินทาง / รถเมล์มพ.': 0, 'สิ่งอำนวยความสะดวกและอาคารสถานที่': 0, 'สุขอนามัยและความสะอาด': 0, 'การเรียนการสอนและหลักสูตร': 0, 'โรงอาหาร / ร้านค้าบริการ': 0, 'ความปลอดภัยและจราจร': 0, 'ระบบเครือข่ายและเทคโนโลยี': 0, 'บริการและสวัสดิการนิสิต': 24}",24,บริการและสวัสดิการนิสิต
แจ้งเรื่องหลังคารั่วหนักมาก ตรงห้องน้ำตึกสงวน ช่วยมาดูหน่อย,['หลังคารั่ว'],"{'การเดินทาง / รถเมล์มพ.': 0, 'สิ่งอำนวยความสะดวกและอาคารสถานที่': 10, 'สุขอนามัยและความสะอาด': 0, 'การเรียนการสอนและหลักสูตร': 0, 'โรงอาหาร / ร้านค้าบริการ': 0, 'ความปลอดภัยและจราจร': 0, 'ระบบเครือข่ายและเทคโนโลยี': 0, 'บริการและสวัสดิการนิสิต': 0}",10,สิ่งอำนวยความสะดวกและอาคารสถานที่
สอบถามหน่อยครับ ทำบัตรนิสิตใหม่ที่ไหน,"['บัตรนิสิต', 'สอบถามหน่อยครับ']","{'การเดินทาง / รถเมล์มพ.': 0, 'สิ่งอำนวยความสะดวกและอาคารสถานที่': 0, 'สุขอนามัยและความสะอาด': 0, 'การเรียนการสอนและหลักสูตร': 0, 'โรงอาหาร / ร้านค้าบริการ': 0, 'ความปลอดภัยและจราจร': 0, 'ระบบเครือข่ายและเทคโนโลยี': 0, 'บริการและสวัสดิการนิสิต': 24}",24,บริการและสวัสดิการนิสิต
แจ้งเรื่องแอร์ไม่เย็นเลย ตรงอาคารเรียนรวม ช่วยมาดูหน่อย,"['แอร์ไม่เย็น', 'แอร์']","{'การเดินทาง / รถเมล์มพ.': 0, 'สิ่งอำนวยความสะดวกและอาคารสถานที่': 15, 'สุขอนามัยและความสะอาด': 0, 'การเรียนการสอนและหลักสูตร': 0, 'โรงอาหาร / ร้านค้าบริการ': 0, 'ความปลอดภัยและจราจร': 0, 'ระบบเครือข่ายและเทคโนโลยี': 0, 'บริการและสวัสดิการนิสิต': 0}",15,สิ่งอำนวยความสะดวกและอาคารสถานที่
เน็ตหลุดบ่อยมาก ตอนนี้อยู่หอพักใน ทำงานไม่ได้เลย,"['เน็ตหลุด', 'หลุดบ่อย']","{'การเดินทาง / รถเมล์มพ.': 0, 'สิ่งอำนวยความสะดวกและอาคารสถานที่': 0, 'สุขอนามัยและความสะอาด': 0, 'การเรียนการสอนและหลักสูตร': 0, 'โรงอาหาร / ร้านค้าบริการ': 0, 'ความปลอดภัยและจราจร': 0, 'ระบบเครือข่ายและเทคโนโลยี': 16, 'บริการและสวัสดิการนิสิต': 0}",16,ระบบเครือข่ายและเทคโนโลยี
สอบถามหน่อยครับ อยากทราบกำหนดการกิจกรรมรับน้อง,"['กิจกรรม', 'สอบถามหน่อยครับ']","{'การเดินทาง / รถเมล์มพ.': 0, 'สิ่งอำนวยความสะดวกและอาคารสถานที่': 0, 'สุขอนามัยและความสะอาด': 0, 'การเรียนการสอนและหลักสูตร': 0, 'โรงอาหาร / ร้านค้าบริการ': 0, 'ความปลอดภัยและจราจร': 0, 'ระบบเครือข่ายและเทคโนโลยี': 0, 'บริการและสวัสดิการนิสิต': 22}",22,บริการและสวัสดิการนิสิต
สอบถามหน่อยครับ สอบถามเรื่องทุนการศึกษา,"['ทุนการศึกษา', 'สอบถามหน่อยครับ']","{'การเดินทาง / รถเมล์มพ.': 0, 'สิ่งอำนวยความสะดวกและอาคารสถานที่': 0, 'สุขอนามัยและความสะอาด': 0, 'การเรียนการสอนและหลักสูตร': 0, 'โรงอาหาร / ร้านค้าบริการ': 0, 'ความปลอดภัยและจราจร': 0, 'ระบบเครือข่ายและเทคโนโลยี': 0, 'บริการและสวัสดิการนิสิต': 26}",26,บริการและสวัสดิการนิสิต
อาจารย์ครับ ขอสอบชดเชยต้องทำไง รบกวนให้คำแนะนำที,"['ขอสอบชดเชย', 'อาจารย์']","{'การเดินทาง / รถเมล์มพ.': 0, 'สิ่งอำนวยความสะดวกและอาคารสถานที่': 0, 'สุขอนามัยและความสะอาด': 0, 'การเรียนการสอนและหลักสูตร': 17, 'โรงอาหาร / ร้านค้าบริการ': 0, 'ความปลอดภัยและจราจร': 0, 'ระบบเครือข่ายและเทคโนโลยี': 0, 'บริการและสวัสดิการนิสิต': 0}",17,การเรียนการสอนและหลักสูตร
แจ้งเรื่องแอร์ไม่เย็นเลย ตรงห้องบรรยาย ช่วยมาดูหน่อย,"['แอร์ไม่เย็น', 'แอร์']","{'การเดินทาง / รถเมล์มพ.': 0, 'สิ่งอำนวยความสะดวกและอาคารสถานที่': 15, 'สุขอนามัยและความสะอาด': 0, 'การเรียนการสอนและหลักสูตร': 0, 'โรงอาหาร / ร้านค้าบริการ': 0, 'ความปลอดภัยและจราจร': 0, 'ระบบเครือข่ายและเทคโนโลยี': 0, 'บริการและสวัสดิการนิสิต': 0}",15,สิ่งอำนวยความสะดวกและอาคารสถานที่
แจ้งเรื่องประตูพัง ตรงห้อง 1204 ช่วยมาดูหน่อย,"['พัง', 'ประตูพัง']","{'การเดินทาง / รถเมล์มพ.': 0, 'สิ่งอำนวยความสะดวกและอาคารสถานที่': 11, 'สุขอนามัยและความสะอาด': 0, 'การเรียนการสอนและหลักสูตร': 0, 'โรงอาหาร / ร้านค้าบริการ': 0, 'ความปลอดภัยและจราจร': 0, 'ระบบเครือข่ายและเทคโนโลยี': 0, 'บริการและสวัสดิการนิสิต': 0}",11,สิ่งอำนวยความสะดวกและอาคารสถานที่
สอบถามหน่อยครับ สอบถามเรื่องทุนการศึกษา,"['ทุนการศึกษา', 'สอบถามหน่อยครับ']","{'การเดินทาง / รถเมล์มพ.': 0, 'สิ่งอำนวยความสะดวกและอาคารสถานที่': 0, 'สุขอนามัยและความสะอาด': 0, 'การเรียนการสอนและหลักสูตร': 0, 'โรงอาหาร / ร้านค้าบริการ': 0, 'ความปลอดภัยและจราจร': 0, 'ระบบเครือข่ายและเทคโนโลยี': 0, 'บริการและสวัสดิการนิสิต': 26}",26,บริการและสวัสดิการนิสิต
แจ้งทำความสะอาดตรงสนามบาส สกปรกมากไม่ทำความสะอาด ครับ,"['สกปรก', 'ไม่ทำความสะอาด', 'ทำความสะอาด']","{'การเดินทาง / รถเมล์มพ.': 0, 'สิ่งอำนวยความสะดวกและอาคารสถานที่': 0, 'สุขอนามัยและความสะอาด': 30, 'การเรียนการสอนและหลักสูตร': 0, 'โรงอาหาร / ร้านค้าบริการ': 0, 'ความปลอดภัยและจราจร': 0, 'ระบบเครือข่ายและเทคโนโลยี': 0, 'บริการและสวัสดิการนิสิต': 0}",30,สุขอนามัยและความสะอาด
รปภ. ช่วยดูตรงลานจอดรถ หน่อยครับ รถติดหนักมาก,"['รถติด', 'รปภ.', 'รปภ']","{'การเดินทาง / รถเมล์มพ.': 5, 'สิ่งอำนวยความสะดวกและอาคารสถานที่': 0, 'สุขอนามัยและความสะอาด': 0, 'การเรียนการสอนและหลักสูตร': 0, 'โรงอาหาร / ร้านค้าบริการ': 0, 'ความปลอดภัยและจราจร': 7, 'ระบบเครือข่ายและเทคโนโลยี': 0, 'บริการและสวัสดิการนิสิต': 0}",7,ความปลอดภัยและจราจร
แจ้งเรื่องไฟดับครับ ตรงตึกวิทย์ ช่วยมาดูหน่อย,['ไฟดับ'],"{'การเดินทาง / รถเมล์มพ.': 0, 'สิ่งอำนวยความสะดวกและอาคารสถานที่': 5, 'สุขอนามัยและความสะอาด': 0, 'การเรียนการสอนและหลักสูตร': 0, 'โรงอาหาร / ร้านค้าบริการ': 0, 'ความปลอดภัยและจราจร': 0, 'ระบบเครือข่ายและเทคโนโลยี': 0, 'บริการและสวัสดิการนิสิต': 0}",5,สิ่งอำนวยความสะดวกและอาคารสถานที่
แจ้งทำความสะอาดตรงทางเดิน มีหมาจรจัดมาคุ้ยขยะ ครับ,"['หมาจรจัด', 'ทำความสะอาด']","{'การเดินทาง / รถเมล์มพ.': 0, 'สิ่งอำนวยความสะดวกและอาคารสถานที่': 0, 'สุขอนามัยและความสะอาด': 19, 'การเรียนการสอนและหลักสูตร': 0, 'โรงอาหาร / ร้านค้าบริการ': 0, 'ความปลอดภัยและจราจร': 0, 'ระบบเครือข่ายและเทคโนโลยี': 0, 'บริการและสวัสดิการนิสิต': 0}",19,สุขอนามัยและความสะอาด
อาจารย์ครับ ตารางเรียนไม่ขึ้นระบบ รบกวนให้คำแนะนำที,"['ตารางเรียน', 'อาจารย์', 'ระบบ']","{'การเดินทาง / รถเมล์มพ.': 0, 'สิ่งอำนวยความสะดวกและอาคารสถานที่': 0, 'สุขอนามัยและความสะอาด': 0, 'การเรียนการสอนและหลักสูตร': 17, 'โรงอาหาร / ร้านค้าบริการ': 0, 'ความปลอดภัยและจราจร': 0, 'ระบบเครือข่ายและเทคโนโลยี': 4, 'บริการและสวัสดิการนิสิต': 0}",17,การเรียนการสอนและหลักสูตร
รปภ. ช่วยดูตรงหน้ามอ หน่อยครับ รถติดหนักมาก,"['รถติด', 'รปภ.', 'รปภ']","{'การเดินทาง / รถเมล์มพ.': 5, 'สิ่งอำนวยความสะดวกและอาคารสถานที่': 0, 'สุขอนามัยและความสะอาด': 0, 'การเรียนการสอนและหลักสูตร': 0, 'โรงอาหาร / ร้านค้าบริการ': 0, 'ความปลอดภัยและจราจร': 7, 'ระบบเครือข่ายและเทคโนโลยี': 0, 'บริการและสวัสดิการนิสิต': 0}",7,ความปลอดภัยและจราจร
ระบบล่ม ตอนนี้อยู่หน้ามอ ทำงานไม่ได้เลย,"['ระบบล่ม', 'ระบบ']","{'การเดินทาง / รถเมล์มพ.': 0, 'สิ่งอำนวยความสะดวกและอาคารสถานที่': 0, 'สุขอนามัยและความสะอาด': 0, 'การเรียนการสอนและหลักสูตร': 0, 'โรงอาหาร / ร้านค้าบริการ': 0, 'ความปลอดภัยและจราจร': 0, 'ระบบเครือข่ายและเทคโนโลยี': 11, 'บริการและสวัสดิการนิสิต': 0}",11,ระบบเครือข่ายและเทคโนโลยี
แจ้งเรื่องลิฟต์ค้าง ตรงห้องบรรยาย ช่วยมาดูหน่อย,"['ลิฟต์ค้าง', 'ลิฟต์']","{'การเดินทาง / รถเมล์มพ.': 0, 'สิ่งอำนวยความสะดวกและอาคารสถานที่': 14, 'สุขอนามัยและความสะอาด': 0, 'การเรียนการสอนและหลักสูตร': 0, 'โรงอาหาร / ร้านค้าบริการ': 0, 'ความปลอดภัยและจราจร': 0, 'ระบบเครือข่ายและเทคโนโลยี': 0, 'บริการและสวัสดิการนิสิต': 0}",14,สิ่งอำนวยความสะดวกและอาคารสถานที่
แจ้งเรื่องหลังคารั่วหนักมาก ตรงตึก ICT ช่วยมาดูหน่อย,['หลังคารั่ว'],"{'การเดินทาง / รถเมล์มพ.': 0, 'สิ่งอำนวยความสะดวกและอาคารสถานที่': 10, 'สุขอนามัยและความสะอาด': 0, 'การเรียนการสอนและหลักสูตร': 0, 'โรงอาหาร / ร้านค้าบริการ': 0, 'ความปลอดภัยและจราจร': 0, 'ระบบเครือข่ายและเทคโนโลยี': 0, 'บริการและสวัสดิการนิสิต': 0}",10,สิ่งอำนวยความสะดวกและอาคารสถานที่
แจ้งเรื่องประตูพัง ตรงห้องน้ำตึกสงวน ช่วยมาดูหน่อย,"['พัง', 'ประตูพัง']","{'การเดินทาง / รถเมล์มพ.': 0, 'สิ่งอำนวยความสะดวกและอาคารสถานที่': 11, 'สุขอนามัยและความสะอาด': 0, 'การเรียนการสอนและหลักสูตร': 0, 'โรงอาหาร / ร้านค้าบริการ': 0, 'ความปลอดภัยและจราจร': 0, 'ระบบเครือข่ายและเทคโนโลยี': 0, 'บริการและสวัสดิการนิสิต': 0}",11,สิ่งอำนวยความสะดวกและอาคารสถานที่
สอบถามหน่อยครับ อยากทราบกำหนดการกิจกรรมรับน้อง,"['กิจกรรม', 'สอบถามหน่อยครับ']","{'การเดินทาง / รถเมล์มพ.': 0, 'สิ่งอำนวยความสะดวกและอาคารสถานที่': 0, 'สุขอนามัยและความสะอาด': 0, 'การเรียนการสอนและหลักสูตร': 0, 'โรงอาหาร / ร้านค้าบริการ': 0, 'ความปลอดภัยและจราจร': 0, 'ระบบเครือข่ายและเทคโนโลยี': 0, 'บริการและสวัสดิการนิสิต': 22}",22,บริการและสวัสดิการนิสิต
แจ้งทำความสะอาดตรงริมสระน้ำ สกปรกมากไม่ทำความสะอาด ครับ,"['สกปรก', 'ไม่ทำความสะอาด', 'ทำความสะอาด']","{'การเดินทาง / รถเมล์มพ.': 0, 'สิ่งอำนวยความสะดวกและอาคารสถานที่': 0, 'สุขอนามัยและความสะอาด': 30, 'การเรียนการสอนและหลักสูตร': 0, 'โรงอาหาร / ร้านค้าบริการ': 0, 'ความปลอดภัยและจราจร': 0, 'ระบบเครือข่ายและเทคโนโลยี': 0, 'บริการและสวัสดิการนิสิต': 0}",30,สุขอนามัยและความสะอาด
เน็ตหลุดบ่อยมาก ตอนนี้อยู่หอพักใน ทำงานไม่ได้เลย,"['เน็ตหลุด', 'หลุดบ่อย']","{'การเดินทาง / รถเมล์มพ.': 0, 'สิ่งอำนวยความสะดวกและอาคารสถานที่': 0, 'สุขอนามัยและความสะอาด': 0, 'การเรียนการสอนและหลักสูตร': 0, 'โรงอาหาร / ร้านค้าบริการ': 0, 'ความปลอดภัยและจราจร': 0, 'ระบบเครือข่ายและเทคโนโลยี': 16, 'บริการและสวัสดิการนิสิต': 0}",16,ระบบเครือข่ายและเทคโนโลยี
แจ้งเรื่องลิฟต์ค้าง ตรงตึก ICT ช่วยมาดูหน่อย,"['ลิฟต์ค้าง', 'ลิฟต์']","{'การเดินทาง / รถเมล์มพ.': 0, 'สิ่งอำนวยความสะดวกและอาคารสถานที่': 14, 'สุขอนามัยและความสะอาด': 0, 'การเรียนการสอนและหลักสูตร': 0, 'โรงอาหาร / ร้านค้าบริการ': 0, 'ความปลอดภัยและจราจร': 0, 'ระบบเครือข่ายและเทคโนโลยี': 0, 'บริการและสวัสดิการนิสิต': 0}",14,สิ่งอำนวยความสะดวกและอาคารสถานที่
สอบถามหน่อยครับ อยากทราบกำหนดการกิจกรรมรับน้อง,"['กิจกรรม', 'สอบถามหน่อยครับ']","{'การเดินทาง / รถเมล์มพ.': 0, 'สิ่งอำนวยความสะดวกและอาคารสถานที่': 0, 'สุขอนามัยและความสะอาด': 0, 'การเรียนการสอนและหลักสูตร': 0, 'โรงอาหาร / ร้านค้าบริการ': 0, 'ความปลอดภัยและจราจร': 0, 'ระบบเครือข่ายและเทคโนโลยี': 0, 'บริการและสวัสดิการนิสิต': 22}",22,บริการและสวัสดิการนิสิต
แจ้งทำความสะอาดตรงทางเดิน สกปรกมากไม่ทำความสะอาด ครับ,"['สกปรก', 'ไม่ทำความสะอาด', 'ทำความสะอาด']","{'การเดินทาง / รถเมล์มพ.': 0, 'สิ่งอำนวยความสะดวกและอาคารสถานที่': 0, 'สุขอนามัยและความสะอาด': 30, 'การเรียนการสอนและหลักสูตร': 0, 'โรงอาหาร / ร้านค้าบริการ': 0, 'ความปลอดภัยและจราจร': 0, 'ระบบเครือข่ายและเทคโนโลยี': 0, 'บริการและสวัสดิการนิสิต': 0}",30,สุขอนามัยและความสะอาด
เน็ตหลุดบ่อยมาก ตอนนี้อยู่หน้ามอ ทำงานไม่ได้เลย,"['เน็ตหลุด', 'หลุดบ่อย']","{'การเดินทาง / รถเมล์มพ.': 0, 'สิ่งอำนวยความสะดวกและอาคารสถานที่': 0, 'สุขอนามัยและความสะอาด': 0, 'การเรียนการสอนและหลักสูตร': 0, 'โรงอาหาร / ร้านค้าบริการ': 0, 'ความปลอดภัยและจราจร': 0, 'ระบบเครือข่ายและเทคโนโลยี': 16, 'บริการและสวัสดิการนิสิต': 0}",16,ระบบเครือข่ายและเทคโนโลยี
แจ้งเรื่องแอร์ไม่เย็นเลย ตรงอาคารเรียนรวม ช่วยมาดูหน่อย,"['แอร์ไม่เย็น', 'แอร์']","{'การเดินทาง / รถเมล์มพ.': 0, 'สิ่งอำนวยความสะดวกและอาคารสถานที่': 15, 'สุขอนามัยและความสะอาด': 0, 'การเรียนการสอนและหลักสูตร': 0, 'โรงอาหาร / ร้านค้าบริการ': 0, 'ความปลอดภัยและจราจร': 0, 'ระบบเครือข่ายและเทคโนโลยี': 0, 'บริการและสวัสดิการนิสิต': 0}",15,สิ่งอำนวยความสะดวกและอาคารสถานที่
สอบถามหน่อยครับ รถเมล์สาย 1 หมดกี่โมง,"['รถเมล์', 'รถเมล์สาย', 'สอบถามหน่อยครับ']","{'การเดินทาง / รถเมล์มพ.': 15, 'สิ่งอำนวยความสะดวกและอาคารสถานที่': 0, 'สุขอนามัยและความสะอาด': 0, 'การเรียนการสอนและหลักสูตร': 0, 'โรงอาหาร / ร้านค้าบริการ': 0, 'ความปลอดภัยและจราจร': 0, 'ระบบเครือข่ายและเทคโนโลยี': 0, 'บริการและสวัสดิการนิสิต': 15}",15,การเดินทาง / รถเมล์มพ.
สอบถามหน่อยครับ อยากทราบกำหนดการกิจกรรมรับน้อง,"['กิจกรรม', 'สอบถามหน่อยครับ']","{'การเดินทาง / รถเมล์มพ.': 0, 'สิ่งอำนวยความสะดวกและอาคารสถานที่': 0, 'สุขอนามัยและความสะอาด': 0, 'การเรียนการสอนและหลักสูตร': 0, 'โรงอาหาร / ร้านค้าบริการ': 0, 'ความปลอดภัยและจราจร': 0, 'ระบบเครือข่ายและเทคโนโลยี': 0, 'บริการและสวัสดิการนิสิต': 22}",22,บริการและสวัสดิการนิสิต
ลงทะเบียนไม่ได้ ตอนนี้อยู่หน้ามอ ทำงานไม่ได้เลย,['ลงทะเบียนไม่ได้'],"{'การเดินทาง / รถเมล์มพ.': 0, 'สิ่งอำนวยความสะดวกและอาคารสถานที่': 0, 'สุขอนามัยและความสะอาด': 0, 'การเรียนการสอนและหลักสูตร': 0, 'โรงอาหาร / ร้านค้าบริการ': 0, 'ความปลอดภัยและจราจร': 0, 'ระบบเครือข่ายและเทคโนโลยี': 15, 'บริการและสวัสดิการนิสิต': 0}",15,ระบบเครือข่ายและเทคโนโลยี
แจ้งเรื่องหลังคารั่วหนักมาก ตรงตึก ICT ช่วยมาดูหน่อย,['หลังคารั่ว'],"{'การเดินทาง / รถเมล์มพ.': 0, 'สิ่งอำนวยความสะดวกและอาคารสถานที่': 10, 'สุขอนามัยและความสะอาด': 0, 'การเรียนการสอนและหลักสูตร': 0, 'โรงอาหาร / ร้านค้าบริการ': 0, 'ความปลอดภัยและจราจร': 0, 'ระบบเครือข่ายและเทคโนโลยี': 0, 'บริการและสวัสดิการนิสิต': 0}",10,สิ่งอำนวยความสะดวกและอาคารสถานที่
ลืมรหัสผ่านเข้าระบบ ตอนนี้อยู่ห้องสมุด ทำงานไม่ได้เลย,"['ลืมรหัสผ่าน', 'ระบบ']","{'การเดินทาง / รถเมล์มพ.': 0, 'สิ่งอำนวยความสะดวกและอาคารสถานที่': 0, 'สุขอนามัยและความสะอาด': 0, 'การเรียนการสอนและหลักสูตร': 0, 'โรงอาหาร / ร้านค้าบริการ': 0, 'ความปลอดภัยและจราจร': 0, 'ระบบเครือข่ายและเทคโนโลยี': 15, 'บริการและสวัสดิการนิสิต': 0}",15,ระบบเครือข่ายและเทคโนโลยี
ลืมรหัสผ่านเข้าระบบ ตอนนี้อยู่หอพักใน ทำงานไม่ได้เลย,"['ลืมรหัสผ่าน', 'ระบบ']","{'การเดินทาง / รถเมล์มพ.': 0, 'สิ่งอำนวยความสะดวกและอาคารสถานที่': 0, 'สุขอนามัยและความสะอาด': 0, 'การเรียนการสอนและหลักสูตร': 0, 'โรงอาหาร / ร้านค้าบริการ': 0, 'ความปลอดภัยและจราจร': 0, 'ระบบเครือข่ายและเทคโนโลยี': 15, 'บริการและสวัสดิการนิสิต': 0}",15,ระบบเครือข่ายและเทคโนโลยี
รปภ. ช่วยดูตรงลานจอดรถ หน่อยครับ ทางมืดมากอันตราย,"['อันตราย', 'รปภ.', 'ทางมืด', 'รปภ']","{'การเดินทาง / รถเมล์มพ.': 0, 'สิ่งอำนวยความสะดวกและอาคารสถานที่': 0, 'สุขอนามัยและความสะอาด': 0, 'การเรียนการสอนและหลักสูตร': 0, 'โรงอาหาร / ร้านค้าบริการ': 0, 'ความปลอดภัยและจราจร': 20, 'ระบบเครือข่ายและเทคโนโลยี': 0, 'บริการและสวัสดิการนิสิต': 0}",20,ความปลอดภัยและจราจร
รปภ. ช่วยดูตรงประตู 2 หน่อยครับ รถติดหนักมาก,"['รถติด', 'รปภ.', 'รปภ', 'ประตู 2']","{'การเดินทาง / รถเมล์มพ.': 5, 'สิ่งอำนวยความสะดวกและอาคารสถานที่': 0, 'สุขอนามัยและความสะอาด': 0, 'การเรียนการสอนและหลักสูตร': 0, 'โรงอาหาร / ร้านค้าบริการ': 0, 'ความปลอดภัยและจราจร': 14, 'ระบบเครือข่ายและเทคโนโลยี': 0, 'บริการและสวัสดิการนิสิต': 0}",14,ความปลอดภัยและจราจร
แจ้งเรื่องหลังคารั่วหนักมาก ตรงห้อง 1204 ช่วยมาดูหน่อย,['หลังคารั่ว'],"{'การเดินทาง / รถเมล์มพ.': 0, 'สิ่งอำนวยความสะดวกและอาคารสถานที่': 10, 'สุขอนามัยและความสะอาด': 0, 'การเรียนการสอนและหลักสูตร': 0, 'โรงอาหาร / ร้านค้าบริการ': 0, 'ความปลอดภัยและจราจร': 0, 'ระบบเครือข่ายและเทคโนโลยี': 0, 'บริการและสวัสดิการนิสิต': 0}",10,สิ่งอำนวยความสะดวกและอาคารสถานที่
อาจารย์ครับ เกรดยังไม่ออกครับ รบกวนให้คำแนะนำที,"['เกรด', 'อาจารย์']","{'การเดินทาง / รถเมล์มพ.': 0, 'สิ่งอำนวยความสะดวกและอาคารสถานที่': 0, 'สุขอนามัยและความสะอาด': 0, 'การเรียนการสอนและหลักสูตร': 11, 'โรงอาหาร / ร้านค้าบริการ': 0, 'ความปลอดภัยและจราจร': 0, 'ระบบเครือข่ายและเทคโนโลยี': 0, 'บริการและสวัสดิการนิสิต': 0}",11,การเรียนการสอนและหลักสูตร
อาจารย์ครับ ตารางเรียนไม่ขึ้นระบบ รบกวนให้คำแนะนำที,"['ตารางเรียน', 'อาจารย์', 'ระบบ']","{'การเดินทาง / รถเมล์มพ.': 0, 'สิ่งอำนวยความสะดวกและอาคารสถานที่': 0, 'สุขอนามัยและความสะอาด': 0, 'การเรียนการสอนและหลักสูตร': 17, 'โรงอาหาร / ร้านค้าบริการ': 0, 'ความปลอดภัยและจราจร': 0, 'ระบบเครือข่ายและเทคโนโลยี': 4, 'บริการและสวัสดิการนิสิต': 0}",17,การเรียนการสอนและหลักสูตร
แจ้งทำความสะอาดตรงริมสระน้ำ กิ่งไม้หักขวางทาง ครับ,"['กิ่งไม้หัก', 'ทำความสะอาด']","{'การเดินทาง / รถเมล์มพ.': 0, 'สิ่งอำนวยความสะดวกและอาคารสถานที่': 0, 'สุขอนามัยและความสะอาด': 21, 'การเรียนการสอนและหลักสูตร': 0, 'โรงอาหาร / ร้านค้าบริการ': 0, 'ความปลอดภัยและจราจร': 0, 'ระบบเครือข่ายและเทคโนโลยี': 0, 'บริการและสวัสดิการนิสิต': 0}",21,สุขอนามัยและความสะอาด
รปภ. ช่วยดูตรงหลังมอ หน่อยครับ ทางมืดมากอันตราย,"['อันตราย', 'รปภ.', 'ทางมืด', 'รปภ']","{'การเดินทาง / รถเมล์มพ.': 0, 'สิ่งอำนวยความสะดวกและอาคารสถานที่': 0, 'สุขอนามัยและความสะอาด': 0, 'การเรียนการสอนและหลักสูตร': 0, 'โรงอาหาร / ร้านค้าบริการ': 0, 'ความปลอดภัยและจราจร': 20, 'ระบบเครือข่ายและเทคโนโลยี': 0, 'บริการและสวัสดิการนิสิต': 0}",20,ความปลอดภัยและจราจร
รปภ. ช่วยดูตรงทางแยก หน่อยครับ รถติดหนักมาก,"['รถติด', 'รปภ.', 'รปภ']","{'การเดินทาง / รถเมล์มพ.': 5, 'สิ่งอำนวยความสะดวกและอาคารสถานที่': 0, 'สุขอนามัยและความสะอาด': 0, 'การเรียนการสอนและหลักสูตร': 0, 'โรงอาหาร / ร้านค้าบริการ': 0, 'ความปลอดภัยและจราจร': 7, 'ระบบเครือข่ายและเทคโนโลยี': 0, 'บริการและสวัสดิการนิสิต': 0}",7,ความปลอดภัยและจราจร
สอบถามหน่อยครับ อยากทราบกำหนดการกิจกรรมรับน้อง,"['กิจกรรม', 'สอบถามหน่อยครับ']","{'การเดินทาง / รถเมล์มพ.': 0, 'สิ่งอำนวยความสะดวกและอาคารสถานที่': 0, 'สุขอนามัยและความสะอาด': 0, 'การเรียนการสอนและหลักสูตร': 0, 'โรงอาหาร / ร้านค้าบริการ': 0, 'ความปลอดภัยและจราจร': 0, 'ระบบเครือข่ายและเทคโนโลยี': 0, 'บริการและสวัสดิการนิสิต': 22}",22,บริการและสวัสดิการนิสิต
แจ้งเรื่องลิฟต์ค้าง ตรงห้องบรรยาย ช่วยมาดูหน่อย,"['ลิฟต์ค้าง', 'ลิฟต์']","{'การเดินทาง / รถเมล์มพ.': 0, 'สิ่งอำนวยความสะดวกและอาคารสถานที่': 14, 'สุขอนามัยและความสะอาด': 0, 'การเรียนการสอนและหลักสูตร': 0, 'โรงอาหาร / ร้านค้าบริการ': 0, 'ความปลอดภัยและจราจร': 0, 'ระบบเครือข่ายและเทคโนโลยี': 0, 'บริการและสวัสดิการนิสิต': 0}",14,สิ่งอำนวยความสะดวกและอาคารสถานที่
ไวไฟเข้าไม่ได้ ตอนนี้อยู่หน้ามอ ทำงานไม่ได้เลย,"['ไวไฟเข้าไม่ได้', 'ไวไฟ']","{'การเดินทาง / รถเมล์มพ.': 0, 'สิ่งอำนวยความสะดวกและอาคารสถานที่': 0, 'สุขอนามัยและความสะอาด': 0, 'การเรียนการสอนและหลักสูตร': 0, 'โรงอาหาร / ร้านค้าบริการ': 0, 'ความปลอดภัยและจราจร': 0, 'ระบบเครือข่ายและเทคโนโลยี': 18, 'บริการและสวัสดิการนิสิต': 0}",18,ระบบเครือข่ายและเทคโนโลยี
ไวไฟเข้าไม่ได้ ตอนนี้อยู่หอพักใน ทำงานไม่ได้เลย,"['ไวไฟเข้าไม่ได้', 'ไวไฟ']","{'การเดินทาง / รถเมล์มพ.': 0, 'สิ่งอำนวยความสะดวกและอาคารสถานที่': 0, 'สุขอนามัยและความสะอาด': 0, 'การเรียนการสอนและหลักสูตร': 0, 'โรงอาหาร / ร้านค้าบริการ': 0, 'ความปลอดภัยและจราจร': 0, 'ระบบเครือข่ายและเทคโนโลยี': 18, 'บริการและสวัสดิการนิสิต': 0}",18,ระบบเครือข่ายและเทคโนโลยี
แจ้งทำความสะอาดตรงโรงอาหาร ขยะล้นถังส่งกลิ่นเหม็น ครับ,"['ขยะล้น', 'เหม็น', 'ทำความสะอาด', 'กลิ่นเหม็น', 'โรงอาหาร', 'อาหาร']","{'การเดินทาง / รถเมล์มพ.': 0, 'สิ่งอำนวยความสะดวกและอาคารสถานที่': 0, 'สุขอนามัยและความสะอาด': 32, 'การเรียนการสอนและหลักสูตร': 0, 'โรงอาหาร / ร้านค้าบริการ': 13, 'ความปลอดภัยและจราจร': 0, 'ระบบเครือข่ายและเทคโนโลยี': 0, 'บริการและสวัสดิการนิสิต': 0}",32,สุขอนามัยและความสะอาด
แจ้งทำความสะอาดตรงทางเดิน ขยะล้นถังส่งกลิ่นเหม็น ครับ,"['ขยะล้น', 'เหม็น', 'ทำความสะอาด', 'กลิ่นเหม็น']","{'การเดินทาง / รถเมล์มพ.': 0, 'สิ่งอำนวยความสะดวกและอาคารสถานที่': 0, 'สุขอนามัยและความสะอาด': 32, 'การเรียนการสอนและหลักสูตร': 0, 'โรงอาหาร / ร้านค้าบริการ': 0, 'ความปลอดภัยและจราจร': 0, 'ระบบเครือข่ายและเทคโนโลยี': 0, 'บริการและสวัสดิการนิสิต': 0}",32,สุขอนามัยและความสะอาด
ไวไฟเข้าไม่ได้ ตอนนี้อยู่หอพักใน ทำงานไม่ได้เลย,"['ไวไฟเข้าไม่ได้', 'ไวไฟ']","{'การเดินทาง / รถเมล์มพ.': 0, 'สิ่งอำนวยความสะดวกและอาคารสถานที่': 0, 'สุขอนามัยและความสะอาด': 0, 'การเรียนการสอนและหลักสูตร': 0, 'โรงอาหาร / ร้านค้าบริการ': 0, 'ความปลอดภัยและจราจร': 0, 'ระบบเครือข่ายและเทคโนโลยี': 18, 'บริการและสวัสดิการนิสิต': 0}",18,ระบบเครือข่ายและเทคโนโลยี
รปภ. ช่วยดูตรงหลังมอ หน่อยครับ หมวกกันน็อคหาย,"['รปภ.', 'รปภ', 'หมวกกันน็อคหาย']","{'การเดินทาง / รถเมล์มพ.': 0, 'สิ่งอำนวยความสะดวกและอาคารสถานที่': 0, 'สุขอนามัยและความสะอาด': 0, 'การเรียนการสอนและหลักสูตร': 0, 'โรงอาหาร / ร้านค้าบริการ': 0, 'ความปลอดภัยและจราจร': 7, 'ระบบเครือข่ายและเทคโนโลยี': 0, 'บริการและสวัสดิการนิสิต': 14}",14,บริการและสวัสดิการนิสิต
รปภ. ช่วยดูตรงหลังมอ หน่อยครับ คนจอดรถขวางทาง,"['รปภ.', 'จอดรถขวาง', 'รปภ']","{'การเดินทาง / รถเมล์มพ.': 0, 'สิ่งอำนวยความสะดวกและอาคารสถานที่': 0, 'สุขอนามัยและความสะอาด': 0, 'การเรียนการสอนและหลักสูตร': 0, 'โรงอาหาร / ร้านค้าบริการ': 0, 'ความปลอดภัยและจราจร': 16, 'ระบบเครือข่ายและเทคโนโลยี': 0, 'บริการและสวัสดิการนิสิต': 0}",16,ความปลอดภัยและจราจร
สอบถามหน่อยครับ ทำบัตรนิสิตใหม่ที่ไหน,"['บัตรนิสิต', 'สอบถามหน่อยครับ']","{'การเดินทาง / รถเมล์มพ.': 0, 'สิ่งอำนวยความสะดวกและอาคารสถานที่': 0, 'สุขอนามัยและความสะอาด': 0, 'การเรียนการสอนและหลักสูตร': 0, 'โรงอาหาร / ร้านค้าบริการ': 0, 'ความปลอดภัยและจราจร': 0, 'ระบบเครือข่ายและเทคโนโลยี': 0, 'บริการและสวัสดิการนิสิต': 24}",24,บริการและสวัสดิการนิสิต
อาจารย์ครับ อยากติดต่ออาจารย์เรื่องดรอปเรียน รบกวนให้คำแนะนำที,"['ดรอปเรียน', 'ติดต่ออาจารย์', 'อาจารย์']","{'การเดินทาง / รถเมล์มพ.': 0, 'สิ่งอำนวยความสะดวกและอาคารสถานที่': 0, 'สุขอนามัยและความสะอาด': 0, 'การเรียนการสอนและหลักสูตร': 29, 'โรงอาหาร / ร้านค้าบริการ': 0, 'ความปลอดภัยและจราจร': 0, 'ระบบเครือข่ายและเทคโนโลยี': 0, 'บริการและสวัสดิการนิสิต': 0}",29,การเรียนการสอนและหลักสูตร
สอบถามหน่อยครับ อยากทราบกำหนดการกิจกรรมรับน้อง,"['กิจกรรม', 'สอบถามหน่อยครับ']","{'การเดินทาง / รถเมล์มพ.': 0, 'สิ่งอำนวยความสะดวกและอาคารสถานที่': 0, 'สุขอนามัยและความสะอาด': 0, 'การเรียนการสอนและหลักสูตร': 0, 'โรงอาหาร / ร้านค้าบริการ': 0, 'ความปลอดภัยและจราจร': 0, 'ระบบเครือข่ายและเทคโนโลยี': 0, 'บริการและสวัสดิการนิสิต': 22}",22,บริการและสวัสดิการนิสิต
สอบถามหน่อยครับ ทำบัตรนิสิตใหม่ที่ไหน,"['บัตรนิสิต', 'สอบถามหน่อยครับ']","{'การเดินทาง / รถเมล์มพ.': 0, 'สิ่งอำนวยความสะดวกและอาคารสถานที่': 0, 'สุขอนามัยและความสะอาด': 0, 'การเรียนการสอนและหลักสูตร': 0, 'โรงอาหาร / ร้านค้าบริการ': 0, 'ความปลอดภัยและจราจร': 0, 'ระบบเครือข่ายและเทคโนโลยี': 0, 'บริการและสวัสดิการนิสิต': 24}",24,บริการและสวัสดิการนิสิต
แจ้งเรื่องแอร์ไม่เย็นเลย ตรงห้องบรรยาย ช่วยมาดูหน่อย,"['แอร์ไม่เย็น', 'แอร์']","{'การเดินทาง / รถเมล์มพ.': 0, 'สิ่งอำนวยความสะดวกและอาคารสถานที่': 15, 'สุขอนามัยและความสะอาด': 0, 'การเรียนการสอนและหลักสูตร': 0, 'โรงอาหาร / ร้านค้าบริการ': 0, 'ความปลอดภัยและจราจร': 0, 'ระบบเครือข่ายและเทคโนโลยี': 0, 'บริการและสวัสดิการนิสิต': 0}",15,สิ่งอำนวยความสะดวกและอาคารสถานที่
รปภ. ช่วยดูตรงทางแยก หน่อยครับ ทางมืดมากอันตราย,"['อันตราย', 'รปภ.', 'ทางมืด', 'รปภ']","{'การเดินทาง / รถเมล์มพ.': 0, 'สิ่งอำนวยความสะดวกและอาคารสถานที่': 0, 'สุขอนามัยและความสะอาด': 0, 'การเรียนการสอนและหลักสูตร': 0, 'โรงอาหาร / ร้านค้าบริการ': 0, 'ความปลอดภัยและจราจร': 20, 'ระบบเครือข่ายและเทคโนโลยี': 0, 'บริการและสวัสดิการนิสิต': 0}",20,ความปลอดภัยและจราจร
ระบบล่ม ตอนนี้อยู่หอพักใน ทำงานไม่ได้เลย,"['ระบบล่ม', 'ระบบ']","{'การเดินทาง / รถเมล์มพ.': 0, 'สิ่งอำนวยความสะดวกและอาคารสถานที่': 0, 'สุขอนามัยและความสะอาด': 0, 'การเรียนการสอนและหลักสูตร': 0, 'โรงอาหาร / ร้านค้าบริการ': 0, 'ความปลอดภัยและจราจร': 0, 'ระบบเครือข่ายและเทคโนโลยี': 11, 'บริการและสวัสดิการนิสิต': 0}",11,ระบบเครือข่ายและเทคโนโลยี
สอบถามหน่อยครับ อยากทราบกำหนดการกิจกรรมรับน้อง,"['กิจกรรม', 'สอบถามหน่อยครับ']","{'การเดินทาง / รถเมล์มพ.': 0, 'สิ่งอำนวยความสะดวกและอาคารสถานที่': 0, 'สุขอนามัยและความสะอาด': 0, 'การเรียนการสอนและหลักสูตร': 0, 'โรงอาหาร / ร้านค้าบริการ': 0, 'ความปลอดภัยและจราจร': 0, 'ระบบเครือข่ายและเทคโนโลยี': 0, 'บริการและสวัสดิการนิสิต': 22}",22,บริการและสวัสดิการนิสิต
สอบถามหน่อยครับ สอบถามเรื่องทุนการศึกษา,"['ทุนการศึกษา', 'สอบถามหน่อยครับ']","{'การเดินทาง / รถเมล์มพ.': 0, 'สิ่งอำนวยความสะดวกและอาคารสถานที่': 0, 'สุขอนามัยและความสะอาด': 0, 'การเรียนการสอนและหลักสูตร': 0, 'โรงอาหาร / ร้านค้าบริการ': 0, 'ความปลอดภัยและจราจร': 0, 'ระบบเครือข่ายและเทคโนโลยี': 0, 'บริการและสวัสดิการนิสิต': 26}",26,บริการและสวัสดิการนิสิต
ไวไฟเข้าไม่ได้ ตอนนี้อยู่ห้องสมุด ทำงานไม่ได้เลย,"['ไวไฟเข้าไม่ได้', 'ไวไฟ']","{'การเดินทาง / รถเมล์มพ.': 0, 'สิ่งอำนวยความสะดวกและอาคารสถานที่': 0, 'สุขอนามัยและความสะอาด': 0, 'การเรียนการสอนและหลักสูตร': 0, 'โรงอาหาร / ร้านค้าบริการ': 0, 'ความปลอดภัยและจราจร': 0, 'ระบบเครือข่ายและเทคโนโลยี': 18, 'บริการและสวัสดิการนิสิต': 0}",18,ระบบเครือข่ายและเทคโนโลยี
รปภ. ช่วยดูตรงทางแยก หน่อยครับ หมวกกันน็อคหาย,"['รปภ.', 'รปภ', 'หมวกกันน็อคหาย']","{'การเดินทาง / รถเมล์มพ.': 0, 'สิ่งอำนวยความสะดวกและอาคารสถานที่': 0, 'สุขอนามัยและความสะอาด': 0, 'การเรียนการสอนและหลักสูตร': 0, 'โรงอาหาร / ร้านค้าบริการ': 0, 'ความปลอดภัยและจราจร': 7, 'ระบบเครือข่ายและเทคโนโลยี': 0, 'บริการและสวัสดิการนิสิต': 14}",14,บริการและสวัสดิการนิสิต
เน็ตหลุดบ่อยมาก ตอนนี้อยู่ห้องสมุด ทำงานไม่ได้เลย,"['เน็ตหลุด', 'หลุดบ่อย']","{'การเดินทาง / รถเมล์มพ.': 0, 'สิ่งอำนวยความสะดวกและอาคารสถานที่': 0, 'สุขอนามัยและความสะอาด': 0, 'การเรียนการสอนและหลักสูตร': 0, 'โรงอาหาร / ร้านค้าบริการ': 0, 'ความปลอดภัยและจราจร': 0, 'ระบบเครือข่ายและเทคโนโลยี': 16, 'บริการและสวัสดิการนิสิต': 0}",16,ระบบเครือข่ายและเทคโนโลยี
สอบถามหน่อยครับ ทำบัตรนิสิตใหม่ที่ไหน,"['บัตรนิสิต', 'สอบถามหน่อยครับ']","{'การเดินทาง / รถเมล์มพ.': 0, 'สิ่งอำนวยความสะดวกและอาคารสถานที่': 0, 'สุขอนามัยและความสะอาด': 0, 'การเรียนการสอนและหลักสูตร': 0, 'โรงอาหาร / ร้านค้าบริการ': 0, 'ความปลอดภัยและจราจร': 0, 'ระบบเครือข่ายและเทคโนโลยี': 0, 'บริการและสวัสดิการนิสิต': 24}",24,บริการและสวัสดิการนิสิต
แจ้งทำความสะอาดตรงโรงอาหาร สกปรกมากไม่ทำความสะอาด ครับ,"['สกปรก', 'ไม่ทำความสะอาด', 'ทำความสะอาด', 'โรงอาหาร', 'อาหาร']","{'การเดินทาง / รถเมล์มพ.': 0, 'สิ่งอำนวยความสะดวกและอาคารสถานที่': 0, 'สุขอนามัยและความสะอาด': 30, 'การเรียนการสอนและหลักสูตร': 0, 'โรงอาหาร / ร้านค้าบริการ': 13, 'ความปลอดภัยและจราจร': 0, 'ระบบเครือข่ายและเทคโนโลยี': 0, 'บริการและสวัสดิการนิสิต': 0}",30,สุขอนามัยและความสะอาด
แจ้งเรื่องไฟดับครับ ตรงห้อง 1204 ช่วยมาดูหน่อย,['ไฟดับ'],"{'การเดินทาง / รถเมล์มพ.': 0, 'สิ่งอำนวยความสะดวกและอาคารสถานที่': 5, 'สุขอนามัยและความสะอาด': 0, 'การเรียนการสอนและหลักสูตร': 0, 'โรงอาหาร / ร้านค้าบริการ': 0, 'ความปลอดภัยและจราจร': 0, 'ระบบเครือข่ายและเทคโนโลยี': 0, 'บริการและสวัสดิการนิสิต': 0}",5,สิ่งอำนวยความสะดวกและอาคารสถานที่
เน็ตหลุดบ่อยมาก ตอนนี้อยู่หอพักใน ทำงานไม่ได้เลย,"['เน็ตหลุด', 'หลุดบ่อย']","{'การเดินทาง / รถเมล์มพ.': 0, 'สิ่งอำนวยความสะดวกและอาคารสถานที่': 0, 'สุขอนามัยและความสะอาด': 0, 'การเรียนการสอนและหลักสูตร': 0, 'โรงอาหาร / ร้านค้าบริการ': 0, 'ความปลอดภัยและจราจร': 0, 'ระบบเครือข่ายและเทคโนโลยี': 16, 'บริการและสวัสดิการนิสิต': 0}",16,ระบบเครือข่ายและเทคโนโลยี
เน็ตหลุดบ่อยมาก ตอนนี้อยู่ตึกคณะ ทำงานไม่ได้เลย,"['เน็ตหลุด', 'หลุดบ่อย']","{'การเดินทาง / รถเมล์มพ.': 0, 'สิ่งอำนวยความสะดวกและอาคารสถานที่': 0, 'สุขอนามัยและความสะอาด': 0, 'การเรียนการสอนและหลักสูตร': 0, 'โรงอาหาร / ร้านค้าบริการ': 0, 'ความปลอดภัยและจราจร': 0, 'ระบบเครือข่ายและเทคโนโลยี': 16, 'บริการและสวัสดิการนิสิต': 0}",16,ระบบเครือข่ายและเทคโนโลยี
สอบถามหน่อยครับ รถเมล์สาย 1 หมดกี่โมง,"['รถเมล์', 'รถเมล์สาย', 'สอบถามหน่อยครับ']","{'การเดินทาง / รถเมล์มพ.': 15, 'สิ่งอำนวยความสะดวกและอาคารสถานที่': 0, 'สุขอนามัยและความสะอาด': 0, 'การเรียนการสอนและหลักสูตร': 0, 'โรงอาหาร / ร้านค้าบริการ': 0, 'ความปลอดภัยและจราจร': 0, 'ระบบเครือข่ายและเทคโนโลยี': 0, 'บริการและสวัสดิการนิสิต': 15}",15,การเดินทาง / รถเมล์มพ.
แจ้งทำความสะอาดตรงริมสระน้ำ หญ้ารกมาก ครับ,"['หญ้ารก', 'ทำความสะอาด']","{'การเดินทาง / รถเมล์มพ.': 0, 'สิ่งอำนวยความสะดวกและอาคารสถานที่': 0, 'สุขอนามัยและความสะอาด': 17, 'การเรียนการสอนและหลักสูตร': 0, 'โรงอาหาร / ร้านค้าบริการ': 0, 'ความปลอดภัยและจราจร': 0, 'ระบบเครือข่ายและเทคโนโลยี': 0, 'บริการและสวัสดิการนิสิต': 0}",17,สุขอนามัยและความสะอาด
รปภ. ช่วยดูตรงหลังมอ หน่อยครับ มีรถชนกัน,"['รถชน', 'รปภ.', 'รปภ']","{'การเดินทาง / รถเมล์มพ.': 0, 'สิ่งอำนวยความสะดวกและอาคารสถานที่': 0, 'สุขอนามัยและความสะอาด': 0, 'การเรียนการสอนและหลักสูตร': 0, 'โรงอาหาร / ร้านค้าบริการ': 0, 'ความปลอดภัยและจราจร': 11, 'ระบบเครือข่ายและเทคโนโลยี': 0, 'บริการและสวัสดิการนิสิต': 0}",11,ความปลอดภัยและจราจร
แจ้งทำความสะอาดตรงโรงอาหาร หญ้ารกมาก ครับ,"['หญ้ารก', 'ทำความสะอาด', 'โรงอาหาร', 'อาหาร']","{'การเดินทาง / รถเมล์มพ.': 0, 'สิ่งอำนวยความสะดวกและอาคารสถานที่': 0, 'สุขอนามัยและความสะอาด': 17, 'การเรียนการสอนและหลักสูตร': 0, 'โรงอาหาร / ร้านค้าบริการ': 13, 'ความปลอดภัยและจราจร': 0, 'ระบบเครือข่ายและเทคโนโลยี': 0, 'บริการและสวัสดิการนิสิต': 0}",17,สุขอนามัยและความสะอาด
รปภ. ช่วยดูตรงทางแยก หน่อยครับ มีรถชนกัน,"['รถชน', 'รปภ.', 'รปภ']","{'การเดินทาง / รถเมล์มพ.': 0, 'สิ่งอำนวยความสะดวกและอาคารสถานที่': 0, 'สุขอนามัยและความสะอาด': 0, 'การเรียนการสอนและหลักสูตร': 0, 'โรงอาหาร / ร้านค้าบริการ': 0, 'ความปลอดภัยและจราจร': 11, 'ระบบเครือข่ายและเทคโนโลยี': 0, 'บริการและสวัสดิการนิสิต': 0}",11,ความปลอดภัยและจราจร
ลงทะเบียนไม่ได้ ตอนนี้อยู่หอพักใน ทำงานไม่ได้เลย,['ลงทะเบียนไม่ได้'],"{'การเดินทาง / รถเมล์มพ.': 0, 'สิ่งอำนวยความสะดวกและอาคารสถานที่': 0, 'สุขอนามัยและความสะอาด': 0, 'การเรียนการสอนและหลักสูตร': 0, 'โรงอาหาร / ร้านค้าบริการ': 0, 'ความปลอดภัยและจราจร': 0, 'ระบบเครือข่ายและเทคโนโลยี': 15, 'บริการและสวัสดิการนิสิต': 0}",15,ระบบเครือข่ายและเทคโนโลยี
อาจารย์ครับ เกรดยังไม่ออกครับ รบกวนให้คำแนะนำที,"['เกรด', 'อาจารย์']","{'การเดินทาง / รถเมล์มพ.': 0, 'สิ่งอำนวยความสะดวกและอาคารสถานที่': 0, 'สุขอนามัยและความสะอาด': 0, 'การเรียนการสอนและหลักสูตร': 11, 'โรงอาหาร / ร้านค้าบริการ': 0, 'ความปลอดภัยและจราจร': 0, 'ระบบเครือข่ายและเทคโนโลยี': 0, 'บริการและสวัสดิการนิสิต': 0}",11,การเรียนการสอนและหลักสูตร
ไวไฟเข้าไม่ได้ ตอนนี้อยู่ห้องสมุด ทำงานไม่ได้เลย,"['ไวไฟเข้าไม่ได้', 'ไวไฟ']","{'การเดินทาง / รถเมล์มพ.': 0, 'สิ่งอำนวยความสะดวกและอาคารสถานที่': 0, 'สุขอนามัยและความสะอาด': 0, 'การเรียนการสอนและหลักสูตร': 0, 'โรงอาหาร / ร้านค้าบริการ': 0, 'ความปลอดภัยและจราจร': 0, 'ระบบเครือข่ายและเทคโนโลยี': 18, 'บริการและสวัสดิการนิสิต': 0}",18,ระบบเครือข่ายและเทคโนโลยี
แจ้งเรื่องประตูพัง ตรงห้องน้ำตึกสงวน ช่วยมาดูหน่อย,"['พัง', 'ประตูพัง']","{'การเดินทาง / รถเมล์มพ.': 0, 'สิ่งอำนวยความสะดวกและอาคารสถานที่': 11, 'สุขอนามัยและความสะอาด': 0, 'การเรียนการสอนและหลักสูตร': 0, 'โรงอาหาร / ร้านค้าบริการ': 0, 'ความปลอดภัยและจราจร': 0, 'ระบบเครือข่ายและเทคโนโลยี': 0, 'บริการและสวัสดิการนิสิต': 0}",11,สิ่งอำนวยความสะดวกและอาคารสถานที่
รปภ. ช่วยดูตรงทางแยก หน่อยครับ รถติดหนักมาก,"['รถติด', 'รปภ.', 'รปภ']","{'การเดินทาง / รถเมล์มพ.': 5, 'สิ่งอำนวยความสะดวกและอาคารสถานที่': 0, 'สุขอนามัยและความสะอาด': 0, 'การเรียนการสอนและหลักสูตร': 0, 'โรงอาหาร / ร้านค้าบริการ': 0, 'ความปลอดภัยและจราจร': 7, 'ระบบเครือข่ายและเทคโนโลยี': 0, 'บริการและสวัสดิการนิสิต': 0}",7,ความปลอดภัยและจราจร
อาจารย์ครับ อยากติดต่ออาจารย์เรื่องดรอปเรียน รบกวนให้คำแนะนำที,"['ดรอปเรียน', 'ติดต่ออาจารย์', 'อาจารย์']","{'การเดินทาง / รถเมล์มพ.': 0, 'สิ่งอำนวยความสะดวกและอาคารสถานที่': 0, 'สุขอนามัยและความสะอาด': 0, 'การเรียนการสอนและหลักสูตร': 29, 'โรงอาหาร / ร้านค้าบริการ': 0, 'ความปลอดภัยและจราจร': 0, 'ระบบเครือข่ายและเทคโนโลยี': 0, 'บริการและสวัสดิการนิสิต': 0}",29,การเรียนการสอนและหลักสูตร
แจ้งทำความสะอาดตรงริมสระน้ำ หญ้ารกมาก ครับ,"['หญ้ารก', 'ทำความสะอาด']","{'การเดินทาง / รถเมล์มพ.': 0, 'สิ่งอำนวยความสะดวกและอาคารสถานที่': 0, 'สุขอนามัยและความสะอาด': 17, 'การเรียนการสอนและหลักสูตร': 0, 'โรงอาหาร / ร้านค้าบริการ': 0, 'ความปลอดภัยและจราจร': 0, 'ระบบเครือข่ายและเทคโนโลยี': 0, 'บริการและสวัสดิการนิสิต': 0}",17,สุขอนามัยและความสะอาด
ลงทะเบียนไม่ได้ ตอนนี้อยู่ตึกคณะ ทำงานไม่ได้เลย,['ลงทะเบียนไม่ได้'],"{'การเดินทาง / รถเมล์มพ.': 0, 'สิ่งอำนวยความสะดวกและอาคารสถานที่': 0, 'สุขอนามัยและความสะอาด': 0, 'การเรียนการสอนและหลักสูตร': 0, 'โรงอาหาร / ร้านค้าบริการ': 0, 'ความปลอดภัยและจราจร': 0, 'ระบบเครือข่ายและเทคโนโลยี': 15, 'บริการและสวัสดิการนิสิต': 0}",15,ระบบเครือข่ายและเทคโนโลยี
แจ้งเรื่องไฟดับครับ ตรงตึก ICT ช่วยมาดูหน่อย,['ไฟดับ'],"{'การเดินทาง / รถเมล์มพ.': 0, 'สิ่งอำนวยความสะดวกและอาคารสถานที่': 5, 'สุขอนามัยและความสะอาด': 0, 'การเรียนการสอนและหลักสูตร': 0, 'โรงอาหาร / ร้านค้าบริการ': 0, 'ความปลอดภัยและจราจร': 0, 'ระบบเครือข่ายและเทคโนโลยี': 0, 'บริการและสวัสดิการนิสิต': 0}",5,สิ่งอำนวยความสะดวกและอาคารสถานที่
ลงทะเบียนไม่ได้ ตอนนี้อยู่หน้ามอ ทำงานไม่ได้เลย,['ลงทะเบียนไม่ได้'],"{'การเดินทาง / รถเมล์มพ.': 0, 'สิ่งอำนวยความสะดวกและอาคารสถานที่': 0, 'สุขอนามัยและความสะอาด': 0, 'การเรียนการสอนและหลักสูตร': 0, 'โรงอาหาร / ร้านค้าบริการ': 0, 'ความปลอดภัยและจราจร': 0, 'ระบบเครือข่ายและเทคโนโลยี': 15, 'บริการและสวัสดิการนิสิต': 0}",15,ระบบเครือข่ายและเทคโนโลยี
รปภ. ช่วยดูตรงทางแยก หน่อยครับ มีรถชนกัน,"['รถชน', 'รปภ.', 'รปภ']","{'การเดินทาง / รถเมล์มพ.': 0, 'สิ่งอำนวยความสะดวกและอาคารสถานที่': 0, 'สุขอนามัยและความสะอาด': 0, 'การเรียนการสอนและหลักสูตร': 0, 'โรงอาหาร / ร้านค้าบริการ': 0, 'ความปลอดภัยและจราจร': 11, 'ระบบเครือข่ายและเทคโนโลยี': 0, 'บริการและสวัสดิการนิสิต': 0}",11,ความปลอดภัยและจราจร
อาจารย์ครับ เกรดยังไม่ออกครับ รบกวนให้คำแนะนำที,"['เกรด', 'อาจารย์']","{'การเดินทาง / รถเมล์มพ.': 0, 'สิ่งอำนวยความสะดวกและอาคารสถานที่': 0, 'สุขอนามัยและความสะอาด': 0, 'การเรียนการสอนและหลักสูตร': 11, 'โรงอาหาร / ร้านค้าบริการ': 0, 'ความปลอดภัยและจราจร': 0, 'ระบบเครือข่ายและเทคโนโลยี': 0, 'บริการและสวัสดิการนิสิต': 0}",11,การเรียนการสอนและหลักสูตร
แจ้งทำความสะอาดตรงสวนหน้าตึก สกปรกมากไม่ทำความสะอาด ครับ,"['สกปรก', 'ไม่ทำความสะอาด', 'ทำความสะอาด']","{'การเดินทาง / รถเมล์มพ.': 0, 'สิ่งอำนวยความสะดวกและอาคารสถานที่': 0, 'สุขอนามัยและความสะอาด': 30, 'การเรียนการสอนและหลักสูตร': 0, 'โรงอาหาร / ร้านค้าบริการ': 0, 'ความปลอดภัยและจราจร': 0, 'ระบบเครือข่ายและเทคโนโลยี': 0, 'บริการและสวัสดิการนิสิต': 0}",30,สุขอนามัยและความสะอาด
แจ้งเรื่องประตูพัง ตรงอาคารเรียนรวม ช่วยมาดูหน่อย,"['พัง', 'ประตูพัง']","{'การเดินทาง / รถเมล์มพ.': 0, 'สิ่งอำนวยความสะดวกและอาคารสถานที่': 11, 'สุขอนามัยและความสะอาด': 0, 'การเรียนการสอนและหลักสูตร': 0, 'โรงอาหาร / ร้านค้าบริการ': 0, 'ความปลอดภัยและจราจร': 0, 'ระบบเครือข่ายและเทคโนโลยี': 0, 'บริการและสวัสดิการนิสิต': 0}",11,สิ่งอำนวยความสะดวกและอาคารสถานที่
รปภ. ช่วยดูตรงลานจอดรถ หน่อยครับ ทางมืดมากอันตราย,"['อันตราย', 'รปภ.', 'ทางมืด', 'รปภ']","{'การเดินทาง / รถเมล์มพ.': 0, 'สิ่งอำนวยความสะดวกและอาคารสถานที่': 0, 'สุขอนามัยและความสะอาด': 0, 'การเรียนการสอนและหลักสูตร': 0, 'โรงอาหาร / ร้านค้าบริการ': 0, 'ความปลอดภัยและจราจร': 20, 'ระบบเครือข่ายและเทคโนโลยี': 0, 'บริการและสวัสดิการนิสิต': 0}",20,ความปลอดภัยและจราจร
อาจารย์ครับ ตารางเรียนไม่ขึ้นระบบ รบกวนให้คำแนะนำที,"['ตารางเรียน', 'อาจารย์', 'ระบบ']","{'การเดินทาง / รถเมล์มพ.': 0, 'สิ่งอำนวยความสะดวกและอาคารสถานที่': 0, 'สุขอนามัยและความสะอาด': 0, 'การเรียนการสอนและหลักสูตร': 17, 'โรงอาหาร / ร้านค้าบริการ': 0, 'ความปลอดภัยและจราจร': 0, 'ระบบเครือข่ายและเทคโนโลยี': 4, 'บริการและสวัสดิการนิสิต': 0}",17,การเรียนการสอนและหลักสูตร
ไวไฟเข้าไม่ได้ ตอนนี้อยู่หน้ามอ ทำงานไม่ได้เลย,"['ไวไฟเข้าไม่ได้', 'ไวไฟ']","{'การเดินทาง / รถเมล์มพ.': 0, 'สิ่งอำนวยความสะดวกและอาคารสถานที่': 0, 'สุขอนามัยและความสะอาด': 0, 'การเรียนการสอนและหลักสูตร': 0, 'โรงอาหาร / ร้านค้าบริการ': 0, 'ความปลอดภัยและจราจร': 0, 'ระบบเครือข่ายและเทคโนโลยี': 18, 'บริการและสวัสดิการนิสิต': 0}",18,ระบบเครือข่ายและเทคโนโลยี
แจ้งเรื่องน้ำไม่ไหล ตรงตึกวิทย์ ช่วยมาดูหน่อย,['น้ำไม่ไหล'],"{'การเดินทาง / รถเมล์มพ.': 0, 'สิ่งอำนวยความสะดวกและอาคารสถานที่': 9, 'สุขอนามัยและความสะอาด': 0, 'การเรียนการสอนและหลักสูตร': 0, 'โรงอาหาร / ร้านค้าบริการ': 0, 'ความปลอดภัยและจราจร': 0, 'ระบบเครือข่ายและเทคโนโลยี': 0, 'บริการและสวัสดิการนิสิต': 0}",9,สิ่งอำนวยความสะดวกและอาคารสถานที่
สอบถามหน่อยครับ สอบถามเรื่องทุนการศึกษา,"['ทุนการศึกษา', 'สอบถามหน่อยครับ']","{'การเดินทาง / รถเมล์มพ.': 0, 'สิ่งอำนวยความสะดวกและอาคารสถานที่': 0, 'สุขอนามัยและความสะอาด': 0, 'การเรียนการสอนและหลักสูตร': 0, 'โรงอาหาร / ร้านค้าบริการ': 0, 'ความปลอดภัยและจราจร': 0, 'ระบบเครือข่ายและเทคโนโลยี': 0, 'บริการและสวัสดิการนิสิต': 26}",26,บริการและสวัสดิการนิสิต
รปภ. ช่วยดูตรงทางแยก หน่อยครับ ทางมืดมากอันตราย,"['อันตราย', 'รปภ.', 'ทางมืด', 'รปภ']","{'การเดินทาง / รถเมล์มพ.': 0, 'สิ่งอำนวยความสะดวกและอาคารสถานที่': 0, 'สุขอนามัยและความสะอาด': 0, 'การเรียนการสอนและหลักสูตร': 0, 'โรงอาหาร / ร้านค้าบริการ': 0, 'ความปลอดภัยและจราจร': 20, 'ระบบเครือข่ายและเทคโนโลยี': 0, 'บริการและสวัสดิการนิสิต': 0}",20,ความปลอดภัยและจราจร
สอบถามหน่อยครับ สอบถามเรื่องทุนการศึกษา,"['ทุนการศึกษา', 'สอบถามหน่อยครับ']","{'การเดินทาง / รถเมล์มพ.': 0, 'สิ่งอำนวยความสะดวกและอาคารสถานที่': 0, 'สุขอนามัยและความสะอาด': 0, 'การเรียนการสอนและหลักสูตร': 0, 'โรงอาหาร / ร้านค้าบริการ': 0, 'ความปลอดภัยและจราจร': 0, 'ระบบเครือข่ายและเทคโนโลยี': 0, 'บริการและสวัสดิการนิสิต': 26}",26,บริการและสวัสดิการนิสิต
รปภ. ช่วยดูตรงหลังมอ หน่อยครับ ทางมืดมากอันตราย,"['อันตราย', 'รปภ.', 'ทางมืด', 'รปภ']","{'การเดินทาง / รถเมล์มพ.': 0, 'สิ่งอำนวยความสะดวกและอาคารสถานที่': 0, 'สุขอนามัยและความสะอาด': 0, 'การเรียนการสอนและหลักสูตร': 0, 'โรงอาหาร / ร้านค้าบริการ': 0, 'ความปลอดภัยและจราจร': 20, 'ระบบเครือข่ายและเทคโนโลยี': 0, 'บริการและสวัสดิการนิสิต': 0}",20,ความปลอดภัยและจราจร
แจ้งเรื่องแอร์ไม่เย็นเลย ตรงอาคารเรียนรวม ช่วยมาดูหน่อย,"['แอร์ไม่เย็น', 'แอร์']","{'การเดินทาง / รถเมล์มพ.': 0, 'สิ่งอำนวยความสะดวกและอาคารสถานที่': 15, 'สุขอนามัยและความสะอาด': 0, 'การเรียนการสอนและหลักสูตร': 0, 'โรงอาหาร / ร้านค้าบริการ': 0, 'ความปลอดภัยและจราจร': 0, 'ระบบเครือข่ายและเทคโนโลยี': 0, 'บริการและสวัสดิการนิสิต': 0}",15,สิ่งอำนวยความสะดวกและอาคารสถานที่
แจ้งเรื่องน้ำไม่ไหล ตรงอาคารเรียนรวม ช่วยมาดูหน่อย,['น้ำไม่ไหล'],"{'การเดินทาง / รถเมล์มพ.': 0, 'สิ่งอำนวยความสะดวกและอาคารสถานที่': 9, 'สุขอนามัยและความสะอาด': 0, 'การเรียนการสอนและหลักสูตร': 0, 'โรงอาหาร / ร้านค้าบริการ': 0, 'ความปลอดภัยและจราจร': 0, 'ระบบเครือข่ายและเทคโนโลยี': 0, 'บริการและสวัสดิการนิสิต': 0}",9,สิ่งอำนวยความสะดวกและอาคารสถานที่
แจ้งทำความสะอาดตรงโรงอาหาร กิ่งไม้หักขวางทาง ครับ,"['กิ่งไม้หัก', 'ทำความสะอาด', 'โรงอาหาร', 'อาหาร']","{'การเดินทาง / รถเมล์มพ.': 0, 'สิ่งอำนวยความสะดวกและอาคารสถานที่': 0, 'สุขอนามัยและความสะอาด': 21, 'การเรียนการสอนและหลักสูตร': 0, 'โรงอาหาร / ร้านค้าบริการ': 13, 'ความปลอดภัยและจราจร': 0, 'ระบบเครือข่ายและเทคโนโลยี': 0, 'บริการและสวัสดิการนิสิต': 0}",21,สุขอนามัยและความสะอาด
แจ้งทำความสะอาดตรงทางเดิน หญ้ารกมาก ครับ,"['หญ้ารก', 'ทำความสะอาด']","{'การเดินทาง / รถเมล์มพ.': 0, 'สิ่งอำนวยความสะดวกและอาคารสถานที่': 0, 'สุขอนามัยและความสะอาด': 17, 'การเรียนการสอนและหลักสูตร': 0, 'โรงอาหาร / ร้านค้าบริการ': 0, 'ความปลอดภัยและจราจร': 0, 'ระบบเครือข่ายและเทคโนโลยี': 0, 'บริการและสวัสดิการนิสิต': 0}",17,สุขอนามัยและความสะอาด
สอบถามหน่อยครับ ทำบัตรนิสิตใหม่ที่ไหน,"['บัตรนิสิต', 'สอบถามหน่อยครับ']","{'การเดินทาง / รถเมล์มพ.': 0, 'สิ่งอำนวยความสะดวกและอาคารสถานที่': 0, 'สุขอนามัยและความสะอาด': 0, 'การเรียนการสอนและหลักสูตร': 0, 'โรงอาหาร / ร้านค้าบริการ': 0, 'ความปลอดภัยและจราจร': 0, 'ระบบเครือข่ายและเทคโนโลยี': 0, 'บริการและสวัสดิการนิสิต': 24}",24,บริการและสวัสดิการนิสิต
แจ้งทำความสะอาดตรงสวนหน้าตึก สกปรกมากไม่ทำความสะอาด ครับ,"['สกปรก', 'ไม่ทำความสะอาด', 'ทำความสะอาด']","{'การเดินทาง / รถเมล์มพ.': 0, 'สิ่งอำนวยความสะดวกและอาคารสถานที่': 0, 'สุขอนามัยและความสะอาด': 30, 'การเรียนการสอนและหลักสูตร': 0, 'โรงอาหาร / ร้านค้าบริการ': 0, 'ความปลอดภัยและจราจร': 0, 'ระบบเครือข่ายและเทคโนโลยี': 0, 'บริการและสวัสดิการนิสิต': 0}",30,สุขอนามัยและความสะอาด
สอบถามหน่อยครับ รถเมล์สาย 1 หมดกี่โมง,"['รถเมล์', 'รถเมล์สาย', 'สอบถามหน่อยครับ']","{'การเดินทาง / รถเมล์มพ.': 15, 'สิ่งอำนวยความสะดวกและอาคารสถานที่': 0, 'สุขอนามัยและความสะอาด': 0, 'การเรียนการสอนและหลักสูตร': 0, 'โรงอาหาร / ร้านค้าบริการ': 0, 'ความปลอดภัยและจราจร': 0, 'ระบบเครือข่ายและเทคโนโลยี': 0, 'บริการและสวัสดิการนิสิต': 15}",15,การเดินทาง / รถเมล์มพ.
ไวไฟเข้าไม่ได้ ตอนนี้อยู่หอพักใน ทำงานไม่ได้เลย,"['ไวไฟเข้าไม่ได้', 'ไวไฟ']","{'การเดินทาง / รถเมล์มพ.': 0, 'สิ่งอำนวยความสะดวกและอาคารสถานที่': 0, 'สุขอนามัยและความสะอาด': 0, 'การเรียนการสอนและหลักสูตร': 0, 'โรงอาหาร / ร้านค้าบริการ': 0, 'ความปลอดภัยและจราจร': 0, 'ระบบเครือข่ายและเทคโนโลยี': 18, 'บริการและสวัสดิการนิสิต': 0}",18,ระบบเครือข่ายและเทคโนโลยี
แจ้งทำความสะอาดตรงริมสระน้ำ กิ่งไม้หักขวางทาง ครับ,"['กิ่งไม้หัก', 'ทำความสะอาด']","{'การเดินทาง / รถเมล์มพ.': 0, 'สิ่งอำนวยความสะดวกและอาคารสถานที่': 0, 'สุขอนามัยและความสะอาด': 21, 'การเรียนการสอนและหลักสูตร': 0, 'โรงอาหาร / ร้านค้าบริการ': 0, 'ความปลอดภัยและจราจร': 0, 'ระบบเครือข่ายและเทคโนโลยี': 0, 'บริการและสวัสดิการนิสิต': 0}",21,สุขอนามัยและความสะอาด
อาจารย์ครับ ลงทะเบียนวิชานี้ไม่ได้ รบกวนให้คำแนะนำที,"['วิชา', 'อาจารย์']","{'การเดินทาง / รถเมล์มพ.': 0, 'สิ่งอำนวยความสะดวกและอาคารสถานที่': 0, 'สุขอนามัยและความสะอาด': 0, 'การเรียนการสอนและหลักสูตร': 11, 'โรงอาหาร / ร้านค้าบริการ': 0, 'ความปลอดภัยและจราจร': 0, 'ระบบเครือข่ายและเทคโนโลยี': 0, 'บริการและสวัสดิการนิสิต': 0}",11,การเรียนการสอนและหลักสูตร
รปภ. ช่วยดูตรงประตู 2 หน่อยครับ คนจอดรถขวางทาง,"['รปภ.', 'จอดรถขวาง', 'รปภ', 'ประตู 2']","{'การเดินทาง / รถเมล์มพ.': 0, 'สิ่งอำนวยความสะดวกและอาคารสถานที่': 0, 'สุขอนามัยและความสะอาด': 0, 'การเรียนการสอนและหลักสูตร': 0, 'โรงอาหาร / ร้านค้าบริการ': 0, 'ความปลอดภัยและจราจร': 23, 'ระบบเครือข่ายและเทคโนโลยี': 0, 'บริการและสวัสดิการนิสิต': 0}",23,ความปลอดภัยและจราจร
อาจารย์ครับ ลงทะเบียนวิชานี้ไม่ได้ รบกวนให้คำแนะนำที,"['วิชา', 'อาจารย์']","{'การเดินทาง / รถเมล์มพ.': 0, 'สิ่งอำนวยความสะดวกและอาคารสถานที่': 0, 'สุขอนามัยและความสะอาด': 0, 'การเรียนการสอนและหลักสูตร': 11, 'โรงอาหาร / ร้านค้าบริการ': 0, 'ความปลอดภัยและจราจร': 0, 'ระบบเครือข่ายและเทคโนโลยี': 0, 'บริการและสวัสดิการนิสิต': 0}",11,การเรียนการสอนและหลักสูตร
แจ้งทำความสะอาดตรงริมสระน้ำ กิ่งไม้หักขวางทาง ครับ,"['กิ่งไม้หัก', 'ทำความสะอาด']","{'การเดินทาง / รถเมล์มพ.': 0, 'สิ่งอำนวยความสะดวกและอาคารสถานที่': 0, 'สุขอนามัยและความสะอาด': 21, 'การเรียนการสอนและหลักสูตร': 0, 'โรงอาหาร / ร้านค้าบริการ': 0, 'ความปลอดภัยและจราจร': 0, 'ระบบเครือข่ายและเทคโนโลยี': 0, 'บริการและสวัสดิการนิสิต': 0}",21,สุขอนามัยและความสะอาด
สอบถามหน่อยครับ รถเมล์สาย 1 หมดกี่โมง,"['รถเมล์', 'รถเมล์สาย', 'สอบถามหน่อยครับ']","{'การเดินทาง / รถเมล์มพ.': 15, 'สิ่งอำนวยความสะดวกและอาคารสถานที่': 0, 'สุขอนามัยและความสะอาด': 0, 'การเรียนการสอนและหลักสูตร': 0, 'โรงอาหาร / ร้านค้าบริการ': 0, 'ความปลอดภัยและจราจร': 0, 'ระบบเครือข่ายและเทคโนโลยี': 0, 'บริการและสวัสดิการนิสิต': 15}",15,การเดินทาง / รถเมล์มพ.
แจ้งเรื่องไฟดับครับ ตรงตึก ICT ช่วยมาดูหน่อย,['ไฟดับ'],"{'การเดินทาง / รถเมล์มพ.': 0, 'สิ่งอำนวยความสะดวกและอาคารสถานที่': 5, 'สุขอนามัยและความสะอาด': 0, 'การเรียนการสอนและหลักสูตร': 0, 'โรงอาหาร / ร้านค้าบริการ': 0, 'ความปลอดภัยและจราจร': 0, 'ระบบเครือข่ายและเทคโนโลยี': 0, 'บริการและสวัสดิการนิสิต': 0}",5,สิ่งอำนวยความสะดวกและอาคารสถานที่
ลงทะเบียนไม่ได้ ตอนนี้อยู่ห้องสมุด ทำงานไม่ได้เลย,['ลงทะเบียนไม่ได้'],"{'การเดินทาง / รถเมล์มพ.': 0, 'สิ่งอำนวยความสะดวกและอาคารสถานที่': 0, 'สุขอนามัยและความสะอาด': 0, 'การเรียนการสอนและหลักสูตร': 0, 'โรงอาหาร / ร้านค้าบริการ': 0, 'ความปลอดภัยและจราจร': 0, 'ระบบเครือข่ายและเทคโนโลยี': 15, 'บริการและสวัสดิการนิสิต': 0}",15,ระบบเครือข่ายและเทคโนโลยี
แจ้งทำความสะอาดตรงสวนหน้าตึก มีหมาจรจัดมาคุ้ยขยะ ครับ,"['หมาจรจัด', 'ทำความสะอาด']","{'การเดินทาง / รถเมล์มพ.': 0, 'สิ่งอำนวยความสะดวกและอาคารสถานที่': 0, 'สุขอนามัยและความสะอาด': 19, 'การเรียนการสอนและหลักสูตร': 0, 'โรงอาหาร / ร้านค้าบริการ': 0, 'ความปลอดภัยและจราจร': 0, 'ระบบเครือข่ายและเทคโนโลยี': 0, 'บริการและสวัสดิการนิสิต': 0}",19,สุขอนามัยและความสะอาด
แจ้งเรื่องแอร์ไม่เย็นเลย ตรงตึก ICT ช่วยมาดูหน่อย,"['แอร์ไม่เย็น', 'แอร์']","{'การเดินทาง / รถเมล์มพ.': 0, 'สิ่งอำนวยความสะดวกและอาคารสถานที่': 15, 'สุขอนามัยและความสะอาด': 0, 'การเรียนการสอนและหลักสูตร': 0, 'โรงอาหาร / ร้านค้าบริการ': 0, 'ความปลอดภัยและจราจร': 0, 'ระบบเครือข่ายและเทคโนโลยี': 0, 'บริการและสวัสดิการนิสิต': 0}",15,สิ่งอำนวยความสะดวกและอาคารสถานที่
สอบถามหน่อยครับ สอบถามเรื่องทุนการศึกษา,"['ทุนการศึกษา', 'สอบถามหน่อยครับ']","{'การเดินทาง / รถเมล์มพ.': 0, 'สิ่งอำนวยความสะดวกและอาคารสถานที่': 0, 'สุขอนามัยและความสะอาด': 0, 'การเรียนการสอนและหลักสูตร': 0, 'โรงอาหาร / ร้านค้าบริการ': 0, 'ความปลอดภัยและจราจร': 0, 'ระบบเครือข่ายและเทคโนโลยี': 0, 'บริการและสวัสดิการนิสิต': 26}",26,บริการและสวัสดิการนิสิต
สอบถามหน่อยครับ อยากทราบกำหนดการกิจกรรมรับน้อง,"['กิจกรรม', 'สอบถามหน่อยครับ']","{'การเดินทาง / รถเมล์มพ.': 0, 'สิ่งอำนวยความสะดวกและอาคารสถานที่': 0, 'สุขอนามัยและความสะอาด': 0, 'การเรียนการสอนและหลักสูตร': 0, 'โรงอาหาร / ร้านค้าบริการ': 0, 'ความปลอดภัยและจราจร': 0, 'ระบบเครือข่ายและเทคโนโลยี': 0, 'บริการและสวัสดิการนิสิต': 22}",22,บริการและสวัสดิการนิสิต
ไวไฟเข้าไม่ได้ ตอนนี้อยู่ห้องสมุด ทำงานไม่ได้เลย,"['ไวไฟเข้าไม่ได้', 'ไวไฟ']","{'การเดินทาง / รถเมล์มพ.': 0, 'สิ่งอำนวยความสะดวกและอาคารสถานที่': 0, 'สุขอนามัยและความสะอาด': 0, 'การเรียนการสอนและหลักสูตร': 0, 'โรงอาหาร / ร้านค้าบริการ': 0, 'ความปลอดภัยและจราจร': 0, 'ระบบเครือข่ายและเทคโนโลยี': 18, 'บริการและสวัสดิการนิสิต': 0}",18,ระบบเครือข่ายและเทคโนโลยี
แจ้งเรื่องประตูพัง ตรงอาคารเรียนรวม ช่วยมาดูหน่อย,"['พัง', 'ประตูพัง']","{'การเดินทาง / รถเมล์มพ.': 0, 'สิ่งอำนวยความสะดวกและอาคารสถานที่': 11, 'สุขอนามัยและความสะอาด': 0, 'การเรียนการสอนและหลักสูตร': 0, 'โรงอาหาร / ร้านค้าบริการ': 0, 'ความปลอดภัยและจราจร': 0, 'ระบบเครือข่ายและเทคโนโลยี': 0, 'บริการและสวัสดิการนิสิต': 0}",11,สิ่งอำนวยความสะดวกและอาคารสถานที่
อาจารย์ครับ ตารางเรียนไม่ขึ้นระบบ รบกวนให้คำแนะนำที,"['ตารางเรียน', 'อาจารย์', 'ระบบ']","{'การเดินทาง / รถเมล์มพ.': 0, 'สิ่งอำนวยความสะดวกและอาคารสถานที่': 0, 'สุขอนามัยและความสะอาด': 0, 'การเรียนการสอนและหลักสูตร': 17, 'โรงอาหาร / ร้านค้าบริการ': 0, 'ความปลอดภัยและจราจร': 0, 'ระบบเครือข่ายและเทคโนโลยี': 4, 'บริการและสวัสดิการนิสิต': 0}",17,การเรียนการสอนและหลักสูตร
แจ้งทำความสะอาดตรงสวนหน้าตึก มีหมาจรจัดมาคุ้ยขยะ ครับ,"['หมาจรจัด', 'ทำความสะอาด']","{'การเดินทาง / รถเมล์มพ.': 0, 'สิ่งอำนวยความสะดวกและอาคารสถานที่': 0, 'สุขอนามัยและความสะอาด': 19, 'การเรียนการสอนและหลักสูตร': 0, 'โรงอาหาร / ร้านค้าบริการ': 0, 'ความปลอดภัยและจราจร': 0, 'ระบบเครือข่ายและเทคโนโลยี': 0, 'บริการและสวัสดิการนิสิต': 0}",19,สุขอนามัยและความสะอาด
อาจารย์ครับ เกรดยังไม่ออกครับ รบกวนให้คำแนะนำที,"['เกรด', 'อาจารย์']","{'การเดินทาง / รถเมล์มพ.': 0, 'สิ่งอำนวยความสะดวกและอาคารสถานที่': 0, 'สุขอนามัยและความสะอาด': 0, 'การเรียนการสอนและหลักสูตร': 11, 'โรงอาหาร / ร้านค้าบริการ': 0, 'ความปลอดภัยและจราจร': 0, 'ระบบเครือข่ายและเทคโนโลยี': 0, 'บริการและสวัสดิการนิสิต': 0}",11,การเรียนการสอนและหลักสูตร
แจ้งเรื่องหลังคารั่วหนักมาก ตรงตึก ICT ช่วยมาดูหน่อย,['หลังคารั่ว'],"{'การเดินทาง / รถเมล์มพ.': 0, 'สิ่งอำนวยความสะดวกและอาคารสถานที่': 10, 'สุขอนามัยและความสะอาด': 0, 'การเรียนการสอนและหลักสูตร': 0, 'โรงอาหาร / ร้านค้าบริการ': 0, 'ความปลอดภัยและจราจร': 0, 'ระบบเครือข่ายและเทคโนโลยี': 0, 'บริการและสวัสดิการนิสิต': 0}",10,สิ่งอำนวยความสะดวกและอาคารสถานที่
อาจารย์ครับ เกรดยังไม่ออกครับ รบกวนให้คำแนะนำที,"['เกรด', 'อาจารย์']","{'การเดินทาง / รถเมล์มพ.': 0, 'สิ่งอำนวยความสะดวกและอาคารสถานที่': 0, 'สุขอนามัยและความสะอาด': 0, 'การเรียนการสอนและหลักสูตร': 11, 'โรงอาหาร / ร้านค้าบริการ': 0, 'ความปลอดภัยและจราจร': 0, 'ระบบเครือข่ายและเทคโนโลยี': 0, 'บริการและสวัสดิการนิสิต': 0}",11,การเรียนการสอนและหลักสูตร
อาจารย์ครับ ลงทะเบียนวิชานี้ไม่ได้ รบกวนให้คำแนะนำที,"['วิชา', 'อาจารย์']","{'การเดินทาง / รถเมล์มพ.': 0, 'สิ่งอำนวยความสะดวกและอาคารสถานที่': 0, 'สุขอนามัยและความสะอาด': 0, 'การเรียนการสอนและหลักสูตร': 11, 'โรงอาหาร / ร้านค้าบริการ': 0, 'ความปลอดภัยและจราจร': 0, 'ระบบเครือข่ายและเทคโนโลยี': 0, 'บริการและสวัสดิการนิสิต': 0}",11,การเรียนการสอนและหลักสูตร
อาจารย์ครับ ขอสอบชดเชยต้องทำไง รบกวนให้คำแนะนำที,"['ขอสอบชดเชย', 'อาจารย์']","{'การเดินทาง / รถเมล์มพ.': 0, 'สิ่งอำนวยความสะดวกและอาคารสถานที่': 0, 'สุขอนามัยและความสะอาด': 0, 'การเรียนการสอนและหลักสูตร': 17, 'โรงอาหาร / ร้านค้าบริการ': 0, 'ความปลอดภัยและจราจร': 0, 'ระบบเครือข่ายและเทคโนโลยี': 0, 'บริการและสวัสดิการนิสิต': 0}",17,การเรียนการสอนและหลักสูตร
แจ้งเรื่องน้ำไม่ไหล ตรงอาคารเรียนรวม ช่วยมาดูหน่อย,['น้ำไม่ไหล'],"{'การเดินทาง / รถเมล์มพ.': 0, 'สิ่งอำนวยความสะดวกและอาคารสถานที่': 9, 'สุขอนามัยและความสะอาด': 0, 'การเรียนการสอนและหลักสูตร': 0, 'โรงอาหาร / ร้านค้าบริการ': 0, 'ความปลอดภัยและจราจร': 0, 'ระบบเครือข่ายและเทคโนโลยี': 0, 'บริการและสวัสดิการนิสิต': 0}",9,สิ่งอำนวยความสะดวกและอาคารสถานที่
รปภ. ช่วยดูตรงหน้ามอ หน่อยครับ มีรถชนกัน,"['รถชน', 'รปภ.', 'รปภ']","{'การเดินทาง / รถเมล์มพ.': 0, 'สิ่งอำนวยความสะดวกและอาคารสถานที่': 0, 'สุขอนามัยและความสะอาด': 0, 'การเรียนการสอนและหลักสูตร': 0, 'โรงอาหาร / ร้านค้าบริการ': 0, 'ความปลอดภัยและจราจร': 11, 'ระบบเครือข่ายและเทคโนโลยี': 0, 'บริการและสวัสดิการนิสิต': 0}",11,ความปลอดภัยและจราจร
สอบถามหน่อยครับ รถเมล์สาย 1 หมดกี่โมง,"['รถเมล์', 'รถเมล์สาย', 'สอบถามหน่อยครับ']","{'การเดินทาง / รถเมล์มพ.': 15, 'สิ่งอำนวยความสะดวกและอาคารสถานที่': 0, 'สุขอนามัยและความสะอาด': 0, 'การเรียนการสอนและหลักสูตร': 0, 'โรงอาหาร / ร้านค้าบริการ': 0, 'ความปลอดภัยและจราจร': 0, 'ระบบเครือข่ายและเทคโนโลยี': 0, 'บริการและสวัสดิการนิสิต': 15}",15,การเดินทาง / รถเมล์มพ.
แจ้งเรื่องไฟดับครับ ตรงห้องน้ำตึกสงวน ช่วยมาดูหน่อย,['ไฟดับ'],"{'การเดินทาง / รถเมล์มพ.': 0, 'สิ่งอำนวยความสะดวกและอาคารสถานที่': 5, 'สุขอนามัยและความสะอาด': 0, 'การเรียนการสอนและหลักสูตร': 0, 'โรงอาหาร / ร้านค้าบริการ': 0, 'ความปลอดภัยและจราจร': 0, 'ระบบเครือข่ายและเทคโนโลยี': 0, 'บริการและสวัสดิการนิสิต': 0}",5,สิ่งอำนวยความสะดวกและอาคารสถานที่
อาจารย์ครับ ขอสอบชดเชยต้องทำไง รบกวนให้คำแนะนำที,"['ขอสอบชดเชย', 'อาจารย์']","{'การเดินทาง / รถเมล์มพ.': 0, 'สิ่งอำนวยความสะดวกและอาคารสถานที่': 0, 'สุขอนามัยและความสะอาด': 0, 'การเรียนการสอนและหลักสูตร': 17, 'โรงอาหาร / ร้านค้าบริการ': 0, 'ความปลอดภัยและจราจร': 0, 'ระบบเครือข่ายและเทคโนโลยี': 0, 'บริการและสวัสดิการนิสิต': 0}",17,การเรียนการสอนและหลักสูตร
แจ้งเรื่องลิฟต์ค้าง ตรงตึก ICT ช่วยมาดูหน่อย,"['ลิฟต์ค้าง', 'ลิฟต์']","{'การเดินทาง / รถเมล์มพ.': 0, 'สิ่งอำนวยความสะดวกและอาคารสถานที่': 14, 'สุขอนามัยและความสะอาด': 0, 'การเรียนการสอนและหลักสูตร': 0, 'โรงอาหาร / ร้านค้าบริการ': 0, 'ความปลอดภัยและจราจร': 0, 'ระบบเครือข่ายและเทคโนโลยี': 0, 'บริการและสวัสดิการนิสิต': 0}",14,สิ่งอำนวยความสะดวกและอาคารสถานที่
แจ้งเรื่องไฟดับครับ ตรงห้องบรรยาย ช่วยมาดูหน่อย,['ไฟดับ'],"{'การเดินทาง / รถเมล์มพ.': 0, 'สิ่งอำนวยความสะดวกและอาคารสถานที่': 5, 'สุขอนามัยและความสะอาด': 0, 'การเรียนการสอนและหลักสูตร': 0, 'โรงอาหาร / ร้านค้าบริการ': 0, 'ความปลอดภัยและจราจร': 0, 'ระบบเครือข่ายและเทคโนโลยี': 0, 'บริการและสวัสดิการนิสิต': 0}",5,สิ่งอำนวยความสะดวกและอาคารสถานที่
รปภ. ช่วยดูตรงประตู 2 หน่อยครับ ทางมืดมากอันตราย,"['อันตราย', 'รปภ.', 'ทางมืด', 'รปภ', 'ประตู 2']","{'การเดินทาง / รถเมล์มพ.': 0, 'สิ่งอำนวยความสะดวกและอาคารสถานที่': 0, 'สุขอนามัยและความสะอาด': 0, 'การเรียนการสอนและหลักสูตร': 0, 'โรงอาหาร / ร้านค้าบริการ': 0, 'ความปลอดภัยและจราจร': 27, 'ระบบเครือข่ายและเทคโนโลยี': 0, 'บริการและสวัสดิการนิสิต': 0}",27,ความปลอดภัยและจราจร
รปภ. ช่วยดูตรงทางแยก หน่อยครับ มีรถชนกัน,"['รถชน', 'รปภ.', 'รปภ']","{'การเดินทาง / รถเมล์มพ.': 0, 'สิ่งอำนวยความสะดวกและอาคารสถานที่': 0, 'สุขอนามัยและความสะอาด': 0, 'การเรียนการสอนและหลักสูตร': 0, 'โรงอาหาร / ร้านค้าบริการ': 0, 'ความปลอดภัยและจราจร': 11, 'ระบบเครือข่ายและเทคโนโลยี': 0, 'บริการและสวัสดิการนิสิต': 0}",11,ความปลอดภัยและจราจร
แจ้งเรื่องแอร์ไม่เย็นเลย ตรงห้องบรรยาย ช่วยมาดูหน่อย,"['แอร์ไม่เย็น', 'แอร์']","{'การเดินทาง / รถเมล์มพ.': 0, 'สิ่งอำนวยความสะดวกและอาคารสถานที่': 15, 'สุขอนามัยและความสะอาด': 0, 'การเรียนการสอนและหลักสูตร': 0, 'โรงอาหาร / ร้านค้าบริการ': 0, 'ความปลอดภัยและจราจร': 0, 'ระบบเครือข่ายและเทคโนโลยี': 0, 'บริการและสวัสดิการนิสิต': 0}",15,สิ่งอำนวยความสะดวกและอาคารสถานที่
แจ้งเรื่องลิฟต์ค้าง ตรงห้อง 1204 ช่วยมาดูหน่อย,"['ลิฟต์ค้าง', 'ลิฟต์']","{'การเดินทาง / รถเมล์มพ.': 0, 'สิ่งอำนวยความสะดวกและอาคารสถานที่': 14, 'สุขอนามัยและความสะอาด': 0, 'การเรียนการสอนและหลักสูตร': 0, 'โรงอาหาร / ร้านค้าบริการ': 0, 'ความปลอดภัยและจราจร': 0, 'ระบบเครือข่ายและเทคโนโลยี': 0, 'บริการและสวัสดิการนิสิต': 0}",14,สิ่งอำนวยความสะดวกและอาคารสถานที่
อาจารย์ครับ อยากติดต่ออาจารย์เรื่องดรอปเรียน รบกวนให้คำแนะนำที,"['ดรอปเรียน', 'ติดต่ออาจารย์', 'อาจารย์']","{'การเดินทาง / รถเมล์มพ.': 0, 'สิ่งอำนวยความสะดวกและอาคารสถานที่': 0, 'สุขอนามัยและความสะอาด': 0, 'การเรียนการสอนและหลักสูตร': 29, 'โรงอาหาร / ร้านค้าบริการ': 0, 'ความปลอดภัยและจราจร': 0, 'ระบบเครือข่ายและเทคโนโลยี': 0, 'บริการและสวัสดิการนิสิต': 0}",29,การเรียนการสอนและหลักสูตร
แจ้งเรื่องลิฟต์ค้าง ตรงตึก ICT ช่วยมาดูหน่อย,"['ลิฟต์ค้าง', 'ลิฟต์']","{'การเดินทาง / รถเมล์มพ.': 0, 'สิ่งอำนวยความสะดวกและอาคารสถานที่': 14, 'สุขอนามัยและความสะอาด': 0, 'การเรียนการสอนและหลักสูตร': 0, 'โรงอาหาร / ร้านค้าบริการ': 0, 'ความปลอดภัยและจราจร': 0, 'ระบบเครือข่ายและเทคโนโลยี': 0, 'บริการและสวัสดิการนิสิต': 0}",14,สิ่งอำนวยความสะดวกและอาคารสถานที่
รปภ. ช่วยดูตรงลานจอดรถ หน่อยครับ มีรถชนกัน,"['รถชน', 'รปภ.', 'รปภ']","{'การเดินทาง / รถเมล์มพ.': 0, 'สิ่งอำนวยความสะดวกและอาคารสถานที่': 0, 'สุขอนามัยและความสะอาด': 0, 'การเรียนการสอนและหลักสูตร': 0, 'โรงอาหาร / ร้านค้าบริการ': 0, 'ความปลอดภัยและจราจร': 11, 'ระบบเครือข่ายและเทคโนโลยี': 0, 'บริการและสวัสดิการนิสิต': 0}",11,ความปลอดภัยและจราจร
สอบถามหน่อยครับ รถเมล์สาย 1 หมดกี่โมง,"['รถเมล์', 'รถเมล์สาย', 'สอบถามหน่อยครับ']","{'การเดินทาง / รถเมล์มพ.': 15, 'สิ่งอำนวยความสะดวกและอาคารสถานที่': 0, 'สุขอนามัยและความสะอาด': 0, 'การเรียนการสอนและหลักสูตร': 0, 'โรงอาหาร / ร้านค้าบริการ': 0, 'ความปลอดภัยและจราจร': 0, 'ระบบเครือข่ายและเทคโนโลยี': 0, 'บริการและสวัสดิการนิสิต': 15}",15,การเดินทาง / รถเมล์มพ.
แจ้งทำความสะอาดตรงสนามบาส สกปรกมากไม่ทำความสะอาด ครับ,"['สกปรก', 'ไม่ทำความสะอาด', 'ทำความสะอาด']","{'การเดินทาง / รถเมล์มพ.': 0, 'สิ่งอำนวยความสะดวกและอาคารสถานที่': 0, 'สุขอนามัยและความสะอาด': 30, 'การเรียนการสอนและหลักสูตร': 0, 'โรงอาหาร / ร้านค้าบริการ': 0, 'ความปลอดภัยและจราจร': 0, 'ระบบเครือข่ายและเทคโนโลยี': 0, 'บริการและสวัสดิการนิสิต': 0}",30,สุขอนามัยและความสะอาด
แจ้งทำความสะอาดตรงโรงอาหาร หญ้ารกมาก ครับ,"['หญ้ารก', 'ทำความสะอาด', 'โรงอาหาร', 'อาหาร']","{'การเดินทาง / รถเมล์มพ.': 0, 'สิ่งอำนวยความสะดวกและอาคารสถานที่': 0, 'สุขอนามัยและความสะอาด': 17, 'การเรียนการสอนและหลักสูตร': 0, 'โรงอาหาร / ร้านค้าบริการ': 13, 'ความปลอดภัยและจราจร': 0, 'ระบบเครือข่ายและเทคโนโลยี': 0, 'บริการและสวัสดิการนิสิต': 0}",17,สุขอนามัยและความสะอาด
เน็ตหลุดบ่อยมาก ตอนนี้อยู่หน้ามอ ทำงานไม่ได้เลย,"['เน็ตหลุด', 'หลุดบ่อย']","{'การเดินทาง / รถเมล์มพ.': 0, 'สิ่งอำนวยความสะดวกและอาคารสถานที่': 0, 'สุขอนามัยและความสะอาด': 0, 'การเรียนการสอนและหลักสูตร': 0, 'โรงอาหาร / ร้านค้าบริการ': 0, 'ความปลอดภัยและจราจร': 0, 'ระบบเครือข่ายและเทคโนโลยี': 16, 'บริการและสวัสดิการนิสิต': 0}",16,ระบบเครือข่ายและเทคโนโลยี
รปภ. ช่วยดูตรงหน้ามอ หน่อยครับ คนจอดรถขวางทาง,"['รปภ.', 'จอดรถขวาง', 'รปภ']","{'การเดินทาง / รถเมล์มพ.': 0, 'สิ่งอำนวยความสะดวกและอาคารสถานที่': 0, 'สุขอนามัยและความสะอาด': 0, 'การเรียนการสอนและหลักสูตร': 0, 'โรงอาหาร / ร้านค้าบริการ': 0, 'ความปลอดภัยและจราจร': 16, 'ระบบเครือข่ายและเทคโนโลยี': 0, 'บริการและสวัสดิการนิสิต': 0}",16,ความปลอดภัยและจราจร
ลืมรหัสผ่านเข้าระบบ ตอนนี้อยู่ตึกคณะ ทำงานไม่ได้เลย,"['ลืมรหัสผ่าน', 'ระบบ']","{'การเดินทาง / รถเมล์มพ.': 0, 'สิ่งอำนวยความสะดวกและอาคารสถานที่': 0, 'สุขอนามัยและความสะอาด': 0, 'การเรียนการสอนและหลักสูตร': 0, 'โรงอาหาร / ร้านค้าบริการ': 0, 'ความปลอดภัยและจราจร': 0, 'ระบบเครือข่ายและเทคโนโลยี': 15, 'บริการและสวัสดิการนิสิต': 0}",15,ระบบเครือข่ายและเทคโนโลยี
รปภ. ช่วยดูตรงประตู 2 หน่อยครับ มีรถชนกัน,"['รถชน', 'รปภ.', 'รปภ', 'ประตู 2']","{'การเดินทาง / รถเมล์มพ.': 0, 'สิ่งอำนวยความสะดวกและอาคารสถานที่': 0, 'สุขอนามัยและความสะอาด': 0, 'การเรียนการสอนและหลักสูตร': 0, 'โรงอาหาร / ร้านค้าบริการ': 0, 'ความปลอดภัยและจราจร': 18, 'ระบบเครือข่ายและเทคโนโลยี': 0, 'บริการและสวัสดิการนิสิต': 0}",18,ความปลอดภัยและจราจร
แจ้งทำความสะอาดตรงสนามบาส กิ่งไม้หักขวางทาง ครับ,"['กิ่งไม้หัก', 'ทำความสะอาด']","{'การเดินทาง / รถเมล์มพ.': 0, 'สิ่งอำนวยความสะดวกและอาคารสถานที่': 0, 'สุขอนามัยและความสะอาด': 21, 'การเรียนการสอนและหลักสูตร': 0, 'โรงอาหาร / ร้านค้าบริการ': 0, 'ความปลอดภัยและจราจร': 0, 'ระบบเครือข่ายและเทคโนโลยี': 0, 'บริการและสวัสดิการนิสิต': 0}",21,สุขอนามัยและความสะอาด
ระบบล่ม ตอนนี้อยู่ตึกคณะ ทำงานไม่ได้เลย,"['ระบบล่ม', 'ระบบ']","{'การเดินทาง / รถเมล์มพ.': 0, 'สิ่งอำนวยความสะดวกและอาคารสถานที่': 0, 'สุขอนามัยและความสะอาด': 0, 'การเรียนการสอนและหลักสูตร': 0, 'โรงอาหาร / ร้านค้าบริการ': 0, 'ความปลอดภัยและจราจร': 0, 'ระบบเครือข่ายและเทคโนโลยี': 11, 'บริการและสวัสดิการนิสิต': 0}",11,ระบบเครือข่ายและเทคโนโลยี
สอบถามหน่อยครับ สอบถามเรื่องทุนการศึกษา,"['ทุนการศึกษา', 'สอบถามหน่อยครับ']","{'การเดินทาง / รถเมล์มพ.': 0, 'สิ่งอำนวยความสะดวกและอาคารสถานที่': 0, 'สุขอนามัยและความสะอาด': 0, 'การเรียนการสอนและหลักสูตร': 0, 'โรงอาหาร / ร้านค้าบริการ': 0, 'ความปลอดภัยและจราจร': 0, 'ระบบเครือข่ายและเทคโนโลยี': 0, 'บริการและสวัสดิการนิสิต': 26}",26,บริการและสวัสดิการนิสิต
อาจารย์ครับ อยากติดต่ออาจารย์เรื่องดรอปเรียน รบกวนให้คำแนะนำที,"['ดรอปเรียน', 'ติดต่ออาจารย์', 'อาจารย์']","{'การเดินทาง / รถเมล์มพ.': 0, 'สิ่งอำนวยความสะดวกและอาคารสถานที่': 0, 'สุขอนามัยและความสะอาด': 0, 'การเรียนการสอนและหลักสูตร': 29, 'โรงอาหาร / ร้านค้าบริการ': 0, 'ความปลอดภัยและจราจร': 0, 'ระบบเครือข่ายและเทคโนโลยี': 0, 'บริการและสวัสดิการนิสิต': 0}",29,การเรียนการสอนและหลักสูตร
แจ้งเรื่องลิฟต์ค้าง ตรงห้องน้ำตึกสงวน ช่วยมาดูหน่อย,"['ลิฟต์ค้าง', 'ลิฟต์']","{'การเดินทาง / รถเมล์มพ.': 0, 'สิ่งอำนวยความสะดวกและอาคารสถานที่': 14, 'สุขอนามัยและความสะอาด': 0, 'การเรียนการสอนและหลักสูตร': 0, 'โรงอาหาร / ร้านค้าบริการ': 0, 'ความปลอดภัยและจราจร': 0, 'ระบบเครือข่ายและเทคโนโลยี': 0, 'บริการและสวัสดิการนิสิต': 0}",14,สิ่งอำนวยความสะดวกและอาคารสถานที่
แจ้งทำความสะอาดตรงโรงอาหาร ขยะล้นถังส่งกลิ่นเหม็น ครับ,"['ขยะล้น', 'เหม็น', 'ทำความสะอาด', 'กลิ่นเหม็น', 'โรงอาหาร', 'อาหาร']","{'การเดินทาง / รถเมล์มพ.': 0, 'สิ่งอำนวยความสะดวกและอาคารสถานที่': 0, 'สุขอนามัยและความสะอาด': 32, 'การเรียนการสอนและหลักสูตร': 0, 'โรงอาหาร / ร้านค้าบริการ': 13, 'ความปลอดภัยและจราจร': 0, 'ระบบเครือข่ายและเทคโนโลยี': 0, 'บริการและสวัสดิการนิสิต': 0}",32,สุขอนามัยและความสะอาด
แจ้งเรื่องหลังคารั่วหนักมาก ตรงห้อง 1204 ช่วยมาดูหน่อย,['หลังคารั่ว'],"{'การเดินทาง / รถเมล์มพ.': 0, 'สิ่งอำนวยความสะดวกและอาคารสถานที่': 10, 'สุขอนามัยและความสะอาด': 0, 'การเรียนการสอนและหลักสูตร': 0, 'โรงอาหาร / ร้านค้าบริการ': 0, 'ความปลอดภัยและจราจร': 0, 'ระบบเครือข่ายและเทคโนโลยี': 0, 'บริการและสวัสดิการนิสิต': 0}",10,สิ่งอำนวยความสะดวกและอาคารสถานที่
รปภ. ช่วยดูตรงลานจอดรถ หน่อยครับ หมวกกันน็อคหาย,"['รปภ.', 'รปภ', 'หมวกกันน็อคหาย']","{'การเดินทาง / รถเมล์มพ.': 0, 'สิ่งอำนวยความสะดวกและอาคารสถานที่': 0, 'สุขอนามัยและความสะอาด': 0, 'การเรียนการสอนและหลักสูตร': 0, 'โรงอาหาร / ร้านค้าบริการ': 0, 'ความปลอดภัยและจราจร': 7, 'ระบบเครือข่ายและเทคโนโลยี': 0, 'บริการและสวัสดิการนิสิต': 14}",14,บริการและสวัสดิการนิสิต
แจ้งเรื่องแอร์ไม่เย็นเลย ตรงห้องน้ำตึกสงวน ช่วยมาดูหน่อย,"['แอร์ไม่เย็น', 'แอร์']","{'การเดินทาง / รถเมล์มพ.': 0, 'สิ่งอำนวยความสะดวกและอาคารสถานที่': 15, 'สุขอนามัยและความสะอาด': 0, 'การเรียนการสอนและหลักสูตร': 0, 'โรงอาหาร / ร้านค้าบริการ': 0, 'ความปลอดภัยและจราจร': 0, 'ระบบเครือข่ายและเทคโนโลยี': 0, 'บริการและสวัสดิการนิสิต': 0}",15,สิ่งอำนวยความสะดวกและอาคารสถานที่
สอบถามหน่อยครับ สอบถามเรื่องทุนการศึกษา,"['ทุนการศึกษา', 'สอบถามหน่อยครับ']","{'การเดินทาง / รถเมล์มพ.': 0, 'สิ่งอำนวยความสะดวกและอาคารสถานที่': 0, 'สุขอนามัยและความสะอาด': 0, 'การเรียนการสอนและหลักสูตร': 0, 'โรงอาหาร / ร้านค้าบริการ': 0, 'ความปลอดภัยและจราจร': 0, 'ระบบเครือข่ายและเทคโนโลยี': 0, 'บริการและสวัสดิการนิสิต': 26}",26,บริการและสวัสดิการนิสิต
สอบถามหน่อยครับ ทำบัตรนิสิตใหม่ที่ไหน,"['บัตรนิสิต', 'สอบถามหน่อยครับ']","{'การเดินทาง / รถเมล์มพ.': 0, 'สิ่งอำนวยความสะดวกและอาคารสถานที่': 0, 'สุขอนามัยและความสะอาด': 0, 'การเรียนการสอนและหลักสูตร': 0, 'โรงอาหาร / ร้านค้าบริการ': 0, 'ความปลอดภัยและจราจร': 0, 'ระบบเครือข่ายและเทคโนโลยี': 0, 'บริการและสวัสดิการนิสิต': 24}",24,บริการและสวัสดิการนิสิต
แจ้งทำความสะอาดตรงโรงอาหาร กิ่งไม้หักขวางทาง ครับ,"['กิ่งไม้หัก', 'ทำความสะอาด', 'โรงอาหาร', 'อาหาร']","{'การเดินทาง / รถเมล์มพ.': 0, 'สิ่งอำนวยความสะดวกและอาคารสถานที่': 0, 'สุขอนามัยและความสะอาด': 21, 'การเรียนการสอนและหลักสูตร': 0, 'โรงอาหาร / ร้านค้าบริการ': 13, 'ความปลอดภัยและจราจร': 0, 'ระบบเครือข่ายและเทคโนโลยี': 0, 'บริการและสวัสดิการนิสิต': 0}",21,สุขอนามัยและความสะอาด
แจ้งเรื่องประตูพัง ตรงอาคารเรียนรวม ช่วยมาดูหน่อย,"['พัง', 'ประตูพัง']","{'การเดินทาง / รถเมล์มพ.': 0, 'สิ่งอำนวยความสะดวกและอาคารสถานที่': 11, 'สุขอนามัยและความสะอาด': 0, 'การเรียนการสอนและหลักสูตร': 0, 'โรงอาหาร / ร้านค้าบริการ': 0, 'ความปลอดภัยและจราจร': 0, 'ระบบเครือข่ายและเทคโนโลยี': 0, 'บริการและสวัสดิการนิสิต': 0}",11,สิ่งอำนวยความสะดวกและอาคารสถานที่
อาจารย์ครับ เกรดยังไม่ออกครับ รบกวนให้คำแนะนำที,"['เกรด', 'อาจารย์']","{'การเดินทาง / รถเมล์มพ.': 0, 'สิ่งอำนวยความสะดวกและอาคารสถานที่': 0, 'สุขอนามัยและความสะอาด': 0, 'การเรียนการสอนและหลักสูตร': 11, 'โรงอาหาร / ร้านค้าบริการ': 0, 'ความปลอดภัยและจราจร': 0, 'ระบบเครือข่ายและเทคโนโลยี': 0, 'บริการและสวัสดิการนิสิต': 0}",11,การเรียนการสอนและหลักสูตร
สอบถามหน่อยครับ สอบถามเรื่องทุนการศึกษา,"['ทุนการศึกษา', 'สอบถามหน่อยครับ']","{'การเดินทาง / รถเมล์มพ.': 0, 'สิ่งอำนวยความสะดวกและอาคารสถานที่': 0, 'สุขอนามัยและความสะอาด': 0, 'การเรียนการสอนและหลักสูตร': 0, 'โรงอาหาร / ร้านค้าบริการ': 0, 'ความปลอดภัยและจราจร': 0, 'ระบบเครือข่ายและเทคโนโลยี': 0, 'บริการและสวัสดิการนิสิต': 26}",26,บริการและสวัสดิการนิสิต
รปภ. ช่วยดูตรงทางแยก หน่อยครับ รถติดหนักมาก,"['รถติด', 'รปภ.', 'รปภ']","{'การเดินทาง / รถเมล์มพ.': 5, 'สิ่งอำนวยความสะดวกและอาคารสถานที่': 0, 'สุขอนามัยและความสะอาด': 0, 'การเรียนการสอนและหลักสูตร': 0, 'โรงอาหาร / ร้านค้าบริการ': 0, 'ความปลอดภัยและจราจร': 7, 'ระบบเครือข่ายและเทคโนโลยี': 0, 'บริการและสวัสดิการนิสิต': 0}",7,ความปลอดภัยและจราจร
อาจารย์ครับ ขอสอบชดเชยต้องทำไง รบกวนให้คำแนะนำที,"['ขอสอบชดเชย', 'อาจารย์']","{'การเดินทาง / รถเมล์มพ.': 0, 'สิ่งอำนวยความสะดวกและอาคารสถานที่': 0, 'สุขอนามัยและความสะอาด': 0, 'การเรียนการสอนและหลักสูตร': 17, 'โรงอาหาร / ร้านค้าบริการ': 0, 'ความปลอดภัยและจราจร': 0, 'ระบบเครือข่ายและเทคโนโลยี': 0, 'บริการและสวัสดิการนิสิต': 0}",17,การเรียนการสอนและหลักสูตร
แจ้งเรื่องแอร์ไม่เย็นเลย ตรงห้องน้ำตึกสงวน ช่วยมาดูหน่อย,"['แอร์ไม่เย็น', 'แอร์']","{'การเดินทาง / รถเมล์มพ.': 0, 'สิ่งอำนวยความสะดวกและอาคารสถานที่': 15, 'สุขอนามัยและความสะอาด': 0, 'การเรียนการสอนและหลักสูตร': 0, 'โรงอาหาร / ร้านค้าบริการ': 0, 'ความปลอดภัยและจราจร': 0, 'ระบบเครือข่ายและเทคโนโลยี': 0, 'บริการและสวัสดิการนิสิต': 0}",15,สิ่งอำนวยความสะดวกและอาคารสถานที่
สอบถามหน่อยครับ รถเมล์สาย 1 หมดกี่โมง,"['รถเมล์', 'รถเมล์สาย', 'สอบถามหน่อยครับ']","{'การเดินทาง / รถเมล์มพ.': 15, 'สิ่งอำนวยความสะดวกและอาคารสถานที่': 0, 'สุขอนามัยและความสะอาด': 0, 'การเรียนการสอนและหลักสูตร': 0, 'โรงอาหาร / ร้านค้าบริการ': 0, 'ความปลอดภัยและจราจร': 0, 'ระบบเครือข่ายและเทคโนโลยี': 0, 'บริการและสวัสดิการนิสิต': 15}",15,การเดินทาง / รถเมล์มพ.
แจ้งทำความสะอาดตรงโรงอาหาร มีหมาจรจัดมาคุ้ยขยะ ครับ,"['หมาจรจัด', 'ทำความสะอาด', 'โรงอาหาร', 'อาหาร']","{'การเดินทาง / รถเมล์มพ.': 0, 'สิ่งอำนวยความสะดวกและอาคารสถานที่': 0, 'สุขอนามัยและความสะอาด': 19, 'การเรียนการสอนและหลักสูตร': 0, 'โรงอาหาร / ร้านค้าบริการ': 13, 'ความปลอดภัยและจราจร': 0, 'ระบบเครือข่ายและเทคโนโลยี': 0, 'บริการและสวัสดิการนิสิต': 0}",19,สุขอนามัยและความสะอาด
แจ้งเรื่องแอร์ไม่เย็นเลย ตรงห้องน้ำตึกสงวน ช่วยมาดูหน่อย,"['แอร์ไม่เย็น', 'แอร์']","{'การเดินทาง / รถเมล์มพ.': 0, 'สิ่งอำนวยความสะดวกและอาคารสถานที่': 15, 'สุขอนามัยและความสะอาด': 0, 'การเรียนการสอนและหลักสูตร': 0, 'โรงอาหาร / ร้านค้าบริการ': 0, 'ความปลอดภัยและจราจร': 0, 'ระบบเครือข่ายและเทคโนโลยี': 0, 'บริการและสวัสดิการนิสิต': 0}",15,สิ่งอำนวยความสะดวกและอาคารสถานที่
แจ้งเรื่องหลังคารั่วหนักมาก ตรงตึก ICT ช่วยมาดูหน่อย,['หลังคารั่ว'],"{'การเดินทาง / รถเมล์มพ.': 0, 'สิ่งอำนวยความสะดวกและอาคารสถานที่': 10, 'สุขอนามัยและความสะอาด': 0, 'การเรียนการสอนและหลักสูตร': 0, 'โรงอาหาร / ร้านค้าบริการ': 0, 'ความปลอดภัยและจราจร': 0, 'ระบบเครือข่ายและเทคโนโลยี': 0, 'บริการและสวัสดิการนิสิต': 0}",10,สิ่งอำนวยความสะดวกและอาคารสถานที่
เน็ตหลุดบ่อยมาก ตอนนี้อยู่ตึกคณะ ทำงานไม่ได้เลย,"['เน็ตหลุด', 'หลุดบ่อย']","{'การเดินทาง / รถเมล์มพ.': 0, 'สิ่งอำนวยความสะดวกและอาคารสถานที่': 0, 'สุขอนามัยและความสะอาด': 0, 'การเรียนการสอนและหลักสูตร': 0, 'โรงอาหาร / ร้านค้าบริการ': 0, 'ความปลอดภัยและจราจร': 0, 'ระบบเครือข่ายและเทคโนโลยี': 16, 'บริการและสวัสดิการนิสิต': 0}",16,ระบบเครือข่ายและเทคโนโลยี
รปภ. ช่วยดูตรงหลังมอ หน่อยครับ หมวกกันน็อคหาย,"['รปภ.', 'รปภ', 'หมวกกันน็อคหาย']","{'การเดินทาง / รถเมล์มพ.': 0, 'สิ่งอำนวยความสะดวกและอาคารสถานที่': 0, 'สุขอนามัยและความสะอาด': 0, 'การเรียนการสอนและหลักสูตร': 0, 'โรงอาหาร / ร้านค้าบริการ': 0, 'ความปลอดภัยและจราจร': 7, 'ระบบเครือข่ายและเทคโนโลยี': 0, 'บริการและสวัสดิการนิสิต': 14}",14,บริการและสวัสดิการนิสิต
แจ้งเรื่องหลังคารั่วหนักมาก ตรงตึกวิทย์ ช่วยมาดูหน่อย,['หลังคารั่ว'],"{'การเดินทาง / รถเมล์มพ.': 0, 'สิ่งอำนวยความสะดวกและอาคารสถานที่': 10, 'สุขอนามัยและความสะอาด': 0, 'การเรียนการสอนและหลักสูตร': 0, 'โรงอาหาร / ร้านค้าบริการ': 0, 'ความปลอดภัยและจราจร': 0, 'ระบบเครือข่ายและเทคโนโลยี': 0, 'บริการและสวัสดิการนิสิต': 0}",10,สิ่งอำนวยความสะดวกและอาคารสถานที่
ไวไฟเข้าไม่ได้ ตอนนี้อยู่ตึกคณะ ทำงานไม่ได้เลย,"['ไวไฟเข้าไม่ได้', 'ไวไฟ']","{'การเดินทาง / รถเมล์มพ.': 0, 'สิ่งอำนวยความสะดวกและอาคารสถานที่': 0, 'สุขอนามัยและความสะอาด': 0, 'การเรียนการสอนและหลักสูตร': 0, 'โรงอาหาร / ร้านค้าบริการ': 0, 'ความปลอดภัยและจราจร': 0, 'ระบบเครือข่ายและเทคโนโลยี': 18, 'บริการและสวัสดิการนิสิต': 0}",18,ระบบเครือข่ายและเทคโนโลยี
รปภ. ช่วยดูตรงลานจอดรถ หน่อยครับ มีรถชนกัน,"['รถชน', 'รปภ.', 'รปภ']","{'การเดินทาง / รถเมล์มพ.': 0, 'สิ่งอำนวยความสะดวกและอาคารสถานที่': 0, 'สุขอนามัยและความสะอาด': 0, 'การเรียนการสอนและหลักสูตร': 0, 'โรงอาหาร / ร้านค้าบริการ': 0, 'ความปลอดภัยและจราจร': 11, 'ระบบเครือข่ายและเทคโนโลยี': 0, 'บริการและสวัสดิการนิสิต': 0}",11,ความปลอดภัยและจราจร
อาจารย์ครับ ขอสอบชดเชยต้องทำไง รบกวนให้คำแนะนำที,"['ขอสอบชดเชย', 'อาจารย์']","{'การเดินทาง / รถเมล์มพ.': 0, 'สิ่งอำนวยความสะดวกและอาคารสถานที่': 0, 'สุขอนามัยและความสะอาด': 0, 'การเรียนการสอนและหลักสูตร': 17, 'โรงอาหาร / ร้านค้าบริการ': 0, 'ความปลอดภัยและจราจร': 0, 'ระบบเครือข่ายและเทคโนโลยี': 0, 'บริการและสวัสดิการนิสิต': 0}",17,การเรียนการสอนและหลักสูตร
สอบถามหน่อยครับ สอบถามเรื่องทุนการศึกษา,"['ทุนการศึกษา', 'สอบถามหน่อยครับ']","{'การเดินทาง / รถเมล์มพ.': 0, 'สิ่งอำนวยความสะดวกและอาคารสถานที่': 0, 'สุขอนามัยและความสะอาด': 0, 'การเรียนการสอนและหลักสูตร': 0, 'โรงอาหาร / ร้านค้าบริการ': 0, 'ความปลอดภัยและจราจร': 0, 'ระบบเครือข่ายและเทคโนโลยี': 0, 'บริการและสวัสดิการนิสิต': 26}",26,บริการและสวัสดิการนิสิต
อาจารย์ครับ อยากติดต่ออาจารย์เรื่องดรอปเรียน รบกวนให้คำแนะนำที,"['ดรอปเรียน', 'ติดต่ออาจารย์', 'อาจารย์']","{'การเดินทาง / รถเมล์มพ.': 0, 'สิ่งอำนวยความสะดวกและอาคารสถานที่': 0, 'สุขอนามัยและความสะอาด': 0, 'การเรียนการสอนและหลักสูตร': 29, 'โรงอาหาร / ร้านค้าบริการ': 0, 'ความปลอดภัยและจราจร': 0, 'ระบบเครือข่ายและเทคโนโลยี': 0, 'บริการและสวัสดิการนิสิต': 0}",29,การเรียนการสอนและหลักสูตร
รปภ. ช่วยดูตรงหน้ามอ หน่อยครับ หมวกกันน็อคหาย,"['รปภ.', 'รปภ', 'หมวกกันน็อคหาย']","{'การเดินทาง / รถเมล์มพ.': 0, 'สิ่งอำนวยความสะดวกและอาคารสถานที่': 0, 'สุขอนามัยและความสะอาด': 0, 'การเรียนการสอนและหลักสูตร': 0, 'โรงอาหาร / ร้านค้าบริการ': 0, 'ความปลอดภัยและจราจร': 7, 'ระบบเครือข่ายและเทคโนโลยี': 0, 'บริการและสวัสดิการนิสิต': 14}",14,บริการและสวัสดิการนิสิต
ไวไฟเข้าไม่ได้ ตอนนี้อยู่ห้องสมุด ทำงานไม่ได้เลย,"['ไวไฟเข้าไม่ได้', 'ไวไฟ']","{'การเดินทาง / รถเมล์มพ.': 0, 'สิ่งอำนวยความสะดวกและอาคารสถานที่': 0, 'สุขอนามัยและความสะอาด': 0, 'การเรียนการสอนและหลักสูตร': 0, 'โรงอาหาร / ร้านค้าบริการ': 0, 'ความปลอดภัยและจราจร': 0, 'ระบบเครือข่ายและเทคโนโลยี': 18, 'บริการและสวัสดิการนิสิต': 0}",18,ระบบเครือข่ายและเทคโนโลยี
สอบถามหน่อยครับ สอบถามเรื่องทุนการศึกษา,"['ทุนการศึกษา', 'สอบถามหน่อยครับ']","{'การเดินทาง / รถเมล์มพ.': 0, 'สิ่งอำนวยความสะดวกและอาคารสถานที่': 0, 'สุขอนามัยและความสะอาด': 0, 'การเรียนการสอนและหลักสูตร': 0, 'โรงอาหาร / ร้านค้าบริการ': 0, 'ความปลอดภัยและจราจร': 0, 'ระบบเครือข่ายและเทคโนโลยี': 0, 'บริการและสวัสดิการนิสิต': 26}",26,บริการและสวัสดิการนิสิต
แจ้งเรื่องลิฟต์ค้าง ตรงห้อง 1204 ช่วยมาดูหน่อย,"['ลิฟต์ค้าง', 'ลิฟต์']","{'การเดินทาง / รถเมล์มพ.': 0, 'สิ่งอำนวยความสะดวกและอาคารสถานที่': 14, 'สุขอนามัยและความสะอาด': 0, 'การเรียนการสอนและหลักสูตร': 0, 'โรงอาหาร / ร้านค้าบริการ': 0, 'ความปลอดภัยและจราจร': 0, 'ระบบเครือข่ายและเทคโนโลยี': 0, 'บริการและสวัสดิการนิสิต': 0}",14,สิ่งอำนวยความสะดวกและอาคารสถานที่
รปภ. ช่วยดูตรงประตู 2 หน่อยครับ มีรถชนกัน,"['รถชน', 'รปภ.', 'รปภ', 'ประตู 2']","{'การเดินทาง / รถเมล์มพ.': 0, 'สิ่งอำนวยความสะดวกและอาคารสถานที่': 0, 'สุขอนามัยและความสะอาด': 0, 'การเรียนการสอนและหลักสูตร': 0, 'โรงอาหาร / ร้านค้าบริการ': 0, 'ความปลอดภัยและจราจร': 18, 'ระบบเครือข่ายและเทคโนโลยี': 0, 'บริการและสวัสดิการนิสิต': 0}",18,ความปลอดภัยและจราจร
รปภ. ช่วยดูตรงทางแยก หน่อยครับ หมวกกันน็อคหาย,"['รปภ.', 'รปภ', 'หมวกกันน็อคหาย']","{'การเดินทาง / รถเมล์มพ.': 0, 'สิ่งอำนวยความสะดวกและอาคารสถานที่': 0, 'สุขอนามัยและความสะอาด': 0, 'การเรียนการสอนและหลักสูตร': 0, 'โรงอาหาร / ร้านค้าบริการ': 0, 'ความปลอดภัยและจราจร': 7, 'ระบบเครือข่ายและเทคโนโลยี': 0, 'บริการและสวัสดิการนิสิต': 14}",14,บริการและสวัสดิการนิสิต
รปภ. ช่วยดูตรงลานจอดรถ หน่อยครับ มีรถชนกัน,"['รถชน', 'รปภ.', 'รปภ']","{'การเดินทาง / รถเมล์มพ.': 0, 'สิ่งอำนวยความสะดวกและอาคารสถานที่': 0, 'สุขอนามัยและความสะอาด': 0, 'การเรียนการสอนและหลักสูตร': 0, 'โรงอาหาร / ร้านค้าบริการ': 0, 'ความปลอดภัยและจราจร': 11, 'ระบบเครือข่ายและเทคโนโลยี': 0, 'บริการและสวัสดิการนิสิต': 0}",11,ความปลอดภัยและจราจร
แจ้งเรื่องหลังคารั่วหนักมาก ตรงห้องน้ำตึกสงวน ช่วยมาดูหน่อย,['หลังคารั่ว'],"{'การเดินทาง / รถเมล์มพ.': 0, 'สิ่งอำนวยความสะดวกและอาคารสถานที่': 10, 'สุขอนามัยและความสะอาด': 0, 'การเรียนการสอนและหลักสูตร': 0, 'โรงอาหาร / ร้านค้าบริการ': 0, 'ความปลอดภัยและจราจร': 0, 'ระบบเครือข่ายและเทคโนโลยี': 0, 'บริการและสวัสดิการนิสิต': 0}",10,สิ่งอำนวยความสะดวกและอาคารสถานที่
สอบถามหน่อยครับ สอบถามเรื่องทุนการศึกษา,"['ทุนการศึกษา', 'สอบถามหน่อยครับ']","{'การเดินทาง / รถเมล์มพ.': 0, 'สิ่งอำนวยความสะดวกและอาคารสถานที่': 0, 'สุขอนามัยและความสะอาด': 0, 'การเรียนการสอนและหลักสูตร': 0, 'โรงอาหาร / ร้านค้าบริการ': 0, 'ความปลอดภัยและจราจร': 0, 'ระบบเครือข่ายและเทคโนโลยี': 0, 'บริการและสวัสดิการนิสิต': 26}",26,บริการและสวัสดิการนิสิต
รปภ. ช่วยดูตรงประตู 2 หน่อยครับ ทางมืดมากอันตราย,"['อันตราย', 'รปภ.', 'ทางมืด', 'รปภ', 'ประตู 2']","{'การเดินทาง / รถเมล์มพ.': 0, 'สิ่งอำนวยความสะดวกและอาคารสถานที่': 0, 'สุขอนามัยและความสะอาด': 0, 'การเรียนการสอนและหลักสูตร': 0, 'โรงอาหาร / ร้านค้าบริการ': 0, 'ความปลอดภัยและจราจร': 27, 'ระบบเครือข่ายและเทคโนโลยี': 0, 'บริการและสวัสดิการนิสิต': 0}",27,ความปลอดภัยและจราจร
อาจารย์ครับ เกรดยังไม่ออกครับ รบกวนให้คำแนะนำที,"['เกรด', 'อาจารย์']","{'การเดินทาง / รถเมล์มพ.': 0, 'สิ่งอำนวยความสะดวกและอาคารสถานที่': 0, 'สุขอนามัยและความสะอาด': 0, 'การเรียนการสอนและหลักสูตร': 11, 'โรงอาหาร / ร้านค้าบริการ': 0, 'ความปลอดภัยและจราจร': 0, 'ระบบเครือข่ายและเทคโนโลยี': 0, 'บริการและสวัสดิการนิสิต': 0}",11,การเรียนการสอนและหลักสูตร
แจ้งทำความสะอาดตรงสวนหน้าตึก หญ้ารกมาก ครับ,"['หญ้ารก', 'ทำความสะอาด']","{'การเดินทาง / รถเมล์มพ.': 0, 'สิ่งอำนวยความสะดวกและอาคารสถานที่': 0, 'สุขอนามัยและความสะอาด': 17, 'การเรียนการสอนและหลักสูตร': 0, 'โรงอาหาร / ร้านค้าบริการ': 0, 'ความปลอดภัยและจราจร': 0, 'ระบบเครือข่ายและเทคโนโลยี': 0, 'บริการและสวัสดิการนิสิต': 0}",17,สุขอนามัยและความสะอาด
แจ้งทำความสะอาดตรงริมสระน้ำ หญ้ารกมาก ครับ,"['หญ้ารก', 'ทำความสะอาด']","{'การเดินทาง / รถเมล์มพ.': 0, 'สิ่งอำนวยความสะดวกและอาคารสถานที่': 0, 'สุขอนามัยและความสะอาด': 17, 'การเรียนการสอนและหลักสูตร': 0, 'โรงอาหาร / ร้านค้าบริการ': 0, 'ความปลอดภัยและจราจร': 0, 'ระบบเครือข่ายและเทคโนโลยี': 0, 'บริการและสวัสดิการนิสิต': 0}",17,สุขอนามัยและความสะอาด
อาจารย์ครับ ตารางเรียนไม่ขึ้นระบบ รบกวนให้คำแนะนำที,"['ตารางเรียน', 'อาจารย์', 'ระบบ']","{'การเดินทาง / รถเมล์มพ.': 0, 'สิ่งอำนวยความสะดวกและอาคารสถานที่': 0, 'สุขอนามัยและความสะอาด': 0, 'การเรียนการสอนและหลักสูตร': 17, 'โรงอาหาร / ร้านค้าบริการ': 0, 'ความปลอดภัยและจราจร': 0, 'ระบบเครือข่ายและเทคโนโลยี': 4, 'บริการและสวัสดิการนิสิต': 0}",17,การเรียนการสอนและหลักสูตร
แจ้งเรื่องหลังคารั่วหนักมาก ตรงห้องบรรยาย ช่วยมาดูหน่อย,['หลังคารั่ว'],"{'การเดินทาง / รถเมล์มพ.': 0, 'สิ่งอำนวยความสะดวกและอาคารสถานที่': 10, 'สุขอนามัยและความสะอาด': 0, 'การเรียนการสอนและหลักสูตร': 0, 'โรงอาหาร / ร้านค้าบริการ': 0, 'ความปลอดภัยและจราจร': 0, 'ระบบเครือข่ายและเทคโนโลยี': 0, 'บริการและสวัสดิการนิสิต': 0}",10,สิ่งอำนวยความสะดวกและอาคารสถานที่
ลืมรหัสผ่านเข้าระบบ ตอนนี้อยู่ตึกคณะ ทำงานไม่ได้เลย,"['ลืมรหัสผ่าน', 'ระบบ']","{'การเดินทาง / รถเมล์มพ.': 0, 'สิ่งอำนวยความสะดวกและอาคารสถานที่': 0, 'สุขอนามัยและความสะอาด': 0, 'การเรียนการสอนและหลักสูตร': 0, 'โรงอาหาร / ร้านค้าบริการ': 0, 'ความปลอดภัยและจราจร': 0, 'ระบบเครือข่ายและเทคโนโลยี': 15, 'บริการและสวัสดิการนิสิต': 0}",15,ระบบเครือข่ายและเทคโนโลยี
สอบถามหน่อยครับ สอบถามเรื่องทุนการศึกษา,"['ทุนการศึกษา', 'สอบถามหน่อยครับ']","{'การเดินทาง / รถเมล์มพ.': 0, 'สิ่งอำนวยความสะดวกและอาคารสถานที่': 0, 'สุขอนามัยและความสะอาด': 0, 'การเรียนการสอนและหลักสูตร': 0, 'โรงอาหาร / ร้านค้าบริการ': 0, 'ความปลอดภัยและจราจร': 0, 'ระบบเครือข่ายและเทคโนโลยี': 0, 'บริการและสวัสดิการนิสิต': 26}",26,บริการและสวัสดิการนิสิต
แจ้งเรื่องไฟดับครับ ตรงตึกวิทย์ ช่วยมาดูหน่อย,['ไฟดับ'],"{'การเดินทาง / รถเมล์มพ.': 0, 'สิ่งอำนวยความสะดวกและอาคารสถานที่': 5, 'สุขอนามัยและความสะอาด': 0, 'การเรียนการสอนและหลักสูตร': 0, 'โรงอาหาร / ร้านค้าบริการ': 0, 'ความปลอดภัยและจราจร': 0, 'ระบบเครือข่ายและเทคโนโลยี': 0, 'บริการและสวัสดิการนิสิต': 0}",5,สิ่งอำนวยความสะดวกและอาคารสถานที่
แจ้งทำความสะอาดตรงริมสระน้ำ มีหมาจรจัดมาคุ้ยขยะ ครับ,"['หมาจรจัด', 'ทำความสะอาด']","{'การเดินทาง / รถเมล์มพ.': 0, 'สิ่งอำนวยความสะดวกและอาคารสถานที่': 0, 'สุขอนามัยและความสะอาด': 19, 'การเรียนการสอนและหลักสูตร': 0, 'โรงอาหาร / ร้านค้าบริการ': 0, 'ความปลอดภัยและจราจร': 0, 'ระบบเครือข่ายและเทคโนโลยี': 0, 'บริการและสวัสดิการนิสิต': 0}",19,สุขอนามัยและความสะอาด
รปภ. ช่วยดูตรงลานจอดรถ หน่อยครับ คนจอดรถขวางทาง,"['รปภ.', 'จอดรถขวาง', 'รปภ']","{'การเดินทาง / รถเมล์มพ.': 0, 'สิ่งอำนวยความสะดวกและอาคารสถานที่': 0, 'สุขอนามัยและความสะอาด': 0, 'การเรียนการสอนและหลักสูตร': 0, 'โรงอาหาร / ร้านค้าบริการ': 0, 'ความปลอดภัยและจราจร': 16, 'ระบบเครือข่ายและเทคโนโลยี': 0, 'บริการและสวัสดิการนิสิต': 0}",16,ความปลอดภัยและจราจร
แจ้งเรื่องไฟดับครับ ตรงตึกวิทย์ ช่วยมาดูหน่อย,['ไฟดับ'],"{'การเดินทาง / รถเมล์มพ.': 0, 'สิ่งอำนวยความสะดวกและอาคารสถานที่': 5, 'สุขอนามัยและความสะอาด': 0, 'การเรียนการสอนและหลักสูตร': 0, 'โรงอาหาร / ร้านค้าบริการ': 0, 'ความปลอดภัยและจราจร': 0, 'ระบบเครือข่ายและเทคโนโลยี': 0, 'บริการและสวัสดิการนิสิต': 0}",5,สิ่งอำนวยความสะดวกและอาคารสถานที่
อาจารย์ครับ ขอสอบชดเชยต้องทำไง รบกวนให้คำแนะนำที,"['ขอสอบชดเชย', 'อาจารย์']","{'การเดินทาง / รถเมล์มพ.': 0, 'สิ่งอำนวยความสะดวกและอาคารสถานที่': 0, 'สุขอนามัยและความสะอาด': 0, 'การเรียนการสอนและหลักสูตร': 17, 'โรงอาหาร / ร้านค้าบริการ': 0, 'ความปลอดภัยและจราจร': 0, 'ระบบเครือข่ายและเทคโนโลยี': 0, 'บริการและสวัสดิการนิสิต': 0}",17,การเรียนการสอนและหลักสูตร
อาจารย์ครับ ตารางเรียนไม่ขึ้นระบบ รบกวนให้คำแนะนำที,"['ตารางเรียน', 'อาจารย์', 'ระบบ']","{'การเดินทาง / รถเมล์มพ.': 0, 'สิ่งอำนวยความสะดวกและอาคารสถานที่': 0, 'สุขอนามัยและความสะอาด': 0, 'การเรียนการสอนและหลักสูตร': 17, 'โรงอาหาร / ร้านค้าบริการ': 0, 'ความปลอดภัยและจราจร': 0, 'ระบบเครือข่ายและเทคโนโลยี': 4, 'บริการและสวัสดิการนิสิต': 0}",17,การเรียนการสอนและหลักสูตร
แจ้งเรื่องประตูพัง ตรงอาคารเรียนรวม ช่วยมาดูหน่อย,"['พัง', 'ประตูพัง']","{'การเดินทาง / รถเมล์มพ.': 0, 'สิ่งอำนวยความสะดวกและอาคารสถานที่': 11, 'สุขอนามัยและความสะอาด': 0, 'การเรียนการสอนและหลักสูตร': 0, 'โรงอาหาร / ร้านค้าบริการ': 0, 'ความปลอดภัยและจราจร': 0, 'ระบบเครือข่ายและเทคโนโลยี': 0, 'บริการและสวัสดิการนิสิต': 0}",11,สิ่งอำนวยความสะดวกและอาคารสถานที่
อาจารย์ครับ ขอสอบชดเชยต้องทำไง รบกวนให้คำแนะนำที,"['ขอสอบชดเชย', 'อาจารย์']","{'การเดินทาง / รถเมล์มพ.': 0, 'สิ่งอำนวยความสะดวกและอาคารสถานที่': 0, 'สุขอนามัยและความสะอาด': 0, 'การเรียนการสอนและหลักสูตร': 17, 'โรงอาหาร / ร้านค้าบริการ': 0, 'ความปลอดภัยและจราจร': 0, 'ระบบเครือข่ายและเทคโนโลยี': 0, 'บริการและสวัสดิการนิสิต': 0}",17,การเรียนการสอนและหลักสูตร
เน็ตหลุดบ่อยมาก ตอนนี้อยู่ห้องสมุด ทำงานไม่ได้เลย,"['เน็ตหลุด', 'หลุดบ่อย']","{'การเดินทาง / รถเมล์มพ.': 0, 'สิ่งอำนวยความสะดวกและอาคารสถานที่': 0, 'สุขอนามัยและความสะอาด': 0, 'การเรียนการสอนและหลักสูตร': 0, 'โรงอาหาร / ร้านค้าบริการ': 0, 'ความปลอดภัยและจราจร': 0, 'ระบบเครือข่ายและเทคโนโลยี': 16, 'บริการและสวัสดิการนิสิต': 0}",16,ระบบเครือข่ายและเทคโนโลยี
แจ้งทำความสะอาดตรงโรงอาหาร หญ้ารกมาก ครับ,"['หญ้ารก', 'ทำความสะอาด', 'โรงอาหาร', 'อาหาร']","{'การเดินทาง / รถเมล์มพ.': 0, 'สิ่งอำนวยความสะดวกและอาคารสถานที่': 0, 'สุขอนามัยและความสะอาด': 17, 'การเรียนการสอนและหลักสูตร': 0, 'โรงอาหาร / ร้านค้าบริการ': 13, 'ความปลอดภัยและจราจร': 0, 'ระบบเครือข่ายและเทคโนโลยี': 0, 'บริการและสวัสดิการนิสิต': 0}",17,สุขอนามัยและความสะอาด
สอบถามหน่อยครับ สอบถามเรื่องทุนการศึกษา,"['ทุนการศึกษา', 'สอบถามหน่อยครับ']","{'การเดินทาง / รถเมล์มพ.': 0, 'สิ่งอำนวยความสะดวกและอาคารสถานที่': 0, 'สุขอนามัยและความสะอาด': 0, 'การเรียนการสอนและหลักสูตร': 0, 'โรงอาหาร / ร้านค้าบริการ': 0, 'ความปลอดภัยและจราจร': 0, 'ระบบเครือข่ายและเทคโนโลยี': 0, 'บริการและสวัสดิการนิสิต': 26}",26,บริการและสวัสดิการนิสิต
สอบถามหน่อยครับ สอบถามเรื่องทุนการศึกษา,"['ทุนการศึกษา', 'สอบถามหน่อยครับ']","{'การเดินทาง / รถเมล์มพ.': 0, 'สิ่งอำนวยความสะดวกและอาคารสถานที่': 0, 'สุขอนามัยและความสะอาด': 0, 'การเรียนการสอนและหลักสูตร': 0, 'โรงอาหาร / ร้านค้าบริการ': 0, 'ความปลอดภัยและจราจร': 0, 'ระบบเครือข่ายและเทคโนโลยี': 0, 'บริการและสวัสดิการนิสิต': 26}",26,บริการและสวัสดิการนิสิต
สอบถามหน่อยครับ สอบถามเรื่องทุนการศึกษา,"['ทุนการศึกษา', 'สอบถามหน่อยครับ']","{'การเดินทาง / รถเมล์มพ.': 0, 'สิ่งอำนวยความสะดวกและอาคารสถานที่': 0, 'สุขอนามัยและความสะอาด': 0, 'การเรียนการสอนและหลักสูตร': 0, 'โรงอาหาร / ร้านค้าบริการ': 0, 'ความปลอดภัยและจราจร': 0, 'ระบบเครือข่ายและเทคโนโลยี': 0, 'บริการและสวัสดิการนิสิต': 26}",26,บริการและสวัสดิการนิสิต
แจ้งเรื่องลิฟต์ค้าง ตรงตึกวิทย์ ช่วยมาดูหน่อย,"['ลิฟต์ค้าง', 'ลิฟต์']","{'การเดินทาง / รถเมล์มพ.': 0, 'สิ่งอำนวยความสะดวกและอาคารสถานที่': 14, 'สุขอนามัยและความสะอาด': 0, 'การเรียนการสอนและหลักสูตร': 0, 'โรงอาหาร / ร้านค้าบริการ': 0, 'ความปลอดภัยและจราจร': 0, 'ระบบเครือข่ายและเทคโนโลยี': 0, 'บริการและสวัสดิการนิสิต': 0}",14,สิ่งอำนวยความสะดวกและอาคารสถานที่
อาจารย์ครับ ตารางเรียนไม่ขึ้นระบบ รบกวนให้คำแนะนำที,"['ตารางเรียน', 'อาจารย์', 'ระบบ']","{'การเดินทาง / รถเมล์มพ.': 0, 'สิ่งอำนวยความสะดวกและอาคารสถานที่': 0, 'สุขอนามัยและความสะอาด': 0, 'การเรียนการสอนและหลักสูตร': 17, 'โรงอาหาร / ร้านค้าบริการ': 0, 'ความปลอดภัยและจราจร': 0, 'ระบบเครือข่ายและเทคโนโลยี': 4, 'บริการและสวัสดิการนิสิต': 0}",17,การเรียนการสอนและหลักสูตร
รปภ. ช่วยดูตรงประตู 2 หน่อยครับ ทางมืดมากอันตราย,"['อันตราย', 'รปภ.', 'ทางมืด', 'รปภ', 'ประตู 2']","{'การเดินทาง / รถเมล์มพ.': 0, 'สิ่งอำนวยความสะดวกและอาคารสถานที่': 0, 'สุขอนามัยและความสะอาด': 0, 'การเรียนการสอนและหลักสูตร': 0, 'โรงอาหาร / ร้านค้าบริการ': 0, 'ความปลอดภัยและจราจร': 27, 'ระบบเครือข่ายและเทคโนโลยี': 0, 'บริการและสวัสดิการนิสิต': 0}",27,ความปลอดภัยและจราจร
อาจารย์ครับ ลงทะเบียนวิชานี้ไม่ได้ รบกวนให้คำแนะนำที,"['วิชา', 'อาจารย์']","{'การเดินทาง / รถเมล์มพ.': 0, 'สิ่งอำนวยความสะดวกและอาคารสถานที่': 0, 'สุขอนามัยและความสะอาด': 0, 'การเรียนการสอนและหลักสูตร': 11, 'โรงอาหาร / ร้านค้าบริการ': 0, 'ความปลอดภัยและจราจร': 0, 'ระบบเครือข่ายและเทคโนโลยี': 0, 'บริการและสวัสดิการนิสิต': 0}",11,การเรียนการสอนและหลักสูตร
อาจารย์ครับ เกรดยังไม่ออกครับ รบกวนให้คำแนะนำที,"['เกรด', 'อาจารย์']","{'การเดินทาง / รถเมล์มพ.': 0, 'สิ่งอำนวยความสะดวกและอาคารสถานที่': 0, 'สุขอนามัยและความสะอาด': 0, 'การเรียนการสอนและหลักสูตร': 11, 'โรงอาหาร / ร้านค้าบริการ': 0, 'ความปลอดภัยและจราจร': 0, 'ระบบเครือข่ายและเทคโนโลยี': 0, 'บริการและสวัสดิการนิสิต': 0}",11,การเรียนการสอนและหลักสูตร
แจ้งทำความสะอาดตรงริมสระน้ำ มีหมาจรจัดมาคุ้ยขยะ ครับ,"['หมาจรจัด', 'ทำความสะอาด']","{'การเดินทาง / รถเมล์มพ.': 0, 'สิ่งอำนวยความสะดวกและอาคารสถานที่': 0, 'สุขอนามัยและความสะอาด': 19, 'การเรียนการสอนและหลักสูตร': 0, 'โรงอาหาร / ร้านค้าบริการ': 0, 'ความปลอดภัยและจราจร': 0, 'ระบบเครือข่ายและเทคโนโลยี': 0, 'บริการและสวัสดิการนิสิต': 0}",19,สุขอนามัยและความสะอาด
อาจารย์ครับ ลงทะเบียนวิชานี้ไม่ได้ รบกวนให้คำแนะนำที,"['วิชา', 'อาจารย์']","{'การเดินทาง / รถเมล์มพ.': 0, 'สิ่งอำนวยความสะดวกและอาคารสถานที่': 0, 'สุขอนามัยและความสะอาด': 0, 'การเรียนการสอนและหลักสูตร': 11, 'โรงอาหาร / ร้านค้าบริการ': 0, 'ความปลอดภัยและจราจร': 0, 'ระบบเครือข่ายและเทคโนโลยี': 0, 'บริการและสวัสดิการนิสิต': 0}",11,การเรียนการสอนและหลักสูตร
แจ้งทำความสะอาดตรงโรงอาหาร มีหมาจรจัดมาคุ้ยขยะ ครับ,"['หมาจรจัด', 'ทำความสะอาด', 'โรงอาหาร', 'อาหาร']","{'การเดินทาง / รถเมล์มพ.': 0, 'สิ่งอำนวยความสะดวกและอาคารสถานที่': 0, 'สุขอนามัยและความสะอาด': 19, 'การเรียนการสอนและหลักสูตร': 0, 'โรงอาหาร / ร้านค้าบริการ': 13, 'ความปลอดภัยและจราจร': 0, 'ระบบเครือข่ายและเทคโนโลยี': 0, 'บริการและสวัสดิการนิสิต': 0}",19,สุขอนามัยและความสะอาด
รปภ. ช่วยดูตรงหลังมอ หน่อยครับ ทางมืดมากอันตราย,"['อันตราย', 'รปภ.', 'ทางมืด', 'รปภ']","{'การเดินทาง / รถเมล์มพ.': 0, 'สิ่งอำนวยความสะดวกและอาคารสถานที่': 0, 'สุขอนามัยและความสะอาด': 0, 'การเรียนการสอนและหลักสูตร': 0, 'โรงอาหาร / ร้านค้าบริการ': 0, 'ความปลอดภัยและจราจร': 20, 'ระบบเครือข่ายและเทคโนโลยี': 0, 'บริการและสวัสดิการนิสิต': 0}",20,ความปลอดภัยและจราจร
แจ้งเรื่องน้ำไม่ไหล ตรงห้อง 1204 ช่วยมาดูหน่อย,['น้ำไม่ไหล'],"{'การเดินทาง / รถเมล์มพ.': 0, 'สิ่งอำนวยความสะดวกและอาคารสถานที่': 9, 'สุขอนามัยและความสะอาด': 0, 'การเรียนการสอนและหลักสูตร': 0, 'โรงอาหาร / ร้านค้าบริการ': 0, 'ความปลอดภัยและจราจร': 0, 'ระบบเครือข่ายและเทคโนโลยี': 0, 'บริการและสวัสดิการนิสิต': 0}",9,สิ่งอำนวยความสะดวกและอาคารสถานที่
สอบถามหน่อยครับ รถเมล์สาย 1 หมดกี่โมง,"['รถเมล์', 'รถเมล์สาย', 'สอบถามหน่อยครับ']","{'การเดินทาง / รถเมล์มพ.': 15, 'สิ่งอำนวยความสะดวกและอาคารสถานที่': 0, 'สุขอนามัยและความสะอาด': 0, 'การเรียนการสอนและหลักสูตร': 0, 'โรงอาหาร / ร้านค้าบริการ': 0, 'ความปลอดภัยและจราจร': 0, 'ระบบเครือข่ายและเทคโนโลยี': 0, 'บริการและสวัสดิการนิสิต': 15}",15,การเดินทาง / รถเมล์มพ.
สอบถามหน่อยครับ ทำบัตรนิสิตใหม่ที่ไหน,"['บัตรนิสิต', 'สอบถามหน่อยครับ']","{'การเดินทาง / รถเมล์มพ.': 0, 'สิ่งอำนวยความสะดวกและอาคารสถานที่': 0, 'สุขอนามัยและความสะอาด': 0, 'การเรียนการสอนและหลักสูตร': 0, 'โรงอาหาร / ร้านค้าบริการ': 0, 'ความปลอดภัยและจราจร': 0, 'ระบบเครือข่ายและเทคโนโลยี': 0, 'บริการและสวัสดิการนิสิต': 24}",24,บริการและสวัสดิการนิสิต
ลงทะเบียนไม่ได้ ตอนนี้อยู่ห้องสมุด ทำงานไม่ได้เลย,['ลงทะเบียนไม่ได้'],"{'การเดินทาง / รถเมล์มพ.': 0, 'สิ่งอำนวยความสะดวกและอาคารสถานที่': 0, 'สุขอนามัยและความสะอาด': 0, 'การเรียนการสอนและหลักสูตร': 0, 'โรงอาหาร / ร้านค้าบริการ': 0, 'ความปลอดภัยและจราจร': 0, 'ระบบเครือข่ายและเทคโนโลยี': 15, 'บริการและสวัสดิการนิสิต': 0}",15,ระบบเครือข่ายและเทคโนโลยี
รปภ. ช่วยดูตรงทางแยก หน่อยครับ หมวกกันน็อคหาย,"['รปภ.', 'รปภ', 'หมวกกันน็อคหาย']","{'การเดินทาง / รถเมล์มพ.': 0, 'สิ่งอำนวยความสะดวกและอาคารสถานที่': 0, 'สุขอนามัยและความสะอาด': 0, 'การเรียนการสอนและหลักสูตร': 0, 'โรงอาหาร / ร้านค้าบริการ': 0, 'ความปลอดภัยและจราจร': 7, 'ระบบเครือข่ายและเทคโนโลยี': 0, 'บริการและสวัสดิการนิสิต': 14}",14,บริการและสวัสดิการนิสิต
สอบถามหน่อยครับ รถเมล์สาย 1 หมดกี่โมง,"['รถเมล์', 'รถเมล์สาย', 'สอบถามหน่อยครับ']","{'การเดินทาง / รถเมล์มพ.': 15, 'สิ่งอำนวยความสะดวกและอาคารสถานที่': 0, 'สุขอนามัยและความสะอาด': 0, 'การเรียนการสอนและหลักสูตร': 0, 'โรงอาหาร / ร้านค้าบริการ': 0, 'ความปลอดภัยและจราจร': 0, 'ระบบเครือข่ายและเทคโนโลยี': 0, 'บริการและสวัสดิการนิสิต': 15}",15,การเดินทาง / รถเมล์มพ.
สอบถามหน่อยครับ อยากทราบกำหนดการกิจกรรมรับน้อง,"['กิจกรรม', 'สอบถามหน่อยครับ']","{'การเดินทาง / รถเมล์มพ.': 0, 'สิ่งอำนวยความสะดวกและอาคารสถานที่': 0, 'สุขอนามัยและความสะอาด': 0, 'การเรียนการสอนและหลักสูตร': 0, 'โรงอาหาร / ร้านค้าบริการ': 0, 'ความปลอดภัยและจราจร': 0, 'ระบบเครือข่ายและเทคโนโลยี': 0, 'บริการและสวัสดิการนิสิต': 22}",22,บริการและสวัสดิการนิสิต
สอบถามหน่อยครับ ทำบัตรนิสิตใหม่ที่ไหน,"['บัตรนิสิต', 'สอบถามหน่อยครับ']","{'การเดินทาง / รถเมล์มพ.': 0, 'สิ่งอำนวยความสะดวกและอาคารสถานที่': 0, 'สุขอนามัยและความสะอาด': 0, 'การเรียนการสอนและหลักสูตร': 0, 'โรงอาหาร / ร้านค้าบริการ': 0, 'ความปลอดภัยและจราจร': 0, 'ระบบเครือข่ายและเทคโนโลยี': 0, 'บริการและสวัสดิการนิสิต': 24}",24,บริการและสวัสดิการนิสิต
ระบบล่ม ตอนนี้อยู่หอพักใน ทำงานไม่ได้เลย,"['ระบบล่ม', 'ระบบ']","{'การเดินทาง / รถเมล์มพ.': 0, 'สิ่งอำนวยความสะดวกและอาคารสถานที่': 0, 'สุขอนามัยและความสะอาด': 0, 'การเรียนการสอนและหลักสูตร': 0, 'โรงอาหาร / ร้านค้าบริการ': 0, 'ความปลอดภัยและจราจร': 0, 'ระบบเครือข่ายและเทคโนโลยี': 11, 'บริการและสวัสดิการนิสิต': 0}",11,ระบบเครือข่ายและเทคโนโลยี
แจ้งเรื่องไฟดับครับ ตรงห้อง 1204 ช่วยมาดูหน่อย,['ไฟดับ'],"{'การเดินทาง / รถเมล์มพ.': 0, 'สิ่งอำนวยความสะดวกและอาคารสถานที่': 5, 'สุขอนามัยและความสะอาด': 0, 'การเรียนการสอนและหลักสูตร': 0, 'โรงอาหาร / ร้านค้าบริการ': 0, 'ความปลอดภัยและจราจร': 0, 'ระบบเครือข่ายและเทคโนโลยี': 0, 'บริการและสวัสดิการนิสิต': 0}",5,สิ่งอำนวยความสะดวกและอาคารสถานที่
รปภ. ช่วยดูตรงทางแยก หน่อยครับ ทางมืดมากอันตราย,"['อันตราย', 'รปภ.', 'ทางมืด', 'รปภ']","{'การเดินทาง / รถเมล์มพ.': 0, 'สิ่งอำนวยความสะดวกและอาคารสถานที่': 0, 'สุขอนามัยและความสะอาด': 0, 'การเรียนการสอนและหลักสูตร': 0, 'โรงอาหาร / ร้านค้าบริการ': 0, 'ความปลอดภัยและจราจร': 20, 'ระบบเครือข่ายและเทคโนโลยี': 0, 'บริการและสวัสดิการนิสิต': 0}",20,ความปลอดภัยและจราจร
ลงทะเบียนไม่ได้ ตอนนี้อยู่หอพักใน ทำงานไม่ได้เลย,['ลงทะเบียนไม่ได้'],"{'การเดินทาง / รถเมล์มพ.': 0, 'สิ่งอำนวยความสะดวกและอาคารสถานที่': 0, 'สุขอนามัยและความสะอาด': 0, 'การเรียนการสอนและหลักสูตร': 0, 'โรงอาหาร / ร้านค้าบริการ': 0, 'ความปลอดภัยและจราจร': 0, 'ระบบเครือข่ายและเทคโนโลยี': 15, 'บริการและสวัสดิการนิสิต': 0}",15,ระบบเครือข่ายและเทคโนโลยี
อาจารย์ครับ เกรดยังไม่ออกครับ รบกวนให้คำแนะนำที,"['เกรด', 'อาจารย์']","{'การเดินทาง / รถเมล์มพ.': 0, 'สิ่งอำนวยความสะดวกและอาคารสถานที่': 0, 'สุขอนามัยและความสะอาด': 0, 'การเรียนการสอนและหลักสูตร': 11, 'โรงอาหาร / ร้านค้าบริการ': 0, 'ความปลอดภัยและจราจร': 0, 'ระบบเครือข่ายและเทคโนโลยี': 0, 'บริการและสวัสดิการนิสิต': 0}",11,การเรียนการสอนและหลักสูตร
แจ้งทำความสะอาดตรงสนามบาส กิ่งไม้หักขวางทาง ครับ,"['กิ่งไม้หัก', 'ทำความสะอาด']","{'การเดินทาง / รถเมล์มพ.': 0, 'สิ่งอำนวยความสะดวกและอาคารสถานที่': 0, 'สุขอนามัยและความสะอาด': 21, 'การเรียนการสอนและหลักสูตร': 0, 'โรงอาหาร / ร้านค้าบริการ': 0, 'ความปลอดภัยและจราจร': 0, 'ระบบเครือข่ายและเทคโนโลยี': 0, 'บริการและสวัสดิการนิสิต': 0}",21,สุขอนามัยและความสะอาด
แจ้งทำความสะอาดตรงสวนหน้าตึก กิ่งไม้หักขวางทาง ครับ,"['กิ่งไม้หัก', 'ทำความสะอาด']","{'การเดินทาง / รถเมล์มพ.': 0, 'สิ่งอำนวยความสะดวกและอาคารสถานที่': 0, 'สุขอนามัยและความสะอาด': 21, 'การเรียนการสอนและหลักสูตร': 0, 'โรงอาหาร / ร้านค้าบริการ': 0, 'ความปลอดภัยและจราจร': 0, 'ระบบเครือข่ายและเทคโนโลยี': 0, 'บริการและสวัสดิการนิสิต': 0}",21,สุขอนามัยและความสะอาด
รปภ. ช่วยดูตรงหน้ามอ หน่อยครับ หมวกกันน็อคหาย,"['รปภ.', 'รปภ', 'หมวกกันน็อคหาย']","{'การเดินทาง / รถเมล์มพ.': 0, 'สิ่งอำนวยความสะดวกและอาคารสถานที่': 0, 'สุขอนามัยและความสะอาด': 0, 'การเรียนการสอนและหลักสูตร': 0, 'โรงอาหาร / ร้านค้าบริการ': 0, 'ความปลอดภัยและจราจร': 7, 'ระบบเครือข่ายและเทคโนโลยี': 0, 'บริการและสวัสดิการนิสิต': 14}",14,บริการและสวัสดิการนิสิต
แจ้งทำความสะอาดตรงสวนหน้าตึก หญ้ารกมาก ครับ,"['หญ้ารก', 'ทำความสะอาด']","{'การเดินทาง / รถเมล์มพ.': 0, 'สิ่งอำนวยความสะดวกและอาคารสถานที่': 0, 'สุขอนามัยและความสะอาด': 17, 'การเรียนการสอนและหลักสูตร': 0, 'โรงอาหาร / ร้านค้าบริการ': 0, 'ความปลอดภัยและจราจร': 0, 'ระบบเครือข่ายและเทคโนโลยี': 0, 'บริการและสวัสดิการนิสิต': 0}",17,สุขอนามัยและความสะอาด
ระบบล่ม ตอนนี้อยู่ห้องสมุด ทำงานไม่ได้เลย,"['ระบบล่ม', 'ระบบ']","{'การเดินทาง / รถเมล์มพ.': 0, 'สิ่งอำนวยความสะดวกและอาคารสถานที่': 0, 'สุขอนามัยและความสะอาด': 0, 'การเรียนการสอนและหลักสูตร': 0, 'โรงอาหาร / ร้านค้าบริการ': 0, 'ความปลอดภัยและจราจร': 0, 'ระบบเครือข่ายและเทคโนโลยี': 11, 'บริการและสวัสดิการนิสิต': 0}",11,ระบบเครือข่ายและเทคโนโลยี
อาจารย์ครับ ขอสอบชดเชยต้องทำไง รบกวนให้คำแนะนำที,"['ขอสอบชดเชย', 'อาจารย์']","{'การเดินทาง / รถเมล์มพ.': 0, 'สิ่งอำนวยความสะดวกและอาคารสถานที่': 0, 'สุขอนามัยและความสะอาด': 0, 'การเรียนการสอนและหลักสูตร': 17, 'โรงอาหาร / ร้านค้าบริการ': 0, 'ความปลอดภัยและจราจร': 0, 'ระบบเครือข่ายและเทคโนโลยี': 0, 'บริการและสวัสดิการนิสิต': 0}",17,การเรียนการสอนและหลักสูตร
ลืมรหัสผ่านเข้าระบบ ตอนนี้อยู่ตึกคณะ ทำงานไม่ได้เลย,"['ลืมรหัสผ่าน', 'ระบบ']","{'การเดินทาง / รถเมล์มพ.': 0, 'สิ่งอำนวยความสะดวกและอาคารสถานที่': 0, 'สุขอนามัยและความสะอาด': 0, 'การเรียนการสอนและหลักสูตร': 0, 'โรงอาหาร / ร้านค้าบริการ': 0, 'ความปลอดภัยและจราจร': 0, 'ระบบเครือข่ายและเทคโนโลยี': 15, 'บริการและสวัสดิการนิสิต': 0}",15,ระบบเครือข่ายและเทคโนโลยี
แจ้งทำความสะอาดตรงริมสระน้ำ ขยะล้นถังส่งกลิ่นเหม็น ครับ,"['ขยะล้น', 'เหม็น', 'ทำความสะอาด', 'กลิ่นเหม็น']","{'การเดินทาง / รถเมล์มพ.': 0, 'สิ่งอำนวยความสะดวกและอาคารสถานที่': 0, 'สุขอนามัยและความสะอาด': 32, 'การเรียนการสอนและหลักสูตร': 0, 'โรงอาหาร / ร้านค้าบริการ': 0, 'ความปลอดภัยและจราจร': 0, 'ระบบเครือข่ายและเทคโนโลยี': 0, 'บริการและสวัสดิการนิสิต': 0}",32,สุขอนามัยและความสะอาด
รปภ. ช่วยดูตรงทางแยก หน่อยครับ ทางมืดมากอันตราย,"['อันตราย', 'รปภ.', 'ทางมืด', 'รปภ']","{'การเดินทาง / รถเมล์มพ.': 0, 'สิ่งอำนวยความสะดวกและอาคารสถานที่': 0, 'สุขอนามัยและความสะอาด': 0, 'การเรียนการสอนและหลักสูตร': 0, 'โรงอาหาร / ร้านค้าบริการ': 0, 'ความปลอดภัยและจราจร': 20, 'ระบบเครือข่ายและเทคโนโลยี': 0, 'บริการและสวัสดิการนิสิต': 0}",20,ความปลอดภัยและจราจร
สอบถามหน่อยครับ รถเมล์สาย 1 หมดกี่โมง,"['รถเมล์', 'รถเมล์สาย', 'สอบถามหน่อยครับ']","{'การเดินทาง / รถเมล์มพ.': 15, 'สิ่งอำนวยความสะดวกและอาคารสถานที่': 0, 'สุขอนามัยและความสะอาด': 0, 'การเรียนการสอนและหลักสูตร': 0, 'โรงอาหาร / ร้านค้าบริการ': 0, 'ความปลอดภัยและจราจร': 0, 'ระบบเครือข่ายและเทคโนโลยี': 0, 'บริการและสวัสดิการนิสิต': 15}",15,การเดินทาง / รถเมล์มพ.
เน็ตหลุดบ่อยมาก ตอนนี้อยู่หน้ามอ ทำงานไม่ได้เลย,"['เน็ตหลุด', 'หลุดบ่อย']","{'การเดินทาง / รถเมล์มพ.': 0, 'สิ่งอำนวยความสะดวกและอาคารสถานที่': 0, 'สุขอนามัยและความสะอาด': 0, 'การเรียนการสอนและหลักสูตร': 0, 'โรงอาหาร / ร้านค้าบริการ': 0, 'ความปลอดภัยและจราจร': 0, 'ระบบเครือข่ายและเทคโนโลยี': 16, 'บริการและสวัสดิการนิสิต': 0}",16,ระบบเครือข่ายและเทคโนโลยี
ลงทะเบียนไม่ได้ ตอนนี้อยู่หน้ามอ ทำงานไม่ได้เลย,['ลงทะเบียนไม่ได้'],"{'การเดินทาง / รถเมล์มพ.': 0, 'สิ่งอำนวยความสะดวกและอาคารสถานที่': 0, 'สุขอนามัยและความสะอาด': 0, 'การเรียนการสอนและหลักสูตร': 0, 'โรงอาหาร / ร้านค้าบริการ': 0, 'ความปลอดภัยและจราจร': 0, 'ระบบเครือข่ายและเทคโนโลยี': 15, 'บริการและสวัสดิการนิสิต': 0}",15,ระบบเครือข่ายและเทคโนโลยี
ระบบล่ม ตอนนี้อยู่ห้องสมุด ทำงานไม่ได้เลย,"['ระบบล่ม', 'ระบบ']","{'การเดินทาง / รถเมล์มพ.': 0, 'สิ่งอำนวยความสะดวกและอาคารสถานที่': 0, 'สุขอนามัยและความสะอาด': 0, 'การเรียนการสอนและหลักสูตร': 0, 'โรงอาหาร / ร้านค้าบริการ': 0, 'ความปลอดภัยและจราจร': 0, 'ระบบเครือข่ายและเทคโนโลยี': 11, 'บริการและสวัสดิการนิสิต': 0}",11,ระบบเครือข่ายและเทคโนโลยี
รปภ. ช่วยดูตรงหน้ามอ หน่อยครับ หมวกกันน็อคหาย,"['รปภ.', 'รปภ', 'หมวกกันน็อคหาย']","{'การเดินทาง / รถเมล์มพ.': 0, 'สิ่งอำนวยความสะดวกและอาคารสถานที่': 0, 'สุขอนามัยและความสะอาด': 0, 'การเรียนการสอนและหลักสูตร': 0, 'โรงอาหาร / ร้านค้าบริการ': 0, 'ความปลอดภัยและจราจร': 7, 'ระบบเครือข่ายและเทคโนโลยี': 0, 'บริการและสวัสดิการนิสิต': 14}",14,บริการและสวัสดิการนิสิต
อาจารย์ครับ อยากติดต่ออาจารย์เรื่องดรอปเรียน รบกวนให้คำแนะนำที,"['ดรอปเรียน', 'ติดต่ออาจารย์', 'อาจารย์']","{'การเดินทาง / รถเมล์มพ.': 0, 'สิ่งอำนวยความสะดวกและอาคารสถานที่': 0, 'สุขอนามัยและความสะอาด': 0, 'การเรียนการสอนและหลักสูตร': 29, 'โรงอาหาร / ร้านค้าบริการ': 0, 'ความปลอดภัยและจราจร': 0, 'ระบบเครือข่ายและเทคโนโลยี': 0, 'บริการและสวัสดิการนิสิต': 0}",29,การเรียนการสอนและหลักสูตร
แจ้งเรื่องน้ำไม่ไหล ตรงตึกวิทย์ ช่วยมาดูหน่อย,['น้ำไม่ไหล'],"{'การเดินทาง / รถเมล์มพ.': 0, 'สิ่งอำนวยความสะดวกและอาคารสถานที่': 9, 'สุขอนามัยและความสะอาด': 0, 'การเรียนการสอนและหลักสูตร': 0, 'โรงอาหาร / ร้านค้าบริการ': 0, 'ความปลอดภัยและจราจร': 0, 'ระบบเครือข่ายและเทคโนโลยี': 0, 'บริการและสวัสดิการนิสิต': 0}",9,สิ่งอำนวยความสะดวกและอาคารสถานที่
แจ้งทำความสะอาดตรงสนามบาส มีหมาจรจัดมาคุ้ยขยะ ครับ,"['หมาจรจัด', 'ทำความสะอาด']","{'การเดินทาง / รถเมล์มพ.': 0, 'สิ่งอำนวยความสะดวกและอาคารสถานที่': 0, 'สุขอนามัยและความสะอาด': 19, 'การเรียนการสอนและหลักสูตร': 0, 'โรงอาหาร / ร้านค้าบริการ': 0, 'ความปลอดภัยและจราจร': 0, 'ระบบเครือข่ายและเทคโนโลยี': 0, 'บริการและสวัสดิการนิสิต': 0}",19,สุขอนามัยและความสะอาด
รปภ. ช่วยดูตรงหน้ามอ หน่อยครับ หมวกกันน็อคหาย,"['รปภ.', 'รปภ', 'หมวกกันน็อคหาย']","{'การเดินทาง / รถเมล์มพ.': 0, 'สิ่งอำนวยความสะดวกและอาคารสถานที่': 0, 'สุขอนามัยและความสะอาด': 0, 'การเรียนการสอนและหลักสูตร': 0, 'โรงอาหาร / ร้านค้าบริการ': 0, 'ความปลอดภัยและจราจร': 7, 'ระบบเครือข่ายและเทคโนโลยี': 0, 'บริการและสวัสดิการนิสิต': 14}",14,บริการและสวัสดิการนิสิต
ลงทะเบียนไม่ได้ ตอนนี้อยู่ห้องสมุด ทำงานไม่ได้เลย,['ลงทะเบียนไม่ได้'],"{'การเดินทาง / รถเมล์มพ.': 0, 'สิ่งอำนวยความสะดวกและอาคารสถานที่': 0, 'สุขอนามัยและความสะอาด': 0, 'การเรียนการสอนและหลักสูตร': 0, 'โรงอาหาร / ร้านค้าบริการ': 0, 'ความปลอดภัยและจราจร': 0, 'ระบบเครือข่ายและเทคโนโลยี': 15, 'บริการและสวัสดิการนิสิต': 0}",15,ระบบเครือข่ายและเทคโนโลยี
แจ้งทำความสะอาดตรงสนามบาส มีหมาจรจัดมาคุ้ยขยะ ครับ,"['หมาจรจัด', 'ทำความสะอาด']","{'การเดินทาง / รถเมล์มพ.': 0, 'สิ่งอำนวยความสะดวกและอาคารสถานที่': 0, 'สุขอนามัยและความสะอาด': 19, 'การเรียนการสอนและหลักสูตร': 0, 'โรงอาหาร / ร้านค้าบริการ': 0, 'ความปลอดภัยและจราจร': 0, 'ระบบเครือข่ายและเทคโนโลยี': 0, 'บริการและสวัสดิการนิสิต': 0}",19,สุขอนามัยและความสะอาด
แจ้งทำความสะอาดตรงสนามบาส หญ้ารกมาก ครับ,"['หญ้ารก', 'ทำความสะอาด']","{'การเดินทาง / รถเมล์มพ.': 0, 'สิ่งอำนวยความสะดวกและอาคารสถานที่': 0, 'สุขอนามัยและความสะอาด': 17, 'การเรียนการสอนและหลักสูตร': 0, 'โรงอาหาร / ร้านค้าบริการ': 0, 'ความปลอดภัยและจราจร': 0, 'ระบบเครือข่ายและเทคโนโลยี': 0, 'บริการและสวัสดิการนิสิต': 0}",17,สุขอนามัยและความสะอาด
อาจารย์ครับ ลงทะเบียนวิชานี้ไม่ได้ รบกวนให้คำแนะนำที,"['วิชา', 'อาจารย์']","{'การเดินทาง / รถเมล์มพ.': 0, 'สิ่งอำนวยความสะดวกและอาคารสถานที่': 0, 'สุขอนามัยและความสะอาด': 0, 'การเรียนการสอนและหลักสูตร': 11, 'โรงอาหาร / ร้านค้าบริการ': 0, 'ความปลอดภัยและจราจร': 0, 'ระบบเครือข่ายและเทคโนโลยี': 0, 'บริการและสวัสดิการนิสิต': 0}",11,การเรียนการสอนและหลักสูตร
แจ้งเรื่องแอร์ไม่เย็นเลย ตรงอาคารเรียนรวม ช่วยมาดูหน่อย,"['แอร์ไม่เย็น', 'แอร์']","{'การเดินทาง / รถเมล์มพ.': 0, 'สิ่งอำนวยความสะดวกและอาคารสถานที่': 15, 'สุขอนามัยและความสะอาด': 0, 'การเรียนการสอนและหลักสูตร': 0, 'โรงอาหาร / ร้านค้าบริการ': 0, 'ความปลอดภัยและจราจร': 0, 'ระบบเครือข่ายและเทคโนโลยี': 0, 'บริการและสวัสดิการนิสิต': 0}",15,สิ่งอำนวยความสะดวกและอาคารสถานที่
อาจารย์ครับ อยากติดต่ออาจารย์เรื่องดรอปเรียน รบกวนให้คำแนะนำที,"['ดรอปเรียน', 'ติดต่ออาจารย์', 'อาจารย์']","{'การเดินทาง / รถเมล์มพ.': 0, 'สิ่งอำนวยความสะดวกและอาคารสถานที่': 0, 'สุขอนามัยและความสะอาด': 0, 'การเรียนการสอนและหลักสูตร': 29, 'โรงอาหาร / ร้านค้าบริการ': 0, 'ความปลอดภัยและจราจร': 0, 'ระบบเครือข่ายและเทคโนโลยี': 0, 'บริการและสวัสดิการนิสิต': 0}",29,การเรียนการสอนและหลักสูตร
สอบถามหน่อยครับ อยากทราบกำหนดการกิจกรรมรับน้อง,"['กิจกรรม', 'สอบถามหน่อยครับ']","{'การเดินทาง / รถเมล์มพ.': 0, 'สิ่งอำนวยความสะดวกและอาคารสถานที่': 0, 'สุขอนามัยและความสะอาด': 0, 'การเรียนการสอนและหลักสูตร': 0, 'โรงอาหาร / ร้านค้าบริการ': 0, 'ความปลอดภัยและจราจร': 0, 'ระบบเครือข่ายและเทคโนโลยี': 0, 'บริการและสวัสดิการนิสิต': 22}",22,บริการและสวัสดิการนิสิต
แจ้งทำความสะอาดตรงสวนหน้าตึก ขยะล้นถังส่งกลิ่นเหม็น ครับ,"['ขยะล้น', 'เหม็น', 'ทำความสะอาด', 'กลิ่นเหม็น']","{'การเดินทาง / รถเมล์มพ.': 0, 'สิ่งอำนวยความสะดวกและอาคารสถานที่': 0, 'สุขอนามัยและความสะอาด': 32, 'การเรียนการสอนและหลักสูตร': 0, 'โรงอาหาร / ร้านค้าบริการ': 0, 'ความปลอดภัยและจราจร': 0, 'ระบบเครือข่ายและเทคโนโลยี': 0, 'บริการและสวัสดิการนิสิต': 0}",32,สุขอนามัยและความสะอาด
เน็ตหลุดบ่อยมาก ตอนนี้อยู่ห้องสมุด ทำงานไม่ได้เลย,"['เน็ตหลุด', 'หลุดบ่อย']","{'การเดินทาง / รถเมล์มพ.': 0, 'สิ่งอำนวยความสะดวกและอาคารสถานที่': 0, 'สุขอนามัยและความสะอาด': 0, 'การเรียนการสอนและหลักสูตร': 0, 'โรงอาหาร / ร้านค้าบริการ': 0, 'ความปลอดภัยและจราจร': 0, 'ระบบเครือข่ายและเทคโนโลยี': 16, 'บริการและสวัสดิการนิสิต': 0}",16,ระบบเครือข่ายและเทคโนโลยี
รปภ. ช่วยดูตรงลานจอดรถ หน่อยครับ มีรถชนกัน,"['รถชน', 'รปภ.', 'รปภ']","{'การเดินทาง / รถเมล์มพ.': 0, 'สิ่งอำนวยความสะดวกและอาคารสถานที่': 0, 'สุขอนามัยและความสะอาด': 0, 'การเรียนการสอนและหลักสูตร': 0, 'โรงอาหาร / ร้านค้าบริการ': 0, 'ความปลอดภัยและจราจร': 11, 'ระบบเครือข่ายและเทคโนโลยี': 0, 'บริการและสวัสดิการนิสิต': 0}",11,ความปลอดภัยและจราจร
สอบถามหน่อยครับ รถเมล์สาย 1 หมดกี่โมง,"['รถเมล์', 'รถเมล์สาย', 'สอบถามหน่อยครับ']","{'การเดินทาง / รถเมล์มพ.': 15, 'สิ่งอำนวยความสะดวกและอาคารสถานที่': 0, 'สุขอนามัยและความสะอาด': 0, 'การเรียนการสอนและหลักสูตร': 0, 'โรงอาหาร / ร้านค้าบริการ': 0, 'ความปลอดภัยและจราจร': 0, 'ระบบเครือข่ายและเทคโนโลยี': 0, 'บริการและสวัสดิการนิสิต': 15}",15,การเดินทาง / รถเมล์มพ.
แจ้งเรื่องหลังคารั่วหนักมาก ตรงตึกวิทย์ ช่วยมาดูหน่อย,['หลังคารั่ว'],"{'การเดินทาง / รถเมล์มพ.': 0, 'สิ่งอำนวยความสะดวกและอาคารสถานที่': 10, 'สุขอนามัยและความสะอาด': 0, 'การเรียนการสอนและหลักสูตร': 0, 'โรงอาหาร / ร้านค้าบริการ': 0, 'ความปลอดภัยและจราจร': 0, 'ระบบเครือข่ายและเทคโนโลยี': 0, 'บริการและสวัสดิการนิสิต': 0}",10,สิ่งอำนวยความสะดวกและอาคารสถานที่
สอบถามหน่อยครับ รถเมล์สาย 1 หมดกี่โมง,"['รถเมล์', 'รถเมล์สาย', 'สอบถามหน่อยครับ']","{'การเดินทาง / รถเมล์มพ.': 15, 'สิ่งอำนวยความสะดวกและอาคารสถานที่': 0, 'สุขอนามัยและความสะอาด': 0, 'การเรียนการสอนและหลักสูตร': 0, 'โรงอาหาร / ร้านค้าบริการ': 0, 'ความปลอดภัยและจราจร': 0, 'ระบบเครือข่ายและเทคโนโลยี': 0, 'บริการและสวัสดิการนิสิต': 15}",15,การเดินทาง / รถเมล์มพ.
รปภ. ช่วยดูตรงหน้ามอ หน่อยครับ คนจอดรถขวางทาง,"['รปภ.', 'จอดรถขวาง', 'รปภ']","{'การเดินทาง / รถเมล์มพ.': 0, 'สิ่งอำนวยความสะดวกและอาคารสถานที่': 0, 'สุขอนามัยและความสะอาด': 0, 'การเรียนการสอนและหลักสูตร': 0, 'โรงอาหาร / ร้านค้าบริการ': 0, 'ความปลอดภัยและจราจร': 16, 'ระบบเครือข่ายและเทคโนโลยี': 0, 'บริการและสวัสดิการนิสิต': 0}",16,ความปลอดภัยและจราจร
สอบถามหน่อยครับ ทำบัตรนิสิตใหม่ที่ไหน,"['บัตรนิสิต', 'สอบถามหน่อยครับ']","{'การเดินทาง / รถเมล์มพ.': 0, 'สิ่งอำนวยความสะดวกและอาคารสถานที่': 0, 'สุขอนามัยและความสะอาด': 0, 'การเรียนการสอนและหลักสูตร': 0, 'โรงอาหาร / ร้านค้าบริการ': 0, 'ความปลอดภัยและจราจร': 0, 'ระบบเครือข่ายและเทคโนโลยี': 0, 'บริการและสวัสดิการนิสิต': 24}",24,บริการและสวัสดิการนิสิต
แจ้งทำความสะอาดตรงทางเดิน หญ้ารกมาก ครับ,"['หญ้ารก', 'ทำความสะอาด']","{'การเดินทาง / รถเมล์มพ.': 0, 'สิ่งอำนวยความสะดวกและอาคารสถานที่': 0, 'สุขอนามัยและความสะอาด': 17, 'การเรียนการสอนและหลักสูตร': 0, 'โรงอาหาร / ร้านค้าบริการ': 0, 'ความปลอดภัยและจราจร': 0, 'ระบบเครือข่ายและเทคโนโลยี': 0, 'บริการและสวัสดิการนิสิต': 0}",17,สุขอนามัยและความสะอาด
แจ้งทำความสะอาดตรงโรงอาหาร หญ้ารกมาก ครับ,"['หญ้ารก', 'ทำความสะอาด', 'โรงอาหาร', 'อาหาร']","{'การเดินทาง / รถเมล์มพ.': 0, 'สิ่งอำนวยความสะดวกและอาคารสถานที่': 0, 'สุขอนามัยและความสะอาด': 17, 'การเรียนการสอนและหลักสูตร': 0, 'โรงอาหาร / ร้านค้าบริการ': 13, 'ความปลอดภัยและจราจร': 0, 'ระบบเครือข่ายและเทคโนโลยี': 0, 'บริการและสวัสดิการนิสิต': 0}",17,สุขอนามัยและความสะอาด
อาจารย์ครับ เกรดยังไม่ออกครับ รบกวนให้คำแนะนำที,"['เกรด', 'อาจารย์']","{'การเดินทาง / รถเมล์มพ.': 0, 'สิ่งอำนวยความสะดวกและอาคารสถานที่': 0, 'สุขอนามัยและความสะอาด': 0, 'การเรียนการสอนและหลักสูตร': 11, 'โรงอาหาร / ร้านค้าบริการ': 0, 'ความปลอดภัยและจราจร': 0, 'ระบบเครือข่ายและเทคโนโลยี': 0, 'บริการและสวัสดิการนิสิต': 0}",11,การเรียนการสอนและหลักสูตร
รปภ. ช่วยดูตรงลานจอดรถ หน่อยครับ รถติดหนักมาก,"['รถติด', 'รปภ.', 'รปภ']","{'การเดินทาง / รถเมล์มพ.': 5, 'สิ่งอำนวยความสะดวกและอาคารสถานที่': 0, 'สุขอนามัยและความสะอาด': 0, 'การเรียนการสอนและหลักสูตร': 0, 'โรงอาหาร / ร้านค้าบริการ': 0, 'ความปลอดภัยและจราจร': 7, 'ระบบเครือข่ายและเทคโนโลยี': 0, 'บริการและสวัสดิการนิสิต': 0}",7,ความปลอดภัยและจราจร
แจ้งเรื่องน้ำไม่ไหล ตรงอาคารเรียนรวม ช่วยมาดูหน่อย,['น้ำไม่ไหล'],"{'การเดินทาง / รถเมล์มพ.': 0, 'สิ่งอำนวยความสะดวกและอาคารสถานที่': 9, 'สุขอนามัยและความสะอาด': 0, 'การเรียนการสอนและหลักสูตร': 0, 'โรงอาหาร / ร้านค้าบริการ': 0, 'ความปลอดภัยและจราจร': 0, 'ระบบเครือข่ายและเทคโนโลยี': 0, 'บริการและสวัสดิการนิสิต': 0}",9,สิ่งอำนวยความสะดวกและอาคารสถานที่
รปภ. ช่วยดูตรงหน้ามอ หน่อยครับ ทางมืดมากอันตราย,"['อันตราย', 'รปภ.', 'ทางมืด', 'รปภ']","{'การเดินทาง / รถเมล์มพ.': 0, 'สิ่งอำนวยความสะดวกและอาคารสถานที่': 0, 'สุขอนามัยและความสะอาด': 0, 'การเรียนการสอนและหลักสูตร': 0, 'โรงอาหาร / ร้านค้าบริการ': 0, 'ความปลอดภัยและจราจร': 20, 'ระบบเครือข่ายและเทคโนโลยี': 0, 'บริการและสวัสดิการนิสิต': 0}",20,ความปลอดภัยและจราจร
อาจารย์ครับ ลงทะเบียนวิชานี้ไม่ได้ รบกวนให้คำแนะนำที,"['วิชา', 'อาจารย์']","{'การเดินทาง / รถเมล์มพ.': 0, 'สิ่งอำนวยความสะดวกและอาคารสถานที่': 0, 'สุขอนามัยและความสะอาด': 0, 'การเรียนการสอนและหลักสูตร': 11, 'โรงอาหาร / ร้านค้าบริการ': 0, 'ความปลอดภัยและจราจร': 0, 'ระบบเครือข่ายและเทคโนโลยี': 0, 'บริการและสวัสดิการนิสิต': 0}",11,การเรียนการสอนและหลักสูตร
แจ้งทำความสะอาดตรงริมสระน้ำ กิ่งไม้หักขวางทาง ครับ,"['กิ่งไม้หัก', 'ทำความสะอาด']","{'การเดินทาง / รถเมล์มพ.': 0, 'สิ่งอำนวยความสะดวกและอาคารสถานที่': 0, 'สุขอนามัยและความสะอาด': 21, 'การเรียนการสอนและหลักสูตร': 0, 'โรงอาหาร / ร้านค้าบริการ': 0, 'ความปลอดภัยและจราจร': 0, 'ระบบเครือข่ายและเทคโนโลยี': 0, 'บริการและสวัสดิการนิสิต': 0}",21,สุขอนามัยและความสะอาด
ไวไฟเข้าไม่ได้ ตอนนี้อยู่หน้ามอ ทำงานไม่ได้เลย,"['ไวไฟเข้าไม่ได้', 'ไวไฟ']","{'การเดินทาง / รถเมล์มพ.': 0, 'สิ่งอำนวยความสะดวกและอาคารสถานที่': 0, 'สุขอนามัยและความสะอาด': 0, 'การเรียนการสอนและหลักสูตร': 0, 'โรงอาหาร / ร้านค้าบริการ': 0, 'ความปลอดภัยและจราจร': 0, 'ระบบเครือข่ายและเทคโนโลยี': 18, 'บริการและสวัสดิการนิสิต': 0}",18,ระบบเครือข่ายและเทคโนโลยี
รปภ. ช่วยดูตรงทางแยก หน่อยครับ ทางมืดมากอันตราย,"['อันตราย', 'รปภ.', 'ทางมืด', 'รปภ']","{'การเดินทาง / รถเมล์มพ.': 0, 'สิ่งอำนวยความสะดวกและอาคารสถานที่': 0, 'สุขอนามัยและความสะอาด': 0, 'การเรียนการสอนและหลักสูตร': 0, 'โรงอาหาร / ร้านค้าบริการ': 0, 'ความปลอดภัยและจราจร': 20, 'ระบบเครือข่ายและเทคโนโลยี': 0, 'บริการและสวัสดิการนิสิต': 0}",20,ความปลอดภัยและจราจร
ระบบล่ม ตอนนี้อยู่หน้ามอ ทำงานไม่ได้เลย,"['ระบบล่ม', 'ระบบ']","{'การเดินทาง / รถเมล์มพ.': 0, 'สิ่งอำนวยความสะดวกและอาคารสถานที่': 0, 'สุขอนามัยและความสะอาด': 0, 'การเรียนการสอนและหลักสูตร': 0, 'โรงอาหาร / ร้านค้าบริการ': 0, 'ความปลอดภัยและจราจร': 0, 'ระบบเครือข่ายและเทคโนโลยี': 11, 'บริการและสวัสดิการนิสิต': 0}",11,ระบบเครือข่ายและเทคโนโลยี
อาจารย์ครับ ตารางเรียนไม่ขึ้นระบบ รบกวนให้คำแนะนำที,"['ตารางเรียน', 'อาจารย์', 'ระบบ']","{'การเดินทาง / รถเมล์มพ.': 0, 'สิ่งอำนวยความสะดวกและอาคารสถานที่': 0, 'สุขอนามัยและความสะอาด': 0, 'การเรียนการสอนและหลักสูตร': 17, 'โรงอาหาร / ร้านค้าบริการ': 0, 'ความปลอดภัยและจราจร': 0, 'ระบบเครือข่ายและเทคโนโลยี': 4, 'บริการและสวัสดิการนิสิต': 0}",17,การเรียนการสอนและหลักสูตร
สอบถามหน่อยครับ รถเมล์สาย 1 หมดกี่โมง,"['รถเมล์', 'รถเมล์สาย', 'สอบถามหน่อยครับ']","{'การเดินทาง / รถเมล์มพ.': 15, 'สิ่งอำนวยความสะดวกและอาคารสถานที่': 0, 'สุขอนามัยและความสะอาด': 0, 'การเรียนการสอนและหลักสูตร': 0, 'โรงอาหาร / ร้านค้าบริการ': 0, 'ความปลอดภัยและจราจร': 0, 'ระบบเครือข่ายและเทคโนโลยี': 0, 'บริการและสวัสดิการนิสิต': 15}",15,การเดินทาง / รถเมล์มพ.
แจ้งเรื่องหลังคารั่วหนักมาก ตรงตึกวิทย์ ช่วยมาดูหน่อย,['หลังคารั่ว'],"{'การเดินทาง / รถเมล์มพ.': 0, 'สิ่งอำนวยความสะดวกและอาคารสถานที่': 10, 'สุขอนามัยและความสะอาด': 0, 'การเรียนการสอนและหลักสูตร': 0, 'โรงอาหาร / ร้านค้าบริการ': 0, 'ความปลอดภัยและจราจร': 0, 'ระบบเครือข่ายและเทคโนโลยี': 0, 'บริการและสวัสดิการนิสิต': 0}",10,สิ่งอำนวยความสะดวกและอาคารสถานที่
รปภ. ช่วยดูตรงทางแยก หน่อยครับ มีรถชนกัน,"['รถชน', 'รปภ.', 'รปภ']","{'การเดินทาง / รถเมล์มพ.': 0, 'สิ่งอำนวยความสะดวกและอาคารสถานที่': 0, 'สุขอนามัยและความสะอาด': 0, 'การเรียนการสอนและหลักสูตร': 0, 'โรงอาหาร / ร้านค้าบริการ': 0, 'ความปลอดภัยและจราจร': 11, 'ระบบเครือข่ายและเทคโนโลยี': 0, 'บริการและสวัสดิการนิสิต': 0}",11,ความปลอดภัยและจราจร
แจ้งทำความสะอาดตรงทางเดิน หญ้ารกมาก ครับ,"['หญ้ารก', 'ทำความสะอาด']","{'การเดินทาง / รถเมล์มพ.': 0, 'สิ่งอำนวยความสะดวกและอาคารสถานที่': 0, 'สุขอนามัยและความสะอาด': 17, 'การเรียนการสอนและหลักสูตร': 0, 'โรงอาหาร / ร้านค้าบริการ': 0, 'ความปลอดภัยและจราจร': 0, 'ระบบเครือข่ายและเทคโนโลยี': 0, 'บริการและสวัสดิการนิสิต': 0}",17,สุขอนามัยและความสะอาด
ไวไฟเข้าไม่ได้ ตอนนี้อยู่ห้องสมุด ทำงานไม่ได้เลย,"['ไวไฟเข้าไม่ได้', 'ไวไฟ']","{'การเดินทาง / รถเมล์มพ.': 0, 'สิ่งอำนวยความสะดวกและอาคารสถานที่': 0, 'สุขอนามัยและความสะอาด': 0, 'การเรียนการสอนและหลักสูตร': 0, 'โรงอาหาร / ร้านค้าบริการ': 0, 'ความปลอดภัยและจราจร': 0, 'ระบบเครือข่ายและเทคโนโลยี': 18, 'บริการและสวัสดิการนิสิต': 0}",18,ระบบเครือข่ายและเทคโนโลยี
แจ้งเรื่องหลังคารั่วหนักมาก ตรงตึก ICT ช่วยมาดูหน่อย,['หลังคารั่ว'],"{'การเดินทาง / รถเมล์มพ.': 0, 'สิ่งอำนวยความสะดวกและอาคารสถานที่': 10, 'สุขอนามัยและความสะอาด': 0, 'การเรียนการสอนและหลักสูตร': 0, 'โรงอาหาร / ร้านค้าบริการ': 0, 'ความปลอดภัยและจราจร': 0, 'ระบบเครือข่ายและเทคโนโลยี': 0, 'บริการและสวัสดิการนิสิต': 0}",10,สิ่งอำนวยความสะดวกและอาคารสถานที่
รปภ. ช่วยดูตรงหลังมอ หน่อยครับ มีรถชนกัน,"['รถชน', 'รปภ.', 'รปภ']","{'การเดินทาง / รถเมล์มพ.': 0, 'สิ่งอำนวยความสะดวกและอาคารสถานที่': 0, 'สุขอนามัยและความสะอาด': 0, 'การเรียนการสอนและหลักสูตร': 0, 'โรงอาหาร / ร้านค้าบริการ': 0, 'ความปลอดภัยและจราจร': 11, 'ระบบเครือข่ายและเทคโนโลยี': 0, 'บริการและสวัสดิการนิสิต': 0}",11,ความปลอดภัยและจราจร
รปภ. ช่วยดูตรงลานจอดรถ หน่อยครับ ทางมืดมากอันตราย,"['อันตราย', 'รปภ.', 'ทางมืด', 'รปภ']","{'การเดินทาง / รถเมล์มพ.': 0, 'สิ่งอำนวยความสะดวกและอาคารสถานที่': 0, 'สุขอนามัยและความสะอาด': 0, 'การเรียนการสอนและหลักสูตร': 0, 'โรงอาหาร / ร้านค้าบริการ': 0, 'ความปลอดภัยและจราจร': 20, 'ระบบเครือข่ายและเทคโนโลยี': 0, 'บริการและสวัสดิการนิสิต': 0}",20,ความปลอดภัยและจราจร
แจ้งทำความสะอาดตรงริมสระน้ำ มีหมาจรจัดมาคุ้ยขยะ ครับ,"['หมาจรจัด', 'ทำความสะอาด']","{'การเดินทาง / รถเมล์มพ.': 0, 'สิ่งอำนวยความสะดวกและอาคารสถานที่': 0, 'สุขอนามัยและความสะอาด': 19, 'การเรียนการสอนและหลักสูตร': 0, 'โรงอาหาร / ร้านค้าบริการ': 0, 'ความปลอดภัยและจราจร': 0, 'ระบบเครือข่ายและเทคโนโลยี': 0, 'บริการและสวัสดิการนิสิต': 0}",19,สุขอนามัยและความสะอาด
อาจารย์ครับ เกรดยังไม่ออกครับ รบกวนให้คำแนะนำที,"['เกรด', 'อาจารย์']","{'การเดินทาง / รถเมล์มพ.': 0, 'สิ่งอำนวยความสะดวกและอาคารสถานที่': 0, 'สุขอนามัยและความสะอาด': 0, 'การเรียนการสอนและหลักสูตร': 11, 'โรงอาหาร / ร้านค้าบริการ': 0, 'ความปลอดภัยและจราจร': 0, 'ระบบเครือข่ายและเทคโนโลยี': 0, 'บริการและสวัสดิการนิสิต': 0}",11,การเรียนการสอนและหลักสูตร
อาจารย์ครับ อยากติดต่ออาจารย์เรื่องดรอปเรียน รบกวนให้คำแนะนำที,"['ดรอปเรียน', 'ติดต่ออาจารย์', 'อาจารย์']","{'การเดินทาง / รถเมล์มพ.': 0, 'สิ่งอำนวยความสะดวกและอาคารสถานที่': 0, 'สุขอนามัยและความสะอาด': 0, 'การเรียนการสอนและหลักสูตร': 29, 'โรงอาหาร / ร้านค้าบริการ': 0, 'ความปลอดภัยและจราจร': 0, 'ระบบเครือข่ายและเทคโนโลยี': 0, 'บริการและสวัสดิการนิสิต': 0}",29,การเรียนการสอนและหลักสูตร
ไวไฟเข้าไม่ได้ ตอนนี้อยู่หน้ามอ ทำงานไม่ได้เลย,"['ไวไฟเข้าไม่ได้', 'ไวไฟ']","{'การเดินทาง / รถเมล์มพ.': 0, 'สิ่งอำนวยความสะดวกและอาคารสถานที่': 0, 'สุขอนามัยและความสะอาด': 0, 'การเรียนการสอนและหลักสูตร': 0, 'โรงอาหาร / ร้านค้าบริการ': 0, 'ความปลอดภัยและจราจร': 0, 'ระบบเครือข่ายและเทคโนโลยี': 18, 'บริการและสวัสดิการนิสิต': 0}",18,ระบบเครือข่ายและเทคโนโลยี
สอบถามหน่อยครับ สอบถามเรื่องทุนการศึกษา,"['ทุนการศึกษา', 'สอบถามหน่อยครับ']","{'การเดินทาง / รถเมล์มพ.': 0, 'สิ่งอำนวยความสะดวกและอาคารสถานที่': 0, 'สุขอนามัยและความสะอาด': 0, 'การเรียนการสอนและหลักสูตร': 0, 'โรงอาหาร / ร้านค้าบริการ': 0, 'ความปลอดภัยและจราจร': 0, 'ระบบเครือข่ายและเทคโนโลยี': 0, 'บริการและสวัสดิการนิสิต': 26}",26,บริการและสวัสดิการนิสิต
ไวไฟเข้าไม่ได้ ตอนนี้อยู่หอพักใน ทำงานไม่ได้เลย,"['ไวไฟเข้าไม่ได้', 'ไวไฟ']","{'การเดินทาง / รถเมล์มพ.': 0, 'สิ่งอำนวยความสะดวกและอาคารสถานที่': 0, 'สุขอนามัยและความสะอาด': 0, 'การเรียนการสอนและหลักสูตร': 0, 'โรงอาหาร / ร้านค้าบริการ': 0, 'ความปลอดภัยและจราจร': 0, 'ระบบเครือข่ายและเทคโนโลยี': 18, 'บริการและสวัสดิการนิสิต': 0}",18,ระบบเครือข่ายและเทคโนโลยี
อาจารย์ครับ ลงทะเบียนวิชานี้ไม่ได้ รบกวนให้คำแนะนำที,"['วิชา', 'อาจารย์']","{'การเดินทาง / รถเมล์มพ.': 0, 'สิ่งอำนวยความสะดวกและอาคารสถานที่': 0, 'สุขอนามัยและความสะอาด': 0, 'การเรียนการสอนและหลักสูตร': 11, 'โรงอาหาร / ร้านค้าบริการ': 0, 'ความปลอดภัยและจราจร': 0, 'ระบบเครือข่ายและเทคโนโลยี': 0, 'บริการและสวัสดิการนิสิต': 0}",11,การเรียนการสอนและหลักสูตร
แจ้งเรื่องประตูพัง ตรงห้องน้ำตึกสงวน ช่วยมาดูหน่อย,"['พัง', 'ประตูพัง']","{'การเดินทาง / รถเมล์มพ.': 0, 'สิ่งอำนวยความสะดวกและอาคารสถานที่': 11, 'สุขอนามัยและความสะอาด': 0, 'การเรียนการสอนและหลักสูตร': 0, 'โรงอาหาร / ร้านค้าบริการ': 0, 'ความปลอดภัยและจราจร': 0, 'ระบบเครือข่ายและเทคโนโลยี': 0, 'บริการและสวัสดิการนิสิต': 0}",11,สิ่งอำนวยความสะดวกและอาคารสถานที่
รปภ. ช่วยดูตรงหลังมอ หน่อยครับ คนจอดรถขวางทาง,"['รปภ.', 'จอดรถขวาง', 'รปภ']","{'การเดินทาง / รถเมล์มพ.': 0, 'สิ่งอำนวยความสะดวกและอาคารสถานที่': 0, 'สุขอนามัยและความสะอาด': 0, 'การเรียนการสอนและหลักสูตร': 0, 'โรงอาหาร / ร้านค้าบริการ': 0, 'ความปลอดภัยและจราจร': 16, 'ระบบเครือข่ายและเทคโนโลยี': 0, 'บริการและสวัสดิการนิสิต': 0}",16,ความปลอดภัยและจราจร
สอบถามหน่อยครับ ทำบัตรนิสิตใหม่ที่ไหน,"['บัตรนิสิต', 'สอบถามหน่อยครับ']","{'การเดินทาง / รถเมล์มพ.': 0, 'สิ่งอำนวยความสะดวกและอาคารสถานที่': 0, 'สุขอนามัยและความสะอาด': 0, 'การเรียนการสอนและหลักสูตร': 0, 'โรงอาหาร / ร้านค้าบริการ': 0, 'ความปลอดภัยและจราจร': 0, 'ระบบเครือข่ายและเทคโนโลยี': 0, 'บริการและสวัสดิการนิสิต': 24}",24,บริการและสวัสดิการนิสิต
แจ้งเรื่องน้ำไม่ไหล ตรงห้องน้ำตึกสงวน ช่วยมาดูหน่อย,['น้ำไม่ไหล'],"{'การเดินทาง / รถเมล์มพ.': 0, 'สิ่งอำนวยความสะดวกและอาคารสถานที่': 9, 'สุขอนามัยและความสะอาด': 0, 'การเรียนการสอนและหลักสูตร': 0, 'โรงอาหาร / ร้านค้าบริการ': 0, 'ความปลอดภัยและจราจร': 0, 'ระบบเครือข่ายและเทคโนโลยี': 0, 'บริการและสวัสดิการนิสิต': 0}",9,สิ่งอำนวยความสะดวกและอาคารสถานที่
อาจารย์ครับ อยากติดต่ออาจารย์เรื่องดรอปเรียน รบกวนให้คำแนะนำที,"['ดรอปเรียน', 'ติดต่ออาจารย์', 'อาจารย์']","{'การเดินทาง / รถเมล์มพ.': 0, 'สิ่งอำนวยความสะดวกและอาคารสถานที่': 0, 'สุขอนามัยและความสะอาด': 0, 'การเรียนการสอนและหลักสูตร': 29, 'โรงอาหาร / ร้านค้าบริการ': 0, 'ความปลอดภัยและจราจร': 0, 'ระบบเครือข่ายและเทคโนโลยี': 0, 'บริการและสวัสดิการนิสิต': 0}",29,การเรียนการสอนและหลักสูตร
ลืมรหัสผ่านเข้าระบบ ตอนนี้อยู่หน้ามอ ทำงานไม่ได้เลย,"['ลืมรหัสผ่าน', 'ระบบ']","{'การเดินทาง / รถเมล์มพ.': 0, 'สิ่งอำนวยความสะดวกและอาคารสถานที่': 0, 'สุขอนามัยและความสะอาด': 0, 'การเรียนการสอนและหลักสูตร': 0, 'โรงอาหาร / ร้านค้าบริการ': 0, 'ความปลอดภัยและจราจร': 0, 'ระบบเครือข่ายและเทคโนโลยี': 15, 'บริการและสวัสดิการนิสิต': 0}",15,ระบบเครือข่ายและเทคโนโลยี
แจ้งเรื่องหลังคารั่วหนักมาก ตรงอาคารเรียนรวม ช่วยมาดูหน่อย,['หลังคารั่ว'],"{'การเดินทาง / รถเมล์มพ.': 0, 'สิ่งอำนวยความสะดวกและอาคารสถานที่': 10, 'สุขอนามัยและความสะอาด': 0, 'การเรียนการสอนและหลักสูตร': 0, 'โรงอาหาร / ร้านค้าบริการ': 0, 'ความปลอดภัยและจราจร': 0, 'ระบบเครือข่ายและเทคโนโลยี': 0, 'บริการและสวัสดิการนิสิต': 0}",10,สิ่งอำนวยความสะดวกและอาคารสถานที่
ลืมรหัสผ่านเข้าระบบ ตอนนี้อยู่ห้องสมุด ทำงานไม่ได้เลย,"['ลืมรหัสผ่าน', 'ระบบ']","{'การเดินทาง / รถเมล์มพ.': 0, 'สิ่งอำนวยความสะดวกและอาคารสถานที่': 0, 'สุขอนามัยและความสะอาด': 0, 'การเรียนการสอนและหลักสูตร': 0, 'โรงอาหาร / ร้านค้าบริการ': 0, 'ความปลอดภัยและจราจร': 0, 'ระบบเครือข่ายและเทคโนโลยี': 15, 'บริการและสวัสดิการนิสิต': 0}",15,ระบบเครือข่ายและเทคโนโลยี
แจ้งเรื่องหลังคารั่วหนักมาก ตรงห้องน้ำตึกสงวน ช่วยมาดูหน่อย,['หลังคารั่ว'],"{'การเดินทาง / รถเมล์มพ.': 0, 'สิ่งอำนวยความสะดวกและอาคารสถานที่': 10, 'สุขอนามัยและความสะอาด': 0, 'การเรียนการสอนและหลักสูตร': 0, 'โรงอาหาร / ร้านค้าบริการ': 0, 'ความปลอดภัยและจราจร': 0, 'ระบบเครือข่ายและเทคโนโลยี': 0, 'บริการและสวัสดิการนิสิต': 0}",10,สิ่งอำนวยความสะดวกและอาคารสถานที่
ระบบล่ม ตอนนี้อยู่หน้ามอ ทำงานไม่ได้เลย,"['ระบบล่ม', 'ระบบ']","{'การเดินทาง / รถเมล์มพ.': 0, 'สิ่งอำนวยความสะดวกและอาคารสถานที่': 0, 'สุขอนามัยและความสะอาด': 0, 'การเรียนการสอนและหลักสูตร': 0, 'โรงอาหาร / ร้านค้าบริการ': 0, 'ความปลอดภัยและจราจร': 0, 'ระบบเครือข่ายและเทคโนโลยี': 11, 'บริการและสวัสดิการนิสิต': 0}",11,ระบบเครือข่ายและเทคโนโลยี
เน็ตหลุดบ่อยมาก ตอนนี้อยู่หอพักใน ทำงานไม่ได้เลย,"['เน็ตหลุด', 'หลุดบ่อย']","{'การเดินทาง / รถเมล์มพ.': 0, 'สิ่งอำนวยความสะดวกและอาคารสถานที่': 0, 'สุขอนามัยและความสะอาด': 0, 'การเรียนการสอนและหลักสูตร': 0, 'โรงอาหาร / ร้านค้าบริการ': 0, 'ความปลอดภัยและจราจร': 0, 'ระบบเครือข่ายและเทคโนโลยี': 16, 'บริการและสวัสดิการนิสิต': 0}",16,ระบบเครือข่ายและเทคโนโลยี
แจ้งทำความสะอาดตรงสวนหน้าตึก สกปรกมากไม่ทำความสะอาด ครับ,"['สกปรก', 'ไม่ทำความสะอาด', 'ทำความสะอาด']","{'การเดินทาง / รถเมล์มพ.': 0, 'สิ่งอำนวยความสะดวกและอาคารสถานที่': 0, 'สุขอนามัยและความสะอาด': 30, 'การเรียนการสอนและหลักสูตร': 0, 'โรงอาหาร / ร้านค้าบริการ': 0, 'ความปลอดภัยและจราจร': 0, 'ระบบเครือข่ายและเทคโนโลยี': 0, 'บริการและสวัสดิการนิสิต': 0}",30,สุขอนามัยและความสะอาด
ลืมรหัสผ่านเข้าระบบ ตอนนี้อยู่หอพักใน ทำงานไม่ได้เลย,"['ลืมรหัสผ่าน', 'ระบบ']","{'การเดินทาง / รถเมล์มพ.': 0, 'สิ่งอำนวยความสะดวกและอาคารสถานที่': 0, 'สุขอนามัยและความสะอาด': 0, 'การเรียนการสอนและหลักสูตร': 0, 'โรงอาหาร / ร้านค้าบริการ': 0, 'ความปลอดภัยและจราจร': 0, 'ระบบเครือข่ายและเทคโนโลยี': 15, 'บริการและสวัสดิการนิสิต': 0}",15,ระบบเครือข่ายและเทคโนโลยี
สอบถามหน่อยครับ อยากทราบกำหนดการกิจกรรมรับน้อง,"['กิจกรรม', 'สอบถามหน่อยครับ']","{'การเดินทาง / รถเมล์มพ.': 0, 'สิ่งอำนวยความสะดวกและอาคารสถานที่': 0, 'สุขอนามัยและความสะอาด': 0, 'การเรียนการสอนและหลักสูตร': 0, 'โรงอาหาร / ร้านค้าบริการ': 0, 'ความปลอดภัยและจราจร': 0, 'ระบบเครือข่ายและเทคโนโลยี': 0, 'บริการและสวัสดิการนิสิต': 22}",22,บริการและสวัสดิการนิสิต
แจ้งทำความสะอาดตรงสวนหน้าตึก มีหมาจรจัดมาคุ้ยขยะ ครับ,"['หมาจรจัด', 'ทำความสะอาด']","{'การเดินทาง / รถเมล์มพ.': 0, 'สิ่งอำนวยความสะดวกและอาคารสถานที่': 0, 'สุขอนามัยและความสะอาด': 19, 'การเรียนการสอนและหลักสูตร': 0, 'โรงอาหาร / ร้านค้าบริการ': 0, 'ความปลอดภัยและจราจร': 0, 'ระบบเครือข่ายและเทคโนโลยี': 0, 'บริการและสวัสดิการนิสิต': 0}",19,สุขอนามัยและความสะอาด
ไวไฟเข้าไม่ได้ ตอนนี้อยู่หอพักใน ทำงานไม่ได้เลย,"['ไวไฟเข้าไม่ได้', 'ไวไฟ']","{'การเดินทาง / รถเมล์มพ.': 0, 'สิ่งอำนวยความสะดวกและอาคารสถานที่': 0, 'สุขอนามัยและความสะอาด': 0, 'การเรียนการสอนและหลักสูตร': 0, 'โรงอาหาร / ร้านค้าบริการ': 0, 'ความปลอดภัยและจราจร': 0, 'ระบบเครือข่ายและเทคโนโลยี': 18, 'บริการและสวัสดิการนิสิต': 0}",18,ระบบเครือข่ายและเทคโนโลยี
สอบถามหน่อยครับ สอบถามเรื่องทุนการศึกษา,"['ทุนการศึกษา', 'สอบถามหน่อยครับ']","{'การเดินทาง / รถเมล์มพ.': 0, 'สิ่งอำนวยความสะดวกและอาคารสถานที่': 0, 'สุขอนามัยและความสะอาด': 0, 'การเรียนการสอนและหลักสูตร': 0, 'โรงอาหาร / ร้านค้าบริการ': 0, 'ความปลอดภัยและจราจร': 0, 'ระบบเครือข่ายและเทคโนโลยี': 0, 'บริการและสวัสดิการนิสิต': 26}",26,บริการและสวัสดิการนิสิต
อาจารย์ครับ เกรดยังไม่ออกครับ รบกวนให้คำแนะนำที,"['เกรด', 'อาจารย์']","{'การเดินทาง / รถเมล์มพ.': 0, 'สิ่งอำนวยความสะดวกและอาคารสถานที่': 0, 'สุขอนามัยและความสะอาด': 0, 'การเรียนการสอนและหลักสูตร': 11, 'โรงอาหาร / ร้านค้าบริการ': 0, 'ความปลอดภัยและจราจร': 0, 'ระบบเครือข่ายและเทคโนโลยี': 0, 'บริการและสวัสดิการนิสิต': 0}",11,การเรียนการสอนและหลักสูตร
แจ้งทำความสะอาดตรงสนามบาส หญ้ารกมาก ครับ,"['หญ้ารก', 'ทำความสะอาด']","{'การเดินทาง / รถเมล์มพ.': 0, 'สิ่งอำนวยความสะดวกและอาคารสถานที่': 0, 'สุขอนามัยและความสะอาด': 17, 'การเรียนการสอนและหลักสูตร': 0, 'โรงอาหาร / ร้านค้าบริการ': 0, 'ความปลอดภัยและจราจร': 0, 'ระบบเครือข่ายและเทคโนโลยี': 0, 'บริการและสวัสดิการนิสิต': 0}",17,สุขอนามัยและความสะอาด
รปภ. ช่วยดูตรงหน้ามอ หน่อยครับ ทางมืดมากอันตราย,"['อันตราย', 'รปภ.', 'ทางมืด', 'รปภ']","{'การเดินทาง / รถเมล์มพ.': 0, 'สิ่งอำนวยความสะดวกและอาคารสถานที่': 0, 'สุขอนามัยและความสะอาด': 0, 'การเรียนการสอนและหลักสูตร': 0, 'โรงอาหาร / ร้านค้าบริการ': 0, 'ความปลอดภัยและจราจร': 20, 'ระบบเครือข่ายและเทคโนโลยี': 0, 'บริการและสวัสดิการนิสิต': 0}",20,ความปลอดภัยและจราจร
รปภ. ช่วยดูตรงหน้ามอ หน่อยครับ รถติดหนักมาก,"['รถติด', 'รปภ.', 'รปภ']","{'การเดินทาง / รถเมล์มพ.': 5, 'สิ่งอำนวยความสะดวกและอาคารสถานที่': 0, 'สุขอนามัยและความสะอาด': 0, 'การเรียนการสอนและหลักสูตร': 0, 'โรงอาหาร / ร้านค้าบริการ': 0, 'ความปลอดภัยและจราจร': 7, 'ระบบเครือข่ายและเทคโนโลยี': 0, 'บริการและสวัสดิการนิสิต': 0}",7,ความปลอดภัยและจราจร
อาจารย์ครับ ลงทะเบียนวิชานี้ไม่ได้ รบกวนให้คำแนะนำที,"['วิชา', 'อาจารย์']","{'การเดินทาง / รถเมล์มพ.': 0, 'สิ่งอำนวยความสะดวกและอาคารสถานที่': 0, 'สุขอนามัยและความสะอาด': 0, 'การเรียนการสอนและหลักสูตร': 11, 'โรงอาหาร / ร้านค้าบริการ': 0, 'ความปลอดภัยและจราจร': 0, 'ระบบเครือข่ายและเทคโนโลยี': 0, 'บริการและสวัสดิการนิสิต': 0}",11,การเรียนการสอนและหลักสูตร
อาจารย์ครับ อยากติดต่ออาจารย์เรื่องดรอปเรียน รบกวนให้คำแนะนำที,"['ดรอปเรียน', 'ติดต่ออาจารย์', 'อาจารย์']","{'การเดินทาง / รถเมล์มพ.': 0, 'สิ่งอำนวยความสะดวกและอาคารสถานที่': 0, 'สุขอนามัยและความสะอาด': 0, 'การเรียนการสอนและหลักสูตร': 29, 'โรงอาหาร / ร้านค้าบริการ': 0, 'ความปลอดภัยและจราจร': 0, 'ระบบเครือข่ายและเทคโนโลยี': 0, 'บริการและสวัสดิการนิสิต': 0}",29,การเรียนการสอนและหลักสูตร
แจ้งเรื่องน้ำไม่ไหล ตรงอาคารเรียนรวม ช่วยมาดูหน่อย,['น้ำไม่ไหล'],"{'การเดินทาง / รถเมล์มพ.': 0, 'สิ่งอำนวยความสะดวกและอาคารสถานที่': 9, 'สุขอนามัยและความสะอาด': 0, 'การเรียนการสอนและหลักสูตร': 0, 'โรงอาหาร / ร้านค้าบริการ': 0, 'ความปลอดภัยและจราจร': 0, 'ระบบเครือข่ายและเทคโนโลยี': 0, 'บริการและสวัสดิการนิสิต': 0}",9,สิ่งอำนวยความสะดวกและอาคารสถานที่
แจ้งเรื่องประตูพัง ตรงตึกวิทย์ ช่วยมาดูหน่อย,"['พัง', 'ประตูพัง']","{'การเดินทาง / รถเมล์มพ.': 0, 'สิ่งอำนวยความสะดวกและอาคารสถานที่': 11, 'สุขอนามัยและความสะอาด': 0, 'การเรียนการสอนและหลักสูตร': 0, 'โรงอาหาร / ร้านค้าบริการ': 0, 'ความปลอดภัยและจราจร': 0, 'ระบบเครือข่ายและเทคโนโลยี': 0, 'บริการและสวัสดิการนิสิต': 0}",11,สิ่งอำนวยความสะดวกและอาคารสถานที่
แจ้งทำความสะอาดตรงสวนหน้าตึก ขยะล้นถังส่งกลิ่นเหม็น ครับ,"['ขยะล้น', 'เหม็น', 'ทำความสะอาด', 'กลิ่นเหม็น']","{'การเดินทาง / รถเมล์มพ.': 0, 'สิ่งอำนวยความสะดวกและอาคารสถานที่': 0, 'สุขอนามัยและความสะอาด': 32, 'การเรียนการสอนและหลักสูตร': 0, 'โรงอาหาร / ร้านค้าบริการ': 0, 'ความปลอดภัยและจราจร': 0, 'ระบบเครือข่ายและเทคโนโลยี': 0, 'บริการและสวัสดิการนิสิต': 0}",32,สุขอนามัยและความสะอาด
ระบบล่ม ตอนนี้อยู่หอพักใน ทำงานไม่ได้เลย,"['ระบบล่ม', 'ระบบ']","{'การเดินทาง / รถเมล์มพ.': 0, 'สิ่งอำนวยความสะดวกและอาคารสถานที่': 0, 'สุขอนามัยและความสะอาด': 0, 'การเรียนการสอนและหลักสูตร': 0, 'โรงอาหาร / ร้านค้าบริการ': 0, 'ความปลอดภัยและจราจร': 0, 'ระบบเครือข่ายและเทคโนโลยี': 11, 'บริการและสวัสดิการนิสิต': 0}",11,ระบบเครือข่ายและเทคโนโลยี
อาจารย์ครับ ตารางเรียนไม่ขึ้นระบบ รบกวนให้คำแนะนำที,"['ตารางเรียน', 'อาจารย์', 'ระบบ']","{'การเดินทาง / รถเมล์มพ.': 0, 'สิ่งอำนวยความสะดวกและอาคารสถานที่': 0, 'สุขอนามัยและความสะอาด': 0, 'การเรียนการสอนและหลักสูตร': 17, 'โรงอาหาร / ร้านค้าบริการ': 0, 'ความปลอดภัยและจราจร': 0, 'ระบบเครือข่ายและเทคโนโลยี': 4, 'บริการและสวัสดิการนิสิต': 0}",17,การเรียนการสอนและหลักสูตร
อาจารย์ครับ ลงทะเบียนวิชานี้ไม่ได้ รบกวนให้คำแนะนำที,"['วิชา', 'อาจารย์']","{'การเดินทาง / รถเมล์มพ.': 0, 'สิ่งอำนวยความสะดวกและอาคารสถานที่': 0, 'สุขอนามัยและความสะอาด': 0, 'การเรียนการสอนและหลักสูตร': 11, 'โรงอาหาร / ร้านค้าบริการ': 0, 'ความปลอดภัยและจราจร': 0, 'ระบบเครือข่ายและเทคโนโลยี': 0, 'บริการและสวัสดิการนิสิต': 0}",11,การเรียนการสอนและหลักสูตร
รปภ. ช่วยดูตรงทางแยก หน่อยครับ ทางมืดมากอันตราย,"['อันตราย', 'รปภ.', 'ทางมืด', 'รปภ']","{'การเดินทาง / รถเมล์มพ.': 0, 'สิ่งอำนวยความสะดวกและอาคารสถานที่': 0, 'สุขอนามัยและความสะอาด': 0, 'การเรียนการสอนและหลักสูตร': 0, 'โรงอาหาร / ร้านค้าบริการ': 0, 'ความปลอดภัยและจราจร': 20, 'ระบบเครือข่ายและเทคโนโลยี': 0, 'บริการและสวัสดิการนิสิต': 0}",20,ความปลอดภัยและจราจร
รปภ. ช่วยดูตรงลานจอดรถ หน่อยครับ รถติดหนักมาก,"['รถติด', 'รปภ.', 'รปภ']","{'การเดินทาง / รถเมล์มพ.': 5, 'สิ่งอำนวยความสะดวกและอาคารสถานที่': 0, 'สุขอนามัยและความสะอาด': 0, 'การเรียนการสอนและหลักสูตร': 0, 'โรงอาหาร / ร้านค้าบริการ': 0, 'ความปลอดภัยและจราจร': 7, 'ระบบเครือข่ายและเทคโนโลยี': 0, 'บริการและสวัสดิการนิสิต': 0}",7,ความปลอดภัยและจราจร
แจ้งเรื่องหลังคารั่วหนักมาก ตรงอาคารเรียนรวม ช่วยมาดูหน่อย,['หลังคารั่ว'],"{'การเดินทาง / รถเมล์มพ.': 0, 'สิ่งอำนวยความสะดวกและอาคารสถานที่': 10, 'สุขอนามัยและความสะอาด': 0, 'การเรียนการสอนและหลักสูตร': 0, 'โรงอาหาร / ร้านค้าบริการ': 0, 'ความปลอดภัยและจราจร': 0, 'ระบบเครือข่ายและเทคโนโลยี': 0, 'บริการและสวัสดิการนิสิต': 0}",10,สิ่งอำนวยความสะดวกและอาคารสถานที่
แจ้งทำความสะอาดตรงโรงอาหาร สกปรกมากไม่ทำความสะอาด ครับ,"['สกปรก', 'ไม่ทำความสะอาด', 'ทำความสะอาด', 'โรงอาหาร', 'อาหาร']","{'การเดินทาง / รถเมล์มพ.': 0, 'สิ่งอำนวยความสะดวกและอาคารสถานที่': 0, 'สุขอนามัยและความสะอาด': 30, 'การเรียนการสอนและหลักสูตร': 0, 'โรงอาหาร / ร้านค้าบริการ': 13, 'ความปลอดภัยและจราจร': 0, 'ระบบเครือข่ายและเทคโนโลยี': 0, 'บริการและสวัสดิการนิสิต': 0}",30,สุขอนามัยและความสะอาด
แจ้งทำความสะอาดตรงสวนหน้าตึก มีหมาจรจัดมาคุ้ยขยะ ครับ,"['หมาจรจัด', 'ทำความสะอาด']","{'การเดินทาง / รถเมล์มพ.': 0, 'สิ่งอำนวยความสะดวกและอาคารสถานที่': 0, 'สุขอนามัยและความสะอาด': 19, 'การเรียนการสอนและหลักสูตร': 0, 'โรงอาหาร / ร้านค้าบริการ': 0, 'ความปลอดภัยและจราจร': 0, 'ระบบเครือข่ายและเทคโนโลยี': 0, 'บริการและสวัสดิการนิสิต': 0}",19,สุขอนามัยและความสะอาด
อาจารย์ครับ ลงทะเบียนวิชานี้ไม่ได้ รบกวนให้คำแนะนำที,"['วิชา', 'อาจารย์']","{'การเดินทาง / รถเมล์มพ.': 0, 'สิ่งอำนวยความสะดวกและอาคารสถานที่': 0, 'สุขอนามัยและความสะอาด': 0, 'การเรียนการสอนและหลักสูตร': 11, 'โรงอาหาร / ร้านค้าบริการ': 0, 'ความปลอดภัยและจราจร': 0, 'ระบบเครือข่ายและเทคโนโลยี': 0, 'บริการและสวัสดิการนิสิต': 0}",11,การเรียนการสอนและหลักสูตร
เน็ตหลุดบ่อยมาก ตอนนี้อยู่ห้องสมุด ทำงานไม่ได้เลย,"['เน็ตหลุด', 'หลุดบ่อย']","{'การเดินทาง / รถเมล์มพ.': 0, 'สิ่งอำนวยความสะดวกและอาคารสถานที่': 0, 'สุขอนามัยและความสะอาด': 0, 'การเรียนการสอนและหลักสูตร': 0, 'โรงอาหาร / ร้านค้าบริการ': 0, 'ความปลอดภัยและจราจร': 0, 'ระบบเครือข่ายและเทคโนโลยี': 16, 'บริการและสวัสดิการนิสิต': 0}",16,ระบบเครือข่ายและเทคโนโลยี
สอบถามหน่อยครับ ทำบัตรนิสิตใหม่ที่ไหน,"['บัตรนิสิต', 'สอบถามหน่อยครับ']","{'การเดินทาง / รถเมล์มพ.': 0, 'สิ่งอำนวยความสะดวกและอาคารสถานที่': 0, 'สุขอนามัยและความสะอาด': 0, 'การเรียนการสอนและหลักสูตร': 0, 'โรงอาหาร / ร้านค้าบริการ': 0, 'ความปลอดภัยและจราจร': 0, 'ระบบเครือข่ายและเทคโนโลยี': 0, 'บริการและสวัสดิการนิสิต': 24}",24,บริการและสวัสดิการนิสิต
แจ้งทำความสะอาดตรงริมสระน้ำ หญ้ารกมาก ครับ,"['หญ้ารก', 'ทำความสะอาด']","{'การเดินทาง / รถเมล์มพ.': 0, 'สิ่งอำนวยความสะดวกและอาคารสถานที่': 0, 'สุขอนามัยและความสะอาด': 17, 'การเรียนการสอนและหลักสูตร': 0, 'โรงอาหาร / ร้านค้าบริการ': 0, 'ความปลอดภัยและจราจร': 0, 'ระบบเครือข่ายและเทคโนโลยี': 0, 'บริการและสวัสดิการนิสิต': 0}",17,สุขอนามัยและความสะอาด
แจ้งเรื่องลิฟต์ค้าง ตรงห้อง 1204 ช่วยมาดูหน่อย,"['ลิฟต์ค้าง', 'ลิฟต์']","{'การเดินทาง / รถเมล์มพ.': 0, 'สิ่งอำนวยความสะดวกและอาคารสถานที่': 14, 'สุขอนามัยและความสะอาด': 0, 'การเรียนการสอนและหลักสูตร': 0, 'โรงอาหาร / ร้านค้าบริการ': 0, 'ความปลอดภัยและจราจร': 0, 'ระบบเครือข่ายและเทคโนโลยี': 0, 'บริการและสวัสดิการนิสิต': 0}",14,สิ่งอำนวยความสะดวกและอาคารสถานที่
แจ้งเรื่องประตูพัง ตรงตึกวิทย์ ช่วยมาดูหน่อย,"['พัง', 'ประตูพัง']","{'การเดินทาง / รถเมล์มพ.': 0, 'สิ่งอำนวยความสะดวกและอาคารสถานที่': 11, 'สุขอนามัยและความสะอาด': 0, 'การเรียนการสอนและหลักสูตร': 0, 'โรงอาหาร / ร้านค้าบริการ': 0, 'ความปลอดภัยและจราจร': 0, 'ระบบเครือข่ายและเทคโนโลยี': 0, 'บริการและสวัสดิการนิสิต': 0}",11,สิ่งอำนวยความสะดวกและอาคารสถานที่
สอบถามหน่อยครับ รถเมล์สาย 1 หมดกี่โมง,"['รถเมล์', 'รถเมล์สาย', 'สอบถามหน่อยครับ']","{'การเดินทาง / รถเมล์มพ.': 15, 'สิ่งอำนวยความสะดวกและอาคารสถานที่': 0, 'สุขอนามัยและความสะอาด': 0, 'การเรียนการสอนและหลักสูตร': 0, 'โรงอาหาร / ร้านค้าบริการ': 0, 'ความปลอดภัยและจราจร': 0, 'ระบบเครือข่ายและเทคโนโลยี': 0, 'บริการและสวัสดิการนิสิต': 15}",15,การเดินทาง / รถเมล์มพ.
ระบบล่ม ตอนนี้อยู่หน้ามอ ทำงานไม่ได้เลย,"['ระบบล่ม', 'ระบบ']","{'การเดินทาง / รถเมล์มพ.': 0, 'สิ่งอำนวยความสะดวกและอาคารสถานที่': 0, 'สุขอนามัยและความสะอาด': 0, 'การเรียนการสอนและหลักสูตร': 0, 'โรงอาหาร / ร้านค้าบริการ': 0, 'ความปลอดภัยและจราจร': 0, 'ระบบเครือข่ายและเทคโนโลยี': 11, 'บริการและสวัสดิการนิสิต': 0}",11,ระบบเครือข่ายและเทคโนโลยี
สอบถามหน่อยครับ อยากทราบกำหนดการกิจกรรมรับน้อง,"['กิจกรรม', 'สอบถามหน่อยครับ']","{'การเดินทาง / รถเมล์มพ.': 0, 'สิ่งอำนวยความสะดวกและอาคารสถานที่': 0, 'สุขอนามัยและความสะอาด': 0, 'การเรียนการสอนและหลักสูตร': 0, 'โรงอาหาร / ร้านค้าบริการ': 0, 'ความปลอดภัยและจราจร': 0, 'ระบบเครือข่ายและเทคโนโลยี': 0, 'บริการและสวัสดิการนิสิต': 22}",22,บริการและสวัสดิการนิสิต
แจ้งทำความสะอาดตรงริมสระน้ำ ขยะล้นถังส่งกลิ่นเหม็น ครับ,"['ขยะล้น', 'เหม็น', 'ทำความสะอาด', 'กลิ่นเหม็น']","{'การเดินทาง / รถเมล์มพ.': 0, 'สิ่งอำนวยความสะดวกและอาคารสถานที่': 0, 'สุขอนามัยและความสะอาด': 32, 'การเรียนการสอนและหลักสูตร': 0, 'โรงอาหาร / ร้านค้าบริการ': 0, 'ความปลอดภัยและจราจร': 0, 'ระบบเครือข่ายและเทคโนโลยี': 0, 'บริการและสวัสดิการนิสิต': 0}",32,สุขอนามัยและความสะอาด
รปภ. ช่วยดูตรงลานจอดรถ หน่อยครับ มีรถชนกัน,"['รถชน', 'รปภ.', 'รปภ']","{'การเดินทาง / รถเมล์มพ.': 0, 'สิ่งอำนวยความสะดวกและอาคารสถานที่': 0, 'สุขอนามัยและความสะอาด': 0, 'การเรียนการสอนและหลักสูตร': 0, 'โรงอาหาร / ร้านค้าบริการ': 0, 'ความปลอดภัยและจราจร': 11, 'ระบบเครือข่ายและเทคโนโลยี': 0, 'บริการและสวัสดิการนิสิต': 0}",11,ความปลอดภัยและจราจร
รปภ. ช่วยดูตรงทางแยก หน่อยครับ ทางมืดมากอันตราย,"['อันตราย', 'รปภ.', 'ทางมืด', 'รปภ']","{'การเดินทาง / รถเมล์มพ.': 0, 'สิ่งอำนวยความสะดวกและอาคารสถานที่': 0, 'สุขอนามัยและความสะอาด': 0, 'การเรียนการสอนและหลักสูตร': 0, 'โรงอาหาร / ร้านค้าบริการ': 0, 'ความปลอดภัยและจราจร': 20, 'ระบบเครือข่ายและเทคโนโลยี': 0, 'บริการและสวัสดิการนิสิต': 0}",20,ความปลอดภัยและจราจร
สอบถามหน่อยครับ ทำบัตรนิสิตใหม่ที่ไหน,"['บัตรนิสิต', 'สอบถามหน่อยครับ']","{'การเดินทาง / รถเมล์มพ.': 0, 'สิ่งอำนวยความสะดวกและอาคารสถานที่': 0, 'สุขอนามัยและความสะอาด': 0, 'การเรียนการสอนและหลักสูตร': 0, 'โรงอาหาร / ร้านค้าบริการ': 0, 'ความปลอดภัยและจราจร': 0, 'ระบบเครือข่ายและเทคโนโลยี': 0, 'บริการและสวัสดิการนิสิต': 24}",24,บริการและสวัสดิการนิสิต
แจ้งเรื่องหลังคารั่วหนักมาก ตรงอาคารเรียนรวม ช่วยมาดูหน่อย,['หลังคารั่ว'],"{'การเดินทาง / รถเมล์มพ.': 0, 'สิ่งอำนวยความสะดวกและอาคารสถานที่': 10, 'สุขอนามัยและความสะอาด': 0, 'การเรียนการสอนและหลักสูตร': 0, 'โรงอาหาร / ร้านค้าบริการ': 0, 'ความปลอดภัยและจราจร': 0, 'ระบบเครือข่ายและเทคโนโลยี': 0, 'บริการและสวัสดิการนิสิต': 0}",10,สิ่งอำนวยความสะดวกและอาคารสถานที่
สอบถามหน่อยครับ รถเมล์สาย 1 หมดกี่โมง,"['รถเมล์', 'รถเมล์สาย', 'สอบถามหน่อยครับ']","{'การเดินทาง / รถเมล์มพ.': 15, 'สิ่งอำนวยความสะดวกและอาคารสถานที่': 0, 'สุขอนามัยและความสะอาด': 0, 'การเรียนการสอนและหลักสูตร': 0, 'โรงอาหาร / ร้านค้าบริการ': 0, 'ความปลอดภัยและจราจร': 0, 'ระบบเครือข่ายและเทคโนโลยี': 0, 'บริการและสวัสดิการนิสิต': 15}",15,การเดินทาง / รถเมล์มพ.
รปภ. ช่วยดูตรงหลังมอ หน่อยครับ ทางมืดมากอันตราย,"['อันตราย', 'รปภ.', 'ทางมืด', 'รปภ']","{'การเดินทาง / รถเมล์มพ.': 0, 'สิ่งอำนวยความสะดวกและอาคารสถานที่': 0, 'สุขอนามัยและความสะอาด': 0, 'การเรียนการสอนและหลักสูตร': 0, 'โรงอาหาร / ร้านค้าบริการ': 0, 'ความปลอดภัยและจราจร': 20, 'ระบบเครือข่ายและเทคโนโลยี': 0, 'บริการและสวัสดิการนิสิต': 0}",20,ความปลอดภัยและจราจร
แจ้งเรื่องไฟดับครับ ตรงห้องน้ำตึกสงวน ช่วยมาดูหน่อย,['ไฟดับ'],"{'การเดินทาง / รถเมล์มพ.': 0, 'สิ่งอำนวยความสะดวกและอาคารสถานที่': 5, 'สุขอนามัยและความสะอาด': 0, 'การเรียนการสอนและหลักสูตร': 0, 'โรงอาหาร / ร้านค้าบริการ': 0, 'ความปลอดภัยและจราจร': 0, 'ระบบเครือข่ายและเทคโนโลยี': 0, 'บริการและสวัสดิการนิสิต': 0}",5,สิ่งอำนวยความสะดวกและอาคารสถานที่
สอบถามหน่อยครับ อยากทราบกำหนดการกิจกรรมรับน้อง,"['กิจกรรม', 'สอบถามหน่อยครับ']","{'การเดินทาง / รถเมล์มพ.': 0, 'สิ่งอำนวยความสะดวกและอาคารสถานที่': 0, 'สุขอนามัยและความสะอาด': 0, 'การเรียนการสอนและหลักสูตร': 0, 'โรงอาหาร / ร้านค้าบริการ': 0, 'ความปลอดภัยและจราจร': 0, 'ระบบเครือข่ายและเทคโนโลยี': 0, 'บริการและสวัสดิการนิสิต': 22}",22,บริการและสวัสดิการนิสิต
สอบถามหน่อยครับ สอบถามเรื่องทุนการศึกษา,"['ทุนการศึกษา', 'สอบถามหน่อยครับ']","{'การเดินทาง / รถเมล์มพ.': 0, 'สิ่งอำนวยความสะดวกและอาคารสถานที่': 0, 'สุขอนามัยและความสะอาด': 0, 'การเรียนการสอนและหลักสูตร': 0, 'โรงอาหาร / ร้านค้าบริการ': 0, 'ความปลอดภัยและจราจร': 0, 'ระบบเครือข่ายและเทคโนโลยี': 0, 'บริการและสวัสดิการนิสิต': 26}",26,บริการและสวัสดิการนิสิต
รปภ. ช่วยดูตรงประตู 2 หน่อยครับ ทางมืดมากอันตราย,"['อันตราย', 'รปภ.', 'ทางมืด', 'รปภ', 'ประตู 2']","{'การเดินทาง / รถเมล์มพ.': 0, 'สิ่งอำนวยความสะดวกและอาคารสถานที่': 0, 'สุขอนามัยและความสะอาด': 0, 'การเรียนการสอนและหลักสูตร': 0, 'โรงอาหาร / ร้านค้าบริการ': 0, 'ความปลอดภัยและจราจร': 27, 'ระบบเครือข่ายและเทคโนโลยี': 0, 'บริการและสวัสดิการนิสิต': 0}",27,ความปลอดภัยและจราจร
ลืมรหัสผ่านเข้าระบบ ตอนนี้อยู่หน้ามอ ทำงานไม่ได้เลย,"['ลืมรหัสผ่าน', 'ระบบ']","{'การเดินทาง / รถเมล์มพ.': 0, 'สิ่งอำนวยความสะดวกและอาคารสถานที่': 0, 'สุขอนามัยและความสะอาด': 0, 'การเรียนการสอนและหลักสูตร': 0, 'โรงอาหาร / ร้านค้าบริการ': 0, 'ความปลอดภัยและจราจร': 0, 'ระบบเครือข่ายและเทคโนโลยี': 15, 'บริการและสวัสดิการนิสิต': 0}",15,ระบบเครือข่ายและเทคโนโลยี
แจ้งทำความสะอาดตรงริมสระน้ำ ขยะล้นถังส่งกลิ่นเหม็น ครับ,"['ขยะล้น', 'เหม็น', 'ทำความสะอาด', 'กลิ่นเหม็น']","{'การเดินทาง / รถเมล์มพ.': 0, 'สิ่งอำนวยความสะดวกและอาคารสถานที่': 0, 'สุขอนามัยและความสะอาด': 32, 'การเรียนการสอนและหลักสูตร': 0, 'โรงอาหาร / ร้านค้าบริการ': 0, 'ความปลอดภัยและจราจร': 0, 'ระบบเครือข่ายและเทคโนโลยี': 0, 'บริการและสวัสดิการนิสิต': 0}",32,สุขอนามัยและความสะอาด
อาจารย์ครับ ตารางเรียนไม่ขึ้นระบบ รบกวนให้คำแนะนำที,"['ตารางเรียน', 'อาจารย์', 'ระบบ']","{'การเดินทาง / รถเมล์มพ.': 0, 'สิ่งอำนวยความสะดวกและอาคารสถานที่': 0, 'สุขอนามัยและความสะอาด': 0, 'การเรียนการสอนและหลักสูตร': 17, 'โรงอาหาร / ร้านค้าบริการ': 0, 'ความปลอดภัยและจราจร': 0, 'ระบบเครือข่ายและเทคโนโลยี': 4, 'บริการและสวัสดิการนิสิต': 0}",17,การเรียนการสอนและหลักสูตร
อาจารย์ครับ ขอสอบชดเชยต้องทำไง รบกวนให้คำแนะนำที,"['ขอสอบชดเชย', 'อาจารย์']","{'การเดินทาง / รถเมล์มพ.': 0, 'สิ่งอำนวยความสะดวกและอาคารสถานที่': 0, 'สุขอนามัยและความสะอาด': 0, 'การเรียนการสอนและหลักสูตร': 17, 'โรงอาหาร / ร้านค้าบริการ': 0, 'ความปลอดภัยและจราจร': 0, 'ระบบเครือข่ายและเทคโนโลยี': 0, 'บริการและสวัสดิการนิสิต': 0}",17,การเรียนการสอนและหลักสูตร
สอบถามหน่อยครับ ทำบัตรนิสิตใหม่ที่ไหน,"['บัตรนิสิต', 'สอบถามหน่อยครับ']","{'การเดินทาง / รถเมล์มพ.': 0, 'สิ่งอำนวยความสะดวกและอาคารสถานที่': 0, 'สุขอนามัยและความสะอาด': 0, 'การเรียนการสอนและหลักสูตร': 0, 'โรงอาหาร / ร้านค้าบริการ': 0, 'ความปลอดภัยและจราจร': 0, 'ระบบเครือข่ายและเทคโนโลยี': 0, 'บริการและสวัสดิการนิสิต': 24}",24,บริการและสวัสดิการนิสิต
แจ้งเรื่องไฟดับครับ ตรงห้องบรรยาย ช่วยมาดูหน่อย,['ไฟดับ'],"{'การเดินทาง / รถเมล์มพ.': 0, 'สิ่งอำนวยความสะดวกและอาคารสถานที่': 5, 'สุขอนามัยและความสะอาด': 0, 'การเรียนการสอนและหลักสูตร': 0, 'โรงอาหาร / ร้านค้าบริการ': 0, 'ความปลอดภัยและจราจร': 0, 'ระบบเครือข่ายและเทคโนโลยี': 0, 'บริการและสวัสดิการนิสิต': 0}",5,สิ่งอำนวยความสะดวกและอาคารสถานที่
แจ้งเรื่องลิฟต์ค้าง ตรงห้อง 1204 ช่วยมาดูหน่อย,"['ลิฟต์ค้าง', 'ลิฟต์']","{'การเดินทาง / รถเมล์มพ.': 0, 'สิ่งอำนวยความสะดวกและอาคารสถานที่': 14, 'สุขอนามัยและความสะอาด': 0, 'การเรียนการสอนและหลักสูตร': 0, 'โรงอาหาร / ร้านค้าบริการ': 0, 'ความปลอดภัยและจราจร': 0, 'ระบบเครือข่ายและเทคโนโลยี': 0, 'บริการและสวัสดิการนิสิต': 0}",14,สิ่งอำนวยความสะดวกและอาคารสถานที่
สอบถามหน่อยครับ ทำบัตรนิสิตใหม่ที่ไหน,"['บัตรนิสิต', 'สอบถามหน่อยครับ']","{'การเดินทาง / รถเมล์มพ.': 0, 'สิ่งอำนวยความสะดวกและอาคารสถานที่': 0, 'สุขอนามัยและความสะอาด': 0, 'การเรียนการสอนและหลักสูตร': 0, 'โรงอาหาร / ร้านค้าบริการ': 0, 'ความปลอดภัยและจราจร': 0, 'ระบบเครือข่ายและเทคโนโลยี': 0, 'บริการและสวัสดิการนิสิต': 24}",24,บริการและสวัสดิการนิสิต
แจ้งเรื่องลิฟต์ค้าง ตรงห้อง 1204 ช่วยมาดูหน่อย,"['ลิฟต์ค้าง', 'ลิฟต์']","{'การเดินทาง / รถเมล์มพ.': 0, 'สิ่งอำนวยความสะดวกและอาคารสถานที่': 14, 'สุขอนามัยและความสะอาด': 0, 'การเรียนการสอนและหลักสูตร': 0, 'โรงอาหาร / ร้านค้าบริการ': 0, 'ความปลอดภัยและจราจร': 0, 'ระบบเครือข่ายและเทคโนโลยี': 0, 'บริการและสวัสดิการนิสิต': 0}",14,สิ่งอำนวยความสะดวกและอาคารสถานที่
รปภ. ช่วยดูตรงประตู 2 หน่อยครับ หมวกกันน็อคหาย,"['รปภ.', 'รปภ', 'ประตู 2', 'หมวกกันน็อคหาย']","{'การเดินทาง / รถเมล์มพ.': 0, 'สิ่งอำนวยความสะดวกและอาคารสถานที่': 0, 'สุขอนามัยและความสะอาด': 0, 'การเรียนการสอนและหลักสูตร': 0, 'โรงอาหาร / ร้านค้าบริการ': 0, 'ความปลอดภัยและจราจร': 14, 'ระบบเครือข่ายและเทคโนโลยี': 0, 'บริการและสวัสดิการนิสิต': 14}",14,ความปลอดภัยและจราจร
แจ้งเรื่องลิฟต์ค้าง ตรงตึก ICT ช่วยมาดูหน่อย,"['ลิฟต์ค้าง', 'ลิฟต์']","{'การเดินทาง / รถเมล์มพ.': 0, 'สิ่งอำนวยความสะดวกและอาคารสถานที่': 14, 'สุขอนามัยและความสะอาด': 0, 'การเรียนการสอนและหลักสูตร': 0, 'โรงอาหาร / ร้านค้าบริการ': 0, 'ความปลอดภัยและจราจร': 0, 'ระบบเครือข่ายและเทคโนโลยี': 0, 'บริการและสวัสดิการนิสิต': 0}",14,สิ่งอำนวยความสะดวกและอาคารสถานที่
แจ้งทำความสะอาดตรงริมสระน้ำ กิ่งไม้หักขวางทาง ครับ,"['กิ่งไม้หัก', 'ทำความสะอาด']","{'การเดินทาง / รถเมล์มพ.': 0, 'สิ่งอำนวยความสะดวกและอาคารสถานที่': 0, 'สุขอนามัยและความสะอาด': 21, 'การเรียนการสอนและหลักสูตร': 0, 'โรงอาหาร / ร้านค้าบริการ': 0, 'ความปลอดภัยและจราจร': 0, 'ระบบเครือข่ายและเทคโนโลยี': 0, 'บริการและสวัสดิการนิสิต': 0}",21,สุขอนามัยและความสะอาด
สอบถามหน่อยครับ สอบถามเรื่องทุนการศึกษา,"['ทุนการศึกษา', 'สอบถามหน่อยครับ']","{'การเดินทาง / รถเมล์มพ.': 0, 'สิ่งอำนวยความสะดวกและอาคารสถานที่': 0, 'สุขอนามัยและความสะอาด': 0, 'การเรียนการสอนและหลักสูตร': 0, 'โรงอาหาร / ร้านค้าบริการ': 0, 'ความปลอดภัยและจราจร': 0, 'ระบบเครือข่ายและเทคโนโลยี': 0, 'บริการและสวัสดิการนิสิต': 26}",26,บริการและสวัสดิการนิสิต
แจ้งเรื่องลิฟต์ค้าง ตรงห้องบรรยาย ช่วยมาดูหน่อย,"['ลิฟต์ค้าง', 'ลิฟต์']","{'การเดินทาง / รถเมล์มพ.': 0, 'สิ่งอำนวยความสะดวกและอาคารสถานที่': 14, 'สุขอนามัยและความสะอาด': 0, 'การเรียนการสอนและหลักสูตร': 0, 'โรงอาหาร / ร้านค้าบริการ': 0, 'ความปลอดภัยและจราจร': 0, 'ระบบเครือข่ายและเทคโนโลยี': 0, 'บริการและสวัสดิการนิสิต': 0}",14,สิ่งอำนวยความสะดวกและอาคารสถานที่
สอบถามหน่อยครับ สอบถามเรื่องทุนการศึกษา,"['ทุนการศึกษา', 'สอบถามหน่อยครับ']","{'การเดินทาง / รถเมล์มพ.': 0, 'สิ่งอำนวยความสะดวกและอาคารสถานที่': 0, 'สุขอนามัยและความสะอาด': 0, 'การเรียนการสอนและหลักสูตร': 0, 'โรงอาหาร / ร้านค้าบริการ': 0, 'ความปลอดภัยและจราจร': 0, 'ระบบเครือข่ายและเทคโนโลยี': 0, 'บริการและสวัสดิการนิสิต': 26}",26,บริการและสวัสดิการนิสิต
แจ้งเรื่องลิฟต์ค้าง ตรงห้องน้ำตึกสงวน ช่วยมาดูหน่อย,"['ลิฟต์ค้าง', 'ลิฟต์']","{'การเดินทาง / รถเมล์มพ.': 0, 'สิ่งอำนวยความสะดวกและอาคารสถานที่': 14, 'สุขอนามัยและความสะอาด': 0, 'การเรียนการสอนและหลักสูตร': 0, 'โรงอาหาร / ร้านค้าบริการ': 0, 'ความปลอดภัยและจราจร': 0, 'ระบบเครือข่ายและเทคโนโลยี': 0, 'บริการและสวัสดิการนิสิต': 0}",14,สิ่งอำนวยความสะดวกและอาคารสถานที่
รปภ. ช่วยดูตรงหน้ามอ หน่อยครับ คนจอดรถขวางทาง,"['รปภ.', 'จอดรถขวาง', 'รปภ']","{'การเดินทาง / รถเมล์มพ.': 0, 'สิ่งอำนวยความสะดวกและอาคารสถานที่': 0, 'สุขอนามัยและความสะอาด': 0, 'การเรียนการสอนและหลักสูตร': 0, 'โรงอาหาร / ร้านค้าบริการ': 0, 'ความปลอดภัยและจราจร': 16, 'ระบบเครือข่ายและเทคโนโลยี': 0, 'บริการและสวัสดิการนิสิต': 0}",16,ความปลอดภัยและจราจร
ไวไฟเข้าไม่ได้ ตอนนี้อยู่หน้ามอ ทำงานไม่ได้เลย,"['ไวไฟเข้าไม่ได้', 'ไวไฟ']","{'การเดินทาง / รถเมล์มพ.': 0, 'สิ่งอำนวยความสะดวกและอาคารสถานที่': 0, 'สุขอนามัยและความสะอาด': 0, 'การเรียนการสอนและหลักสูตร': 0, 'โรงอาหาร / ร้านค้าบริการ': 0, 'ความปลอดภัยและจราจร': 0, 'ระบบเครือข่ายและเทคโนโลยี': 18, 'บริการและสวัสดิการนิสิต': 0}",18,ระบบเครือข่ายและเทคโนโลยี
อาจารย์ครับ ขอสอบชดเชยต้องทำไง รบกวนให้คำแนะนำที,"['ขอสอบชดเชย', 'อาจารย์']","{'การเดินทาง / รถเมล์มพ.': 0, 'สิ่งอำนวยความสะดวกและอาคารสถานที่': 0, 'สุขอนามัยและความสะอาด': 0, 'การเรียนการสอนและหลักสูตร': 17, 'โรงอาหาร / ร้านค้าบริการ': 0, 'ความปลอดภัยและจราจร': 0, 'ระบบเครือข่ายและเทคโนโลยี': 0, 'บริการและสวัสดิการนิสิต': 0}",17,การเรียนการสอนและหลักสูตร
รปภ. ช่วยดูตรงประตู 2 หน่อยครับ ทางมืดมากอันตราย,"['อันตราย', 'รปภ.', 'ทางมืด', 'รปภ', 'ประตู 2']","{'การเดินทาง / รถเมล์มพ.': 0, 'สิ่งอำนวยความสะดวกและอาคารสถานที่': 0, 'สุขอนามัยและความสะอาด': 0, 'การเรียนการสอนและหลักสูตร': 0, 'โรงอาหาร / ร้านค้าบริการ': 0, 'ความปลอดภัยและจราจร': 27, 'ระบบเครือข่ายและเทคโนโลยี': 0, 'บริการและสวัสดิการนิสิต': 0}",27,ความปลอดภัยและจราจร
ลืมรหัสผ่านเข้าระบบ ตอนนี้อยู่ห้องสมุด ทำงานไม่ได้เลย,"['ลืมรหัสผ่าน', 'ระบบ']","{'การเดินทาง / รถเมล์มพ.': 0, 'สิ่งอำนวยความสะดวกและอาคารสถานที่': 0, 'สุขอนามัยและความสะอาด': 0, 'การเรียนการสอนและหลักสูตร': 0, 'โรงอาหาร / ร้านค้าบริการ': 0, 'ความปลอดภัยและจราจร': 0, 'ระบบเครือข่ายและเทคโนโลยี': 15, 'บริการและสวัสดิการนิสิต': 0}",15,ระบบเครือข่ายและเทคโนโลยี
แจ้งทำความสะอาดตรงทางเดิน สกปรกมากไม่ทำความสะอาด ครับ,"['สกปรก', 'ไม่ทำความสะอาด', 'ทำความสะอาด']","{'การเดินทาง / รถเมล์มพ.': 0, 'สิ่งอำนวยความสะดวกและอาคารสถานที่': 0, 'สุขอนามัยและความสะอาด': 30, 'การเรียนการสอนและหลักสูตร': 0, 'โรงอาหาร / ร้านค้าบริการ': 0, 'ความปลอดภัยและจราจร': 0, 'ระบบเครือข่ายและเทคโนโลยี': 0, 'บริการและสวัสดิการนิสิต': 0}",30,สุขอนามัยและความสะอาด
แจ้งทำความสะอาดตรงสนามบาส หญ้ารกมาก ครับ,"['หญ้ารก', 'ทำความสะอาด']","{'การเดินทาง / รถเมล์มพ.': 0, 'สิ่งอำนวยความสะดวกและอาคารสถานที่': 0, 'สุขอนามัยและความสะอาด': 17, 'การเรียนการสอนและหลักสูตร': 0, 'โรงอาหาร / ร้านค้าบริการ': 0, 'ความปลอดภัยและจราจร': 0, 'ระบบเครือข่ายและเทคโนโลยี': 0, 'บริการและสวัสดิการนิสิต': 0}",17,สุขอนามัยและความสะอาด
รปภ. ช่วยดูตรงทางแยก หน่อยครับ ทางมืดมากอันตราย,"['อันตราย', 'รปภ.', 'ทางมืด', 'รปภ']","{'การเดินทาง / รถเมล์มพ.': 0, 'สิ่งอำนวยความสะดวกและอาคารสถานที่': 0, 'สุขอนามัยและความสะอาด': 0, 'การเรียนการสอนและหลักสูตร': 0, 'โรงอาหาร / ร้านค้าบริการ': 0, 'ความปลอดภัยและจราจร': 20, 'ระบบเครือข่ายและเทคโนโลยี': 0, 'บริการและสวัสดิการนิสิต': 0}",20,ความปลอดภัยและจราจร
แจ้งทำความสะอาดตรงสวนหน้าตึก มีหมาจรจัดมาคุ้ยขยะ ครับ,"['หมาจรจัด', 'ทำความสะอาด']","{'การเดินทาง / รถเมล์มพ.': 0, 'สิ่งอำนวยความสะดวกและอาคารสถานที่': 0, 'สุขอนามัยและความสะอาด': 19, 'การเรียนการสอนและหลักสูตร': 0, 'โรงอาหาร / ร้านค้าบริการ': 0, 'ความปลอดภัยและจราจร': 0, 'ระบบเครือข่ายและเทคโนโลยี': 0, 'บริการและสวัสดิการนิสิต': 0}",19,สุขอนามัยและความสะอาด
รปภ. ช่วยดูตรงหลังมอ หน่อยครับ หมวกกันน็อคหาย,"['รปภ.', 'รปภ', 'หมวกกันน็อคหาย']","{'การเดินทาง / รถเมล์มพ.': 0, 'สิ่งอำนวยความสะดวกและอาคารสถานที่': 0, 'สุขอนามัยและความสะอาด': 0, 'การเรียนการสอนและหลักสูตร': 0, 'โรงอาหาร / ร้านค้าบริการ': 0, 'ความปลอดภัยและจราจร': 7, 'ระบบเครือข่ายและเทคโนโลยี': 0, 'บริการและสวัสดิการนิสิต': 14}",14,บริการและสวัสดิการนิสิต
รปภ. ช่วยดูตรงทางแยก หน่อยครับ รถติดหนักมาก,"['รถติด', 'รปภ.', 'รปภ']","{'การเดินทาง / รถเมล์มพ.': 5, 'สิ่งอำนวยความสะดวกและอาคารสถานที่': 0, 'สุขอนามัยและความสะอาด': 0, 'การเรียนการสอนและหลักสูตร': 0, 'โรงอาหาร / ร้านค้าบริการ': 0, 'ความปลอดภัยและจราจร': 7, 'ระบบเครือข่ายและเทคโนโลยี': 0, 'บริการและสวัสดิการนิสิต': 0}",7,ความปลอดภัยและจราจร
แจ้งทำความสะอาดตรงสนามบาส หญ้ารกมาก ครับ,"['หญ้ารก', 'ทำความสะอาด']","{'การเดินทาง / รถเมล์มพ.': 0, 'สิ่งอำนวยความสะดวกและอาคารสถานที่': 0, 'สุขอนามัยและความสะอาด': 17, 'การเรียนการสอนและหลักสูตร': 0, 'โรงอาหาร / ร้านค้าบริการ': 0, 'ความปลอดภัยและจราจร': 0, 'ระบบเครือข่ายและเทคโนโลยี': 0, 'บริการและสวัสดิการนิสิต': 0}",17,สุขอนามัยและความสะอาด
อาจารย์ครับ เกรดยังไม่ออกครับ รบกวนให้คำแนะนำที,"['เกรด', 'อาจารย์']","{'การเดินทาง / รถเมล์มพ.': 0, 'สิ่งอำนวยความสะดวกและอาคารสถานที่': 0, 'สุขอนามัยและความสะอาด': 0, 'การเรียนการสอนและหลักสูตร': 11, 'โรงอาหาร / ร้านค้าบริการ': 0, 'ความปลอดภัยและจราจร': 0, 'ระบบเครือข่ายและเทคโนโลยี': 0, 'บริการและสวัสดิการนิสิต': 0}",11,การเรียนการสอนและหลักสูตร
แจ้งทำความสะอาดตรงสนามบาส สกปรกมากไม่ทำความสะอาด ครับ,"['สกปรก', 'ไม่ทำความสะอาด', 'ทำความสะอาด']","{'การเดินทาง / รถเมล์มพ.': 0, 'สิ่งอำนวยความสะดวกและอาคารสถานที่': 0, 'สุขอนามัยและความสะอาด': 30, 'การเรียนการสอนและหลักสูตร': 0, 'โรงอาหาร / ร้านค้าบริการ': 0, 'ความปลอดภัยและจราจร': 0, 'ระบบเครือข่ายและเทคโนโลยี': 0, 'บริการและสวัสดิการนิสิต': 0}",30,สุขอนามัยและความสะอาด
แจ้งทำความสะอาดตรงทางเดิน ขยะล้นถังส่งกลิ่นเหม็น ครับ,"['ขยะล้น', 'เหม็น', 'ทำความสะอาด', 'กลิ่นเหม็น']","{'การเดินทาง / รถเมล์มพ.': 0, 'สิ่งอำนวยความสะดวกและอาคารสถานที่': 0, 'สุขอนามัยและความสะอาด': 32, 'การเรียนการสอนและหลักสูตร': 0, 'โรงอาหาร / ร้านค้าบริการ': 0, 'ความปลอดภัยและจราจร': 0, 'ระบบเครือข่ายและเทคโนโลยี': 0, 'บริการและสวัสดิการนิสิต': 0}",32,สุขอนามัยและความสะอาด
รปภ. ช่วยดูตรงหน้ามอ หน่อยครับ คนจอดรถขวางทาง,"['รปภ.', 'จอดรถขวาง', 'รปภ']","{'การเดินทาง / รถเมล์มพ.': 0, 'สิ่งอำนวยความสะดวกและอาคารสถานที่': 0, 'สุขอนามัยและความสะอาด': 0, 'การเรียนการสอนและหลักสูตร': 0, 'โรงอาหาร / ร้านค้าบริการ': 0, 'ความปลอดภัยและจราจร': 16, 'ระบบเครือข่ายและเทคโนโลยี': 0, 'บริการและสวัสดิการนิสิต': 0}",16,ความปลอดภัยและจราจร
รปภ. ช่วยดูตรงลานจอดรถ หน่อยครับ รถติดหนักมาก,"['รถติด', 'รปภ.', 'รปภ']","{'การเดินทาง / รถเมล์มพ.': 5, 'สิ่งอำนวยความสะดวกและอาคารสถานที่': 0, 'สุขอนามัยและความสะอาด': 0, 'การเรียนการสอนและหลักสูตร': 0, 'โรงอาหาร / ร้านค้าบริการ': 0, 'ความปลอดภัยและจราจร': 7, 'ระบบเครือข่ายและเทคโนโลยี': 0, 'บริการและสวัสดิการนิสิต': 0}",7,ความปลอดภัยและจราจร
รปภ. ช่วยดูตรงหลังมอ หน่อยครับ หมวกกันน็อคหาย,"['รปภ.', 'รปภ', 'หมวกกันน็อคหาย']","{'การเดินทาง / รถเมล์มพ.': 0, 'สิ่งอำนวยความสะดวกและอาคารสถานที่': 0, 'สุขอนามัยและความสะอาด': 0, 'การเรียนการสอนและหลักสูตร': 0, 'โรงอาหาร / ร้านค้าบริการ': 0, 'ความปลอดภัยและจราจร': 7, 'ระบบเครือข่ายและเทคโนโลยี': 0, 'บริการและสวัสดิการนิสิต': 14}",14,บริการและสวัสดิการนิสิต
แจ้งเรื่องหลังคารั่วหนักมาก ตรงตึก ICT ช่วยมาดูหน่อย,['หลังคารั่ว'],"{'การเดินทาง / รถเมล์มพ.': 0, 'สิ่งอำนวยความสะดวกและอาคารสถานที่': 10, 'สุขอนามัยและความสะอาด': 0, 'การเรียนการสอนและหลักสูตร': 0, 'โรงอาหาร / ร้านค้าบริการ': 0, 'ความปลอดภัยและจราจร': 0, 'ระบบเครือข่ายและเทคโนโลยี': 0, 'บริการและสวัสดิการนิสิต': 0}",10,สิ่งอำนวยความสะดวกและอาคารสถานที่
แจ้งเรื่องน้ำไม่ไหล ตรงอาคารเรียนรวม ช่วยมาดูหน่อย,['น้ำไม่ไหล'],"{'การเดินทาง / รถเมล์มพ.': 0, 'สิ่งอำนวยความสะดวกและอาคารสถานที่': 9, 'สุขอนามัยและความสะอาด': 0, 'การเรียนการสอนและหลักสูตร': 0, 'โรงอาหาร / ร้านค้าบริการ': 0, 'ความปลอดภัยและจราจร': 0, 'ระบบเครือข่ายและเทคโนโลยี': 0, 'บริการและสวัสดิการนิสิต': 0}",9,สิ่งอำนวยความสะดวกและอาคารสถานที่
เน็ตหลุดบ่อยมาก ตอนนี้อยู่หน้ามอ ทำงานไม่ได้เลย,"['เน็ตหลุด', 'หลุดบ่อย']","{'การเดินทาง / รถเมล์มพ.': 0, 'สิ่งอำนวยความสะดวกและอาคารสถานที่': 0, 'สุขอนามัยและความสะอาด': 0, 'การเรียนการสอนและหลักสูตร': 0, 'โรงอาหาร / ร้านค้าบริการ': 0, 'ความปลอดภัยและจราจร': 0, 'ระบบเครือข่ายและเทคโนโลยี': 16, 'บริการและสวัสดิการนิสิต': 0}",16,ระบบเครือข่ายและเทคโนโลยี
แจ้งทำความสะอาดตรงโรงอาหาร กิ่งไม้หักขวางทาง ครับ,"['กิ่งไม้หัก', 'ทำความสะอาด', 'โรงอาหาร', 'อาหาร']","{'การเดินทาง / รถเมล์มพ.': 0, 'สิ่งอำนวยความสะดวกและอาคารสถานที่': 0, 'สุขอนามัยและความสะอาด': 21, 'การเรียนการสอนและหลักสูตร': 0, 'โรงอาหาร / ร้านค้าบริการ': 13, 'ความปลอดภัยและจราจร': 0, 'ระบบเครือข่ายและเทคโนโลยี': 0, 'บริการและสวัสดิการนิสิต': 0}",21,สุขอนามัยและความสะอาด
สอบถามหน่อยครับ อยากทราบกำหนดการกิจกรรมรับน้อง,"['กิจกรรม', 'สอบถามหน่อยครับ']","{'การเดินทาง / รถเมล์มพ.': 0, 'สิ่งอำนวยความสะดวกและอาคารสถานที่': 0, 'สุขอนามัยและความสะอาด': 0, 'การเรียนการสอนและหลักสูตร': 0, 'โรงอาหาร / ร้านค้าบริการ': 0, 'ความปลอดภัยและจราจร': 0, 'ระบบเครือข่ายและเทคโนโลยี': 0, 'บริการและสวัสดิการนิสิต': 22}",22,บริการและสวัสดิการนิสิต
อาจารย์ครับ อยากติดต่ออาจารย์เรื่องดรอปเรียน รบกวนให้คำแนะนำที,"['ดรอปเรียน', 'ติดต่ออาจารย์', 'อาจารย์']","{'การเดินทาง / รถเมล์มพ.': 0, 'สิ่งอำนวยความสะดวกและอาคารสถานที่': 0, 'สุขอนามัยและความสะอาด': 0, 'การเรียนการสอนและหลักสูตร': 29, 'โรงอาหาร / ร้านค้าบริการ': 0, 'ความปลอดภัยและจราจร': 0, 'ระบบเครือข่ายและเทคโนโลยี': 0, 'บริการและสวัสดิการนิสิต': 0}",29,การเรียนการสอนและหลักสูตร
รปภ. ช่วยดูตรงหน้ามอ หน่อยครับ คนจอดรถขวางทาง,"['รปภ.', 'จอดรถขวาง', 'รปภ']","{'การเดินทาง / รถเมล์มพ.': 0, 'สิ่งอำนวยความสะดวกและอาคารสถานที่': 0, 'สุขอนามัยและความสะอาด': 0, 'การเรียนการสอนและหลักสูตร': 0, 'โรงอาหาร / ร้านค้าบริการ': 0, 'ความปลอดภัยและจราจร': 16, 'ระบบเครือข่ายและเทคโนโลยี': 0, 'บริการและสวัสดิการนิสิต': 0}",16,ความปลอดภัยและจราจร
แจ้งเรื่องน้ำไม่ไหล ตรงอาคารเรียนรวม ช่วยมาดูหน่อย,['น้ำไม่ไหล'],"{'การเดินทาง / รถเมล์มพ.': 0, 'สิ่งอำนวยความสะดวกและอาคารสถานที่': 9, 'สุขอนามัยและความสะอาด': 0, 'การเรียนการสอนและหลักสูตร': 0, 'โรงอาหาร / ร้านค้าบริการ': 0, 'ความปลอดภัยและจราจร': 0, 'ระบบเครือข่ายและเทคโนโลยี': 0, 'บริการและสวัสดิการนิสิต': 0}",9,สิ่งอำนวยความสะดวกและอาคารสถานที่
แจ้งเรื่องน้ำไม่ไหล ตรงตึกวิทย์ ช่วยมาดูหน่อย,['น้ำไม่ไหล'],"{'การเดินทาง / รถเมล์มพ.': 0, 'สิ่งอำนวยความสะดวกและอาคารสถานที่': 9, 'สุขอนามัยและความสะอาด': 0, 'การเรียนการสอนและหลักสูตร': 0, 'โรงอาหาร / ร้านค้าบริการ': 0, 'ความปลอดภัยและจราจร': 0, 'ระบบเครือข่ายและเทคโนโลยี': 0, 'บริการและสวัสดิการนิสิต': 0}",9,สิ่งอำนวยความสะดวกและอาคารสถานที่
สอบถามหน่อยครับ อยากทราบกำหนดการกิจกรรมรับน้อง,"['กิจกรรม', 'สอบถามหน่อยครับ']","{'การเดินทาง / รถเมล์มพ.': 0, 'สิ่งอำนวยความสะดวกและอาคารสถานที่': 0, 'สุขอนามัยและความสะอาด': 0, 'การเรียนการสอนและหลักสูตร': 0, 'โรงอาหาร / ร้านค้าบริการ': 0, 'ความปลอดภัยและจราจร': 0, 'ระบบเครือข่ายและเทคโนโลยี': 0, 'บริการและสวัสดิการนิสิต': 22}",22,บริการและสวัสดิการนิสิต
แจ้งทำความสะอาดตรงริมสระน้ำ ขยะล้นถังส่งกลิ่นเหม็น ครับ,"['ขยะล้น', 'เหม็น', 'ทำความสะอาด', 'กลิ่นเหม็น']","{'การเดินทาง / รถเมล์มพ.': 0, 'สิ่งอำนวยความสะดวกและอาคารสถานที่': 0, 'สุขอนามัยและความสะอาด': 32, 'การเรียนการสอนและหลักสูตร': 0, 'โรงอาหาร / ร้านค้าบริการ': 0, 'ความปลอดภัยและจราจร': 0, 'ระบบเครือข่ายและเทคโนโลยี': 0, 'บริการและสวัสดิการนิสิต': 0}",32,สุขอนามัยและความสะอาด
สอบถามหน่อยครับ อยากทราบกำหนดการกิจกรรมรับน้อง,"['กิจกรรม', 'สอบถามหน่อยครับ']","{'การเดินทาง / รถเมล์มพ.': 0, 'สิ่งอำนวยความสะดวกและอาคารสถานที่': 0, 'สุขอนามัยและความสะอาด': 0, 'การเรียนการสอนและหลักสูตร': 0, 'โรงอาหาร / ร้านค้าบริการ': 0, 'ความปลอดภัยและจราจร': 0, 'ระบบเครือข่ายและเทคโนโลยี': 0, 'บริการและสวัสดิการนิสิต': 22}",22,บริการและสวัสดิการนิสิต
รปภ. ช่วยดูตรงหน้ามอ หน่อยครับ ทางมืดมากอันตราย,"['อันตราย', 'รปภ.', 'ทางมืด', 'รปภ']","{'การเดินทาง / รถเมล์มพ.': 0, 'สิ่งอำนวยความสะดวกและอาคารสถานที่': 0, 'สุขอนามัยและความสะอาด': 0, 'การเรียนการสอนและหลักสูตร': 0, 'โรงอาหาร / ร้านค้าบริการ': 0, 'ความปลอดภัยและจราจร': 20, 'ระบบเครือข่ายและเทคโนโลยี': 0, 'บริการและสวัสดิการนิสิต': 0}",20,ความปลอดภัยและจราจร
อาจารย์ครับ อยากติดต่ออาจารย์เรื่องดรอปเรียน รบกวนให้คำแนะนำที,"['ดรอปเรียน', 'ติดต่ออาจารย์', 'อาจารย์']","{'การเดินทาง / รถเมล์มพ.': 0, 'สิ่งอำนวยความสะดวกและอาคารสถานที่': 0, 'สุขอนามัยและความสะอาด': 0, 'การเรียนการสอนและหลักสูตร': 29, 'โรงอาหาร / ร้านค้าบริการ': 0, 'ความปลอดภัยและจราจร': 0, 'ระบบเครือข่ายและเทคโนโลยี': 0, 'บริการและสวัสดิการนิสิต': 0}",29,การเรียนการสอนและหลักสูตร
รปภ. ช่วยดูตรงหน้ามอ หน่อยครับ รถติดหนักมาก,"['รถติด', 'รปภ.', 'รปภ']","{'การเดินทาง / รถเมล์มพ.': 5, 'สิ่งอำนวยความสะดวกและอาคารสถานที่': 0, 'สุขอนามัยและความสะอาด': 0, 'การเรียนการสอนและหลักสูตร': 0, 'โรงอาหาร / ร้านค้าบริการ': 0, 'ความปลอดภัยและจราจร': 7, 'ระบบเครือข่ายและเทคโนโลยี': 0, 'บริการและสวัสดิการนิสิต': 0}",7,ความปลอดภัยและจราจร
แจ้งเรื่องหลังคารั่วหนักมาก ตรงห้อง 1204 ช่วยมาดูหน่อย,['หลังคารั่ว'],"{'การเดินทาง / รถเมล์มพ.': 0, 'สิ่งอำนวยความสะดวกและอาคารสถานที่': 10, 'สุขอนามัยและความสะอาด': 0, 'การเรียนการสอนและหลักสูตร': 0, 'โรงอาหาร / ร้านค้าบริการ': 0, 'ความปลอดภัยและจราจร': 0, 'ระบบเครือข่ายและเทคโนโลยี': 0, 'บริการและสวัสดิการนิสิต': 0}",10,สิ่งอำนวยความสะดวกและอาคารสถานที่
อาจารย์ครับ เกรดยังไม่ออกครับ รบกวนให้คำแนะนำที,"['เกรด', 'อาจารย์']","{'การเดินทาง / รถเมล์มพ.': 0, 'สิ่งอำนวยความสะดวกและอาคารสถานที่': 0, 'สุขอนามัยและความสะอาด': 0, 'การเรียนการสอนและหลักสูตร': 11, 'โรงอาหาร / ร้านค้าบริการ': 0, 'ความปลอดภัยและจราจร': 0, 'ระบบเครือข่ายและเทคโนโลยี': 0, 'บริการและสวัสดิการนิสิต': 0}",11,การเรียนการสอนและหลักสูตร
แจ้งเรื่องแอร์ไม่เย็นเลย ตรงห้อง 1204 ช่วยมาดูหน่อย,"['แอร์ไม่เย็น', 'แอร์']","{'การเดินทาง / รถเมล์มพ.': 0, 'สิ่งอำนวยความสะดวกและอาคารสถานที่': 15, 'สุขอนามัยและความสะอาด': 0, 'การเรียนการสอนและหลักสูตร': 0, 'โรงอาหาร / ร้านค้าบริการ': 0, 'ความปลอดภัยและจราจร': 0, 'ระบบเครือข่ายและเทคโนโลยี': 0, 'บริการและสวัสดิการนิสิต': 0}",15,สิ่งอำนวยความสะดวกและอาคารสถานที่
อาจารย์ครับ ตารางเรียนไม่ขึ้นระบบ รบกวนให้คำแนะนำที,"['ตารางเรียน', 'อาจารย์', 'ระบบ']","{'การเดินทาง / รถเมล์มพ.': 0, 'สิ่งอำนวยความสะดวกและอาคารสถานที่': 0, 'สุขอนามัยและความสะอาด': 0, 'การเรียนการสอนและหลักสูตร': 17, 'โรงอาหาร / ร้านค้าบริการ': 0, 'ความปลอดภัยและจราจร': 0, 'ระบบเครือข่ายและเทคโนโลยี': 4, 'บริการและสวัสดิการนิสิต': 0}",17,การเรียนการสอนและหลักสูตร
อาจารย์ครับ ลงทะเบียนวิชานี้ไม่ได้ รบกวนให้คำแนะนำที,"['วิชา', 'อาจารย์']","{'การเดินทาง / รถเมล์มพ.': 0, 'สิ่งอำนวยความสะดวกและอาคารสถานที่': 0, 'สุขอนามัยและความสะอาด': 0, 'การเรียนการสอนและหลักสูตร': 11, 'โรงอาหาร / ร้านค้าบริการ': 0, 'ความปลอดภัยและจราจร': 0, 'ระบบเครือข่ายและเทคโนโลยี': 0, 'บริการและสวัสดิการนิสิต': 0}",11,การเรียนการสอนและหลักสูตร
สอบถามหน่อยครับ รถเมล์สาย 1 หมดกี่โมง,"['รถเมล์', 'รถเมล์สาย', 'สอบถามหน่อยครับ']","{'การเดินทาง / รถเมล์มพ.': 15, 'สิ่งอำนวยความสะดวกและอาคารสถานที่': 0, 'สุขอนามัยและความสะอาด': 0, 'การเรียนการสอนและหลักสูตร': 0, 'โรงอาหาร / ร้านค้าบริการ': 0, 'ความปลอดภัยและจราจร': 0, 'ระบบเครือข่ายและเทคโนโลยี': 0, 'บริการและสวัสดิการนิสิต': 15}",15,การเดินทาง / รถเมล์มพ.
แจ้งทำความสะอาดตรงสวนหน้าตึก มีหมาจรจัดมาคุ้ยขยะ ครับ,"['หมาจรจัด', 'ทำความสะอาด']","{'การเดินทาง / รถเมล์มพ.': 0, 'สิ่งอำนวยความสะดวกและอาคารสถานที่': 0, 'สุขอนามัยและความสะอาด': 19, 'การเรียนการสอนและหลักสูตร': 0, 'โรงอาหาร / ร้านค้าบริการ': 0, 'ความปลอดภัยและจราจร': 0, 'ระบบเครือข่ายและเทคโนโลยี': 0, 'บริการและสวัสดิการนิสิต': 0}",19,สุขอนามัยและความสะอาด
สอบถามหน่อยครับ ทำบัตรนิสิตใหม่ที่ไหน,"['บัตรนิสิต', 'สอบถามหน่อยครับ']","{'การเดินทาง / รถเมล์มพ.': 0, 'สิ่งอำนวยความสะดวกและอาคารสถานที่': 0, 'สุขอนามัยและความสะอาด': 0, 'การเรียนการสอนและหลักสูตร': 0, 'โรงอาหาร / ร้านค้าบริการ': 0, 'ความปลอดภัยและจราจร': 0, 'ระบบเครือข่ายและเทคโนโลยี': 0, 'บริการและสวัสดิการนิสิต': 24}",24,บริการและสวัสดิการนิสิต
แจ้งทำความสะอาดตรงสนามบาส สกปรกมากไม่ทำความสะอาด ครับ,"['สกปรก', 'ไม่ทำความสะอาด', 'ทำความสะอาด']","{'การเดินทาง / รถเมล์มพ.': 0, 'สิ่งอำนวยความสะดวกและอาคารสถานที่': 0, 'สุขอนามัยและความสะอาด': 30, 'การเรียนการสอนและหลักสูตร': 0, 'โรงอาหาร / ร้านค้าบริการ': 0, 'ความปลอดภัยและจราจร': 0, 'ระบบเครือข่ายและเทคโนโลยี': 0, 'บริการและสวัสดิการนิสิต': 0}",30,สุขอนามัยและความสะอาด
แจ้งทำความสะอาดตรงโรงอาหาร หญ้ารกมาก ครับ,"['หญ้ารก', 'ทำความสะอาด', 'โรงอาหาร', 'อาหาร']","{'การเดินทาง / รถเมล์มพ.': 0, 'สิ่งอำนวยความสะดวกและอาคารสถานที่': 0, 'สุขอนามัยและความสะอาด': 17, 'การเรียนการสอนและหลักสูตร': 0, 'โรงอาหาร / ร้านค้าบริการ': 13, 'ความปลอดภัยและจราจร': 0, 'ระบบเครือข่ายและเทคโนโลยี': 0, 'บริการและสวัสดิการนิสิต': 0}",17,สุขอนามัยและความสะอาด
แจ้งทำความสะอาดตรงสนามบาส กิ่งไม้หักขวางทาง ครับ,"['กิ่งไม้หัก', 'ทำความสะอาด']","{'การเดินทาง / รถเมล์มพ.': 0, 'สิ่งอำนวยความสะดวกและอาคารสถานที่': 0, 'สุขอนามัยและความสะอาด': 21, 'การเรียนการสอนและหลักสูตร': 0, 'โรงอาหาร / ร้านค้าบริการ': 0, 'ความปลอดภัยและจราจร': 0, 'ระบบเครือข่ายและเทคโนโลยี': 0, 'บริการและสวัสดิการนิสิต': 0}",21,สุขอนามัยและความสะอาด
ระบบล่ม ตอนนี้อยู่หน้ามอ ทำงานไม่ได้เลย,"['ระบบล่ม', 'ระบบ']","{'การเดินทาง / รถเมล์มพ.': 0, 'สิ่งอำนวยความสะดวกและอาคารสถานที่': 0, 'สุขอนามัยและความสะอาด': 0, 'การเรียนการสอนและหลักสูตร': 0, 'โรงอาหาร / ร้านค้าบริการ': 0, 'ความปลอดภัยและจราจร': 0, 'ระบบเครือข่ายและเทคโนโลยี': 11, 'บริการและสวัสดิการนิสิต': 0}",11,ระบบเครือข่ายและเทคโนโลยี
แจ้งเรื่องประตูพัง ตรงห้อง 1204 ช่วยมาดูหน่อย,"['พัง', 'ประตูพัง']","{'การเดินทาง / รถเมล์มพ.': 0, 'สิ่งอำนวยความสะดวกและอาคารสถานที่': 11, 'สุขอนามัยและความสะอาด': 0, 'การเรียนการสอนและหลักสูตร': 0, 'โรงอาหาร / ร้านค้าบริการ': 0, 'ความปลอดภัยและจราจร': 0, 'ระบบเครือข่ายและเทคโนโลยี': 0, 'บริการและสวัสดิการนิสิต': 0}",11,สิ่งอำนวยความสะดวกและอาคารสถานที่
แจ้งทำความสะอาดตรงริมสระน้ำ มีหมาจรจัดมาคุ้ยขยะ ครับ,"['หมาจรจัด', 'ทำความสะอาด']","{'การเดินทาง / รถเมล์มพ.': 0, 'สิ่งอำนวยความสะดวกและอาคารสถานที่': 0, 'สุขอนามัยและความสะอาด': 19, 'การเรียนการสอนและหลักสูตร': 0, 'โรงอาหาร / ร้านค้าบริการ': 0, 'ความปลอดภัยและจราจร': 0, 'ระบบเครือข่ายและเทคโนโลยี': 0, 'บริการและสวัสดิการนิสิต': 0}",19,สุขอนามัยและความสะอาด
อาจารย์ครับ ลงทะเบียนวิชานี้ไม่ได้ รบกวนให้คำแนะนำที,"['วิชา', 'อาจารย์']","{'การเดินทาง / รถเมล์มพ.': 0, 'สิ่งอำนวยความสะดวกและอาคารสถานที่': 0, 'สุขอนามัยและความสะอาด': 0, 'การเรียนการสอนและหลักสูตร': 11, 'โรงอาหาร / ร้านค้าบริการ': 0, 'ความปลอดภัยและจราจร': 0, 'ระบบเครือข่ายและเทคโนโลยี': 0, 'บริการและสวัสดิการนิสิต': 0}",11,การเรียนการสอนและหลักสูตร
รปภ. ช่วยดูตรงทางแยก หน่อยครับ รถติดหนักมาก,"['รถติด', 'รปภ.', 'รปภ']","{'การเดินทาง / รถเมล์มพ.': 5, 'สิ่งอำนวยความสะดวกและอาคารสถานที่': 0, 'สุขอนามัยและความสะอาด': 0, 'การเรียนการสอนและหลักสูตร': 0, 'โรงอาหาร / ร้านค้าบริการ': 0, 'ความปลอดภัยและจราจร': 7, 'ระบบเครือข่ายและเทคโนโลยี': 0, 'บริการและสวัสดิการนิสิต': 0}",7,ความปลอดภัยและจราจร
อาจารย์ครับ ขอสอบชดเชยต้องทำไง รบกวนให้คำแนะนำที,"['ขอสอบชดเชย', 'อาจารย์']","{'การเดินทาง / รถเมล์มพ.': 0, 'สิ่งอำนวยความสะดวกและอาคารสถานที่': 0, 'สุขอนามัยและความสะอาด': 0, 'การเรียนการสอนและหลักสูตร': 17, 'โรงอาหาร / ร้านค้าบริการ': 0, 'ความปลอดภัยและจราจร': 0, 'ระบบเครือข่ายและเทคโนโลยี': 0, 'บริการและสวัสดิการนิสิต': 0}",17,การเรียนการสอนและหลักสูตร
ลืมรหัสผ่านเข้าระบบ ตอนนี้อยู่หอพักใน ทำงานไม่ได้เลย,"['ลืมรหัสผ่าน', 'ระบบ']","{'การเดินทาง / รถเมล์มพ.': 0, 'สิ่งอำนวยความสะดวกและอาคารสถานที่': 0, 'สุขอนามัยและความสะอาด': 0, 'การเรียนการสอนและหลักสูตร': 0, 'โรงอาหาร / ร้านค้าบริการ': 0, 'ความปลอดภัยและจราจร': 0, 'ระบบเครือข่ายและเทคโนโลยี': 15, 'บริการและสวัสดิการนิสิต': 0}",15,ระบบเครือข่ายและเทคโนโลยี
อาจารย์ครับ อยากติดต่ออาจารย์เรื่องดรอปเรียน รบกวนให้คำแนะนำที,"['ดรอปเรียน', 'ติดต่ออาจารย์', 'อาจารย์']","{'การเดินทาง / รถเมล์มพ.': 0, 'สิ่งอำนวยความสะดวกและอาคารสถานที่': 0, 'สุขอนามัยและความสะอาด': 0, 'การเรียนการสอนและหลักสูตร': 29, 'โรงอาหาร / ร้านค้าบริการ': 0, 'ความปลอดภัยและจราจร': 0, 'ระบบเครือข่ายและเทคโนโลยี': 0, 'บริการและสวัสดิการนิสิต': 0}",29,การเรียนการสอนและหลักสูตร
แจ้งทำความสะอาดตรงโรงอาหาร หญ้ารกมาก ครับ,"['หญ้ารก', 'ทำความสะอาด', 'โรงอาหาร', 'อาหาร']","{'การเดินทาง / รถเมล์มพ.': 0, 'สิ่งอำนวยความสะดวกและอาคารสถานที่': 0, 'สุขอนามัยและความสะอาด': 17, 'การเรียนการสอนและหลักสูตร': 0, 'โรงอาหาร / ร้านค้าบริการ': 13, 'ความปลอดภัยและจราจร': 0, 'ระบบเครือข่ายและเทคโนโลยี': 0, 'บริการและสวัสดิการนิสิต': 0}",17,สุขอนามัยและความสะอาด
อาจารย์ครับ ตารางเรียนไม่ขึ้นระบบ รบกวนให้คำแนะนำที,"['ตารางเรียน', 'อาจารย์', 'ระบบ']","{'การเดินทาง / รถเมล์มพ.': 0, 'สิ่งอำนวยความสะดวกและอาคารสถานที่': 0, 'สุขอนามัยและความสะอาด': 0, 'การเรียนการสอนและหลักสูตร': 17, 'โรงอาหาร / ร้านค้าบริการ': 0, 'ความปลอดภัยและจราจร': 0, 'ระบบเครือข่ายและเทคโนโลยี': 4, 'บริการและสวัสดิการนิสิต': 0}",17,การเรียนการสอนและหลักสูตร
ลืมรหัสผ่านเข้าระบบ ตอนนี้อยู่ห้องสมุด ทำงานไม่ได้เลย,"['ลืมรหัสผ่าน', 'ระบบ']","{'การเดินทาง / รถเมล์มพ.': 0, 'สิ่งอำนวยความสะดวกและอาคารสถานที่': 0, 'สุขอนามัยและความสะอาด': 0, 'การเรียนการสอนและหลักสูตร': 0, 'โรงอาหาร / ร้านค้าบริการ': 0, 'ความปลอดภัยและจราจร': 0, 'ระบบเครือข่ายและเทคโนโลยี': 15, 'บริการและสวัสดิการนิสิต': 0}",15,ระบบเครือข่ายและเทคโนโลยี
รปภ. ช่วยดูตรงหลังมอ หน่อยครับ ทางมืดมากอันตราย,"['อันตราย', 'รปภ.', 'ทางมืด', 'รปภ']","{'การเดินทาง / รถเมล์มพ.': 0, 'สิ่งอำนวยความสะดวกและอาคารสถานที่': 0, 'สุขอนามัยและความสะอาด': 0, 'การเรียนการสอนและหลักสูตร': 0, 'โรงอาหาร / ร้านค้าบริการ': 0, 'ความปลอดภัยและจราจร': 20, 'ระบบเครือข่ายและเทคโนโลยี': 0, 'บริการและสวัสดิการนิสิต': 0}",20,ความปลอดภัยและจราจร
แจ้งทำความสะอาดตรงโรงอาหาร มีหมาจรจัดมาคุ้ยขยะ ครับ,"['หมาจรจัด', 'ทำความสะอาด', 'โรงอาหาร', 'อาหาร']","{'การเดินทาง / รถเมล์มพ.': 0, 'สิ่งอำนวยความสะดวกและอาคารสถานที่': 0, 'สุขอนามัยและความสะอาด': 19, 'การเรียนการสอนและหลักสูตร': 0, 'โรงอาหาร / ร้านค้าบริการ': 13, 'ความปลอดภัยและจราจร': 0, 'ระบบเครือข่ายและเทคโนโลยี': 0, 'บริการและสวัสดิการนิสิต': 0}",19,สุขอนามัยและความสะอาด
แจ้งทำความสะอาดตรงโรงอาหาร สกปรกมากไม่ทำความสะอาด ครับ,"['สกปรก', 'ไม่ทำความสะอาด', 'ทำความสะอาด', 'โรงอาหาร', 'อาหาร']","{'การเดินทาง / รถเมล์มพ.': 0, 'สิ่งอำนวยความสะดวกและอาคารสถานที่': 0, 'สุขอนามัยและความสะอาด': 30, 'การเรียนการสอนและหลักสูตร': 0, 'โรงอาหาร / ร้านค้าบริการ': 13, 'ความปลอดภัยและจราจร': 0, 'ระบบเครือข่ายและเทคโนโลยี': 0, 'บริการและสวัสดิการนิสิต': 0}",30,สุขอนามัยและความสะอาด
แจ้งทำความสะอาดตรงสนามบาส หญ้ารกมาก ครับ,"['หญ้ารก', 'ทำความสะอาด']","{'การเดินทาง / รถเมล์มพ.': 0, 'สิ่งอำนวยความสะดวกและอาคารสถานที่': 0, 'สุขอนามัยและความสะอาด': 17, 'การเรียนการสอนและหลักสูตร': 0, 'โรงอาหาร / ร้านค้าบริการ': 0, 'ความปลอดภัยและจราจร': 0, 'ระบบเครือข่ายและเทคโนโลยี': 0, 'บริการและสวัสดิการนิสิต': 0}",17,สุขอนามัยและความสะอาด
สอบถามหน่อยครับ สอบถามเรื่องทุนการศึกษา,"['ทุนการศึกษา', 'สอบถามหน่อยครับ']","{'การเดินทาง / รถเมล์มพ.': 0, 'สิ่งอำนวยความสะดวกและอาคารสถานที่': 0, 'สุขอนามัยและความสะอาด': 0, 'การเรียนการสอนและหลักสูตร': 0, 'โรงอาหาร / ร้านค้าบริการ': 0, 'ความปลอดภัยและจราจร': 0, 'ระบบเครือข่ายและเทคโนโลยี': 0, 'บริการและสวัสดิการนิสิต': 26}",26,บริการและสวัสดิการนิสิต
อาจารย์ครับ ลงทะเบียนวิชานี้ไม่ได้ รบกวนให้คำแนะนำที,"['วิชา', 'อาจารย์']","{'การเดินทาง / รถเมล์มพ.': 0, 'สิ่งอำนวยความสะดวกและอาคารสถานที่': 0, 'สุขอนามัยและความสะอาด': 0, 'การเรียนการสอนและหลักสูตร': 11, 'โรงอาหาร / ร้านค้าบริการ': 0, 'ความปลอดภัยและจราจร': 0, 'ระบบเครือข่ายและเทคโนโลยี': 0, 'บริการและสวัสดิการนิสิต': 0}",11,การเรียนการสอนและหลักสูตร
อาจารย์ครับ ลงทะเบียนวิชานี้ไม่ได้ รบกวนให้คำแนะนำที,"['วิชา', 'อาจารย์']","{'การเดินทาง / รถเมล์มพ.': 0, 'สิ่งอำนวยความสะดวกและอาคารสถานที่': 0, 'สุขอนามัยและความสะอาด': 0, 'การเรียนการสอนและหลักสูตร': 11, 'โรงอาหาร / ร้านค้าบริการ': 0, 'ความปลอดภัยและจราจร': 0, 'ระบบเครือข่ายและเทคโนโลยี': 0, 'บริการและสวัสดิการนิสิต': 0}",11,การเรียนการสอนและหลักสูตร
แจ้งเรื่องประตูพัง ตรงห้อง 1204 ช่วยมาดูหน่อย,"['พัง', 'ประตูพัง']","{'การเดินทาง / รถเมล์มพ.': 0, 'สิ่งอำนวยความสะดวกและอาคารสถานที่': 11, 'สุขอนามัยและความสะอาด': 0, 'การเรียนการสอนและหลักสูตร': 0, 'โรงอาหาร / ร้านค้าบริการ': 0, 'ความปลอดภัยและจราจร': 0, 'ระบบเครือข่ายและเทคโนโลยี': 0, 'บริการและสวัสดิการนิสิต': 0}",11,สิ่งอำนวยความสะดวกและอาคารสถานที่
แจ้งทำความสะอาดตรงทางเดิน มีหมาจรจัดมาคุ้ยขยะ ครับ,"['หมาจรจัด', 'ทำความสะอาด']","{'การเดินทาง / รถเมล์มพ.': 0, 'สิ่งอำนวยความสะดวกและอาคารสถานที่': 0, 'สุขอนามัยและความสะอาด': 19, 'การเรียนการสอนและหลักสูตร': 0, 'โรงอาหาร / ร้านค้าบริการ': 0, 'ความปลอดภัยและจราจร': 0, 'ระบบเครือข่ายและเทคโนโลยี': 0, 'บริการและสวัสดิการนิสิต': 0}",19,สุขอนามัยและความสะอาด
ระบบล่ม ตอนนี้อยู่ห้องสมุด ทำงานไม่ได้เลย,"['ระบบล่ม', 'ระบบ']","{'การเดินทาง / รถเมล์มพ.': 0, 'สิ่งอำนวยความสะดวกและอาคารสถานที่': 0, 'สุขอนามัยและความสะอาด': 0, 'การเรียนการสอนและหลักสูตร': 0, 'โรงอาหาร / ร้านค้าบริการ': 0, 'ความปลอดภัยและจราจร': 0, 'ระบบเครือข่ายและเทคโนโลยี': 11, 'บริการและสวัสดิการนิสิต': 0}",11,ระบบเครือข่ายและเทคโนโลยี
สอบถามหน่อยครับ ทำบัตรนิสิตใหม่ที่ไหน,"['บัตรนิสิต', 'สอบถามหน่อยครับ']","{'การเดินทาง / รถเมล์มพ.': 0, 'สิ่งอำนวยความสะดวกและอาคารสถานที่': 0, 'สุขอนามัยและความสะอาด': 0, 'การเรียนการสอนและหลักสูตร': 0, 'โรงอาหาร / ร้านค้าบริการ': 0, 'ความปลอดภัยและจราจร': 0, 'ระบบเครือข่ายและเทคโนโลยี': 0, 'บริการและสวัสดิการนิสิต': 24}",24,บริการและสวัสดิการนิสิต
แจ้งทำความสะอาดตรงสวนหน้าตึก หญ้ารกมาก ครับ,"['หญ้ารก', 'ทำความสะอาด']","{'การเดินทาง / รถเมล์มพ.': 0, 'สิ่งอำนวยความสะดวกและอาคารสถานที่': 0, 'สุขอนามัยและความสะอาด': 17, 'การเรียนการสอนและหลักสูตร': 0, 'โรงอาหาร / ร้านค้าบริการ': 0, 'ความปลอดภัยและจราจร': 0, 'ระบบเครือข่ายและเทคโนโลยี': 0, 'บริการและสวัสดิการนิสิต': 0}",17,สุขอนามัยและความสะอาด
แจ้งเรื่องประตูพัง ตรงห้อง 1204 ช่วยมาดูหน่อย,"['พัง', 'ประตูพัง']","{'การเดินทาง / รถเมล์มพ.': 0, 'สิ่งอำนวยความสะดวกและอาคารสถานที่': 11, 'สุขอนามัยและความสะอาด': 0, 'การเรียนการสอนและหลักสูตร': 0, 'โรงอาหาร / ร้านค้าบริการ': 0, 'ความปลอดภัยและจราจร': 0, 'ระบบเครือข่ายและเทคโนโลยี': 0, 'บริการและสวัสดิการนิสิต': 0}",11,สิ่งอำนวยความสะดวกและอาคารสถานที่
สอบถามหน่อยครับ สอบถามเรื่องทุนการศึกษา,"['ทุนการศึกษา', 'สอบถามหน่อยครับ']","{'การเดินทาง / รถเมล์มพ.': 0, 'สิ่งอำนวยความสะดวกและอาคารสถานที่': 0, 'สุขอนามัยและความสะอาด': 0, 'การเรียนการสอนและหลักสูตร': 0, 'โรงอาหาร / ร้านค้าบริการ': 0, 'ความปลอดภัยและจราจร': 0, 'ระบบเครือข่ายและเทคโนโลยี': 0, 'บริการและสวัสดิการนิสิต': 26}",26,บริการและสวัสดิการนิสิต
แจ้งเรื่องน้ำไม่ไหล ตรงห้อง 1204 ช่วยมาดูหน่อย,['น้ำไม่ไหล'],"{'การเดินทาง / รถเมล์มพ.': 0, 'สิ่งอำนวยความสะดวกและอาคารสถานที่': 9, 'สุขอนามัยและความสะอาด': 0, 'การเรียนการสอนและหลักสูตร': 0, 'โรงอาหาร / ร้านค้าบริการ': 0, 'ความปลอดภัยและจราจร': 0, 'ระบบเครือข่ายและเทคโนโลยี': 0, 'บริการและสวัสดิการนิสิต': 0}",9,สิ่งอำนวยความสะดวกและอาคารสถานที่
