Raw_Text,ID,Predicted_Category,Extracted_Incident_Time,Ticket_Group_ID
อาจารย์ครับ ตารางเรียนไม่ขึ้นระบบ รบกวนให้คำแนะนำที,TICKET_0001,หมวดการเรียนการสอนและวิชาการ,เวลาปัจจุบันตามระบบ,TICKET_GROUP_001
แจ้งทำความสะอาดตรงโรงอาหาร กิ่งไม้หักขวางทาง ครับ,TICKET_0002,หมวดภูมิทัศน์และความสะอาด,เวลาปัจจุบันตามระบบ,TICKET_GROUP_002
ลืมรหัสผ่านเข้าระบบ ตอนนี้อยู่ตึกคณะ ทำงานไม่ได้เลย,TICKET_0003,หมวดเทคโนโลยีสารสนเทศ,เวลาปัจจุบันตามระบบ,TICKET_GROUP_003
รปภ. ช่วยดูตรงทางแยก หน่อยครับ หมวกกันน็อคหาย,TICKET_0004,หมวดความปลอดภัยและจราจร,เวลาปัจจุบันตามระบบ,TICKET_GROUP_004
รปภ. ช่วยดูตรงหน้ามอ หน่อยครับ คนจอดรถขวางทาง,TICKET_0005,หมวดความปลอดภัยและจราจร,เวลาปัจจุบันตามระบบ,TICKET_GROUP_005
อาจารย์ครับ เกรดยังไม่ออกครับ รบกวนให้คำแนะนำที,TICKET_0006,หมวดการเรียนการสอนและวิชาการ,เวลาปัจจุบันตามระบบ,TICKET_GROUP_006
สอบถามหน่อยครับ สอบถามเรื่องทุนการศึกษา,TICKET_0007,หมวดบริการทั่วไป / อื่นๆ,เวลาปัจจุบันตามระบบ,TICKET_GROUP_007
อาจารย์ครับ ลงทะเบียนวิชานี้ไม่ได้ รบกวนให้คำแนะนำที,TICKET_0008,หมวดการเรียนการสอนและวิชาการ,เวลาปัจจุบันตามระบบ,TICKET_GROUP_008
รปภ. ช่วยดูตรงหน้ามอ หน่อยครับ หมวกกันน็อคหาย,TICKET_0009,หมวดความปลอดภัยและจราจร,เวลาปัจจุบันตามระบบ,TICKET_GROUP_005
แจ้งเรื่องลิฟต์ค้าง ตรงห้อง 1204 ช่วยมาดูหน่อย,TICKET_0010,หมวดอาคารและสิ่งอำนวยความสะดวก,เวลาปัจจุบันตามระบบ,TICKET_GROUP_009
แจ้งเรื่องประตูพัง ตรงห้องบรรยาย ช่วยมาดูหน่อย,TICKET_0011,หมวดอาคารและสิ่งอำนวยความสะดวก,เวลาปัจจุบันตามระบบ,TICKET_GROUP_010
แจ้งเรื่องไฟดับครับ ตรงห้องน้ำตึกสงวน ช่วยมาดูหน่อย,TICKET_0012,หมวดอาคารและสิ่งอำนวยความสะดวก,เวลาปัจจุบันตามระบบ,TICKET_GROUP_011
รปภ. ช่วยดูตรงหลังมอ หน่อยครับ รถติดหนักมาก,TICKET_0013,หมวดความปลอดภัยและจราจร,เวลาปัจจุบันตามระบบ,TICKET_GROUP_012
อาจารย์ครับ ขอสอบชดเชยต้องทำไง รบกวนให้คำแนะนำที,TICKET_0014,หมวดการเรียนการสอนและวิชาการ,เวลาปัจจุบันตามระบบ,TICKET_GROUP_013
รปภ. ช่วยดูตรงหน้ามอ หน่อยครับ หมวกกันน็อคหาย,TICKET_0015,หมวดความปลอดภัยและจราจร,เวลาปัจจุบันตามระบบ,TICKET_GROUP_005
อาจารย์ครับ ตารางเรียนไม่ขึ้นระบบ รบกวนให้คำแนะนำที,TICKET_0016,หมวดการเรียนการสอนและวิชาการ,เวลาปัจจุบันตามระบบ,TICKET_GROUP_001
สอบถามหน่อยครับ อยากทราบกำหนดการกิจกรรมรับน้อง,TICKET_0017,หมวดบริการทั่วไป / อื่นๆ,เวลาปัจจุบันตามระบบ,TICKET_GROUP_014
อาจารย์ครับ ลงทะเบียนวิชานี้ไม่ได้ รบกวนให้คำแนะนำที,TICKET_0018,หมวดการเรียนการสอนและวิชาการ,เวลาปัจจุบันตามระบบ,TICKET_GROUP_008
อาจารย์ครับ ตารางเรียนไม่ขึ้นระบบ รบกวนให้คำแนะนำที,TICKET_0019,หมวดการเรียนการสอนและวิชาการ,เวลาปัจจุบันตามระบบ,TICKET_GROUP_001
แจ้งทำความสะอาดตรงโรงอาหาร กิ่งไม้หักขวางทาง ครับ,TICKET_0020,หมวดภูมิทัศน์และความสะอาด,เวลาปัจจุบันตามระบบ,TICKET_GROUP_002
รปภ. ช่วยดูตรงทางแยก หน่อยครับ ทางมืดมากอันตราย,TICKET_0021,หมวดความปลอดภัยและจราจร,เวลาปัจจุบันตามระบบ,TICKET_GROUP_004
รปภ. ช่วยดูตรงหน้ามอ หน่อยครับ หมวกกันน็อคหาย,TICKET_0022,หมวดความปลอดภัยและจราจร,เวลาปัจจุบันตามระบบ,TICKET_GROUP_005
สอบถามหน่อยครับ สอบถามเรื่องทุนการศึกษา,TICKET_0023,หมวดบริการทั่วไป / อื่นๆ,เวลาปัจจุบันตามระบบ,TICKET_GROUP_007
รปภ. ช่วยดูตรงหลังมอ หน่อยครับ คนจอดรถขวางทาง,TICKET_0024,หมวดความปลอดภัยและจราจร,เวลาปัจจุบันตามระบบ,TICKET_GROUP_012
แจ้งเรื่องไฟดับครับ ตรงห้องบรรยาย ช่วยมาดูหน่อย,TICKET_0025,หมวดอาคารและสิ่งอำนวยความสะดวก,เวลาปัจจุบันตามระบบ,TICKET_GROUP_011
สอบถามหน่อยครับ รถเมล์สาย 1 หมดกี่โมง,TICKET_0026,หมวดการเดินทางและระบบขนส่ง,เวลาปัจจุบันตามระบบ,TICKET_GROUP_015
อาจารย์ครับ เกรดยังไม่ออกครับ รบกวนให้คำแนะนำที,TICKET_0027,หมวดการเรียนการสอนและวิชาการ,เวลาปัจจุบันตามระบบ,TICKET_GROUP_006
สอบถามหน่อยครับ ทำบัตรนิสิตใหม่ที่ไหน,TICKET_0028,หมวดบริการทั่วไป / อื่นๆ,เวลาปัจจุบันตามระบบ,TICKET_GROUP_016
สอบถามหน่อยครับ อยากทราบกำหนดการกิจกรรมรับน้อง,TICKET_0029,หมวดบริการทั่วไป / อื่นๆ,เวลาปัจจุบันตามระบบ,TICKET_GROUP_014
รปภ. ช่วยดูตรงประตู 2 หน่อยครับ มีรถชนกัน,TICKET_0030,หมวดความปลอดภัยและจราจร,เวลาปัจจุบันตามระบบ,TICKET_GROUP_017
แจ้งทำความสะอาดตรงโรงอาหาร มีหมาจรจัดมาคุ้ยขยะ ครับ,TICKET_0031,หมวดภูมิทัศน์และความสะอาด,เวลาปัจจุบันตามระบบ,TICKET_GROUP_018
แจ้งเรื่องหลังคารั่วหนักมาก ตรงอาคารเรียนรวม ช่วยมาดูหน่อย,TICKET_0032,หมวดอาคารและสิ่งอำนวยความสะดวก,เวลาปัจจุบันตามระบบ,TICKET_GROUP_019
แจ้งเรื่องประตูพัง ตรงอาคารเรียนรวม ช่วยมาดูหน่อย,TICKET_0033,หมวดอาคารและสิ่งอำนวยความสะดวก,เวลาปัจจุบันตามระบบ,TICKET_GROUP_019
แจ้งเรื่องแอร์ไม่เย็นเลย ตรงห้องบรรยาย ช่วยมาดูหน่อย,TICKET_0034,หมวดอาคารและสิ่งอำนวยความสะดวก,เวลาปัจจุบันตามระบบ,TICKET_GROUP_010
เน็ตหลุดบ่อยมาก ตอนนี้อยู่หอพักใน ทำงานไม่ได้เลย,TICKET_0035,หมวดเทคโนโลยีสารสนเทศ,เวลาปัจจุบันตามระบบ,TICKET_GROUP_020
แจ้งเรื่องไฟดับครับ ตรงห้องน้ำตึกสงวน ช่วยมาดูหน่อย,TICKET_0036,หมวดอาคารและสิ่งอำนวยความสะดวก,เวลาปัจจุบันตามระบบ,TICKET_GROUP_011
อาจารย์ครับ ตารางเรียนไม่ขึ้นระบบ รบกวนให้คำแนะนำที,TICKET_0037,หมวดการเรียนการสอนและวิชาการ,เวลาปัจจุบันตามระบบ,TICKET_GROUP_001
อาจารย์ครับ เกรดยังไม่ออกครับ รบกวนให้คำแนะนำที,TICKET_0038,หมวดการเรียนการสอนและวิชาการ,เวลาปัจจุบันตามระบบ,TICKET_GROUP_006
ไวไฟเข้าไม่ได้ ตอนนี้อยู่ตึกคณะ ทำงานไม่ได้เลย,TICKET_0039,หมวดเทคโนโลยีสารสนเทศ,เวลาปัจจุบันตามระบบ,TICKET_GROUP_003
สอบถามหน่อยครับ อยากทราบกำหนดการกิจกรรมรับน้อง,TICKET_0040,หมวดบริการทั่วไป / อื่นๆ,เวลาปัจจุบันตามระบบ,TICKET_GROUP_014
รปภ. ช่วยดูตรงลานจอดรถ หน่อยครับ ทางมืดมากอันตราย,TICKET_0041,หมวดความปลอดภัยและจราจร,เวลาปัจจุบันตามระบบ,TICKET_GROUP_021
รปภ. ช่วยดูตรงหน้ามอ หน่อยครับ คนจอดรถขวางทาง,TICKET_0042,หมวดความปลอดภัยและจราจร,เวลาปัจจุบันตามระบบ,TICKET_GROUP_005
แจ้งเรื่องหลังคารั่วหนักมาก ตรงห้องบรรยาย ช่วยมาดูหน่อย,TICKET_0043,หมวดอาคารและสิ่งอำนวยความสะดวก,เวลาปัจจุบันตามระบบ,TICKET_GROUP_019
สอบถามหน่อยครับ รถเมล์สาย 1 หมดกี่โมง,TICKET_0044,หมวดการเดินทางและระบบขนส่ง,เวลาปัจจุบันตามระบบ,TICKET_GROUP_015
รปภ. ช่วยดูตรงประตู 2 หน่อยครับ คนจอดรถขวางทาง,TICKET_0045,หมวดความปลอดภัยและจราจร,เวลาปัจจุบันตามระบบ,TICKET_GROUP_017
สอบถามหน่อยครับ สอบถามเรื่องทุนการศึกษา,TICKET_0046,หมวดบริการทั่วไป / อื่นๆ,เวลาปัจจุบันตามระบบ,TICKET_GROUP_007
แจ้งทำความสะอาดตรงสวนหน้าตึก ขยะล้นถังส่งกลิ่นเหม็น ครับ,TICKET_0047,หมวดภูมิทัศน์และความสะอาด,เวลาปัจจุบันตามระบบ,TICKET_GROUP_022
รปภ. ช่วยดูตรงหน้ามอ หน่อยครับ รถติดหนักมาก,TICKET_0048,หมวดความปลอดภัยและจราจร,เวลาปัจจุบันตามระบบ,TICKET_GROUP_012
อาจารย์ครับ ลงทะเบียนวิชานี้ไม่ได้ รบกวนให้คำแนะนำที,TICKET_0049,หมวดการเรียนการสอนและวิชาการ,เวลาปัจจุบันตามระบบ,TICKET_GROUP_008
สอบถามหน่อยครับ อยากทราบกำหนดการกิจกรรมรับน้อง,TICKET_0050,หมวดบริการทั่วไป / อื่นๆ,เวลาปัจจุบันตามระบบ,TICKET_GROUP_014
รปภ. ช่วยดูตรงหน้ามอ หน่อยครับ คนจอดรถขวางทาง,TICKET_0051,หมวดความปลอดภัยและจราจร,เวลาปัจจุบันตามระบบ,TICKET_GROUP_005
แจ้งทำความสะอาดตรงสนามบาส สกปรกมากไม่ทำความสะอาด ครับ,TICKET_0052,หมวดภูมิทัศน์และความสะอาด,เวลาปัจจุบันตามระบบ,TICKET_GROUP_023
แจ้งเรื่องประตูพัง ตรงตึก ICT ช่วยมาดูหน่อย,TICKET_0053,หมวดอาคารและสิ่งอำนวยความสะดวก,เวลาปัจจุบันตามระบบ,TICKET_GROUP_010
แจ้งเรื่องประตูพัง ตรงห้องบรรยาย ช่วยมาดูหน่อย,TICKET_0054,หมวดอาคารและสิ่งอำนวยความสะดวก,เวลาปัจจุบันตามระบบ,TICKET_GROUP_010
สอบถามหน่อยครับ อยากทราบกำหนดการกิจกรรมรับน้อง,TICKET_0055,หมวดบริการทั่วไป / อื่นๆ,เวลาปัจจุบันตามระบบ,TICKET_GROUP_014
อาจารย์ครับ ขอสอบชดเชยต้องทำไง รบกวนให้คำแนะนำที,TICKET_0056,หมวดการเรียนการสอนและวิชาการ,เวลาปัจจุบันตามระบบ,TICKET_GROUP_013
รปภ. ช่วยดูตรงหลังมอ หน่อยครับ คนจอดรถขวางทาง,TICKET_0057,หมวดความปลอดภัยและจราจร,เวลาปัจจุบันตามระบบ,TICKET_GROUP_012
เน็ตหลุดบ่อยมาก ตอนนี้อยู่หอพักใน ทำงานไม่ได้เลย,TICKET_0058,หมวดเทคโนโลยีสารสนเทศ,เวลาปัจจุบันตามระบบ,TICKET_GROUP_020
แจ้งเรื่องลิฟต์ค้าง ตรงอาคารเรียนรวม ช่วยมาดูหน่อย,TICKET_0059,หมวดอาคารและสิ่งอำนวยความสะดวก,เวลาปัจจุบันตามระบบ,TICKET_GROUP_019
อาจารย์ครับ ตารางเรียนไม่ขึ้นระบบ รบกวนให้คำแนะนำที,TICKET_0060,หมวดการเรียนการสอนและวิชาการ,เวลาปัจจุบันตามระบบ,TICKET_GROUP_001
สอบถามหน่อยครับ ทำบัตรนิสิตใหม่ที่ไหน,TICKET_0061,หมวดบริการทั่วไป / อื่นๆ,เวลาปัจจุบันตามระบบ,TICKET_GROUP_016
รปภ. ช่วยดูตรงประตู 2 หน่อยครับ ทางมืดมากอันตราย,TICKET_0062,หมวดความปลอดภัยและจราจร,เวลาปัจจุบันตามระบบ,TICKET_GROUP_021
รปภ. ช่วยดูตรงทางแยก หน่อยครับ มีรถชนกัน,TICKET_0063,หมวดความปลอดภัยและจราจร,เวลาปัจจุบันตามระบบ,TICKET_GROUP_017
ไวไฟเข้าไม่ได้ ตอนนี้อยู่หอพักใน ทำงานไม่ได้เลย,TICKET_0064,หมวดเทคโนโลยีสารสนเทศ,เวลาปัจจุบันตามระบบ,TICKET_GROUP_020
รปภ. ช่วยดูตรงประตู 2 หน่อยครับ หมวกกันน็อคหาย,TICKET_0065,หมวดความปลอดภัยและจราจร,เวลาปัจจุบันตามระบบ,TICKET_GROUP_017
แจ้งทำความสะอาดตรงริมสระน้ำ หญ้ารกมาก ครับ,TICKET_0066,หมวดภูมิทัศน์และความสะอาด,เวลาปัจจุบันตามระบบ,TICKET_GROUP_024
อาจารย์ครับ ตารางเรียนไม่ขึ้นระบบ รบกวนให้คำแนะนำที,TICKET_0067,หมวดการเรียนการสอนและวิชาการ,เวลาปัจจุบันตามระบบ,TICKET_GROUP_001
แจ้งเรื่องประตูพัง ตรงห้องบรรยาย ช่วยมาดูหน่อย,TICKET_0068,หมวดอาคารและสิ่งอำนวยความสะดวก,เวลาปัจจุบันตามระบบ,TICKET_GROUP_010
แจ้งทำความสะอาดตรงสวนหน้าตึก มีหมาจรจัดมาคุ้ยขยะ ครับ,TICKET_0069,หมวดภูมิทัศน์และความสะอาด,เวลาปัจจุบันตามระบบ,TICKET_GROUP_018
สอบถามหน่อยครับ รถเมล์สาย 1 หมดกี่โมง,TICKET_0070,หมวดการเดินทางและระบบขนส่ง,เวลาปัจจุบันตามระบบ,TICKET_GROUP_015
แจ้งทำความสะอาดตรงทางเดิน กิ่งไม้หักขวางทาง ครับ,TICKET_0071,หมวดภูมิทัศน์และความสะอาด,เวลาปัจจุบันตามระบบ,TICKET_GROUP_002
รปภ. ช่วยดูตรงลานจอดรถ หน่อยครับ หมวกกันน็อคหาย,TICKET_0072,หมวดความปลอดภัยและจราจร,เวลาปัจจุบันตามระบบ,TICKET_GROUP_021
ไวไฟเข้าไม่ได้ ตอนนี้อยู่หน้ามอ ทำงานไม่ได้เลย,TICKET_0073,หมวดเทคโนโลยีสารสนเทศ,เวลาปัจจุบันตามระบบ,TICKET_GROUP_025
ลงทะเบียนไม่ได้ ตอนนี้อยู่ตึกคณะ ทำงานไม่ได้เลย,TICKET_0074,หมวดเทคโนโลยีสารสนเทศ,เวลาปัจจุบันตามระบบ,TICKET_GROUP_025
แจ้งเรื่องประตูพัง ตรงตึกวิทย์ ช่วยมาดูหน่อย,TICKET_0075,หมวดอาคารและสิ่งอำนวยความสะดวก,เวลาปัจจุบันตามระบบ,TICKET_GROUP_010
สอบถามหน่อยครับ สอบถามเรื่องทุนการศึกษา,TICKET_0076,หมวดบริการทั่วไป / อื่นๆ,เวลาปัจจุบันตามระบบ,TICKET_GROUP_007
แจ้งเรื่องลิฟต์ค้าง ตรงตึกวิทย์ ช่วยมาดูหน่อย,TICKET_0077,หมวดอาคารและสิ่งอำนวยความสะดวก,เวลาปัจจุบันตามระบบ,TICKET_GROUP_009
แจ้งเรื่องแอร์ไม่เย็นเลย ตรงห้องบรรยาย ช่วยมาดูหน่อย,TICKET_0078,หมวดอาคารและสิ่งอำนวยความสะดวก,เวลาปัจจุบันตามระบบ,TICKET_GROUP_010
อาจารย์ครับ ตารางเรียนไม่ขึ้นระบบ รบกวนให้คำแนะนำที,TICKET_0079,หมวดการเรียนการสอนและวิชาการ,เวลาปัจจุบันตามระบบ,TICKET_GROUP_001
แจ้งทำความสะอาดตรงโรงอาหาร มีหมาจรจัดมาคุ้ยขยะ ครับ,TICKET_0080,หมวดภูมิทัศน์และความสะอาด,เวลาปัจจุบันตามระบบ,TICKET_GROUP_018
ไวไฟเข้าไม่ได้ ตอนนี้อยู่ตึกคณะ ทำงานไม่ได้เลย,TICKET_0081,หมวดเทคโนโลยีสารสนเทศ,เวลาปัจจุบันตามระบบ,TICKET_GROUP_025
รปภ. ช่วยดูตรงหลังมอ หน่อยครับ คนจอดรถขวางทาง,TICKET_0082,หมวดความปลอดภัยและจราจร,เวลาปัจจุบันตามระบบ,TICKET_GROUP_012
รปภ. ช่วยดูตรงหลังมอ หน่อยครับ หมวกกันน็อคหาย,TICKET_0083,หมวดความปลอดภัยและจราจร,เวลาปัจจุบันตามระบบ,TICKET_GROUP_012
แจ้งทำความสะอาดตรงทางเดิน หญ้ารกมาก ครับ,TICKET_0084,หมวดภูมิทัศน์และความสะอาด,เวลาปัจจุบันตามระบบ,TICKET_GROUP_024
ไวไฟเข้าไม่ได้ ตอนนี้อยู่หอพักใน ทำงานไม่ได้เลย,TICKET_0085,หมวดเทคโนโลยีสารสนเทศ,เวลาปัจจุบันตามระบบ,TICKET_GROUP_025
อาจารย์ครับ ตารางเรียนไม่ขึ้นระบบ รบกวนให้คำแนะนำที,TICKET_0086,หมวดการเรียนการสอนและวิชาการ,เวลาปัจจุบันตามระบบ,TICKET_GROUP_001
อาจารย์ครับ ตารางเรียนไม่ขึ้นระบบ รบกวนให้คำแนะนำที,TICKET_0087,หมวดการเรียนการสอนและวิชาการ,เวลาปัจจุบันตามระบบ,TICKET_GROUP_001
รปภ. ช่วยดูตรงหน้ามอ หน่อยครับ รถติดหนักมาก,TICKET_0088,หมวดความปลอดภัยและจราจร,เวลาปัจจุบันตามระบบ,TICKET_GROUP_012
รปภ. ช่วยดูตรงลานจอดรถ หน่อยครับ มีรถชนกัน,TICKET_0089,หมวดความปลอดภัยและจราจร,เวลาปัจจุบันตามระบบ,TICKET_GROUP_021
สอบถามหน่อยครับ อยากทราบกำหนดการกิจกรรมรับน้อง,TICKET_0090,หมวดบริการทั่วไป / อื่นๆ,เวลาปัจจุบันตามระบบ,TICKET_GROUP_014
แจ้งเรื่องหลังคารั่วหนักมาก ตรงห้อง 1204 ช่วยมาดูหน่อย,TICKET_0091,หมวดอาคารและสิ่งอำนวยความสะดวก,เวลาปัจจุบันตามระบบ,TICKET_GROUP_019
ลืมรหัสผ่านเข้าระบบ ตอนนี้อยู่ห้องสมุด ทำงานไม่ได้เลย,TICKET_0092,หมวดเทคโนโลยีสารสนเทศ,เวลาปัจจุบันตามระบบ,TICKET_GROUP_003
แจ้งเรื่องไฟดับครับ ตรงตึก ICT ช่วยมาดูหน่อย,TICKET_0093,หมวดอาคารและสิ่งอำนวยความสะดวก,เวลาปัจจุบันตามระบบ,TICKET_GROUP_011
แจ้งทำความสะอาดตรงสนามบาส กิ่งไม้หักขวางทาง ครับ,TICKET_0094,หมวดภูมิทัศน์และความสะอาด,เวลาปัจจุบันตามระบบ,TICKET_GROUP_023
อาจารย์ครับ ลงทะเบียนวิชานี้ไม่ได้ รบกวนให้คำแนะนำที,TICKET_0095,หมวดการเรียนการสอนและวิชาการ,เวลาปัจจุบันตามระบบ,TICKET_GROUP_008
อาจารย์ครับ ตารางเรียนไม่ขึ้นระบบ รบกวนให้คำแนะนำที,TICKET_0096,หมวดการเรียนการสอนและวิชาการ,เวลาปัจจุบันตามระบบ,TICKET_GROUP_001
รปภ. ช่วยดูตรงหน้ามอ หน่อยครับ มีรถชนกัน,TICKET_0097,หมวดความปลอดภัยและจราจร,เวลาปัจจุบันตามระบบ,TICKET_GROUP_017
สอบถามหน่อยครับ ทำบัตรนิสิตใหม่ที่ไหน,TICKET_0098,หมวดบริการทั่วไป / อื่นๆ,เวลาปัจจุบันตามระบบ,TICKET_GROUP_016
ลงทะเบียนไม่ได้ ตอนนี้อยู่ห้องสมุด ทำงานไม่ได้เลย,TICKET_0099,หมวดเทคโนโลยีสารสนเทศ,เวลาปัจจุบันตามระบบ,TICKET_GROUP_025
สอบถามหน่อยครับ สอบถามเรื่องทุนการศึกษา,TICKET_0100,หมวดบริการทั่วไป / อื่นๆ,เวลาปัจจุบันตามระบบ,TICKET_GROUP_007
สอบถามหน่อยครับ รถเมล์สาย 1 หมดกี่โมง,TICKET_0101,หมวดการเดินทางและระบบขนส่ง,เวลาปัจจุบันตามระบบ,TICKET_GROUP_015
อาจารย์ครับ อยากติดต่ออาจารย์เรื่องดรอปเรียน รบกวนให้คำแนะนำที,TICKET_0102,หมวดการเรียนการสอนและวิชาการ,เวลาปัจจุบันตามระบบ,TICKET_GROUP_026
แจ้งเรื่องไฟดับครับ ตรงห้องบรรยาย ช่วยมาดูหน่อย,TICKET_0103,หมวดอาคารและสิ่งอำนวยความสะดวก,เวลาปัจจุบันตามระบบ,TICKET_GROUP_011
แจ้งเรื่องไฟดับครับ ตรงตึกวิทย์ ช่วยมาดูหน่อย,TICKET_0104,หมวดอาคารและสิ่งอำนวยความสะดวก,เวลาปัจจุบันตามระบบ,TICKET_GROUP_011
รปภ. ช่วยดูตรงทางแยก หน่อยครับ หมวกกันน็อคหาย,TICKET_0105,หมวดความปลอดภัยและจราจร,เวลาปัจจุบันตามระบบ,TICKET_GROUP_004
แจ้งทำความสะอาดตรงโรงอาหาร กิ่งไม้หักขวางทาง ครับ,TICKET_0106,หมวดภูมิทัศน์และความสะอาด,เวลาปัจจุบันตามระบบ,TICKET_GROUP_002
แจ้งเรื่องลิฟต์ค้าง ตรงอาคารเรียนรวม ช่วยมาดูหน่อย,TICKET_0107,หมวดอาคารและสิ่งอำนวยความสะดวก,เวลาปัจจุบันตามระบบ,TICKET_GROUP_019
แจ้งเรื่องน้ำไม่ไหล ตรงห้อง 1204 ช่วยมาดูหน่อย,TICKET_0108,หมวดอาคารและสิ่งอำนวยความสะดวก,เวลาปัจจุบันตามระบบ,TICKET_GROUP_011
ไวไฟเข้าไม่ได้ ตอนนี้อยู่ตึกคณะ ทำงานไม่ได้เลย,TICKET_0109,หมวดเทคโนโลยีสารสนเทศ,เวลาปัจจุบันตามระบบ,TICKET_GROUP_025
สอบถามหน่อยครับ ทำบัตรนิสิตใหม่ที่ไหน,TICKET_0110,หมวดบริการทั่วไป / อื่นๆ,เวลาปัจจุบันตามระบบ,TICKET_GROUP_016
แจ้งเรื่องหลังคารั่วหนักมาก ตรงอาคารเรียนรวม ช่วยมาดูหน่อย,TICKET_0111,หมวดอาคารและสิ่งอำนวยความสะดวก,เวลาปัจจุบันตามระบบ,TICKET_GROUP_019
แจ้งเรื่องน้ำไม่ไหล ตรงห้องน้ำตึกสงวน ช่วยมาดูหน่อย,TICKET_0112,หมวดอาคารและสิ่งอำนวยความสะดวก,เวลาปัจจุบันตามระบบ,TICKET_GROUP_011
รปภ. ช่วยดูตรงหน้ามอ หน่อยครับ หมวกกันน็อคหาย,TICKET_0113,หมวดความปลอดภัยและจราจร,เวลาปัจจุบันตามระบบ,TICKET_GROUP_005
ลงทะเบียนไม่ได้ ตอนนี้อยู่หน้ามอ ทำงานไม่ได้เลย,TICKET_0114,หมวดเทคโนโลยีสารสนเทศ,เวลาปัจจุบันตามระบบ,TICKET_GROUP_025
ระบบล่ม ตอนนี้อยู่หน้ามอ ทำงานไม่ได้เลย,TICKET_0115,หมวดเทคโนโลยีสารสนเทศ,เวลาปัจจุบันตามระบบ,TICKET_GROUP_025
แจ้งทำความสะอาดตรงริมสระน้ำ มีหมาจรจัดมาคุ้ยขยะ ครับ,TICKET_0116,หมวดภูมิทัศน์และความสะอาด,เวลาปัจจุบันตามระบบ,TICKET_GROUP_024
ลืมรหัสผ่านเข้าระบบ ตอนนี้อยู่หอพักใน ทำงานไม่ได้เลย,TICKET_0117,หมวดเทคโนโลยีสารสนเทศ,เวลาปัจจุบันตามระบบ,TICKET_GROUP_020
รปภ. ช่วยดูตรงหลังมอ หน่อยครับ หมวกกันน็อคหาย,TICKET_0118,หมวดความปลอดภัยและจราจร,เวลาปัจจุบันตามระบบ,TICKET_GROUP_012
เน็ตหลุดบ่อยมาก ตอนนี้อยู่หอพักใน ทำงานไม่ได้เลย,TICKET_0119,หมวดเทคโนโลยีสารสนเทศ,เวลาปัจจุบันตามระบบ,TICKET_GROUP_020
แจ้งเรื่องน้ำไม่ไหล ตรงตึก ICT ช่วยมาดูหน่อย,TICKET_0120,หมวดอาคารและสิ่งอำนวยความสะดวก,เวลาปัจจุบันตามระบบ,TICKET_GROUP_027
ลืมรหัสผ่านเข้าระบบ ตอนนี้อยู่หน้ามอ ทำงานไม่ได้เลย,TICKET_0121,หมวดเทคโนโลยีสารสนเทศ,เวลาปัจจุบันตามระบบ,TICKET_GROUP_025
แจ้งทำความสะอาดตรงทางเดิน สกปรกมากไม่ทำความสะอาด ครับ,TICKET_0122,หมวดภูมิทัศน์และความสะอาด,เวลาปัจจุบันตามระบบ,TICKET_GROUP_023
รปภ. ช่วยดูตรงประตู 2 หน่อยครับ มีรถชนกัน,TICKET_0123,หมวดความปลอดภัยและจราจร,เวลาปัจจุบันตามระบบ,TICKET_GROUP_017
แจ้งเรื่องหลังคารั่วหนักมาก ตรงห้องบรรยาย ช่วยมาดูหน่อย,TICKET_0124,หมวดอาคารและสิ่งอำนวยความสะดวก,เวลาปัจจุบันตามระบบ,TICKET_GROUP_019
แจ้งทำความสะอาดตรงสวนหน้าตึก มีหมาจรจัดมาคุ้ยขยะ ครับ,TICKET_0125,หมวดภูมิทัศน์และความสะอาด,เวลาปัจจุบันตามระบบ,TICKET_GROUP_018
แจ้งเรื่องลิฟต์ค้าง ตรงห้องบรรยาย ช่วยมาดูหน่อย,TICKET_0126,หมวดอาคารและสิ่งอำนวยความสะดวก,เวลาปัจจุบันตามระบบ,TICKET_GROUP_010
ลงทะเบียนไม่ได้ ตอนนี้อยู่หน้ามอ ทำงานไม่ได้เลย,TICKET_0127,หมวดเทคโนโลยีสารสนเทศ,เวลาปัจจุบันตามระบบ,TICKET_GROUP_025
สอบถามหน่อยครับ รถเมล์สาย 1 หมดกี่โมง,TICKET_0128,หมวดการเดินทางและระบบขนส่ง,เวลาปัจจุบันตามระบบ,TICKET_GROUP_015
แจ้งทำความสะอาดตรงริมสระน้ำ ขยะล้นถังส่งกลิ่นเหม็น ครับ,TICKET_0129,หมวดภูมิทัศน์และความสะอาด,เวลาปัจจุบันตามระบบ,TICKET_GROUP_024
อาจารย์ครับ เกรดยังไม่ออกครับ รบกวนให้คำแนะนำที,TICKET_0130,หมวดการเรียนการสอนและวิชาการ,เวลาปัจจุบันตามระบบ,TICKET_GROUP_006
รปภ. ช่วยดูตรงหน้ามอ หน่อยครับ มีรถชนกัน,TICKET_0131,หมวดความปลอดภัยและจราจร,เวลาปัจจุบันตามระบบ,TICKET_GROUP_017
ระบบล่ม ตอนนี้อยู่ห้องสมุด ทำงานไม่ได้เลย,TICKET_0132,หมวดเทคโนโลยีสารสนเทศ,เวลาปัจจุบันตามระบบ,TICKET_GROUP_025
อาจารย์ครับ เกรดยังไม่ออกครับ รบกวนให้คำแนะนำที,TICKET_0133,หมวดการเรียนการสอนและวิชาการ,เวลาปัจจุบันตามระบบ,TICKET_GROUP_006
อาจารย์ครับ อยากติดต่ออาจารย์เรื่องดรอปเรียน รบกวนให้คำแนะนำที,TICKET_0134,หมวดการเรียนการสอนและวิชาการ,เวลาปัจจุบันตามระบบ,TICKET_GROUP_026
แจ้งเรื่องไฟดับครับ ตรงอาคารเรียนรวม ช่วยมาดูหน่อย,TICKET_0135,หมวดอาคารและสิ่งอำนวยความสะดวก,เวลาปัจจุบันตามระบบ,TICKET_GROUP_019
ไวไฟเข้าไม่ได้ ตอนนี้อยู่หอพักใน ทำงานไม่ได้เลย,TICKET_0136,หมวดเทคโนโลยีสารสนเทศ,เวลาปัจจุบันตามระบบ,TICKET_GROUP_025
อาจารย์ครับ ขอสอบชดเชยต้องทำไง รบกวนให้คำแนะนำที,TICKET_0137,หมวดการเรียนการสอนและวิชาการ,เวลาปัจจุบันตามระบบ,TICKET_GROUP_013
แจ้งเรื่องไฟดับครับ ตรงห้องน้ำตึกสงวน ช่วยมาดูหน่อย,TICKET_0138,หมวดอาคารและสิ่งอำนวยความสะดวก,เวลาปัจจุบันตามระบบ,TICKET_GROUP_011
ไวไฟเข้าไม่ได้ ตอนนี้อยู่ห้องสมุด ทำงานไม่ได้เลย,TICKET_0139,หมวดเทคโนโลยีสารสนเทศ,เวลาปัจจุบันตามระบบ,TICKET_GROUP_025
แจ้งทำความสะอาดตรงริมสระน้ำ สกปรกมากไม่ทำความสะอาด ครับ,TICKET_0140,หมวดภูมิทัศน์และความสะอาด,เวลาปัจจุบันตามระบบ,TICKET_GROUP_024
รปภ. ช่วยดูตรงลานจอดรถ หน่อยครับ ทางมืดมากอันตราย,TICKET_0141,หมวดความปลอดภัยและจราจร,เวลาปัจจุบันตามระบบ,TICKET_GROUP_021
แจ้งทำความสะอาดตรงริมสระน้ำ สกปรกมากไม่ทำความสะอาด ครับ,TICKET_0142,หมวดภูมิทัศน์และความสะอาด,เวลาปัจจุบันตามระบบ,TICKET_GROUP_024
รปภ. ช่วยดูตรงหน้ามอ หน่อยครับ มีรถชนกัน,TICKET_0143,หมวดความปลอดภัยและจราจร,เวลาปัจจุบันตามระบบ,TICKET_GROUP_017
แจ้งทำความสะอาดตรงสนามบาส มีหมาจรจัดมาคุ้ยขยะ ครับ,TICKET_0144,หมวดภูมิทัศน์และความสะอาด,เวลาปัจจุบันตามระบบ,TICKET_GROUP_018
แจ้งเรื่องน้ำไม่ไหล ตรงตึก ICT ช่วยมาดูหน่อย,TICKET_0145,หมวดอาคารและสิ่งอำนวยความสะดวก,เวลาปัจจุบันตามระบบ,TICKET_GROUP_027
แจ้งเรื่องน้ำไม่ไหล ตรงตึกวิทย์ ช่วยมาดูหน่อย,TICKET_0146,หมวดอาคารและสิ่งอำนวยความสะดวก,เวลาปัจจุบันตามระบบ,TICKET_GROUP_027
แจ้งเรื่องแอร์ไม่เย็นเลย ตรงห้อง 1204 ช่วยมาดูหน่อย,TICKET_0147,หมวดอาคารและสิ่งอำนวยความสะดวก,เวลาปัจจุบันตามระบบ,TICKET_GROUP_009
แจ้งทำความสะอาดตรงทางเดิน ขยะล้นถังส่งกลิ่นเหม็น ครับ,TICKET_0148,หมวดภูมิทัศน์และความสะอาด,เวลาปัจจุบันตามระบบ,TICKET_GROUP_022
อาจารย์ครับ อยากติดต่ออาจารย์เรื่องดรอปเรียน รบกวนให้คำแนะนำที,TICKET_0149,หมวดการเรียนการสอนและวิชาการ,เวลาปัจจุบันตามระบบ,TICKET_GROUP_026
สอบถามหน่อยครับ อยากทราบกำหนดการกิจกรรมรับน้อง,TICKET_0150,หมวดบริการทั่วไป / อื่นๆ,เวลาปัจจุบันตามระบบ,TICKET_GROUP_014
แจ้งทำความสะอาดตรงโรงอาหาร มีหมาจรจัดมาคุ้ยขยะ ครับ,TICKET_0151,หมวดภูมิทัศน์และความสะอาด,เวลาปัจจุบันตามระบบ,TICKET_GROUP_018
ระบบล่ม ตอนนี้อยู่หน้ามอ ทำงานไม่ได้เลย,TICKET_0152,หมวดเทคโนโลยีสารสนเทศ,เวลาปัจจุบันตามระบบ,TICKET_GROUP_025
รปภ. ช่วยดูตรงประตู 2 หน่อยครับ มีรถชนกัน,TICKET_0153,หมวดความปลอดภัยและจราจร,เวลาปัจจุบันตามระบบ,TICKET_GROUP_017
เน็ตหลุดบ่อยมาก ตอนนี้อยู่ตึกคณะ ทำงานไม่ได้เลย,TICKET_0154,หมวดเทคโนโลยีสารสนเทศ,เวลาปัจจุบันตามระบบ,TICKET_GROUP_020
แจ้งทำความสะอาดตรงริมสระน้ำ ขยะล้นถังส่งกลิ่นเหม็น ครับ,TICKET_0155,หมวดภูมิทัศน์และความสะอาด,เวลาปัจจุบันตามระบบ,TICKET_GROUP_024
อาจารย์ครับ ลงทะเบียนวิชานี้ไม่ได้ รบกวนให้คำแนะนำที,TICKET_0156,หมวดการเรียนการสอนและวิชาการ,เวลาปัจจุบันตามระบบ,TICKET_GROUP_008
แจ้งทำความสะอาดตรงสนามบาส ขยะล้นถังส่งกลิ่นเหม็น ครับ,TICKET_0157,หมวดภูมิทัศน์และความสะอาด,เวลาปัจจุบันตามระบบ,TICKET_GROUP_022
แจ้งทำความสะอาดตรงโรงอาหาร หญ้ารกมาก ครับ,TICKET_0158,หมวดภูมิทัศน์และความสะอาด,เวลาปัจจุบันตามระบบ,TICKET_GROUP_024
สอบถามหน่อยครับ อยากทราบกำหนดการกิจกรรมรับน้อง,TICKET_0159,หมวดบริการทั่วไป / อื่นๆ,เวลาปัจจุบันตามระบบ,TICKET_GROUP_014
แจ้งทำความสะอาดตรงสวนหน้าตึก ขยะล้นถังส่งกลิ่นเหม็น ครับ,TICKET_0160,หมวดภูมิทัศน์และความสะอาด,เวลาปัจจุบันตามระบบ,TICKET_GROUP_022
อาจารย์ครับ ขอสอบชดเชยต้องทำไง รบกวนให้คำแนะนำที,TICKET_0161,หมวดการเรียนการสอนและวิชาการ,เวลาปัจจุบันตามระบบ,TICKET_GROUP_013
ลงทะเบียนไม่ได้ ตอนนี้อยู่หอพักใน ทำงานไม่ได้เลย,TICKET_0162,หมวดเทคโนโลยีสารสนเทศ,เวลาปัจจุบันตามระบบ,TICKET_GROUP_025
แจ้งทำความสะอาดตรงทางเดิน สกปรกมากไม่ทำความสะอาด ครับ,TICKET_0163,หมวดภูมิทัศน์และความสะอาด,เวลาปัจจุบันตามระบบ,TICKET_GROUP_023
รปภ. ช่วยดูตรงหลังมอ หน่อยครับ คนจอดรถขวางทาง,TICKET_0164,หมวดความปลอดภัยและจราจร,เวลาปัจจุบันตามระบบ,TICKET_GROUP_012
สอบถามหน่อยครับ รถเมล์สาย 1 หมดกี่โมง,TICKET_0165,หมวดการเดินทางและระบบขนส่ง,เวลาปัจจุบันตามระบบ,TICKET_GROUP_015
แจ้งทำความสะอาดตรงริมสระน้ำ กิ่งไม้หักขวางทาง ครับ,TICKET_0166,หมวดภูมิทัศน์และความสะอาด,เวลาปัจจุบันตามระบบ,TICKET_GROUP_024
อาจารย์ครับ ลงทะเบียนวิชานี้ไม่ได้ รบกวนให้คำแนะนำที,TICKET_0167,หมวดการเรียนการสอนและวิชาการ,เวลาปัจจุบันตามระบบ,TICKET_GROUP_008
สอบถามหน่อยครับ รถเมล์สาย 1 หมดกี่โมง,TICKET_0168,หมวดการเดินทางและระบบขนส่ง,เวลาปัจจุบันตามระบบ,TICKET_GROUP_015
แจ้งเรื่องไฟดับครับ ตรงอาคารเรียนรวม ช่วยมาดูหน่อย,TICKET_0169,หมวดอาคารและสิ่งอำนวยความสะดวก,เวลาปัจจุบันตามระบบ,TICKET_GROUP_019
ลงทะเบียนไม่ได้ ตอนนี้อยู่ตึกคณะ ทำงานไม่ได้เลย,TICKET_0170,หมวดเทคโนโลยีสารสนเทศ,เวลาปัจจุบันตามระบบ,TICKET_GROUP_025
แจ้งทำความสะอาดตรงทางเดิน มีหมาจรจัดมาคุ้ยขยะ ครับ,TICKET_0171,หมวดภูมิทัศน์และความสะอาด,เวลาปัจจุบันตามระบบ,TICKET_GROUP_018
อาจารย์ครับ อยากติดต่ออาจารย์เรื่องดรอปเรียน รบกวนให้คำแนะนำที,TICKET_0172,หมวดการเรียนการสอนและวิชาการ,เวลาปัจจุบันตามระบบ,TICKET_GROUP_026
สอบถามหน่อยครับ สอบถามเรื่องทุนการศึกษา,TICKET_0173,หมวดบริการทั่วไป / อื่นๆ,เวลาปัจจุบันตามระบบ,TICKET_GROUP_007
อาจารย์ครับ ตารางเรียนไม่ขึ้นระบบ รบกวนให้คำแนะนำที,TICKET_0174,หมวดการเรียนการสอนและวิชาการ,เวลาปัจจุบันตามระบบ,TICKET_GROUP_001
เน็ตหลุดบ่อยมาก ตอนนี้อยู่ห้องสมุด ทำงานไม่ได้เลย,TICKET_0175,หมวดเทคโนโลยีสารสนเทศ,เวลาปัจจุบันตามระบบ,TICKET_GROUP_020
แจ้งทำความสะอาดตรงสนามบาส ขยะล้นถังส่งกลิ่นเหม็น ครับ,TICKET_0176,หมวดภูมิทัศน์และความสะอาด,เวลาปัจจุบันตามระบบ,TICKET_GROUP_022
รปภ. ช่วยดูตรงหลังมอ หน่อยครับ รถติดหนักมาก,TICKET_0177,หมวดความปลอดภัยและจราจร,เวลาปัจจุบันตามระบบ,TICKET_GROUP_012
อาจารย์ครับ ตารางเรียนไม่ขึ้นระบบ รบกวนให้คำแนะนำที,TICKET_0178,หมวดการเรียนการสอนและวิชาการ,เวลาปัจจุบันตามระบบ,TICKET_GROUP_001
ระบบล่ม ตอนนี้อยู่ตึกคณะ ทำงานไม่ได้เลย,TICKET_0179,หมวดเทคโนโลยีสารสนเทศ,เวลาปัจจุบันตามระบบ,TICKET_GROUP_025
ระบบล่ม ตอนนี้อยู่ห้องสมุด ทำงานไม่ได้เลย,TICKET_0180,หมวดเทคโนโลยีสารสนเทศ,เวลาปัจจุบันตามระบบ,TICKET_GROUP_025
อาจารย์ครับ ลงทะเบียนวิชานี้ไม่ได้ รบกวนให้คำแนะนำที,TICKET_0181,หมวดการเรียนการสอนและวิชาการ,เวลาปัจจุบันตามระบบ,TICKET_GROUP_008
แจ้งเรื่องแอร์ไม่เย็นเลย ตรงอาคารเรียนรวม ช่วยมาดูหน่อย,TICKET_0182,หมวดอาคารและสิ่งอำนวยความสะดวก,เวลาปัจจุบันตามระบบ,TICKET_GROUP_019
แจ้งเรื่องลิฟต์ค้าง ตรงอาคารเรียนรวม ช่วยมาดูหน่อย,TICKET_0183,หมวดอาคารและสิ่งอำนวยความสะดวก,เวลาปัจจุบันตามระบบ,TICKET_GROUP_019
แจ้งเรื่องไฟดับครับ ตรงห้องน้ำตึกสงวน ช่วยมาดูหน่อย,TICKET_0184,หมวดอาคารและสิ่งอำนวยความสะดวก,เวลาปัจจุบันตามระบบ,TICKET_GROUP_011
แจ้งเรื่องน้ำไม่ไหล ตรงห้อง 1204 ช่วยมาดูหน่อย,TICKET_0185,หมวดอาคารและสิ่งอำนวยความสะดวก,เวลาปัจจุบันตามระบบ,TICKET_GROUP_027
สอบถามหน่อยครับ ทำบัตรนิสิตใหม่ที่ไหน,TICKET_0186,หมวดบริการทั่วไป / อื่นๆ,เวลาปัจจุบันตามระบบ,TICKET_GROUP_016
แจ้งทำความสะอาดตรงโรงอาหาร มีหมาจรจัดมาคุ้ยขยะ ครับ,TICKET_0187,หมวดภูมิทัศน์และความสะอาด,เวลาปัจจุบันตามระบบ,TICKET_GROUP_018
สอบถามหน่อยครับ สอบถามเรื่องทุนการศึกษา,TICKET_0188,หมวดบริการทั่วไป / อื่นๆ,เวลาปัจจุบันตามระบบ,TICKET_GROUP_007
ลืมรหัสผ่านเข้าระบบ ตอนนี้อยู่ห้องสมุด ทำงานไม่ได้เลย,TICKET_0189,หมวดเทคโนโลยีสารสนเทศ,เวลาปัจจุบันตามระบบ,TICKET_GROUP_003
แจ้งทำความสะอาดตรงโรงอาหาร หญ้ารกมาก ครับ,TICKET_0190,หมวดภูมิทัศน์และความสะอาด,เวลาปัจจุบันตามระบบ,TICKET_GROUP_024
สอบถามหน่อยครับ รถเมล์สาย 1 หมดกี่โมง,TICKET_0191,หมวดการเดินทางและระบบขนส่ง,เวลาปัจจุบันตามระบบ,TICKET_GROUP_015
อาจารย์ครับ ตารางเรียนไม่ขึ้นระบบ รบกวนให้คำแนะนำที,TICKET_0192,หมวดการเรียนการสอนและวิชาการ,เวลาปัจจุบันตามระบบ,TICKET_GROUP_001
อาจารย์ครับ ลงทะเบียนวิชานี้ไม่ได้ รบกวนให้คำแนะนำที,TICKET_0193,หมวดการเรียนการสอนและวิชาการ,เวลาปัจจุบันตามระบบ,TICKET_GROUP_008
แจ้งทำความสะอาดตรงโรงอาหาร มีหมาจรจัดมาคุ้ยขยะ ครับ,TICKET_0194,หมวดภูมิทัศน์และความสะอาด,เวลาปัจจุบันตามระบบ,TICKET_GROUP_018
แจ้งเรื่องน้ำไม่ไหล ตรงอาคารเรียนรวม ช่วยมาดูหน่อย,TICKET_0195,หมวดอาคารและสิ่งอำนวยความสะดวก,เวลาปัจจุบันตามระบบ,TICKET_GROUP_027
สอบถามหน่อยครับ รถเมล์สาย 1 หมดกี่โมง,TICKET_0196,หมวดการเดินทางและระบบขนส่ง,เวลาปัจจุบันตามระบบ,TICKET_GROUP_015
อาจารย์ครับ ขอสอบชดเชยต้องทำไง รบกวนให้คำแนะนำที,TICKET_0197,หมวดการเรียนการสอนและวิชาการ,เวลาปัจจุบันตามระบบ,TICKET_GROUP_013
รปภ. ช่วยดูตรงลานจอดรถ หน่อยครับ มีรถชนกัน,TICKET_0198,หมวดความปลอดภัยและจราจร,เวลาปัจจุบันตามระบบ,TICKET_GROUP_021
แจ้งทำความสะอาดตรงทางเดิน กิ่งไม้หักขวางทาง ครับ,TICKET_0199,หมวดภูมิทัศน์และความสะอาด,เวลาปัจจุบันตามระบบ,TICKET_GROUP_002
อาจารย์ครับ ขอสอบชดเชยต้องทำไง รบกวนให้คำแนะนำที,TICKET_0200,หมวดการเรียนการสอนและวิชาการ,เวลาปัจจุบันตามระบบ,TICKET_GROUP_013
อาจารย์ครับ ตารางเรียนไม่ขึ้นระบบ รบกวนให้คำแนะนำที,TICKET_0201,หมวดการเรียนการสอนและวิชาการ,เวลาปัจจุบันตามระบบ,TICKET_GROUP_001
แจ้งเรื่องประตูพัง ตรงตึกวิทย์ ช่วยมาดูหน่อย,TICKET_0202,หมวดอาคารและสิ่งอำนวยความสะดวก,เวลาปัจจุบันตามระบบ,TICKET_GROUP_010
อาจารย์ครับ ตารางเรียนไม่ขึ้นระบบ รบกวนให้คำแนะนำที,TICKET_0203,หมวดการเรียนการสอนและวิชาการ,เวลาปัจจุบันตามระบบ,TICKET_GROUP_001
แจ้งเรื่องแอร์ไม่เย็นเลย ตรงห้องบรรยาย ช่วยมาดูหน่อย,TICKET_0204,หมวดอาคารและสิ่งอำนวยความสะดวก,เวลาปัจจุบันตามระบบ,TICKET_GROUP_010
อาจารย์ครับ ตารางเรียนไม่ขึ้นระบบ รบกวนให้คำแนะนำที,TICKET_0205,หมวดการเรียนการสอนและวิชาการ,เวลาปัจจุบันตามระบบ,TICKET_GROUP_001
สอบถามหน่อยครับ ทำบัตรนิสิตใหม่ที่ไหน,TICKET_0206,หมวดบริการทั่วไป / อื่นๆ,เวลาปัจจุบันตามระบบ,TICKET_GROUP_016
แจ้งเรื่องไฟดับครับ ตรงห้องบรรยาย ช่วยมาดูหน่อย,TICKET_0207,หมวดอาคารและสิ่งอำนวยความสะดวก,เวลาปัจจุบันตามระบบ,TICKET_GROUP_011
แจ้งทำความสะอาดตรงสนามบาส กิ่งไม้หักขวางทาง ครับ,TICKET_0208,หมวดภูมิทัศน์และความสะอาด,เวลาปัจจุบันตามระบบ,TICKET_GROUP_023
แจ้งทำความสะอาดตรงสวนหน้าตึก ขยะล้นถังส่งกลิ่นเหม็น ครับ,TICKET_0209,หมวดภูมิทัศน์และความสะอาด,เวลาปัจจุบันตามระบบ,TICKET_GROUP_022
สอบถามหน่อยครับ อยากทราบกำหนดการกิจกรรมรับน้อง,TICKET_0210,หมวดบริการทั่วไป / อื่นๆ,เวลาปัจจุบันตามระบบ,TICKET_GROUP_014
แจ้งเรื่องหลังคารั่วหนักมาก ตรงอาคารเรียนรวม ช่วยมาดูหน่อย,TICKET_0211,หมวดอาคารและสิ่งอำนวยความสะดวก,เวลาปัจจุบันตามระบบ,TICKET_GROUP_019
สอบถามหน่อยครับ รถเมล์สาย 1 หมดกี่โมง,TICKET_0212,หมวดการเดินทางและระบบขนส่ง,เวลาปัจจุบันตามระบบ,TICKET_GROUP_015
แจ้งทำความสะอาดตรงสวนหน้าตึก ขยะล้นถังส่งกลิ่นเหม็น ครับ,TICKET_0213,หมวดภูมิทัศน์และความสะอาด,เวลาปัจจุบันตามระบบ,TICKET_GROUP_022
รปภ. ช่วยดูตรงประตู 2 หน่อยครับ มีรถชนกัน,TICKET_0214,หมวดความปลอดภัยและจราจร,เวลาปัจจุบันตามระบบ,TICKET_GROUP_017
อาจารย์ครับ ขอสอบชดเชยต้องทำไง รบกวนให้คำแนะนำที,TICKET_0215,หมวดการเรียนการสอนและวิชาการ,เวลาปัจจุบันตามระบบ,TICKET_GROUP_013
ระบบล่ม ตอนนี้อยู่ห้องสมุด ทำงานไม่ได้เลย,TICKET_0216,หมวดเทคโนโลยีสารสนเทศ,เวลาปัจจุบันตามระบบ,TICKET_GROUP_025
แจ้งทำความสะอาดตรงสวนหน้าตึก มีหมาจรจัดมาคุ้ยขยะ ครับ,TICKET_0217,หมวดภูมิทัศน์และความสะอาด,เวลาปัจจุบันตามระบบ,TICKET_GROUP_018
เน็ตหลุดบ่อยมาก ตอนนี้อยู่หน้ามอ ทำงานไม่ได้เลย,TICKET_0218,หมวดเทคโนโลยีสารสนเทศ,เวลาปัจจุบันตามระบบ,TICKET_GROUP_025
สอบถามหน่อยครับ รถเมล์สาย 1 หมดกี่โมง,TICKET_0219,หมวดการเดินทางและระบบขนส่ง,เวลาปัจจุบันตามระบบ,TICKET_GROUP_015
ลืมรหัสผ่านเข้าระบบ ตอนนี้อยู่ห้องสมุด ทำงานไม่ได้เลย,TICKET_0220,หมวดเทคโนโลยีสารสนเทศ,เวลาปัจจุบันตามระบบ,TICKET_GROUP_003
สอบถามหน่อยครับ อยากทราบกำหนดการกิจกรรมรับน้อง,TICKET_0221,หมวดบริการทั่วไป / อื่นๆ,เวลาปัจจุบันตามระบบ,TICKET_GROUP_014
อาจารย์ครับ ตารางเรียนไม่ขึ้นระบบ รบกวนให้คำแนะนำที,TICKET_0222,หมวดการเรียนการสอนและวิชาการ,เวลาปัจจุบันตามระบบ,TICKET_GROUP_001
แจ้งทำความสะอาดตรงสนามบาส กิ่งไม้หักขวางทาง ครับ,TICKET_0223,หมวดภูมิทัศน์และความสะอาด,เวลาปัจจุบันตามระบบ,TICKET_GROUP_023
รปภ. ช่วยดูตรงประตู 2 หน่อยครับ มีรถชนกัน,TICKET_0224,หมวดความปลอดภัยและจราจร,เวลาปัจจุบันตามระบบ,TICKET_GROUP_017
แจ้งทำความสะอาดตรงทางเดิน สกปรกมากไม่ทำความสะอาด ครับ,TICKET_0225,หมวดภูมิทัศน์และความสะอาด,เวลาปัจจุบันตามระบบ,TICKET_GROUP_023
สอบถามหน่อยครับ อยากทราบกำหนดการกิจกรรมรับน้อง,TICKET_0226,หมวดบริการทั่วไป / อื่นๆ,เวลาปัจจุบันตามระบบ,TICKET_GROUP_014
ลงทะเบียนไม่ได้ ตอนนี้อยู่หอพักใน ทำงานไม่ได้เลย,TICKET_0227,หมวดเทคโนโลยีสารสนเทศ,เวลาปัจจุบันตามระบบ,TICKET_GROUP_025
สอบถามหน่อยครับ ทำบัตรนิสิตใหม่ที่ไหน,TICKET_0228,หมวดบริการทั่วไป / อื่นๆ,เวลาปัจจุบันตามระบบ,TICKET_GROUP_016
ระบบล่ม ตอนนี้อยู่หอพักใน ทำงานไม่ได้เลย,TICKET_0229,หมวดเทคโนโลยีสารสนเทศ,เวลาปัจจุบันตามระบบ,TICKET_GROUP_025
แจ้งเรื่องประตูพัง ตรงตึกวิทย์ ช่วยมาดูหน่อย,TICKET_0230,หมวดอาคารและสิ่งอำนวยความสะดวก,เวลาปัจจุบันตามระบบ,TICKET_GROUP_010
รปภ. ช่วยดูตรงหน้ามอ หน่อยครับ ทางมืดมากอันตราย,TICKET_0231,หมวดความปลอดภัยและจราจร,เวลาปัจจุบันตามระบบ,TICKET_GROUP_021
ระบบล่ม ตอนนี้อยู่ห้องสมุด ทำงานไม่ได้เลย,TICKET_0232,หมวดเทคโนโลยีสารสนเทศ,เวลาปัจจุบันตามระบบ,TICKET_GROUP_025
แจ้งเรื่องแอร์ไม่เย็นเลย ตรงตึก ICT ช่วยมาดูหน่อย,TICKET_0233,หมวดอาคารและสิ่งอำนวยความสะดวก,เวลาปัจจุบันตามระบบ,TICKET_GROUP_027
รปภ. ช่วยดูตรงทางแยก หน่อยครับ รถติดหนักมาก,TICKET_0234,หมวดความปลอดภัยและจราจร,เวลาปัจจุบันตามระบบ,TICKET_GROUP_012
แจ้งเรื่องน้ำไม่ไหล ตรงห้อง 1204 ช่วยมาดูหน่อย,TICKET_0235,หมวดอาคารและสิ่งอำนวยความสะดวก,เวลาปัจจุบันตามระบบ,TICKET_GROUP_027
รปภ. ช่วยดูตรงหลังมอ หน่อยครับ หมวกกันน็อคหาย,TICKET_0236,หมวดความปลอดภัยและจราจร,เวลาปัจจุบันตามระบบ,TICKET_GROUP_012
สอบถามหน่อยครับ ทำบัตรนิสิตใหม่ที่ไหน,TICKET_0237,หมวดบริการทั่วไป / อื่นๆ,เวลาปัจจุบันตามระบบ,TICKET_GROUP_016
แจ้งทำความสะอาดตรงทางเดิน มีหมาจรจัดมาคุ้ยขยะ ครับ,TICKET_0238,หมวดภูมิทัศน์และความสะอาด,เวลาปัจจุบันตามระบบ,TICKET_GROUP_018
รปภ. ช่วยดูตรงลานจอดรถ หน่อยครับ ทางมืดมากอันตราย,TICKET_0239,หมวดความปลอดภัยและจราจร,เวลาปัจจุบันตามระบบ,TICKET_GROUP_021
ลงทะเบียนไม่ได้ ตอนนี้อยู่หอพักใน ทำงานไม่ได้เลย,TICKET_0240,หมวดเทคโนโลยีสารสนเทศ,เวลาปัจจุบันตามระบบ,TICKET_GROUP_025
แจ้งทำความสะอาดตรงสวนหน้าตึก ขยะล้นถังส่งกลิ่นเหม็น ครับ,TICKET_0241,หมวดภูมิทัศน์และความสะอาด,เวลาปัจจุบันตามระบบ,TICKET_GROUP_022
รปภ. ช่วยดูตรงหน้ามอ หน่อยครับ ทางมืดมากอันตราย,TICKET_0242,หมวดความปลอดภัยและจราจร,เวลาปัจจุบันตามระบบ,TICKET_GROUP_021
แจ้งทำความสะอาดตรงทางเดิน มีหมาจรจัดมาคุ้ยขยะ ครับ,TICKET_0243,หมวดภูมิทัศน์และความสะอาด,เวลาปัจจุบันตามระบบ,TICKET_GROUP_018
ลืมรหัสผ่านเข้าระบบ ตอนนี้อยู่ห้องสมุด ทำงานไม่ได้เลย,TICKET_0244,หมวดเทคโนโลยีสารสนเทศ,เวลาปัจจุบันตามระบบ,TICKET_GROUP_003
อาจารย์ครับ อยากติดต่ออาจารย์เรื่องดรอปเรียน รบกวนให้คำแนะนำที,TICKET_0245,หมวดการเรียนการสอนและวิชาการ,เวลาปัจจุบันตามระบบ,TICKET_GROUP_026
ลงทะเบียนไม่ได้ ตอนนี้อยู่ตึกคณะ ทำงานไม่ได้เลย,TICKET_0246,หมวดเทคโนโลยีสารสนเทศ,เวลาปัจจุบันตามระบบ,TICKET_GROUP_025
ระบบล่ม ตอนนี้อยู่หน้ามอ ทำงานไม่ได้เลย,TICKET_0247,หมวดเทคโนโลยีสารสนเทศ,เวลาปัจจุบันตามระบบ,TICKET_GROUP_025
สอบถามหน่อยครับ รถเมล์สาย 1 หมดกี่โมง,TICKET_0248,หมวดการเดินทางและระบบขนส่ง,เวลาปัจจุบันตามระบบ,TICKET_GROUP_015
อาจารย์ครับ เกรดยังไม่ออกครับ รบกวนให้คำแนะนำที,TICKET_0249,หมวดการเรียนการสอนและวิชาการ,เวลาปัจจุบันตามระบบ,TICKET_GROUP_006
แจ้งทำความสะอาดตรงสวนหน้าตึก สกปรกมากไม่ทำความสะอาด ครับ,TICKET_0250,หมวดภูมิทัศน์และความสะอาด,เวลาปัจจุบันตามระบบ,TICKET_GROUP_023
สอบถามหน่อยครับ รถเมล์สาย 1 หมดกี่โมง,TICKET_0251,หมวดการเดินทางและระบบขนส่ง,เวลาปัจจุบันตามระบบ,TICKET_GROUP_015
อาจารย์ครับ เกรดยังไม่ออกครับ รบกวนให้คำแนะนำที,TICKET_0252,หมวดการเรียนการสอนและวิชาการ,เวลาปัจจุบันตามระบบ,TICKET_GROUP_006
อาจารย์ครับ ลงทะเบียนวิชานี้ไม่ได้ รบกวนให้คำแนะนำที,TICKET_0253,หมวดการเรียนการสอนและวิชาการ,เวลาปัจจุบันตามระบบ,TICKET_GROUP_008
รปภ. ช่วยดูตรงหลังมอ หน่อยครับ คนจอดรถขวางทาง,TICKET_0254,หมวดความปลอดภัยและจราจร,เวลาปัจจุบันตามระบบ,TICKET_GROUP_012
อาจารย์ครับ อยากติดต่ออาจารย์เรื่องดรอปเรียน รบกวนให้คำแนะนำที,TICKET_0255,หมวดการเรียนการสอนและวิชาการ,เวลาปัจจุบันตามระบบ,TICKET_GROUP_026
รปภ. ช่วยดูตรงหน้ามอ หน่อยครับ รถติดหนักมาก,TICKET_0256,หมวดความปลอดภัยและจราจร,เวลาปัจจุบันตามระบบ,TICKET_GROUP_012
รปภ. ช่วยดูตรงประตู 2 หน่อยครับ หมวกกันน็อคหาย,TICKET_0257,หมวดความปลอดภัยและจราจร,เวลาปัจจุบันตามระบบ,TICKET_GROUP_017
แจ้งทำความสะอาดตรงสนามบาส กิ่งไม้หักขวางทาง ครับ,TICKET_0258,หมวดภูมิทัศน์และความสะอาด,เวลาปัจจุบันตามระบบ,TICKET_GROUP_023
แจ้งทำความสะอาดตรงสวนหน้าตึก หญ้ารกมาก ครับ,TICKET_0259,หมวดภูมิทัศน์และความสะอาด,เวลาปัจจุบันตามระบบ,TICKET_GROUP_024
ลงทะเบียนไม่ได้ ตอนนี้อยู่ตึกคณะ ทำงานไม่ได้เลย,TICKET_0260,หมวดเทคโนโลยีสารสนเทศ,เวลาปัจจุบันตามระบบ,TICKET_GROUP_025
สอบถามหน่อยครับ รถเมล์สาย 1 หมดกี่โมง,TICKET_0261,หมวดการเดินทางและระบบขนส่ง,เวลาปัจจุบันตามระบบ,TICKET_GROUP_015
อาจารย์ครับ อยากติดต่ออาจารย์เรื่องดรอปเรียน รบกวนให้คำแนะนำที,TICKET_0262,หมวดการเรียนการสอนและวิชาการ,เวลาปัจจุบันตามระบบ,TICKET_GROUP_026
แจ้งทำความสะอาดตรงสนามบาส หญ้ารกมาก ครับ,TICKET_0263,หมวดภูมิทัศน์และความสะอาด,เวลาปัจจุบันตามระบบ,TICKET_GROUP_024
แจ้งเรื่องแอร์ไม่เย็นเลย ตรงตึกวิทย์ ช่วยมาดูหน่อย,TICKET_0264,หมวดอาคารและสิ่งอำนวยความสะดวก,เวลาปัจจุบันตามระบบ,TICKET_GROUP_028
อาจารย์ครับ ลงทะเบียนวิชานี้ไม่ได้ รบกวนให้คำแนะนำที,TICKET_0265,หมวดการเรียนการสอนและวิชาการ,เวลาปัจจุบันตามระบบ,TICKET_GROUP_008
อาจารย์ครับ ขอสอบชดเชยต้องทำไง รบกวนให้คำแนะนำที,TICKET_0266,หมวดการเรียนการสอนและวิชาการ,เวลาปัจจุบันตามระบบ,TICKET_GROUP_013
สอบถามหน่อยครับ สอบถามเรื่องทุนการศึกษา,TICKET_0267,หมวดบริการทั่วไป / อื่นๆ,เวลาปัจจุบันตามระบบ,TICKET_GROUP_007
รปภ. ช่วยดูตรงหลังมอ หน่อยครับ มีรถชนกัน,TICKET_0268,หมวดความปลอดภัยและจราจร,เวลาปัจจุบันตามระบบ,TICKET_GROUP_017
แจ้งเรื่องไฟดับครับ ตรงห้องบรรยาย ช่วยมาดูหน่อย,TICKET_0269,หมวดอาคารและสิ่งอำนวยความสะดวก,เวลาปัจจุบันตามระบบ,TICKET_GROUP_011
สอบถามหน่อยครับ สอบถามเรื่องทุนการศึกษา,TICKET_0270,หมวดบริการทั่วไป / อื่นๆ,เวลาปัจจุบันตามระบบ,TICKET_GROUP_007
แจ้งทำความสะอาดตรงสวนหน้าตึก มีหมาจรจัดมาคุ้ยขยะ ครับ,TICKET_0271,หมวดภูมิทัศน์และความสะอาด,เวลาปัจจุบันตามระบบ,TICKET_GROUP_018
แจ้งทำความสะอาดตรงสวนหน้าตึก ขยะล้นถังส่งกลิ่นเหม็น ครับ,TICKET_0272,หมวดภูมิทัศน์และความสะอาด,เวลาปัจจุบันตามระบบ,TICKET_GROUP_022
สอบถามหน่อยครับ อยากทราบกำหนดการกิจกรรมรับน้อง,TICKET_0273,หมวดบริการทั่วไป / อื่นๆ,เวลาปัจจุบันตามระบบ,TICKET_GROUP_014
สอบถามหน่อยครับ สอบถามเรื่องทุนการศึกษา,TICKET_0274,หมวดบริการทั่วไป / อื่นๆ,เวลาปัจจุบันตามระบบ,TICKET_GROUP_007
รปภ. ช่วยดูตรงหน้ามอ หน่อยครับ ทางมืดมากอันตราย,TICKET_0275,หมวดความปลอดภัยและจราจร,เวลาปัจจุบันตามระบบ,TICKET_GROUP_021
ไวไฟเข้าไม่ได้ ตอนนี้อยู่ห้องสมุด ทำงานไม่ได้เลย,TICKET_0276,หมวดเทคโนโลยีสารสนเทศ,เวลาปัจจุบันตามระบบ,TICKET_GROUP_025
ระบบล่ม ตอนนี้อยู่หอพักใน ทำงานไม่ได้เลย,TICKET_0277,หมวดเทคโนโลยีสารสนเทศ,เวลาปัจจุบันตามระบบ,TICKET_GROUP_025
รปภ. ช่วยดูตรงประตู 2 หน่อยครับ รถติดหนักมาก,TICKET_0278,หมวดความปลอดภัยและจราจร,เวลาปัจจุบันตามระบบ,TICKET_GROUP_017
แจ้งทำความสะอาดตรงทางเดิน หญ้ารกมาก ครับ,TICKET_0279,หมวดภูมิทัศน์และความสะอาด,เวลาปัจจุบันตามระบบ,TICKET_GROUP_024
แจ้งทำความสะอาดตรงทางเดิน สกปรกมากไม่ทำความสะอาด ครับ,TICKET_0280,หมวดภูมิทัศน์และความสะอาด,เวลาปัจจุบันตามระบบ,TICKET_GROUP_023
แจ้งเรื่องลิฟต์ค้าง ตรงห้องบรรยาย ช่วยมาดูหน่อย,TICKET_0281,หมวดอาคารและสิ่งอำนวยความสะดวก,เวลาปัจจุบันตามระบบ,TICKET_GROUP_010
สอบถามหน่อยครับ ทำบัตรนิสิตใหม่ที่ไหน,TICKET_0282,หมวดบริการทั่วไป / อื่นๆ,เวลาปัจจุบันตามระบบ,TICKET_GROUP_016
ลืมรหัสผ่านเข้าระบบ ตอนนี้อยู่ห้องสมุด ทำงานไม่ได้เลย,TICKET_0283,หมวดเทคโนโลยีสารสนเทศ,เวลาปัจจุบันตามระบบ,TICKET_GROUP_003
แจ้งทำความสะอาดตรงโรงอาหาร มีหมาจรจัดมาคุ้ยขยะ ครับ,TICKET_0284,หมวดภูมิทัศน์และความสะอาด,เวลาปัจจุบันตามระบบ,TICKET_GROUP_018
รปภ. ช่วยดูตรงทางแยก หน่อยครับ หมวกกันน็อคหาย,TICKET_0285,หมวดความปลอดภัยและจราจร,เวลาปัจจุบันตามระบบ,TICKET_GROUP_004
รปภ. ช่วยดูตรงลานจอดรถ หน่อยครับ หมวกกันน็อคหาย,TICKET_0286,หมวดความปลอดภัยและจราจร,เวลาปัจจุบันตามระบบ,TICKET_GROUP_021
สอบถามหน่อยครับ ทำบัตรนิสิตใหม่ที่ไหน,TICKET_0287,หมวดบริการทั่วไป / อื่นๆ,เวลาปัจจุบันตามระบบ,TICKET_GROUP_016
แจ้งเรื่องไฟดับครับ ตรงห้อง 1204 ช่วยมาดูหน่อย,TICKET_0288,หมวดอาคารและสิ่งอำนวยความสะดวก,เวลาปัจจุบันตามระบบ,TICKET_GROUP_011
แจ้งทำความสะอาดตรงริมสระน้ำ มีหมาจรจัดมาคุ้ยขยะ ครับ,TICKET_0289,หมวดภูมิทัศน์และความสะอาด,เวลาปัจจุบันตามระบบ,TICKET_GROUP_024
แจ้งเรื่องแอร์ไม่เย็นเลย ตรงห้องน้ำตึกสงวน ช่วยมาดูหน่อย,TICKET_0290,หมวดอาคารและสิ่งอำนวยความสะดวก,เวลาปัจจุบันตามระบบ,TICKET_GROUP_028
สอบถามหน่อยครับ รถเมล์สาย 1 หมดกี่โมง,TICKET_0291,หมวดการเดินทางและระบบขนส่ง,เวลาปัจจุบันตามระบบ,TICKET_GROUP_015
อาจารย์ครับ ขอสอบชดเชยต้องทำไง รบกวนให้คำแนะนำที,TICKET_0292,หมวดการเรียนการสอนและวิชาการ,เวลาปัจจุบันตามระบบ,TICKET_GROUP_013
แจ้งเรื่องไฟดับครับ ตรงห้องน้ำตึกสงวน ช่วยมาดูหน่อย,TICKET_0293,หมวดอาคารและสิ่งอำนวยความสะดวก,เวลาปัจจุบันตามระบบ,TICKET_GROUP_011
ไวไฟเข้าไม่ได้ ตอนนี้อยู่หอพักใน ทำงานไม่ได้เลย,TICKET_0294,หมวดเทคโนโลยีสารสนเทศ,เวลาปัจจุบันตามระบบ,TICKET_GROUP_025
แจ้งเรื่องหลังคารั่วหนักมาก ตรงห้อง 1204 ช่วยมาดูหน่อย,TICKET_0295,หมวดอาคารและสิ่งอำนวยความสะดวก,เวลาปัจจุบันตามระบบ,TICKET_GROUP_019
แจ้งเรื่องแอร์ไม่เย็นเลย ตรงห้องน้ำตึกสงวน ช่วยมาดูหน่อย,TICKET_0296,หมวดอาคารและสิ่งอำนวยความสะดวก,เวลาปัจจุบันตามระบบ,TICKET_GROUP_028
สอบถามหน่อยครับ รถเมล์สาย 1 หมดกี่โมง,TICKET_0297,หมวดการเดินทางและระบบขนส่ง,เวลาปัจจุบันตามระบบ,TICKET_GROUP_015
อาจารย์ครับ ลงทะเบียนวิชานี้ไม่ได้ รบกวนให้คำแนะนำที,TICKET_0298,หมวดการเรียนการสอนและวิชาการ,เวลาปัจจุบันตามระบบ,TICKET_GROUP_008
ระบบล่ม ตอนนี้อยู่หอพักใน ทำงานไม่ได้เลย,TICKET_0299,หมวดเทคโนโลยีสารสนเทศ,เวลาปัจจุบันตามระบบ,TICKET_GROUP_025
อาจารย์ครับ ลงทะเบียนวิชานี้ไม่ได้ รบกวนให้คำแนะนำที,TICKET_0300,หมวดการเรียนการสอนและวิชาการ,เวลาปัจจุบันตามระบบ,TICKET_GROUP_008
อาจารย์ครับ เกรดยังไม่ออกครับ รบกวนให้คำแนะนำที,TICKET_0301,หมวดการเรียนการสอนและวิชาการ,เวลาปัจจุบันตามระบบ,TICKET_GROUP_006
ลืมรหัสผ่านเข้าระบบ ตอนนี้อยู่หน้ามอ ทำงานไม่ได้เลย,TICKET_0302,หมวดเทคโนโลยีสารสนเทศ,เวลาปัจจุบันตามระบบ,TICKET_GROUP_025
อาจารย์ครับ เกรดยังไม่ออกครับ รบกวนให้คำแนะนำที,TICKET_0303,หมวดการเรียนการสอนและวิชาการ,เวลาปัจจุบันตามระบบ,TICKET_GROUP_006
ลืมรหัสผ่านเข้าระบบ ตอนนี้อยู่หน้ามอ ทำงานไม่ได้เลย,TICKET_0304,หมวดเทคโนโลยีสารสนเทศ,เวลาปัจจุบันตามระบบ,TICKET_GROUP_025
สอบถามหน่อยครับ รถเมล์สาย 1 หมดกี่โมง,TICKET_0305,หมวดการเดินทางและระบบขนส่ง,เวลาปัจจุบันตามระบบ,TICKET_GROUP_015
รปภ. ช่วยดูตรงลานจอดรถ หน่อยครับ หมวกกันน็อคหาย,TICKET_0306,หมวดความปลอดภัยและจราจร,เวลาปัจจุบันตามระบบ,TICKET_GROUP_021
เน็ตหลุดบ่อยมาก ตอนนี้อยู่ตึกคณะ ทำงานไม่ได้เลย,TICKET_0307,หมวดเทคโนโลยีสารสนเทศ,เวลาปัจจุบันตามระบบ,TICKET_GROUP_020
สอบถามหน่อยครับ อยากทราบกำหนดการกิจกรรมรับน้อง,TICKET_0308,หมวดบริการทั่วไป / อื่นๆ,เวลาปัจจุบันตามระบบ,TICKET_GROUP_014
แจ้งทำความสะอาดตรงสวนหน้าตึก มีหมาจรจัดมาคุ้ยขยะ ครับ,TICKET_0309,หมวดภูมิทัศน์และความสะอาด,เวลาปัจจุบันตามระบบ,TICKET_GROUP_018
รปภ. ช่วยดูตรงประตู 2 หน่อยครับ คนจอดรถขวางทาง,TICKET_0310,หมวดความปลอดภัยและจราจร,เวลาปัจจุบันตามระบบ,TICKET_GROUP_017
อาจารย์ครับ ตารางเรียนไม่ขึ้นระบบ รบกวนให้คำแนะนำที,TICKET_0311,หมวดการเรียนการสอนและวิชาการ,เวลาปัจจุบันตามระบบ,TICKET_GROUP_001
แจ้งทำความสะอาดตรงทางเดิน หญ้ารกมาก ครับ,TICKET_0312,หมวดภูมิทัศน์และความสะอาด,เวลาปัจจุบันตามระบบ,TICKET_GROUP_024
สอบถามหน่อยครับ อยากทราบกำหนดการกิจกรรมรับน้อง,TICKET_0313,หมวดบริการทั่วไป / อื่นๆ,เวลาปัจจุบันตามระบบ,TICKET_GROUP_014
รปภ. ช่วยดูตรงหลังมอ หน่อยครับ รถติดหนักมาก,TICKET_0314,หมวดความปลอดภัยและจราจร,เวลาปัจจุบันตามระบบ,TICKET_GROUP_012
แจ้งทำความสะอาดตรงริมสระน้ำ กิ่งไม้หักขวางทาง ครับ,TICKET_0315,หมวดภูมิทัศน์และความสะอาด,เวลาปัจจุบันตามระบบ,TICKET_GROUP_024
ลงทะเบียนไม่ได้ ตอนนี้อยู่หน้ามอ ทำงานไม่ได้เลย,TICKET_0316,หมวดเทคโนโลยีสารสนเทศ,เวลาปัจจุบันตามระบบ,TICKET_GROUP_025
ลืมรหัสผ่านเข้าระบบ ตอนนี้อยู่หน้ามอ ทำงานไม่ได้เลย,TICKET_0317,หมวดเทคโนโลยีสารสนเทศ,เวลาปัจจุบันตามระบบ,TICKET_GROUP_025
ลืมรหัสผ่านเข้าระบบ ตอนนี้อยู่ห้องสมุด ทำงานไม่ได้เลย,TICKET_0318,หมวดเทคโนโลยีสารสนเทศ,เวลาปัจจุบันตามระบบ,TICKET_GROUP_003
สอบถามหน่อยครับ รถเมล์สาย 1 หมดกี่โมง,TICKET_0319,หมวดการเดินทางและระบบขนส่ง,เวลาปัจจุบันตามระบบ,TICKET_GROUP_015
อาจารย์ครับ อยากติดต่ออาจารย์เรื่องดรอปเรียน รบกวนให้คำแนะนำที,TICKET_0320,หมวดการเรียนการสอนและวิชาการ,เวลาปัจจุบันตามระบบ,TICKET_GROUP_026
แจ้งทำความสะอาดตรงริมสระน้ำ สกปรกมากไม่ทำความสะอาด ครับ,TICKET_0321,หมวดภูมิทัศน์และความสะอาด,เวลาปัจจุบันตามระบบ,TICKET_GROUP_024
สอบถามหน่อยครับ ทำบัตรนิสิตใหม่ที่ไหน,TICKET_0322,หมวดบริการทั่วไป / อื่นๆ,เวลาปัจจุบันตามระบบ,TICKET_GROUP_016
ลืมรหัสผ่านเข้าระบบ ตอนนี้อยู่ตึกคณะ ทำงานไม่ได้เลย,TICKET_0323,หมวดเทคโนโลยีสารสนเทศ,เวลาปัจจุบันตามระบบ,TICKET_GROUP_003
แจ้งเรื่องน้ำไม่ไหล ตรงห้อง 1204 ช่วยมาดูหน่อย,TICKET_0324,หมวดอาคารและสิ่งอำนวยความสะดวก,เวลาปัจจุบันตามระบบ,TICKET_GROUP_027
แจ้งทำความสะอาดตรงโรงอาหาร กิ่งไม้หักขวางทาง ครับ,TICKET_0325,หมวดภูมิทัศน์และความสะอาด,เวลาปัจจุบันตามระบบ,TICKET_GROUP_002
รปภ. ช่วยดูตรงลานจอดรถ หน่อยครับ รถติดหนักมาก,TICKET_0326,หมวดความปลอดภัยและจราจร,เวลาปัจจุบันตามระบบ,TICKET_GROUP_021
อาจารย์ครับ ลงทะเบียนวิชานี้ไม่ได้ รบกวนให้คำแนะนำที,TICKET_0327,หมวดการเรียนการสอนและวิชาการ,เวลาปัจจุบันตามระบบ,TICKET_GROUP_008
สอบถามหน่อยครับ สอบถามเรื่องทุนการศึกษา,TICKET_0328,หมวดบริการทั่วไป / อื่นๆ,เวลาปัจจุบันตามระบบ,TICKET_GROUP_007
แจ้งเรื่องประตูพัง ตรงตึก ICT ช่วยมาดูหน่อย,TICKET_0329,หมวดอาคารและสิ่งอำนวยความสะดวก,เวลาปัจจุบันตามระบบ,TICKET_GROUP_027
อาจารย์ครับ ตารางเรียนไม่ขึ้นระบบ รบกวนให้คำแนะนำที,TICKET_0330,หมวดการเรียนการสอนและวิชาการ,เวลาปัจจุบันตามระบบ,TICKET_GROUP_001
อาจารย์ครับ อยากติดต่ออาจารย์เรื่องดรอปเรียน รบกวนให้คำแนะนำที,TICKET_0331,หมวดการเรียนการสอนและวิชาการ,เวลาปัจจุบันตามระบบ,TICKET_GROUP_026
รปภ. ช่วยดูตรงทางแยก หน่อยครับ มีรถชนกัน,TICKET_0332,หมวดความปลอดภัยและจราจร,เวลาปัจจุบันตามระบบ,TICKET_GROUP_017
แจ้งทำความสะอาดตรงสนามบาส มีหมาจรจัดมาคุ้ยขยะ ครับ,TICKET_0333,หมวดภูมิทัศน์และความสะอาด,เวลาปัจจุบันตามระบบ,TICKET_GROUP_018
แจ้งทำความสะอาดตรงโรงอาหาร สกปรกมากไม่ทำความสะอาด ครับ,TICKET_0334,หมวดภูมิทัศน์และความสะอาด,เวลาปัจจุบันตามระบบ,TICKET_GROUP_023
แจ้งทำความสะอาดตรงสนามบาส หญ้ารกมาก ครับ,TICKET_0335,หมวดภูมิทัศน์และความสะอาด,เวลาปัจจุบันตามระบบ,TICKET_GROUP_024
แจ้งทำความสะอาดตรงสวนหน้าตึก สกปรกมากไม่ทำความสะอาด ครับ,TICKET_0336,หมวดภูมิทัศน์และความสะอาด,เวลาปัจจุบันตามระบบ,TICKET_GROUP_023
แจ้งทำความสะอาดตรงริมสระน้ำ สกปรกมากไม่ทำความสะอาด ครับ,TICKET_0337,หมวดภูมิทัศน์และความสะอาด,เวลาปัจจุบันตามระบบ,TICKET_GROUP_024
สอบถามหน่อยครับ สอบถามเรื่องทุนการศึกษา,TICKET_0338,หมวดบริการทั่วไป / อื่นๆ,เวลาปัจจุบันตามระบบ,TICKET_GROUP_007
แจ้งทำความสะอาดตรงริมสระน้ำ ขยะล้นถังส่งกลิ่นเหม็น ครับ,TICKET_0339,หมวดภูมิทัศน์และความสะอาด,เวลาปัจจุบันตามระบบ,TICKET_GROUP_024
แจ้งเรื่องแอร์ไม่เย็นเลย ตรงตึก ICT ช่วยมาดูหน่อย,TICKET_0340,หมวดอาคารและสิ่งอำนวยความสะดวก,เวลาปัจจุบันตามระบบ,TICKET_GROUP_028
แจ้งเรื่องน้ำไม่ไหล ตรงห้องน้ำตึกสงวน ช่วยมาดูหน่อย,TICKET_0341,หมวดอาคารและสิ่งอำนวยความสะดวก,เวลาปัจจุบันตามระบบ,TICKET_GROUP_027
อาจารย์ครับ ขอสอบชดเชยต้องทำไง รบกวนให้คำแนะนำที,TICKET_0342,หมวดการเรียนการสอนและวิชาการ,เวลาปัจจุบันตามระบบ,TICKET_GROUP_013
อาจารย์ครับ ขอสอบชดเชยต้องทำไง รบกวนให้คำแนะนำที,TICKET_0343,หมวดการเรียนการสอนและวิชาการ,เวลาปัจจุบันตามระบบ,TICKET_GROUP_013
ระบบล่ม ตอนนี้อยู่ตึกคณะ ทำงานไม่ได้เลย,TICKET_0344,หมวดเทคโนโลยีสารสนเทศ,เวลาปัจจุบันตามระบบ,TICKET_GROUP_025
แจ้งเรื่องน้ำไม่ไหล ตรงห้องน้ำตึกสงวน ช่วยมาดูหน่อย,TICKET_0345,หมวดอาคารและสิ่งอำนวยความสะดวก,เวลาปัจจุบันตามระบบ,TICKET_GROUP_027
รปภ. ช่วยดูตรงลานจอดรถ หน่อยครับ รถติดหนักมาก,TICKET_0346,หมวดความปลอดภัยและจราจร,เวลาปัจจุบันตามระบบ,TICKET_GROUP_021
สอบถามหน่อยครับ ทำบัตรนิสิตใหม่ที่ไหน,TICKET_0347,หมวดบริการทั่วไป / อื่นๆ,เวลาปัจจุบันตามระบบ,TICKET_GROUP_016
ลงทะเบียนไม่ได้ ตอนนี้อยู่ห้องสมุด ทำงานไม่ได้เลย,TICKET_0348,หมวดเทคโนโลยีสารสนเทศ,เวลาปัจจุบันตามระบบ,TICKET_GROUP_025
แจ้งทำความสะอาดตรงทางเดิน กิ่งไม้หักขวางทาง ครับ,TICKET_0349,หมวดภูมิทัศน์และความสะอาด,เวลาปัจจุบันตามระบบ,TICKET_GROUP_002
รปภ. ช่วยดูตรงประตู 2 หน่อยครับ มีรถชนกัน,TICKET_0350,หมวดความปลอดภัยและจราจร,เวลาปัจจุบันตามระบบ,TICKET_GROUP_017
แจ้งทำความสะอาดตรงโรงอาหาร ขยะล้นถังส่งกลิ่นเหม็น ครับ,TICKET_0351,หมวดภูมิทัศน์และความสะอาด,เวลาปัจจุบันตามระบบ,TICKET_GROUP_022
สอบถามหน่อยครับ อยากทราบกำหนดการกิจกรรมรับน้อง,TICKET_0352,หมวดบริการทั่วไป / อื่นๆ,เวลาปัจจุบันตามระบบ,TICKET_GROUP_014
ไวไฟเข้าไม่ได้ ตอนนี้อยู่ห้องสมุด ทำงานไม่ได้เลย,TICKET_0353,หมวดเทคโนโลยีสารสนเทศ,เวลาปัจจุบันตามระบบ,TICKET_GROUP_025
ลงทะเบียนไม่ได้ ตอนนี้อยู่หน้ามอ ทำงานไม่ได้เลย,TICKET_0354,หมวดเทคโนโลยีสารสนเทศ,เวลาปัจจุบันตามระบบ,TICKET_GROUP_025
ลืมรหัสผ่านเข้าระบบ ตอนนี้อยู่หอพักใน ทำงานไม่ได้เลย,TICKET_0355,หมวดเทคโนโลยีสารสนเทศ,เวลาปัจจุบันตามระบบ,TICKET_GROUP_020
ระบบล่ม ตอนนี้อยู่หอพักใน ทำงานไม่ได้เลย,TICKET_0356,หมวดเทคโนโลยีสารสนเทศ,เวลาปัจจุบันตามระบบ,TICKET_GROUP_025
สอบถามหน่อยครับ ทำบัตรนิสิตใหม่ที่ไหน,TICKET_0357,หมวดบริการทั่วไป / อื่นๆ,เวลาปัจจุบันตามระบบ,TICKET_GROUP_016
อาจารย์ครับ เกรดยังไม่ออกครับ รบกวนให้คำแนะนำที,TICKET_0358,หมวดการเรียนการสอนและวิชาการ,เวลาปัจจุบันตามระบบ,TICKET_GROUP_006
สอบถามหน่อยครับ ทำบัตรนิสิตใหม่ที่ไหน,TICKET_0359,หมวดบริการทั่วไป / อื่นๆ,เวลาปัจจุบันตามระบบ,TICKET_GROUP_016
แจ้งเรื่องน้ำไม่ไหล ตรงห้อง 1204 ช่วยมาดูหน่อย,TICKET_0360,หมวดอาคารและสิ่งอำนวยความสะดวก,เวลาปัจจุบันตามระบบ,TICKET_GROUP_027
แจ้งทำความสะอาดตรงทางเดิน มีหมาจรจัดมาคุ้ยขยะ ครับ,TICKET_0361,หมวดภูมิทัศน์และความสะอาด,เวลาปัจจุบันตามระบบ,TICKET_GROUP_018
แจ้งเรื่องลิฟต์ค้าง ตรงตึก ICT ช่วยมาดูหน่อย,TICKET_0362,หมวดอาคารและสิ่งอำนวยความสะดวก,เวลาปัจจุบันตามระบบ,TICKET_GROUP_027
แจ้งเรื่องหลังคารั่วหนักมาก ตรงห้องบรรยาย ช่วยมาดูหน่อย,TICKET_0363,หมวดอาคารและสิ่งอำนวยความสะดวก,เวลาปัจจุบันตามระบบ,TICKET_GROUP_019
รปภ. ช่วยดูตรงประตู 2 หน่อยครับ คนจอดรถขวางทาง,TICKET_0364,หมวดความปลอดภัยและจราจร,เวลาปัจจุบันตามระบบ,TICKET_GROUP_017
แจ้งทำความสะอาดตรงสวนหน้าตึก สกปรกมากไม่ทำความสะอาด ครับ,TICKET_0365,หมวดภูมิทัศน์และความสะอาด,เวลาปัจจุบันตามระบบ,TICKET_GROUP_023
แจ้งเรื่องแอร์ไม่เย็นเลย ตรงห้อง 1204 ช่วยมาดูหน่อย,TICKET_0366,หมวดอาคารและสิ่งอำนวยความสะดวก,เวลาปัจจุบันตามระบบ,TICKET_GROUP_028
อาจารย์ครับ อยากติดต่ออาจารย์เรื่องดรอปเรียน รบกวนให้คำแนะนำที,TICKET_0367,หมวดการเรียนการสอนและวิชาการ,เวลาปัจจุบันตามระบบ,TICKET_GROUP_026
สอบถามหน่อยครับ สอบถามเรื่องทุนการศึกษา,TICKET_0368,หมวดบริการทั่วไป / อื่นๆ,เวลาปัจจุบันตามระบบ,TICKET_GROUP_007
แจ้งเรื่องไฟดับครับ ตรงอาคารเรียนรวม ช่วยมาดูหน่อย,TICKET_0369,หมวดอาคารและสิ่งอำนวยความสะดวก,เวลาปัจจุบันตามระบบ,TICKET_GROUP_019
ลงทะเบียนไม่ได้ ตอนนี้อยู่หน้ามอ ทำงานไม่ได้เลย,TICKET_0370,หมวดเทคโนโลยีสารสนเทศ,เวลาปัจจุบันตามระบบ,TICKET_GROUP_025
รปภ. ช่วยดูตรงหน้ามอ หน่อยครับ หมวกกันน็อคหาย,TICKET_0371,หมวดความปลอดภัยและจราจร,เวลาปัจจุบันตามระบบ,TICKET_GROUP_005
สอบถามหน่อยครับ รถเมล์สาย 1 หมดกี่โมง,TICKET_0372,หมวดการเดินทางและระบบขนส่ง,เวลาปัจจุบันตามระบบ,TICKET_GROUP_015
รปภ. ช่วยดูตรงลานจอดรถ หน่อยครับ รถติดหนักมาก,TICKET_0373,หมวดความปลอดภัยและจราจร,เวลาปัจจุบันตามระบบ,TICKET_GROUP_021
แจ้งทำความสะอาดตรงสวนหน้าตึก มีหมาจรจัดมาคุ้ยขยะ ครับ,TICKET_0374,หมวดภูมิทัศน์และความสะอาด,เวลาปัจจุบันตามระบบ,TICKET_GROUP_018
อาจารย์ครับ ลงทะเบียนวิชานี้ไม่ได้ รบกวนให้คำแนะนำที,TICKET_0375,หมวดการเรียนการสอนและวิชาการ,เวลาปัจจุบันตามระบบ,TICKET_GROUP_008
อาจารย์ครับ เกรดยังไม่ออกครับ รบกวนให้คำแนะนำที,TICKET_0376,หมวดการเรียนการสอนและวิชาการ,เวลาปัจจุบันตามระบบ,TICKET_GROUP_006
ระบบล่ม ตอนนี้อยู่หอพักใน ทำงานไม่ได้เลย,TICKET_0377,หมวดเทคโนโลยีสารสนเทศ,เวลาปัจจุบันตามระบบ,TICKET_GROUP_025
แจ้งเรื่องน้ำไม่ไหล ตรงห้องบรรยาย ช่วยมาดูหน่อย,TICKET_0378,หมวดอาคารและสิ่งอำนวยความสะดวก,เวลาปัจจุบันตามระบบ,TICKET_GROUP_027
อาจารย์ครับ อยากติดต่ออาจารย์เรื่องดรอปเรียน รบกวนให้คำแนะนำที,TICKET_0379,หมวดการเรียนการสอนและวิชาการ,เวลาปัจจุบันตามระบบ,TICKET_GROUP_026
อาจารย์ครับ อยากติดต่ออาจารย์เรื่องดรอปเรียน รบกวนให้คำแนะนำที,TICKET_0380,หมวดการเรียนการสอนและวิชาการ,เวลาปัจจุบันตามระบบ,TICKET_GROUP_026
อาจารย์ครับ ลงทะเบียนวิชานี้ไม่ได้ รบกวนให้คำแนะนำที,TICKET_0381,หมวดการเรียนการสอนและวิชาการ,เวลาปัจจุบันตามระบบ,TICKET_GROUP_008
สอบถามหน่อยครับ สอบถามเรื่องทุนการศึกษา,TICKET_0382,หมวดบริการทั่วไป / อื่นๆ,เวลาปัจจุบันตามระบบ,TICKET_GROUP_007
สอบถามหน่อยครับ ทำบัตรนิสิตใหม่ที่ไหน,TICKET_0383,หมวดบริการทั่วไป / อื่นๆ,เวลาปัจจุบันตามระบบ,TICKET_GROUP_016
ลืมรหัสผ่านเข้าระบบ ตอนนี้อยู่ห้องสมุด ทำงานไม่ได้เลย,TICKET_0384,หมวดเทคโนโลยีสารสนเทศ,เวลาปัจจุบันตามระบบ,TICKET_GROUP_003
เน็ตหลุดบ่อยมาก ตอนนี้อยู่ตึกคณะ ทำงานไม่ได้เลย,TICKET_0385,หมวดเทคโนโลยีสารสนเทศ,เวลาปัจจุบันตามระบบ,TICKET_GROUP_020
รปภ. ช่วยดูตรงหน้ามอ หน่อยครับ รถติดหนักมาก,TICKET_0386,หมวดความปลอดภัยและจราจร,เวลาปัจจุบันตามระบบ,TICKET_GROUP_012
รปภ. ช่วยดูตรงลานจอดรถ หน่อยครับ มีรถชนกัน,TICKET_0387,หมวดความปลอดภัยและจราจร,เวลาปัจจุบันตามระบบ,TICKET_GROUP_021
สอบถามหน่อยครับ รถเมล์สาย 1 หมดกี่โมง,TICKET_0388,หมวดการเดินทางและระบบขนส่ง,เวลาปัจจุบันตามระบบ,TICKET_GROUP_015
ลงทะเบียนไม่ได้ ตอนนี้อยู่หน้ามอ ทำงานไม่ได้เลย,TICKET_0389,หมวดเทคโนโลยีสารสนเทศ,เวลาปัจจุบันตามระบบ,TICKET_GROUP_025
สอบถามหน่อยครับ รถเมล์สาย 1 หมดกี่โมง,TICKET_0390,หมวดการเดินทางและระบบขนส่ง,เวลาปัจจุบันตามระบบ,TICKET_GROUP_015
อาจารย์ครับ ลงทะเบียนวิชานี้ไม่ได้ รบกวนให้คำแนะนำที,TICKET_0391,หมวดการเรียนการสอนและวิชาการ,เวลาปัจจุบันตามระบบ,TICKET_GROUP_008
ไวไฟเข้าไม่ได้ ตอนนี้อยู่ห้องสมุด ทำงานไม่ได้เลย,TICKET_0392,หมวดเทคโนโลยีสารสนเทศ,เวลาปัจจุบันตามระบบ,TICKET_GROUP_025
แจ้งทำความสะอาดตรงริมสระน้ำ ขยะล้นถังส่งกลิ่นเหม็น ครับ,TICKET_0393,หมวดภูมิทัศน์และความสะอาด,เวลาปัจจุบันตามระบบ,TICKET_GROUP_024
อาจารย์ครับ อยากติดต่ออาจารย์เรื่องดรอปเรียน รบกวนให้คำแนะนำที,TICKET_0394,หมวดการเรียนการสอนและวิชาการ,เวลาปัจจุบันตามระบบ,TICKET_GROUP_026
แจ้งทำความสะอาดตรงริมสระน้ำ กิ่งไม้หักขวางทาง ครับ,TICKET_0395,หมวดภูมิทัศน์และความสะอาด,เวลาปัจจุบันตามระบบ,TICKET_GROUP_024
แจ้งทำความสะอาดตรงทางเดิน ขยะล้นถังส่งกลิ่นเหม็น ครับ,TICKET_0396,หมวดภูมิทัศน์และความสะอาด,เวลาปัจจุบันตามระบบ,TICKET_GROUP_022
รปภ. ช่วยดูตรงประตู 2 หน่อยครับ รถติดหนักมาก,TICKET_0397,หมวดความปลอดภัยและจราจร,เวลาปัจจุบันตามระบบ,TICKET_GROUP_017
สอบถามหน่อยครับ อยากทราบกำหนดการกิจกรรมรับน้อง,TICKET_0398,หมวดบริการทั่วไป / อื่นๆ,เวลาปัจจุบันตามระบบ,TICKET_GROUP_014
แจ้งเรื่องหลังคารั่วหนักมาก ตรงห้องน้ำตึกสงวน ช่วยมาดูหน่อย,TICKET_0399,หมวดอาคารและสิ่งอำนวยความสะดวก,เวลาปัจจุบันตามระบบ,TICKET_GROUP_019
รปภ. ช่วยดูตรงลานจอดรถ หน่อยครับ มีรถชนกัน,TICKET_0400,หมวดความปลอดภัยและจราจร,เวลาปัจจุบันตามระบบ,TICKET_GROUP_021
แจ้งทำความสะอาดตรงสนามบาส หญ้ารกมาก ครับ,TICKET_0401,หมวดภูมิทัศน์และความสะอาด,เวลาปัจจุบันตามระบบ,TICKET_GROUP_024
รปภ. ช่วยดูตรงหลังมอ หน่อยครับ หมวกกันน็อคหาย,TICKET_0402,หมวดความปลอดภัยและจราจร,เวลาปัจจุบันตามระบบ,TICKET_GROUP_012
รปภ. ช่วยดูตรงประตู 2 หน่อยครับ หมวกกันน็อคหาย,TICKET_0403,หมวดความปลอดภัยและจราจร,เวลาปัจจุบันตามระบบ,TICKET_GROUP_017
สอบถามหน่อยครับ รถเมล์สาย 1 หมดกี่โมง,TICKET_0404,หมวดการเดินทางและระบบขนส่ง,เวลาปัจจุบันตามระบบ,TICKET_GROUP_015
อาจารย์ครับ ขอสอบชดเชยต้องทำไง รบกวนให้คำแนะนำที,TICKET_0405,หมวดการเรียนการสอนและวิชาการ,เวลาปัจจุบันตามระบบ,TICKET_GROUP_013
อาจารย์ครับ ตารางเรียนไม่ขึ้นระบบ รบกวนให้คำแนะนำที,TICKET_0406,หมวดการเรียนการสอนและวิชาการ,เวลาปัจจุบันตามระบบ,TICKET_GROUP_001
อาจารย์ครับ ลงทะเบียนวิชานี้ไม่ได้ รบกวนให้คำแนะนำที,TICKET_0407,หมวดการเรียนการสอนและวิชาการ,เวลาปัจจุบันตามระบบ,TICKET_GROUP_008
สอบถามหน่อยครับ ทำบัตรนิสิตใหม่ที่ไหน,TICKET_0408,หมวดบริการทั่วไป / อื่นๆ,เวลาปัจจุบันตามระบบ,TICKET_GROUP_016
แจ้งเรื่องประตูพัง ตรงตึก ICT ช่วยมาดูหน่อย,TICKET_0409,หมวดอาคารและสิ่งอำนวยความสะดวก,เวลาปัจจุบันตามระบบ,TICKET_GROUP_027
แจ้งทำความสะอาดตรงริมสระน้ำ กิ่งไม้หักขวางทาง ครับ,TICKET_0410,หมวดภูมิทัศน์และความสะอาด,เวลาปัจจุบันตามระบบ,TICKET_GROUP_024
สอบถามหน่อยครับ ทำบัตรนิสิตใหม่ที่ไหน,TICKET_0411,หมวดบริการทั่วไป / อื่นๆ,เวลาปัจจุบันตามระบบ,TICKET_GROUP_016
แจ้งทำความสะอาดตรงสนามบาส มีหมาจรจัดมาคุ้ยขยะ ครับ,TICKET_0412,หมวดภูมิทัศน์และความสะอาด,เวลาปัจจุบันตามระบบ,TICKET_GROUP_018
รปภ. ช่วยดูตรงทางแยก หน่อยครับ หมวกกันน็อคหาย,TICKET_0413,หมวดความปลอดภัยและจราจร,เวลาปัจจุบันตามระบบ,TICKET_GROUP_004
รปภ. ช่วยดูตรงหลังมอ หน่อยครับ ทางมืดมากอันตราย,TICKET_0414,หมวดความปลอดภัยและจราจร,เวลาปัจจุบันตามระบบ,TICKET_GROUP_021
อาจารย์ครับ อยากติดต่ออาจารย์เรื่องดรอปเรียน รบกวนให้คำแนะนำที,TICKET_0415,หมวดการเรียนการสอนและวิชาการ,เวลาปัจจุบันตามระบบ,TICKET_GROUP_026
อาจารย์ครับ ตารางเรียนไม่ขึ้นระบบ รบกวนให้คำแนะนำที,TICKET_0416,หมวดการเรียนการสอนและวิชาการ,เวลาปัจจุบันตามระบบ,TICKET_GROUP_001
แจ้งทำความสะอาดตรงริมสระน้ำ ขยะล้นถังส่งกลิ่นเหม็น ครับ,TICKET_0417,หมวดภูมิทัศน์และความสะอาด,เวลาปัจจุบันตามระบบ,TICKET_GROUP_024
อาจารย์ครับ ตารางเรียนไม่ขึ้นระบบ รบกวนให้คำแนะนำที,TICKET_0418,หมวดการเรียนการสอนและวิชาการ,เวลาปัจจุบันตามระบบ,TICKET_GROUP_001
รปภ. ช่วยดูตรงประตู 2 หน่อยครับ มีรถชนกัน,TICKET_0419,หมวดความปลอดภัยและจราจร,เวลาปัจจุบันตามระบบ,TICKET_GROUP_017
อาจารย์ครับ อยากติดต่ออาจารย์เรื่องดรอปเรียน รบกวนให้คำแนะนำที,TICKET_0420,หมวดการเรียนการสอนและวิชาการ,เวลาปัจจุบันตามระบบ,TICKET_GROUP_026
รปภ. ช่วยดูตรงทางแยก หน่อยครับ หมวกกันน็อคหาย,TICKET_0421,หมวดความปลอดภัยและจราจร,เวลาปัจจุบันตามระบบ,TICKET_GROUP_004
อาจารย์ครับ ขอสอบชดเชยต้องทำไง รบกวนให้คำแนะนำที,TICKET_0422,หมวดการเรียนการสอนและวิชาการ,เวลาปัจจุบันตามระบบ,TICKET_GROUP_013
แจ้งทำความสะอาดตรงริมสระน้ำ มีหมาจรจัดมาคุ้ยขยะ ครับ,TICKET_0423,หมวดภูมิทัศน์และความสะอาด,เวลาปัจจุบันตามระบบ,TICKET_GROUP_024
แจ้งเรื่องประตูพัง ตรงตึกวิทย์ ช่วยมาดูหน่อย,TICKET_0424,หมวดอาคารและสิ่งอำนวยความสะดวก,เวลาปัจจุบันตามระบบ,TICKET_GROUP_028
แจ้งเรื่องหลังคารั่วหนักมาก ตรงตึกวิทย์ ช่วยมาดูหน่อย,TICKET_0425,หมวดอาคารและสิ่งอำนวยความสะดวก,เวลาปัจจุบันตามระบบ,TICKET_GROUP_028
อาจารย์ครับ อยากติดต่ออาจารย์เรื่องดรอปเรียน รบกวนให้คำแนะนำที,TICKET_0426,หมวดการเรียนการสอนและวิชาการ,เวลาปัจจุบันตามระบบ,TICKET_GROUP_026
สอบถามหน่อยครับ อยากทราบกำหนดการกิจกรรมรับน้อง,TICKET_0427,หมวดบริการทั่วไป / อื่นๆ,เวลาปัจจุบันตามระบบ,TICKET_GROUP_014
สอบถามหน่อยครับ รถเมล์สาย 1 หมดกี่โมง,TICKET_0428,หมวดการเดินทางและระบบขนส่ง,เวลาปัจจุบันตามระบบ,TICKET_GROUP_015
แจ้งเรื่องหลังคารั่วหนักมาก ตรงตึก ICT ช่วยมาดูหน่อย,TICKET_0429,หมวดอาคารและสิ่งอำนวยความสะดวก,เวลาปัจจุบันตามระบบ,TICKET_GROUP_027
แจ้งเรื่องประตูพัง ตรงตึกวิทย์ ช่วยมาดูหน่อย,TICKET_0430,หมวดอาคารและสิ่งอำนวยความสะดวก,เวลาปัจจุบันตามระบบ,TICKET_GROUP_028
แจ้งเรื่องประตูพัง ตรงห้องน้ำตึกสงวน ช่วยมาดูหน่อย,TICKET_0431,หมวดอาคารและสิ่งอำนวยความสะดวก,เวลาปัจจุบันตามระบบ,TICKET_GROUP_011
อาจารย์ครับ ตารางเรียนไม่ขึ้นระบบ รบกวนให้คำแนะนำที,TICKET_0432,หมวดการเรียนการสอนและวิชาการ,เวลาปัจจุบันตามระบบ,TICKET_GROUP_001
ลงทะเบียนไม่ได้ ตอนนี้อยู่ห้องสมุด ทำงานไม่ได้เลย,TICKET_0433,หมวดเทคโนโลยีสารสนเทศ,เวลาปัจจุบันตามระบบ,TICKET_GROUP_025
อาจารย์ครับ เกรดยังไม่ออกครับ รบกวนให้คำแนะนำที,TICKET_0434,หมวดการเรียนการสอนและวิชาการ,เวลาปัจจุบันตามระบบ,TICKET_GROUP_006
แจ้งเรื่องลิฟต์ค้าง ตรงห้อง 1204 ช่วยมาดูหน่อย,TICKET_0435,หมวดอาคารและสิ่งอำนวยความสะดวก,เวลาปัจจุบันตามระบบ,TICKET_GROUP_009
สอบถามหน่อยครับ ทำบัตรนิสิตใหม่ที่ไหน,TICKET_0436,หมวดบริการทั่วไป / อื่นๆ,เวลาปัจจุบันตามระบบ,TICKET_GROUP_016
แจ้งเรื่องประตูพัง ตรงตึกวิทย์ ช่วยมาดูหน่อย,TICKET_0437,หมวดอาคารและสิ่งอำนวยความสะดวก,เวลาปัจจุบันตามระบบ,TICKET_GROUP_028
รปภ. ช่วยดูตรงทางแยก หน่อยครับ มีรถชนกัน,TICKET_0438,หมวดความปลอดภัยและจราจร,เวลาปัจจุบันตามระบบ,TICKET_GROUP_017
อาจารย์ครับ ตารางเรียนไม่ขึ้นระบบ รบกวนให้คำแนะนำที,TICKET_0439,หมวดการเรียนการสอนและวิชาการ,เวลาปัจจุบันตามระบบ,TICKET_GROUP_001
รปภ. ช่วยดูตรงทางแยก หน่อยครับ คนจอดรถขวางทาง,TICKET_0440,หมวดความปลอดภัยและจราจร,เวลาปัจจุบันตามระบบ,TICKET_GROUP_005
แจ้งเรื่องน้ำไม่ไหล ตรงห้อง 1204 ช่วยมาดูหน่อย,TICKET_0441,หมวดอาคารและสิ่งอำนวยความสะดวก,เวลาปัจจุบันตามระบบ,TICKET_GROUP_027
แจ้งทำความสะอาดตรงสวนหน้าตึก สกปรกมากไม่ทำความสะอาด ครับ,TICKET_0442,หมวดภูมิทัศน์และความสะอาด,เวลาปัจจุบันตามระบบ,TICKET_GROUP_023
สอบถามหน่อยครับ สอบถามเรื่องทุนการศึกษา,TICKET_0443,หมวดบริการทั่วไป / อื่นๆ,เวลาปัจจุบันตามระบบ,TICKET_GROUP_007
แจ้งทำความสะอาดตรงสนามบาส กิ่งไม้หักขวางทาง ครับ,TICKET_0444,หมวดภูมิทัศน์และความสะอาด,เวลาปัจจุบันตามระบบ,TICKET_GROUP_023
แจ้งทำความสะอาดตรงทางเดิน หญ้ารกมาก ครับ,TICKET_0445,หมวดภูมิทัศน์และความสะอาด,เวลาปัจจุบันตามระบบ,TICKET_GROUP_024
เน็ตหลุดบ่อยมาก ตอนนี้อยู่หน้ามอ ทำงานไม่ได้เลย,TICKET_0446,หมวดเทคโนโลยีสารสนเทศ,เวลาปัจจุบันตามระบบ,TICKET_GROUP_025
รปภ. ช่วยดูตรงประตู 2 หน่อยครับ หมวกกันน็อคหาย,TICKET_0447,หมวดความปลอดภัยและจราจร,เวลาปัจจุบันตามระบบ,TICKET_GROUP_017
แจ้งเรื่องประตูพัง ตรงห้องบรรยาย ช่วยมาดูหน่อย,TICKET_0448,หมวดอาคารและสิ่งอำนวยความสะดวก,เวลาปัจจุบันตามระบบ,TICKET_GROUP_010
แจ้งเรื่องหลังคารั่วหนักมาก ตรงอาคารเรียนรวม ช่วยมาดูหน่อย,TICKET_0449,หมวดอาคารและสิ่งอำนวยความสะดวก,เวลาปัจจุบันตามระบบ,TICKET_GROUP_019
สอบถามหน่อยครับ ทำบัตรนิสิตใหม่ที่ไหน,TICKET_0450,หมวดบริการทั่วไป / อื่นๆ,เวลาปัจจุบันตามระบบ,TICKET_GROUP_016
รปภ. ช่วยดูตรงหลังมอ หน่อยครับ ทางมืดมากอันตราย,TICKET_0451,หมวดความปลอดภัยและจราจร,เวลาปัจจุบันตามระบบ,TICKET_GROUP_021
ลงทะเบียนไม่ได้ ตอนนี้อยู่หน้ามอ ทำงานไม่ได้เลย,TICKET_0452,หมวดเทคโนโลยีสารสนเทศ,เวลาปัจจุบันตามระบบ,TICKET_GROUP_025
แจ้งเรื่องแอร์ไม่เย็นเลย ตรงตึก ICT ช่วยมาดูหน่อย,TICKET_0453,หมวดอาคารและสิ่งอำนวยความสะดวก,เวลาปัจจุบันตามระบบ,TICKET_GROUP_028
ลืมรหัสผ่านเข้าระบบ ตอนนี้อยู่ห้องสมุด ทำงานไม่ได้เลย,TICKET_0454,หมวดเทคโนโลยีสารสนเทศ,เวลาปัจจุบันตามระบบ,TICKET_GROUP_003
สอบถามหน่อยครับ รถเมล์สาย 1 หมดกี่โมง,TICKET_0455,หมวดการเดินทางและระบบขนส่ง,เวลาปัจจุบันตามระบบ,TICKET_GROUP_015
ลืมรหัสผ่านเข้าระบบ ตอนนี้อยู่หอพักใน ทำงานไม่ได้เลย,TICKET_0456,หมวดเทคโนโลยีสารสนเทศ,เวลาปัจจุบันตามระบบ,TICKET_GROUP_020
แจ้งเรื่องหลังคารั่วหนักมาก ตรงอาคารเรียนรวม ช่วยมาดูหน่อย,TICKET_0457,หมวดอาคารและสิ่งอำนวยความสะดวก,เวลาปัจจุบันตามระบบ,TICKET_GROUP_019
รปภ. ช่วยดูตรงประตู 2 หน่อยครับ หมวกกันน็อคหาย,TICKET_0458,หมวดความปลอดภัยและจราจร,เวลาปัจจุบันตามระบบ,TICKET_GROUP_017
ระบบล่ม ตอนนี้อยู่หอพักใน ทำงานไม่ได้เลย,TICKET_0459,หมวดเทคโนโลยีสารสนเทศ,เวลาปัจจุบันตามระบบ,TICKET_GROUP_025
อาจารย์ครับ ขอสอบชดเชยต้องทำไง รบกวนให้คำแนะนำที,TICKET_0460,หมวดการเรียนการสอนและวิชาการ,เวลาปัจจุบันตามระบบ,TICKET_GROUP_013
อาจารย์ครับ ลงทะเบียนวิชานี้ไม่ได้ รบกวนให้คำแนะนำที,TICKET_0461,หมวดการเรียนการสอนและวิชาการ,เวลาปัจจุบันตามระบบ,TICKET_GROUP_008
แจ้งเรื่องประตูพัง ตรงตึก ICT ช่วยมาดูหน่อย,TICKET_0462,หมวดอาคารและสิ่งอำนวยความสะดวก,เวลาปัจจุบันตามระบบ,TICKET_GROUP_027
รปภ. ช่วยดูตรงหลังมอ หน่อยครับ มีรถชนกัน,TICKET_0463,หมวดความปลอดภัยและจราจร,เวลาปัจจุบันตามระบบ,TICKET_GROUP_017
แจ้งเรื่องไฟดับครับ ตรงอาคารเรียนรวม ช่วยมาดูหน่อย,TICKET_0464,หมวดอาคารและสิ่งอำนวยความสะดวก,เวลาปัจจุบันตามระบบ,TICKET_GROUP_019
รปภ. ช่วยดูตรงหลังมอ หน่อยครับ รถติดหนักมาก,TICKET_0465,หมวดความปลอดภัยและจราจร,เวลาปัจจุบันตามระบบ,TICKET_GROUP_012
ลงทะเบียนไม่ได้ ตอนนี้อยู่หน้ามอ ทำงานไม่ได้เลย,TICKET_0466,หมวดเทคโนโลยีสารสนเทศ,เวลาปัจจุบันตามระบบ,TICKET_GROUP_025
แจ้งทำความสะอาดตรงทางเดิน มีหมาจรจัดมาคุ้ยขยะ ครับ,TICKET_0467,หมวดภูมิทัศน์และความสะอาด,เวลาปัจจุบันตามระบบ,TICKET_GROUP_018
แจ้งทำความสะอาดตรงทางเดิน สกปรกมากไม่ทำความสะอาด ครับ,TICKET_0468,หมวดภูมิทัศน์และความสะอาด,เวลาปัจจุบันตามระบบ,TICKET_GROUP_023
อาจารย์ครับ ตารางเรียนไม่ขึ้นระบบ รบกวนให้คำแนะนำที,TICKET_0469,หมวดการเรียนการสอนและวิชาการ,เวลาปัจจุบันตามระบบ,TICKET_GROUP_001
แจ้งทำความสะอาดตรงโรงอาหาร กิ่งไม้หักขวางทาง ครับ,TICKET_0470,หมวดภูมิทัศน์และความสะอาด,เวลาปัจจุบันตามระบบ,TICKET_GROUP_002
สอบถามหน่อยครับ ทำบัตรนิสิตใหม่ที่ไหน,TICKET_0471,หมวดบริการทั่วไป / อื่นๆ,เวลาปัจจุบันตามระบบ,TICKET_GROUP_016
รปภ. ช่วยดูตรงประตู 2 หน่อยครับ รถติดหนักมาก,TICKET_0472,หมวดความปลอดภัยและจราจร,เวลาปัจจุบันตามระบบ,TICKET_GROUP_017
แจ้งเรื่องลิฟต์ค้าง ตรงห้องน้ำตึกสงวน ช่วยมาดูหน่อย,TICKET_0473,หมวดอาคารและสิ่งอำนวยความสะดวก,เวลาปัจจุบันตามระบบ,TICKET_GROUP_011
แจ้งทำความสะอาดตรงสวนหน้าตึก หญ้ารกมาก ครับ,TICKET_0474,หมวดภูมิทัศน์และความสะอาด,เวลาปัจจุบันตามระบบ,TICKET_GROUP_024
แจ้งทำความสะอาดตรงสนามบาส กิ่งไม้หักขวางทาง ครับ,TICKET_0475,หมวดภูมิทัศน์และความสะอาด,เวลาปัจจุบันตามระบบ,TICKET_GROUP_023
รปภ. ช่วยดูตรงประตู 2 หน่อยครับ หมวกกันน็อคหาย,TICKET_0476,หมวดความปลอดภัยและจราจร,เวลาปัจจุบันตามระบบ,TICKET_GROUP_017
อาจารย์ครับ ขอสอบชดเชยต้องทำไง รบกวนให้คำแนะนำที,TICKET_0477,หมวดการเรียนการสอนและวิชาการ,เวลาปัจจุบันตามระบบ,TICKET_GROUP_013
แจ้งเรื่องน้ำไม่ไหล ตรงห้องบรรยาย ช่วยมาดูหน่อย,TICKET_0478,หมวดอาคารและสิ่งอำนวยความสะดวก,เวลาปัจจุบันตามระบบ,TICKET_GROUP_027
อาจารย์ครับ เกรดยังไม่ออกครับ รบกวนให้คำแนะนำที,TICKET_0479,หมวดการเรียนการสอนและวิชาการ,เวลาปัจจุบันตามระบบ,TICKET_GROUP_006
แจ้งทำความสะอาดตรงทางเดิน สกปรกมากไม่ทำความสะอาด ครับ,TICKET_0480,หมวดภูมิทัศน์และความสะอาด,เวลาปัจจุบันตามระบบ,TICKET_GROUP_023
อาจารย์ครับ อยากติดต่ออาจารย์เรื่องดรอปเรียน รบกวนให้คำแนะนำที,TICKET_0481,หมวดการเรียนการสอนและวิชาการ,เวลาปัจจุบันตามระบบ,TICKET_GROUP_026
รปภ. ช่วยดูตรงหลังมอ หน่อยครับ รถติดหนักมาก,TICKET_0482,หมวดความปลอดภัยและจราจร,เวลาปัจจุบันตามระบบ,TICKET_GROUP_012
อาจารย์ครับ ขอสอบชดเชยต้องทำไง รบกวนให้คำแนะนำที,TICKET_0483,หมวดการเรียนการสอนและวิชาการ,เวลาปัจจุบันตามระบบ,TICKET_GROUP_013
แจ้งเรื่องหลังคารั่วหนักมาก ตรงตึก ICT ช่วยมาดูหน่อย,TICKET_0484,หมวดอาคารและสิ่งอำนวยความสะดวก,เวลาปัจจุบันตามระบบ,TICKET_GROUP_027
แจ้งเรื่องหลังคารั่วหนักมาก ตรงตึก ICT ช่วยมาดูหน่อย,TICKET_0485,หมวดอาคารและสิ่งอำนวยความสะดวก,เวลาปัจจุบันตามระบบ,TICKET_GROUP_027
อาจารย์ครับ ตารางเรียนไม่ขึ้นระบบ รบกวนให้คำแนะนำที,TICKET_0486,หมวดการเรียนการสอนและวิชาการ,เวลาปัจจุบันตามระบบ,TICKET_GROUP_001
แจ้งทำความสะอาดตรงสวนหน้าตึก กิ่งไม้หักขวางทาง ครับ,TICKET_0487,หมวดภูมิทัศน์และความสะอาด,เวลาปัจจุบันตามระบบ,TICKET_GROUP_022
แจ้งทำความสะอาดตรงริมสระน้ำ หญ้ารกมาก ครับ,TICKET_0488,หมวดภูมิทัศน์และความสะอาด,เวลาปัจจุบันตามระบบ,TICKET_GROUP_024
รปภ. ช่วยดูตรงประตู 2 หน่อยครับ คนจอดรถขวางทาง,TICKET_0489,หมวดความปลอดภัยและจราจร,เวลาปัจจุบันตามระบบ,TICKET_GROUP_017
แจ้งเรื่องลิฟต์ค้าง ตรงห้องน้ำตึกสงวน ช่วยมาดูหน่อย,TICKET_0490,หมวดอาคารและสิ่งอำนวยความสะดวก,เวลาปัจจุบันตามระบบ,TICKET_GROUP_011
อาจารย์ครับ ลงทะเบียนวิชานี้ไม่ได้ รบกวนให้คำแนะนำที,TICKET_0491,หมวดการเรียนการสอนและวิชาการ,เวลาปัจจุบันตามระบบ,TICKET_GROUP_008
รปภ. ช่วยดูตรงประตู 2 หน่อยครับ ทางมืดมากอันตราย,TICKET_0492,หมวดความปลอดภัยและจราจร,เวลาปัจจุบันตามระบบ,TICKET_GROUP_021
แจ้งทำความสะอาดตรงทางเดิน สกปรกมากไม่ทำความสะอาด ครับ,TICKET_0493,หมวดภูมิทัศน์และความสะอาด,เวลาปัจจุบันตามระบบ,TICKET_GROUP_023
ลงทะเบียนไม่ได้ ตอนนี้อยู่หน้ามอ ทำงานไม่ได้เลย,TICKET_0494,หมวดเทคโนโลยีสารสนเทศ,เวลาปัจจุบันตามระบบ,TICKET_GROUP_025
รปภ. ช่วยดูตรงหน้ามอ หน่อยครับ รถติดหนักมาก,TICKET_0495,หมวดความปลอดภัยและจราจร,เวลาปัจจุบันตามระบบ,TICKET_GROUP_012
รปภ. ช่วยดูตรงหลังมอ หน่อยครับ รถติดหนักมาก,TICKET_0496,หมวดความปลอดภัยและจราจร,เวลาปัจจุบันตามระบบ,TICKET_GROUP_012
รปภ. ช่วยดูตรงลานจอดรถ หน่อยครับ มีรถชนกัน,TICKET_0497,หมวดความปลอดภัยและจราจร,เวลาปัจจุบันตามระบบ,TICKET_GROUP_021
รปภ. ช่วยดูตรงทางแยก หน่อยครับ คนจอดรถขวางทาง,TICKET_0498,หมวดความปลอดภัยและจราจร,เวลาปัจจุบันตามระบบ,TICKET_GROUP_005
รปภ. ช่วยดูตรงทางแยก หน่อยครับ ทางมืดมากอันตราย,TICKET_0499,หมวดความปลอดภัยและจราจร,เวลาปัจจุบันตามระบบ,TICKET_GROUP_021
รปภ. ช่วยดูตรงหน้ามอ หน่อยครับ มีรถชนกัน,TICKET_0500,หมวดความปลอดภัยและจราจร,เวลาปัจจุบันตามระบบ,TICKET_GROUP_017
ไวไฟเข้าไม่ได้ ตอนนี้อยู่ห้องสมุด ทำงานไม่ได้เลย,TICKET_0501,หมวดเทคโนโลยีสารสนเทศ,เวลาปัจจุบันตามระบบ,TICKET_GROUP_025
แจ้งทำความสะอาดตรงทางเดิน กิ่งไม้หักขวางทาง ครับ,TICKET_0502,หมวดภูมิทัศน์และความสะอาด,เวลาปัจจุบันตามระบบ,TICKET_GROUP_002
แจ้งเรื่องแอร์ไม่เย็นเลย ตรงอาคารเรียนรวม ช่วยมาดูหน่อย,TICKET_0503,หมวดอาคารและสิ่งอำนวยความสะดวก,เวลาปัจจุบันตามระบบ,TICKET_GROUP_028
สอบถามหน่อยครับ รถเมล์สาย 1 หมดกี่โมง,TICKET_0504,หมวดการเดินทางและระบบขนส่ง,เวลาปัจจุบันตามระบบ,TICKET_GROUP_015
ระบบล่ม ตอนนี้อยู่ตึกคณะ ทำงานไม่ได้เลย,TICKET_0505,หมวดเทคโนโลยีสารสนเทศ,เวลาปัจจุบันตามระบบ,TICKET_GROUP_025
ไวไฟเข้าไม่ได้ ตอนนี้อยู่ห้องสมุด ทำงานไม่ได้เลย,TICKET_0506,หมวดเทคโนโลยีสารสนเทศ,เวลาปัจจุบันตามระบบ,TICKET_GROUP_025
รปภ. ช่วยดูตรงหน้ามอ หน่อยครับ มีรถชนกัน,TICKET_0507,หมวดความปลอดภัยและจราจร,เวลาปัจจุบันตามระบบ,TICKET_GROUP_017
แจ้งทำความสะอาดตรงสวนหน้าตึก สกปรกมากไม่ทำความสะอาด ครับ,TICKET_0508,หมวดภูมิทัศน์และความสะอาด,เวลาปัจจุบันตามระบบ,TICKET_GROUP_023
รปภ. ช่วยดูตรงประตู 2 หน่อยครับ หมวกกันน็อคหาย,TICKET_0509,หมวดความปลอดภัยและจราจร,เวลาปัจจุบันตามระบบ,TICKET_GROUP_017
รปภ. ช่วยดูตรงหลังมอ หน่อยครับ รถติดหนักมาก,TICKET_0510,หมวดความปลอดภัยและจราจร,เวลาปัจจุบันตามระบบ,TICKET_GROUP_012
แจ้งทำความสะอาดตรงสนามบาส หญ้ารกมาก ครับ,TICKET_0511,หมวดภูมิทัศน์และความสะอาด,เวลาปัจจุบันตามระบบ,TICKET_GROUP_024
สอบถามหน่อยครับ ทำบัตรนิสิตใหม่ที่ไหน,TICKET_0512,หมวดบริการทั่วไป / อื่นๆ,เวลาปัจจุบันตามระบบ,TICKET_GROUP_016
อาจารย์ครับ เกรดยังไม่ออกครับ รบกวนให้คำแนะนำที,TICKET_0513,หมวดการเรียนการสอนและวิชาการ,เวลาปัจจุบันตามระบบ,TICKET_GROUP_006
ระบบล่ม ตอนนี้อยู่หอพักใน ทำงานไม่ได้เลย,TICKET_0514,หมวดเทคโนโลยีสารสนเทศ,เวลาปัจจุบันตามระบบ,TICKET_GROUP_025
สอบถามหน่อยครับ อยากทราบกำหนดการกิจกรรมรับน้อง,TICKET_0515,หมวดบริการทั่วไป / อื่นๆ,เวลาปัจจุบันตามระบบ,TICKET_GROUP_014
สอบถามหน่อยครับ ทำบัตรนิสิตใหม่ที่ไหน,TICKET_0516,หมวดบริการทั่วไป / อื่นๆ,เวลาปัจจุบันตามระบบ,TICKET_GROUP_016
แจ้งทำความสะอาดตรงริมสระน้ำ หญ้ารกมาก ครับ,TICKET_0517,หมวดภูมิทัศน์และความสะอาด,เวลาปัจจุบันตามระบบ,TICKET_GROUP_024
สอบถามหน่อยครับ สอบถามเรื่องทุนการศึกษา,TICKET_0518,หมวดบริการทั่วไป / อื่นๆ,เวลาปัจจุบันตามระบบ,TICKET_GROUP_007
แจ้งทำความสะอาดตรงสวนหน้าตึก กิ่งไม้หักขวางทาง ครับ,TICKET_0519,หมวดภูมิทัศน์และความสะอาด,เวลาปัจจุบันตามระบบ,TICKET_GROUP_022
อาจารย์ครับ ตารางเรียนไม่ขึ้นระบบ รบกวนให้คำแนะนำที,TICKET_0520,หมวดการเรียนการสอนและวิชาการ,เวลาปัจจุบันตามระบบ,TICKET_GROUP_001
ลงทะเบียนไม่ได้ ตอนนี้อยู่ตึกคณะ ทำงานไม่ได้เลย,TICKET_0521,หมวดเทคโนโลยีสารสนเทศ,เวลาปัจจุบันตามระบบ,TICKET_GROUP_025
แจ้งเรื่องลิฟต์ค้าง ตรงอาคารเรียนรวม ช่วยมาดูหน่อย,TICKET_0522,หมวดอาคารและสิ่งอำนวยความสะดวก,เวลาปัจจุบันตามระบบ,TICKET_GROUP_019
รปภ. ช่วยดูตรงหน้ามอ หน่อยครับ ทางมืดมากอันตราย,TICKET_0523,หมวดความปลอดภัยและจราจร,เวลาปัจจุบันตามระบบ,TICKET_GROUP_021
ลงทะเบียนไม่ได้ ตอนนี้อยู่ตึกคณะ ทำงานไม่ได้เลย,TICKET_0524,หมวดเทคโนโลยีสารสนเทศ,เวลาปัจจุบันตามระบบ,TICKET_GROUP_025
สอบถามหน่อยครับ ทำบัตรนิสิตใหม่ที่ไหน,TICKET_0525,หมวดบริการทั่วไป / อื่นๆ,เวลาปัจจุบันตามระบบ,TICKET_GROUP_016
ลงทะเบียนไม่ได้ ตอนนี้อยู่ตึกคณะ ทำงานไม่ได้เลย,TICKET_0526,หมวดเทคโนโลยีสารสนเทศ,เวลาปัจจุบันตามระบบ,TICKET_GROUP_025
แจ้งทำความสะอาดตรงริมสระน้ำ มีหมาจรจัดมาคุ้ยขยะ ครับ,TICKET_0527,หมวดภูมิทัศน์และความสะอาด,เวลาปัจจุบันตามระบบ,TICKET_GROUP_024
แจ้งทำความสะอาดตรงสวนหน้าตึก หญ้ารกมาก ครับ,TICKET_0528,หมวดภูมิทัศน์และความสะอาด,เวลาปัจจุบันตามระบบ,TICKET_GROUP_024
สอบถามหน่อยครับ สอบถามเรื่องทุนการศึกษา,TICKET_0529,หมวดบริการทั่วไป / อื่นๆ,เวลาปัจจุบันตามระบบ,TICKET_GROUP_007
รปภ. ช่วยดูตรงหน้ามอ หน่อยครับ หมวกกันน็อคหาย,TICKET_0530,หมวดความปลอดภัยและจราจร,เวลาปัจจุบันตามระบบ,TICKET_GROUP_005
แจ้งเรื่องลิฟต์ค้าง ตรงห้องน้ำตึกสงวน ช่วยมาดูหน่อย,TICKET_0531,หมวดอาคารและสิ่งอำนวยความสะดวก,เวลาปัจจุบันตามระบบ,TICKET_GROUP_011
สอบถามหน่อยครับ อยากทราบกำหนดการกิจกรรมรับน้อง,TICKET_0532,หมวดบริการทั่วไป / อื่นๆ,เวลาปัจจุบันตามระบบ,TICKET_GROUP_014
สอบถามหน่อยครับ อยากทราบกำหนดการกิจกรรมรับน้อง,TICKET_0533,หมวดบริการทั่วไป / อื่นๆ,เวลาปัจจุบันตามระบบ,TICKET_GROUP_014
สอบถามหน่อยครับ ทำบัตรนิสิตใหม่ที่ไหน,TICKET_0534,หมวดบริการทั่วไป / อื่นๆ,เวลาปัจจุบันตามระบบ,TICKET_GROUP_016
แจ้งเรื่องแอร์ไม่เย็นเลย ตรงห้องน้ำตึกสงวน ช่วยมาดูหน่อย,TICKET_0535,หมวดอาคารและสิ่งอำนวยความสะดวก,เวลาปัจจุบันตามระบบ,TICKET_GROUP_028
ระบบล่ม ตอนนี้อยู่ห้องสมุด ทำงานไม่ได้เลย,TICKET_0536,หมวดเทคโนโลยีสารสนเทศ,เวลาปัจจุบันตามระบบ,TICKET_GROUP_025
แจ้งทำความสะอาดตรงสนามบาส มีหมาจรจัดมาคุ้ยขยะ ครับ,TICKET_0537,หมวดภูมิทัศน์และความสะอาด,เวลาปัจจุบันตามระบบ,TICKET_GROUP_018
รปภ. ช่วยดูตรงหน้ามอ หน่อยครับ หมวกกันน็อคหาย,TICKET_0538,หมวดความปลอดภัยและจราจร,เวลาปัจจุบันตามระบบ,TICKET_GROUP_005
อาจารย์ครับ ตารางเรียนไม่ขึ้นระบบ รบกวนให้คำแนะนำที,TICKET_0539,หมวดการเรียนการสอนและวิชาการ,เวลาปัจจุบันตามระบบ,TICKET_GROUP_001
ไวไฟเข้าไม่ได้ ตอนนี้อยู่หอพักใน ทำงานไม่ได้เลย,TICKET_0540,หมวดเทคโนโลยีสารสนเทศ,เวลาปัจจุบันตามระบบ,TICKET_GROUP_025
แจ้งเรื่องน้ำไม่ไหล ตรงตึกวิทย์ ช่วยมาดูหน่อย,TICKET_0541,หมวดอาคารและสิ่งอำนวยความสะดวก,เวลาปัจจุบันตามระบบ,TICKET_GROUP_028
แจ้งเรื่องไฟดับครับ ตรงห้อง 1204 ช่วยมาดูหน่อย,TICKET_0542,หมวดอาคารและสิ่งอำนวยความสะดวก,เวลาปัจจุบันตามระบบ,TICKET_GROUP_011
อาจารย์ครับ อยากติดต่ออาจารย์เรื่องดรอปเรียน รบกวนให้คำแนะนำที,TICKET_0543,หมวดการเรียนการสอนและวิชาการ,เวลาปัจจุบันตามระบบ,TICKET_GROUP_026
รปภ. ช่วยดูตรงลานจอดรถ หน่อยครับ มีรถชนกัน,TICKET_0544,หมวดความปลอดภัยและจราจร,เวลาปัจจุบันตามระบบ,TICKET_GROUP_021
อาจารย์ครับ ขอสอบชดเชยต้องทำไง รบกวนให้คำแนะนำที,TICKET_0545,หมวดการเรียนการสอนและวิชาการ,เวลาปัจจุบันตามระบบ,TICKET_GROUP_013
สอบถามหน่อยครับ อยากทราบกำหนดการกิจกรรมรับน้อง,TICKET_0546,หมวดบริการทั่วไป / อื่นๆ,เวลาปัจจุบันตามระบบ,TICKET_GROUP_014
แจ้งทำความสะอาดตรงสวนหน้าตึก ขยะล้นถังส่งกลิ่นเหม็น ครับ,TICKET_0547,หมวดภูมิทัศน์และความสะอาด,เวลาปัจจุบันตามระบบ,TICKET_GROUP_022
แจ้งเรื่องลิฟต์ค้าง ตรงตึก ICT ช่วยมาดูหน่อย,TICKET_0548,หมวดอาคารและสิ่งอำนวยความสะดวก,เวลาปัจจุบันตามระบบ,TICKET_GROUP_027
รปภ. ช่วยดูตรงลานจอดรถ หน่อยครับ ทางมืดมากอันตราย,TICKET_0549,หมวดความปลอดภัยและจราจร,เวลาปัจจุบันตามระบบ,TICKET_GROUP_021
ลงทะเบียนไม่ได้ ตอนนี้อยู่ห้องสมุด ทำงานไม่ได้เลย,TICKET_0550,หมวดเทคโนโลยีสารสนเทศ,เวลาปัจจุบันตามระบบ,TICKET_GROUP_025
รปภ. ช่วยดูตรงหน้ามอ หน่อยครับ คนจอดรถขวางทาง,TICKET_0551,หมวดความปลอดภัยและจราจร,เวลาปัจจุบันตามระบบ,TICKET_GROUP_005
อาจารย์ครับ ขอสอบชดเชยต้องทำไง รบกวนให้คำแนะนำที,TICKET_0552,หมวดการเรียนการสอนและวิชาการ,เวลาปัจจุบันตามระบบ,TICKET_GROUP_013
สอบถามหน่อยครับ อยากทราบกำหนดการกิจกรรมรับน้อง,TICKET_0553,หมวดบริการทั่วไป / อื่นๆ,เวลาปัจจุบันตามระบบ,TICKET_GROUP_014
รปภ. ช่วยดูตรงหลังมอ หน่อยครับ ทางมืดมากอันตราย,TICKET_0554,หมวดความปลอดภัยและจราจร,เวลาปัจจุบันตามระบบ,TICKET_GROUP_021
สอบถามหน่อยครับ สอบถามเรื่องทุนการศึกษา,TICKET_0555,หมวดบริการทั่วไป / อื่นๆ,เวลาปัจจุบันตามระบบ,TICKET_GROUP_007
สอบถามหน่อยครับ อยากทราบกำหนดการกิจกรรมรับน้อง,TICKET_0556,หมวดบริการทั่วไป / อื่นๆ,เวลาปัจจุบันตามระบบ,TICKET_GROUP_014
ระบบล่ม ตอนนี้อยู่หอพักใน ทำงานไม่ได้เลย,TICKET_0557,หมวดเทคโนโลยีสารสนเทศ,เวลาปัจจุบันตามระบบ,TICKET_GROUP_025
อาจารย์ครับ อยากติดต่ออาจารย์เรื่องดรอปเรียน รบกวนให้คำแนะนำที,TICKET_0558,หมวดการเรียนการสอนและวิชาการ,เวลาปัจจุบันตามระบบ,TICKET_GROUP_026
รปภ. ช่วยดูตรงลานจอดรถ หน่อยครับ คนจอดรถขวางทาง,TICKET_0559,หมวดความปลอดภัยและจราจร,เวลาปัจจุบันตามระบบ,TICKET_GROUP_021
ไวไฟเข้าไม่ได้ ตอนนี้อยู่หอพักใน ทำงานไม่ได้เลย,TICKET_0560,หมวดเทคโนโลยีสารสนเทศ,เวลาปัจจุบันตามระบบ,TICKET_GROUP_025
แจ้งทำความสะอาดตรงสนามบาส สกปรกมากไม่ทำความสะอาด ครับ,TICKET_0561,หมวดภูมิทัศน์และความสะอาด,เวลาปัจจุบันตามระบบ,TICKET_GROUP_023
อาจารย์ครับ ตารางเรียนไม่ขึ้นระบบ รบกวนให้คำแนะนำที,TICKET_0562,หมวดการเรียนการสอนและวิชาการ,เวลาปัจจุบันตามระบบ,TICKET_GROUP_001
เน็ตหลุดบ่อยมาก ตอนนี้อยู่หน้ามอ ทำงานไม่ได้เลย,TICKET_0563,หมวดเทคโนโลยีสารสนเทศ,เวลาปัจจุบันตามระบบ,TICKET_GROUP_025
แจ้งเรื่องประตูพัง ตรงอาคารเรียนรวม ช่วยมาดูหน่อย,TICKET_0564,หมวดอาคารและสิ่งอำนวยความสะดวก,เวลาปัจจุบันตามระบบ,TICKET_GROUP_019
อาจารย์ครับ ตารางเรียนไม่ขึ้นระบบ รบกวนให้คำแนะนำที,TICKET_0565,หมวดการเรียนการสอนและวิชาการ,เวลาปัจจุบันตามระบบ,TICKET_GROUP_001
เน็ตหลุดบ่อยมาก ตอนนี้อยู่ตึกคณะ ทำงานไม่ได้เลย,TICKET_0566,หมวดเทคโนโลยีสารสนเทศ,เวลาปัจจุบันตามระบบ,TICKET_GROUP_020
รปภ. ช่วยดูตรงหลังมอ หน่อยครับ มีรถชนกัน,TICKET_0567,หมวดความปลอดภัยและจราจร,เวลาปัจจุบันตามระบบ,TICKET_GROUP_017
แจ้งเรื่องประตูพัง ตรงห้องบรรยาย ช่วยมาดูหน่อย,TICKET_0568,หมวดอาคารและสิ่งอำนวยความสะดวก,เวลาปัจจุบันตามระบบ,TICKET_GROUP_010
แจ้งทำความสะอาดตรงสนามบาส สกปรกมากไม่ทำความสะอาด ครับ,TICKET_0569,หมวดภูมิทัศน์และความสะอาด,เวลาปัจจุบันตามระบบ,TICKET_GROUP_023
แจ้งทำความสะอาดตรงสนามบาส สกปรกมากไม่ทำความสะอาด ครับ,TICKET_0570,หมวดภูมิทัศน์และความสะอาด,เวลาปัจจุบันตามระบบ,TICKET_GROUP_023
อาจารย์ครับ ลงทะเบียนวิชานี้ไม่ได้ รบกวนให้คำแนะนำที,TICKET_0571,หมวดการเรียนการสอนและวิชาการ,เวลาปัจจุบันตามระบบ,TICKET_GROUP_008
ลืมรหัสผ่านเข้าระบบ ตอนนี้อยู่ตึกคณะ ทำงานไม่ได้เลย,TICKET_0572,หมวดเทคโนโลยีสารสนเทศ,เวลาปัจจุบันตามระบบ,TICKET_GROUP_003
อาจารย์ครับ ตารางเรียนไม่ขึ้นระบบ รบกวนให้คำแนะนำที,TICKET_0573,หมวดการเรียนการสอนและวิชาการ,เวลาปัจจุบันตามระบบ,TICKET_GROUP_001
ไวไฟเข้าไม่ได้ ตอนนี้อยู่หอพักใน ทำงานไม่ได้เลย,TICKET_0574,หมวดเทคโนโลยีสารสนเทศ,เวลาปัจจุบันตามระบบ,TICKET_GROUP_025
ลืมรหัสผ่านเข้าระบบ ตอนนี้อยู่ห้องสมุด ทำงานไม่ได้เลย,TICKET_0575,หมวดเทคโนโลยีสารสนเทศ,เวลาปัจจุบันตามระบบ,TICKET_GROUP_003
แจ้งเรื่องหลังคารั่วหนักมาก ตรงห้องน้ำตึกสงวน ช่วยมาดูหน่อย,TICKET_0576,หมวดอาคารและสิ่งอำนวยความสะดวก,เวลาปัจจุบันตามระบบ,TICKET_GROUP_019
อาจารย์ครับ เกรดยังไม่ออกครับ รบกวนให้คำแนะนำที,TICKET_0577,หมวดการเรียนการสอนและวิชาการ,เวลาปัจจุบันตามระบบ,TICKET_GROUP_006
แจ้งทำความสะอาดตรงสนามบาส มีหมาจรจัดมาคุ้ยขยะ ครับ,TICKET_0578,หมวดภูมิทัศน์และความสะอาด,เวลาปัจจุบันตามระบบ,TICKET_GROUP_018
สอบถามหน่อยครับ รถเมล์สาย 1 หมดกี่โมง,TICKET_0579,หมวดการเดินทางและระบบขนส่ง,เวลาปัจจุบันตามระบบ,TICKET_GROUP_015
แจ้งทำความสะอาดตรงริมสระน้ำ กิ่งไม้หักขวางทาง ครับ,TICKET_0580,หมวดภูมิทัศน์และความสะอาด,เวลาปัจจุบันตามระบบ,TICKET_GROUP_024
รปภ. ช่วยดูตรงหลังมอ หน่อยครับ คนจอดรถขวางทาง,TICKET_0581,หมวดความปลอดภัยและจราจร,เวลาปัจจุบันตามระบบ,TICKET_GROUP_012
สอบถามหน่อยครับ อยากทราบกำหนดการกิจกรรมรับน้อง,TICKET_0582,หมวดบริการทั่วไป / อื่นๆ,เวลาปัจจุบันตามระบบ,TICKET_GROUP_014
รปภ. ช่วยดูตรงลานจอดรถ หน่อยครับ หมวกกันน็อคหาย,TICKET_0583,หมวดความปลอดภัยและจราจร,เวลาปัจจุบันตามระบบ,TICKET_GROUP_021
รปภ. ช่วยดูตรงประตู 2 หน่อยครับ รถติดหนักมาก,TICKET_0584,หมวดความปลอดภัยและจราจร,เวลาปัจจุบันตามระบบ,TICKET_GROUP_017
แจ้งเรื่องประตูพัง ตรงตึกวิทย์ ช่วยมาดูหน่อย,TICKET_0585,หมวดอาคารและสิ่งอำนวยความสะดวก,เวลาปัจจุบันตามระบบ,TICKET_GROUP_028
สอบถามหน่อยครับ ทำบัตรนิสิตใหม่ที่ไหน,TICKET_0586,หมวดบริการทั่วไป / อื่นๆ,เวลาปัจจุบันตามระบบ,TICKET_GROUP_016
สอบถามหน่อยครับ สอบถามเรื่องทุนการศึกษา,TICKET_0587,หมวดบริการทั่วไป / อื่นๆ,เวลาปัจจุบันตามระบบ,TICKET_GROUP_007
แจ้งทำความสะอาดตรงโรงอาหาร กิ่งไม้หักขวางทาง ครับ,TICKET_0588,หมวดภูมิทัศน์และความสะอาด,เวลาปัจจุบันตามระบบ,TICKET_GROUP_002
แจ้งเรื่องน้ำไม่ไหล ตรงห้องบรรยาย ช่วยมาดูหน่อย,TICKET_0589,หมวดอาคารและสิ่งอำนวยความสะดวก,เวลาปัจจุบันตามระบบ,TICKET_GROUP_027
อาจารย์ครับ เกรดยังไม่ออกครับ รบกวนให้คำแนะนำที,TICKET_0590,หมวดการเรียนการสอนและวิชาการ,เวลาปัจจุบันตามระบบ,TICKET_GROUP_006
สอบถามหน่อยครับ รถเมล์สาย 1 หมดกี่โมง,TICKET_0591,หมวดการเดินทางและระบบขนส่ง,เวลาปัจจุบันตามระบบ,TICKET_GROUP_015
แจ้งเรื่องลิฟต์ค้าง ตรงตึกวิทย์ ช่วยมาดูหน่อย,TICKET_0592,หมวดอาคารและสิ่งอำนวยความสะดวก,เวลาปัจจุบันตามระบบ,TICKET_GROUP_028
แจ้งเรื่องประตูพัง ตรงตึก ICT ช่วยมาดูหน่อย,TICKET_0593,หมวดอาคารและสิ่งอำนวยความสะดวก,เวลาปัจจุบันตามระบบ,TICKET_GROUP_027
อาจารย์ครับ เกรดยังไม่ออกครับ รบกวนให้คำแนะนำที,TICKET_0594,หมวดการเรียนการสอนและวิชาการ,เวลาปัจจุบันตามระบบ,TICKET_GROUP_006
ลืมรหัสผ่านเข้าระบบ ตอนนี้อยู่หน้ามอ ทำงานไม่ได้เลย,TICKET_0595,หมวดเทคโนโลยีสารสนเทศ,เวลาปัจจุบันตามระบบ,TICKET_GROUP_025
รปภ. ช่วยดูตรงหลังมอ หน่อยครับ หมวกกันน็อคหาย,TICKET_0596,หมวดความปลอดภัยและจราจร,เวลาปัจจุบันตามระบบ,TICKET_GROUP_012
รปภ. ช่วยดูตรงทางแยก หน่อยครับ มีรถชนกัน,TICKET_0597,หมวดความปลอดภัยและจราจร,เวลาปัจจุบันตามระบบ,TICKET_GROUP_017
อาจารย์ครับ ตารางเรียนไม่ขึ้นระบบ รบกวนให้คำแนะนำที,TICKET_0598,หมวดการเรียนการสอนและวิชาการ,เวลาปัจจุบันตามระบบ,TICKET_GROUP_001
อาจารย์ครับ อยากติดต่ออาจารย์เรื่องดรอปเรียน รบกวนให้คำแนะนำที,TICKET_0599,หมวดการเรียนการสอนและวิชาการ,เวลาปัจจุบันตามระบบ,TICKET_GROUP_026
แจ้งเรื่องประตูพัง ตรงห้อง 1204 ช่วยมาดูหน่อย,TICKET_0600,หมวดอาคารและสิ่งอำนวยความสะดวก,เวลาปัจจุบันตามระบบ,TICKET_GROUP_010
แจ้งทำความสะอาดตรงทางเดิน หญ้ารกมาก ครับ,TICKET_0601,หมวดภูมิทัศน์และความสะอาด,เวลาปัจจุบันตามระบบ,TICKET_GROUP_024
ลงทะเบียนไม่ได้ ตอนนี้อยู่หน้ามอ ทำงานไม่ได้เลย,TICKET_0602,หมวดเทคโนโลยีสารสนเทศ,เวลาปัจจุบันตามระบบ,TICKET_GROUP_025
อาจารย์ครับ อยากติดต่ออาจารย์เรื่องดรอปเรียน รบกวนให้คำแนะนำที,TICKET_0603,หมวดการเรียนการสอนและวิชาการ,เวลาปัจจุบันตามระบบ,TICKET_GROUP_026
เน็ตหลุดบ่อยมาก ตอนนี้อยู่หน้ามอ ทำงานไม่ได้เลย,TICKET_0604,หมวดเทคโนโลยีสารสนเทศ,เวลาปัจจุบันตามระบบ,TICKET_GROUP_025
สอบถามหน่อยครับ ทำบัตรนิสิตใหม่ที่ไหน,TICKET_0605,หมวดบริการทั่วไป / อื่นๆ,เวลาปัจจุบันตามระบบ,TICKET_GROUP_016
รปภ. ช่วยดูตรงทางแยก หน่อยครับ รถติดหนักมาก,TICKET_0606,หมวดความปลอดภัยและจราจร,เวลาปัจจุบันตามระบบ,TICKET_GROUP_012
ระบบล่ม ตอนนี้อยู่หอพักใน ทำงานไม่ได้เลย,TICKET_0607,หมวดเทคโนโลยีสารสนเทศ,เวลาปัจจุบันตามระบบ,TICKET_GROUP_025
อาจารย์ครับ ลงทะเบียนวิชานี้ไม่ได้ รบกวนให้คำแนะนำที,TICKET_0608,หมวดการเรียนการสอนและวิชาการ,เวลาปัจจุบันตามระบบ,TICKET_GROUP_008
ลืมรหัสผ่านเข้าระบบ ตอนนี้อยู่ห้องสมุด ทำงานไม่ได้เลย,TICKET_0609,หมวดเทคโนโลยีสารสนเทศ,เวลาปัจจุบันตามระบบ,TICKET_GROUP_003
ลืมรหัสผ่านเข้าระบบ ตอนนี้อยู่ห้องสมุด ทำงานไม่ได้เลย,TICKET_0610,หมวดเทคโนโลยีสารสนเทศ,เวลาปัจจุบันตามระบบ,TICKET_GROUP_003
แจ้งเรื่องไฟดับครับ ตรงห้อง 1204 ช่วยมาดูหน่อย,TICKET_0611,หมวดอาคารและสิ่งอำนวยความสะดวก,เวลาปัจจุบันตามระบบ,TICKET_GROUP_011
สอบถามหน่อยครับ รถเมล์สาย 1 หมดกี่โมง,TICKET_0612,หมวดการเดินทางและระบบขนส่ง,เวลาปัจจุบันตามระบบ,TICKET_GROUP_015
อาจารย์ครับ ขอสอบชดเชยต้องทำไง รบกวนให้คำแนะนำที,TICKET_0613,หมวดการเรียนการสอนและวิชาการ,เวลาปัจจุบันตามระบบ,TICKET_GROUP_013
ลงทะเบียนไม่ได้ ตอนนี้อยู่หน้ามอ ทำงานไม่ได้เลย,TICKET_0614,หมวดเทคโนโลยีสารสนเทศ,เวลาปัจจุบันตามระบบ,TICKET_GROUP_025
ลืมรหัสผ่านเข้าระบบ ตอนนี้อยู่ตึกคณะ ทำงานไม่ได้เลย,TICKET_0615,หมวดเทคโนโลยีสารสนเทศ,เวลาปัจจุบันตามระบบ,TICKET_GROUP_003
แจ้งทำความสะอาดตรงริมสระน้ำ สกปรกมากไม่ทำความสะอาด ครับ,TICKET_0616,หมวดภูมิทัศน์และความสะอาด,เวลาปัจจุบันตามระบบ,TICKET_GROUP_024
สอบถามหน่อยครับ สอบถามเรื่องทุนการศึกษา,TICKET_0617,หมวดบริการทั่วไป / อื่นๆ,เวลาปัจจุบันตามระบบ,TICKET_GROUP_007
รปภ. ช่วยดูตรงหลังมอ หน่อยครับ มีรถชนกัน,TICKET_0618,หมวดความปลอดภัยและจราจร,เวลาปัจจุบันตามระบบ,TICKET_GROUP_017
แจ้งเรื่องแอร์ไม่เย็นเลย ตรงอาคารเรียนรวม ช่วยมาดูหน่อย,TICKET_0619,หมวดอาคารและสิ่งอำนวยความสะดวก,เวลาปัจจุบันตามระบบ,TICKET_GROUP_028
รปภ. ช่วยดูตรงหน้ามอ หน่อยครับ ทางมืดมากอันตราย,TICKET_0620,หมวดความปลอดภัยและจราจร,เวลาปัจจุบันตามระบบ,TICKET_GROUP_021
แจ้งทำความสะอาดตรงทางเดิน ขยะล้นถังส่งกลิ่นเหม็น ครับ,TICKET_0621,หมวดภูมิทัศน์และความสะอาด,เวลาปัจจุบันตามระบบ,TICKET_GROUP_022
สอบถามหน่อยครับ สอบถามเรื่องทุนการศึกษา,TICKET_0622,หมวดบริการทั่วไป / อื่นๆ,เวลาปัจจุบันตามระบบ,TICKET_GROUP_007
แจ้งเรื่องประตูพัง ตรงอาคารเรียนรวม ช่วยมาดูหน่อย,TICKET_0623,หมวดอาคารและสิ่งอำนวยความสะดวก,เวลาปัจจุบันตามระบบ,TICKET_GROUP_019
อาจารย์ครับ ขอสอบชดเชยต้องทำไง รบกวนให้คำแนะนำที,TICKET_0624,หมวดการเรียนการสอนและวิชาการ,เวลาปัจจุบันตามระบบ,TICKET_GROUP_013
สอบถามหน่อยครับ สอบถามเรื่องทุนการศึกษา,TICKET_0625,หมวดบริการทั่วไป / อื่นๆ,เวลาปัจจุบันตามระบบ,TICKET_GROUP_007
รปภ. ช่วยดูตรงทางแยก หน่อยครับ รถติดหนักมาก,TICKET_0626,หมวดความปลอดภัยและจราจร,เวลาปัจจุบันตามระบบ,TICKET_GROUP_012
รปภ. ช่วยดูตรงหน้ามอ หน่อยครับ คนจอดรถขวางทาง,TICKET_0627,หมวดความปลอดภัยและจราจร,เวลาปัจจุบันตามระบบ,TICKET_GROUP_005
สอบถามหน่อยครับ อยากทราบกำหนดการกิจกรรมรับน้อง,TICKET_0628,หมวดบริการทั่วไป / อื่นๆ,เวลาปัจจุบันตามระบบ,TICKET_GROUP_014
แจ้งเรื่องหลังคารั่วหนักมาก ตรงตึกวิทย์ ช่วยมาดูหน่อย,TICKET_0629,หมวดอาคารและสิ่งอำนวยความสะดวก,เวลาปัจจุบันตามระบบ,TICKET_GROUP_028
รปภ. ช่วยดูตรงหน้ามอ หน่อยครับ หมวกกันน็อคหาย,TICKET_0630,หมวดความปลอดภัยและจราจร,เวลาปัจจุบันตามระบบ,TICKET_GROUP_005
รปภ. ช่วยดูตรงหลังมอ หน่อยครับ มีรถชนกัน,TICKET_0631,หมวดความปลอดภัยและจราจร,เวลาปัจจุบันตามระบบ,TICKET_GROUP_017
แจ้งเรื่องประตูพัง ตรงห้องน้ำตึกสงวน ช่วยมาดูหน่อย,TICKET_0632,หมวดอาคารและสิ่งอำนวยความสะดวก,เวลาปัจจุบันตามระบบ,TICKET_GROUP_011
รปภ. ช่วยดูตรงหลังมอ หน่อยครับ ทางมืดมากอันตราย,TICKET_0633,หมวดความปลอดภัยและจราจร,เวลาปัจจุบันตามระบบ,TICKET_GROUP_021
เน็ตหลุดบ่อยมาก ตอนนี้อยู่หอพักใน ทำงานไม่ได้เลย,TICKET_0634,หมวดเทคโนโลยีสารสนเทศ,เวลาปัจจุบันตามระบบ,TICKET_GROUP_020
สอบถามหน่อยครับ อยากทราบกำหนดการกิจกรรมรับน้อง,TICKET_0635,หมวดบริการทั่วไป / อื่นๆ,เวลาปัจจุบันตามระบบ,TICKET_GROUP_014
สอบถามหน่อยครับ สอบถามเรื่องทุนการศึกษา,TICKET_0636,หมวดบริการทั่วไป / อื่นๆ,เวลาปัจจุบันตามระบบ,TICKET_GROUP_007
อาจารย์ครับ ลงทะเบียนวิชานี้ไม่ได้ รบกวนให้คำแนะนำที,TICKET_0637,หมวดการเรียนการสอนและวิชาการ,เวลาปัจจุบันตามระบบ,TICKET_GROUP_008
รปภ. ช่วยดูตรงหลังมอ หน่อยครับ รถติดหนักมาก,TICKET_0638,หมวดความปลอดภัยและจราจร,เวลาปัจจุบันตามระบบ,TICKET_GROUP_012
อาจารย์ครับ ขอสอบชดเชยต้องทำไง รบกวนให้คำแนะนำที,TICKET_0639,หมวดการเรียนการสอนและวิชาการ,เวลาปัจจุบันตามระบบ,TICKET_GROUP_013
ลงทะเบียนไม่ได้ ตอนนี้อยู่หน้ามอ ทำงานไม่ได้เลย,TICKET_0640,หมวดเทคโนโลยีสารสนเทศ,เวลาปัจจุบันตามระบบ,TICKET_GROUP_025
ลงทะเบียนไม่ได้ ตอนนี้อยู่หอพักใน ทำงานไม่ได้เลย,TICKET_0641,หมวดเทคโนโลยีสารสนเทศ,เวลาปัจจุบันตามระบบ,TICKET_GROUP_025
แจ้งทำความสะอาดตรงทางเดิน หญ้ารกมาก ครับ,TICKET_0642,หมวดภูมิทัศน์และความสะอาด,เวลาปัจจุบันตามระบบ,TICKET_GROUP_024
แจ้งเรื่องประตูพัง ตรงอาคารเรียนรวม ช่วยมาดูหน่อย,TICKET_0643,หมวดอาคารและสิ่งอำนวยความสะดวก,เวลาปัจจุบันตามระบบ,TICKET_GROUP_019
แจ้งทำความสะอาดตรงสวนหน้าตึก ขยะล้นถังส่งกลิ่นเหม็น ครับ,TICKET_0644,หมวดภูมิทัศน์และความสะอาด,เวลาปัจจุบันตามระบบ,TICKET_GROUP_022
สอบถามหน่อยครับ สอบถามเรื่องทุนการศึกษา,TICKET_0645,หมวดบริการทั่วไป / อื่นๆ,เวลาปัจจุบันตามระบบ,TICKET_GROUP_007
สอบถามหน่อยครับ ทำบัตรนิสิตใหม่ที่ไหน,TICKET_0646,หมวดบริการทั่วไป / อื่นๆ,เวลาปัจจุบันตามระบบ,TICKET_GROUP_016
แจ้งเรื่องน้ำไม่ไหล ตรงห้องน้ำตึกสงวน ช่วยมาดูหน่อย,TICKET_0647,หมวดอาคารและสิ่งอำนวยความสะดวก,เวลาปัจจุบันตามระบบ,TICKET_GROUP_027
สอบถามหน่อยครับ อยากทราบกำหนดการกิจกรรมรับน้อง,TICKET_0648,หมวดบริการทั่วไป / อื่นๆ,เวลาปัจจุบันตามระบบ,TICKET_GROUP_014
แจ้งทำความสะอาดตรงโรงอาหาร ขยะล้นถังส่งกลิ่นเหม็น ครับ,TICKET_0649,หมวดภูมิทัศน์และความสะอาด,เวลาปัจจุบันตามระบบ,TICKET_GROUP_022
ไวไฟเข้าไม่ได้ ตอนนี้อยู่ตึกคณะ ทำงานไม่ได้เลย,TICKET_0650,หมวดเทคโนโลยีสารสนเทศ,เวลาปัจจุบันตามระบบ,TICKET_GROUP_025
ไวไฟเข้าไม่ได้ ตอนนี้อยู่ห้องสมุด ทำงานไม่ได้เลย,TICKET_0651,หมวดเทคโนโลยีสารสนเทศ,เวลาปัจจุบันตามระบบ,TICKET_GROUP_025
แจ้งเรื่องไฟดับครับ ตรงตึก ICT ช่วยมาดูหน่อย,TICKET_0652,หมวดอาคารและสิ่งอำนวยความสะดวก,เวลาปัจจุบันตามระบบ,TICKET_GROUP_027
ระบบล่ม ตอนนี้อยู่ตึกคณะ ทำงานไม่ได้เลย,TICKET_0653,หมวดเทคโนโลยีสารสนเทศ,เวลาปัจจุบันตามระบบ,TICKET_GROUP_025
ลืมรหัสผ่านเข้าระบบ ตอนนี้อยู่ห้องสมุด ทำงานไม่ได้เลย,TICKET_0654,หมวดเทคโนโลยีสารสนเทศ,เวลาปัจจุบันตามระบบ,TICKET_GROUP_003
อาจารย์ครับ ลงทะเบียนวิชานี้ไม่ได้ รบกวนให้คำแนะนำที,TICKET_0655,หมวดการเรียนการสอนและวิชาการ,เวลาปัจจุบันตามระบบ,TICKET_GROUP_008
แจ้งทำความสะอาดตรงโรงอาหาร ขยะล้นถังส่งกลิ่นเหม็น ครับ,TICKET_0656,หมวดภูมิทัศน์และความสะอาด,เวลาปัจจุบันตามระบบ,TICKET_GROUP_022
รปภ. ช่วยดูตรงลานจอดรถ หน่อยครับ ทางมืดมากอันตราย,TICKET_0657,หมวดความปลอดภัยและจราจร,เวลาปัจจุบันตามระบบ,TICKET_GROUP_021
รปภ. ช่วยดูตรงประตู 2 หน่อยครับ ทางมืดมากอันตราย,TICKET_0658,หมวดความปลอดภัยและจราจร,เวลาปัจจุบันตามระบบ,TICKET_GROUP_021
สอบถามหน่อยครับ ทำบัตรนิสิตใหม่ที่ไหน,TICKET_0659,หมวดบริการทั่วไป / อื่นๆ,เวลาปัจจุบันตามระบบ,TICKET_GROUP_016
รปภ. ช่วยดูตรงทางแยก หน่อยครับ ทางมืดมากอันตราย,TICKET_0660,หมวดความปลอดภัยและจราจร,เวลาปัจจุบันตามระบบ,TICKET_GROUP_021
สอบถามหน่อยครับ อยากทราบกำหนดการกิจกรรมรับน้อง,TICKET_0661,หมวดบริการทั่วไป / อื่นๆ,เวลาปัจจุบันตามระบบ,TICKET_GROUP_014
อาจารย์ครับ อยากติดต่ออาจารย์เรื่องดรอปเรียน รบกวนให้คำแนะนำที,TICKET_0662,หมวดการเรียนการสอนและวิชาการ,เวลาปัจจุบันตามระบบ,TICKET_GROUP_026
รปภ. ช่วยดูตรงหน้ามอ หน่อยครับ ทางมืดมากอันตราย,TICKET_0663,หมวดความปลอดภัยและจราจร,เวลาปัจจุบันตามระบบ,TICKET_GROUP_021
แจ้งเรื่องลิฟต์ค้าง ตรงตึกวิทย์ ช่วยมาดูหน่อย,TICKET_0664,หมวดอาคารและสิ่งอำนวยความสะดวก,เวลาปัจจุบันตามระบบ,TICKET_GROUP_028
ไวไฟเข้าไม่ได้ ตอนนี้อยู่หอพักใน ทำงานไม่ได้เลย,TICKET_0665,หมวดเทคโนโลยีสารสนเทศ,เวลาปัจจุบันตามระบบ,TICKET_GROUP_025
สอบถามหน่อยครับ สอบถามเรื่องทุนการศึกษา,TICKET_0666,หมวดบริการทั่วไป / อื่นๆ,เวลาปัจจุบันตามระบบ,TICKET_GROUP_007
รปภ. ช่วยดูตรงลานจอดรถ หน่อยครับ คนจอดรถขวางทาง,TICKET_0667,หมวดความปลอดภัยและจราจร,เวลาปัจจุบันตามระบบ,TICKET_GROUP_021
สอบถามหน่อยครับ รถเมล์สาย 1 หมดกี่โมง,TICKET_0668,หมวดการเดินทางและระบบขนส่ง,เวลาปัจจุบันตามระบบ,TICKET_GROUP_015
สอบถามหน่อยครับ ทำบัตรนิสิตใหม่ที่ไหน,TICKET_0669,หมวดบริการทั่วไป / อื่นๆ,เวลาปัจจุบันตามระบบ,TICKET_GROUP_016
สอบถามหน่อยครับ รถเมล์สาย 1 หมดกี่โมง,TICKET_0670,หมวดการเดินทางและระบบขนส่ง,เวลาปัจจุบันตามระบบ,TICKET_GROUP_015
ลงทะเบียนไม่ได้ ตอนนี้อยู่หอพักใน ทำงานไม่ได้เลย,TICKET_0671,หมวดเทคโนโลยีสารสนเทศ,เวลาปัจจุบันตามระบบ,TICKET_GROUP_025
เน็ตหลุดบ่อยมาก ตอนนี้อยู่ตึกคณะ ทำงานไม่ได้เลย,TICKET_0672,หมวดเทคโนโลยีสารสนเทศ,เวลาปัจจุบันตามระบบ,TICKET_GROUP_020
เน็ตหลุดบ่อยมาก ตอนนี้อยู่ตึกคณะ ทำงานไม่ได้เลย,TICKET_0673,หมวดเทคโนโลยีสารสนเทศ,เวลาปัจจุบันตามระบบ,TICKET_GROUP_020
รปภ. ช่วยดูตรงลานจอดรถ หน่อยครับ รถติดหนักมาก,TICKET_0674,หมวดความปลอดภัยและจราจร,เวลาปัจจุบันตามระบบ,TICKET_GROUP_021
อาจารย์ครับ ขอสอบชดเชยต้องทำไง รบกวนให้คำแนะนำที,TICKET_0675,หมวดการเรียนการสอนและวิชาการ,เวลาปัจจุบันตามระบบ,TICKET_GROUP_013
เน็ตหลุดบ่อยมาก ตอนนี้อยู่หน้ามอ ทำงานไม่ได้เลย,TICKET_0676,หมวดเทคโนโลยีสารสนเทศ,เวลาปัจจุบันตามระบบ,TICKET_GROUP_025
อาจารย์ครับ ขอสอบชดเชยต้องทำไง รบกวนให้คำแนะนำที,TICKET_0677,หมวดการเรียนการสอนและวิชาการ,เวลาปัจจุบันตามระบบ,TICKET_GROUP_013
อาจารย์ครับ ขอสอบชดเชยต้องทำไง รบกวนให้คำแนะนำที,TICKET_0678,หมวดการเรียนการสอนและวิชาการ,เวลาปัจจุบันตามระบบ,TICKET_GROUP_013
รปภ. ช่วยดูตรงทางแยก หน่อยครับ คนจอดรถขวางทาง,TICKET_0679,หมวดความปลอดภัยและจราจร,เวลาปัจจุบันตามระบบ,TICKET_GROUP_005
รปภ. ช่วยดูตรงหน้ามอ หน่อยครับ มีรถชนกัน,TICKET_0680,หมวดความปลอดภัยและจราจร,เวลาปัจจุบันตามระบบ,TICKET_GROUP_017
อาจารย์ครับ ขอสอบชดเชยต้องทำไง รบกวนให้คำแนะนำที,TICKET_0681,หมวดการเรียนการสอนและวิชาการ,เวลาปัจจุบันตามระบบ,TICKET_GROUP_013
ระบบล่ม ตอนนี้อยู่ตึกคณะ ทำงานไม่ได้เลย,TICKET_0682,หมวดเทคโนโลยีสารสนเทศ,เวลาปัจจุบันตามระบบ,TICKET_GROUP_025
เน็ตหลุดบ่อยมาก ตอนนี้อยู่ห้องสมุด ทำงานไม่ได้เลย,TICKET_0683,หมวดเทคโนโลยีสารสนเทศ,เวลาปัจจุบันตามระบบ,TICKET_GROUP_020
แจ้งทำความสะอาดตรงสวนหน้าตึก มีหมาจรจัดมาคุ้ยขยะ ครับ,TICKET_0684,หมวดภูมิทัศน์และความสะอาด,เวลาปัจจุบันตามระบบ,TICKET_GROUP_018
แจ้งทำความสะอาดตรงโรงอาหาร กิ่งไม้หักขวางทาง ครับ,TICKET_0685,หมวดภูมิทัศน์และความสะอาด,เวลาปัจจุบันตามระบบ,TICKET_GROUP_002
แจ้งทำความสะอาดตรงโรงอาหาร สกปรกมากไม่ทำความสะอาด ครับ,TICKET_0686,หมวดภูมิทัศน์และความสะอาด,เวลาปัจจุบันตามระบบ,TICKET_GROUP_023
สอบถามหน่อยครับ ทำบัตรนิสิตใหม่ที่ไหน,TICKET_0687,หมวดบริการทั่วไป / อื่นๆ,เวลาปัจจุบันตามระบบ,TICKET_GROUP_016
อาจารย์ครับ เกรดยังไม่ออกครับ รบกวนให้คำแนะนำที,TICKET_0688,หมวดการเรียนการสอนและวิชาการ,เวลาปัจจุบันตามระบบ,TICKET_GROUP_006
สอบถามหน่อยครับ รถเมล์สาย 1 หมดกี่โมง,TICKET_0689,หมวดการเดินทางและระบบขนส่ง,เวลาปัจจุบันตามระบบ,TICKET_GROUP_015
แจ้งทำความสะอาดตรงโรงอาหาร มีหมาจรจัดมาคุ้ยขยะ ครับ,TICKET_0690,หมวดภูมิทัศน์และความสะอาด,เวลาปัจจุบันตามระบบ,TICKET_GROUP_018
อาจารย์ครับ ขอสอบชดเชยต้องทำไง รบกวนให้คำแนะนำที,TICKET_0691,หมวดการเรียนการสอนและวิชาการ,เวลาปัจจุบันตามระบบ,TICKET_GROUP_013
ระบบล่ม ตอนนี้อยู่ตึกคณะ ทำงานไม่ได้เลย,TICKET_0692,หมวดเทคโนโลยีสารสนเทศ,เวลาปัจจุบันตามระบบ,TICKET_GROUP_025
แจ้งทำความสะอาดตรงสนามบาส สกปรกมากไม่ทำความสะอาด ครับ,TICKET_0693,หมวดภูมิทัศน์และความสะอาด,เวลาปัจจุบันตามระบบ,TICKET_GROUP_023
สอบถามหน่อยครับ อยากทราบกำหนดการกิจกรรมรับน้อง,TICKET_0694,หมวดบริการทั่วไป / อื่นๆ,เวลาปัจจุบันตามระบบ,TICKET_GROUP_014
เน็ตหลุดบ่อยมาก ตอนนี้อยู่หอพักใน ทำงานไม่ได้เลย,TICKET_0695,หมวดเทคโนโลยีสารสนเทศ,เวลาปัจจุบันตามระบบ,TICKET_GROUP_020
รปภ. ช่วยดูตรงทางแยก หน่อยครับ คนจอดรถขวางทาง,TICKET_0696,หมวดความปลอดภัยและจราจร,เวลาปัจจุบันตามระบบ,TICKET_GROUP_005
สอบถามหน่อยครับ รถเมล์สาย 1 หมดกี่โมง,TICKET_0697,หมวดการเดินทางและระบบขนส่ง,เวลาปัจจุบันตามระบบ,TICKET_GROUP_015
สอบถามหน่อยครับ รถเมล์สาย 1 หมดกี่โมง,TICKET_0698,หมวดการเดินทางและระบบขนส่ง,เวลาปัจจุบันตามระบบ,TICKET_GROUP_015
สอบถามหน่อยครับ ทำบัตรนิสิตใหม่ที่ไหน,TICKET_0699,หมวดบริการทั่วไป / อื่นๆ,เวลาปัจจุบันตามระบบ,TICKET_GROUP_016
แจ้งเรื่องลิฟต์ค้าง ตรงห้อง 1204 ช่วยมาดูหน่อย,TICKET_0700,หมวดอาคารและสิ่งอำนวยความสะดวก,เวลาปัจจุบันตามระบบ,TICKET_GROUP_009
อาจารย์ครับ ลงทะเบียนวิชานี้ไม่ได้ รบกวนให้คำแนะนำที,TICKET_0701,หมวดการเรียนการสอนและวิชาการ,เวลาปัจจุบันตามระบบ,TICKET_GROUP_008
ไวไฟเข้าไม่ได้ ตอนนี้อยู่หอพักใน ทำงานไม่ได้เลย,TICKET_0702,หมวดเทคโนโลยีสารสนเทศ,เวลาปัจจุบันตามระบบ,TICKET_GROUP_025
สอบถามหน่อยครับ อยากทราบกำหนดการกิจกรรมรับน้อง,TICKET_0703,หมวดบริการทั่วไป / อื่นๆ,เวลาปัจจุบันตามระบบ,TICKET_GROUP_014
อาจารย์ครับ ตารางเรียนไม่ขึ้นระบบ รบกวนให้คำแนะนำที,TICKET_0704,หมวดการเรียนการสอนและวิชาการ,เวลาปัจจุบันตามระบบ,TICKET_GROUP_001
แจ้งเรื่องน้ำไม่ไหล ตรงห้องน้ำตึกสงวน ช่วยมาดูหน่อย,TICKET_0705,หมวดอาคารและสิ่งอำนวยความสะดวก,เวลาปัจจุบันตามระบบ,TICKET_GROUP_027
รปภ. ช่วยดูตรงทางแยก หน่อยครับ รถติดหนักมาก,TICKET_0706,หมวดความปลอดภัยและจราจร,เวลาปัจจุบันตามระบบ,TICKET_GROUP_012
แจ้งทำความสะอาดตรงริมสระน้ำ กิ่งไม้หักขวางทาง ครับ,TICKET_0707,หมวดภูมิทัศน์และความสะอาด,เวลาปัจจุบันตามระบบ,TICKET_GROUP_024
แจ้งทำความสะอาดตรงริมสระน้ำ กิ่งไม้หักขวางทาง ครับ,TICKET_0708,หมวดภูมิทัศน์และความสะอาด,เวลาปัจจุบันตามระบบ,TICKET_GROUP_024
ไวไฟเข้าไม่ได้ ตอนนี้อยู่หน้ามอ ทำงานไม่ได้เลย,TICKET_0709,หมวดเทคโนโลยีสารสนเทศ,เวลาปัจจุบันตามระบบ,TICKET_GROUP_025
สอบถามหน่อยครับ ทำบัตรนิสิตใหม่ที่ไหน,TICKET_0710,หมวดบริการทั่วไป / อื่นๆ,เวลาปัจจุบันตามระบบ,TICKET_GROUP_016
แจ้งเรื่องลิฟต์ค้าง ตรงห้องบรรยาย ช่วยมาดูหน่อย,TICKET_0711,หมวดอาคารและสิ่งอำนวยความสะดวก,เวลาปัจจุบันตามระบบ,TICKET_GROUP_010
เน็ตหลุดบ่อยมาก ตอนนี้อยู่ตึกคณะ ทำงานไม่ได้เลย,TICKET_0712,หมวดเทคโนโลยีสารสนเทศ,เวลาปัจจุบันตามระบบ,TICKET_GROUP_020
สอบถามหน่อยครับ อยากทราบกำหนดการกิจกรรมรับน้อง,TICKET_0713,หมวดบริการทั่วไป / อื่นๆ,เวลาปัจจุบันตามระบบ,TICKET_GROUP_014
อาจารย์ครับ เกรดยังไม่ออกครับ รบกวนให้คำแนะนำที,TICKET_0714,หมวดการเรียนการสอนและวิชาการ,เวลาปัจจุบันตามระบบ,TICKET_GROUP_006
อาจารย์ครับ ขอสอบชดเชยต้องทำไง รบกวนให้คำแนะนำที,TICKET_0715,หมวดการเรียนการสอนและวิชาการ,เวลาปัจจุบันตามระบบ,TICKET_GROUP_013
ลืมรหัสผ่านเข้าระบบ ตอนนี้อยู่หอพักใน ทำงานไม่ได้เลย,TICKET_0716,หมวดเทคโนโลยีสารสนเทศ,เวลาปัจจุบันตามระบบ,TICKET_GROUP_020
แจ้งเรื่องประตูพัง ตรงห้อง 1204 ช่วยมาดูหน่อย,TICKET_0717,หมวดอาคารและสิ่งอำนวยความสะดวก,เวลาปัจจุบันตามระบบ,TICKET_GROUP_010
รปภ. ช่วยดูตรงหลังมอ หน่อยครับ หมวกกันน็อคหาย,TICKET_0718,หมวดความปลอดภัยและจราจร,เวลาปัจจุบันตามระบบ,TICKET_GROUP_012
รปภ. ช่วยดูตรงหลังมอ หน่อยครับ คนจอดรถขวางทาง,TICKET_0719,หมวดความปลอดภัยและจราจร,เวลาปัจจุบันตามระบบ,TICKET_GROUP_012
รปภ. ช่วยดูตรงหลังมอ หน่อยครับ มีรถชนกัน,TICKET_0720,หมวดความปลอดภัยและจราจร,เวลาปัจจุบันตามระบบ,TICKET_GROUP_017
สอบถามหน่อยครับ ทำบัตรนิสิตใหม่ที่ไหน,TICKET_0721,หมวดบริการทั่วไป / อื่นๆ,เวลาปัจจุบันตามระบบ,TICKET_GROUP_016
แจ้งเรื่องหลังคารั่วหนักมาก ตรงห้องน้ำตึกสงวน ช่วยมาดูหน่อย,TICKET_0722,หมวดอาคารและสิ่งอำนวยความสะดวก,เวลาปัจจุบันตามระบบ,TICKET_GROUP_019
รปภ. ช่วยดูตรงหลังมอ หน่อยครับ รถติดหนักมาก,TICKET_0723,หมวดความปลอดภัยและจราจร,เวลาปัจจุบันตามระบบ,TICKET_GROUP_012
แจ้งทำความสะอาดตรงริมสระน้ำ ขยะล้นถังส่งกลิ่นเหม็น ครับ,TICKET_0724,หมวดภูมิทัศน์และความสะอาด,เวลาปัจจุบันตามระบบ,TICKET_GROUP_024
อาจารย์ครับ เกรดยังไม่ออกครับ รบกวนให้คำแนะนำที,TICKET_0725,หมวดการเรียนการสอนและวิชาการ,เวลาปัจจุบันตามระบบ,TICKET_GROUP_006
สอบถามหน่อยครับ รถเมล์สาย 1 หมดกี่โมง,TICKET_0726,หมวดการเดินทางและระบบขนส่ง,เวลาปัจจุบันตามระบบ,TICKET_GROUP_015
แจ้งทำความสะอาดตรงสวนหน้าตึก สกปรกมากไม่ทำความสะอาด ครับ,TICKET_0727,หมวดภูมิทัศน์และความสะอาด,เวลาปัจจุบันตามระบบ,TICKET_GROUP_023
ไวไฟเข้าไม่ได้ ตอนนี้อยู่ตึกคณะ ทำงานไม่ได้เลย,TICKET_0728,หมวดเทคโนโลยีสารสนเทศ,เวลาปัจจุบันตามระบบ,TICKET_GROUP_025
แจ้งทำความสะอาดตรงโรงอาหาร กิ่งไม้หักขวางทาง ครับ,TICKET_0729,หมวดภูมิทัศน์และความสะอาด,เวลาปัจจุบันตามระบบ,TICKET_GROUP_002
แจ้งทำความสะอาดตรงสนามบาส สกปรกมากไม่ทำความสะอาด ครับ,TICKET_0730,หมวดภูมิทัศน์และความสะอาด,เวลาปัจจุบันตามระบบ,TICKET_GROUP_023
รปภ. ช่วยดูตรงหน้ามอ หน่อยครับ คนจอดรถขวางทาง,TICKET_0731,หมวดความปลอดภัยและจราจร,เวลาปัจจุบันตามระบบ,TICKET_GROUP_005
แจ้งเรื่องประตูพัง ตรงตึก ICT ช่วยมาดูหน่อย,TICKET_0732,หมวดอาคารและสิ่งอำนวยความสะดวก,เวลาปัจจุบันตามระบบ,TICKET_GROUP_027
สอบถามหน่อยครับ ทำบัตรนิสิตใหม่ที่ไหน,TICKET_0733,หมวดบริการทั่วไป / อื่นๆ,เวลาปัจจุบันตามระบบ,TICKET_GROUP_016
รปภ. ช่วยดูตรงหน้ามอ หน่อยครับ มีรถชนกัน,TICKET_0734,หมวดความปลอดภัยและจราจร,เวลาปัจจุบันตามระบบ,TICKET_GROUP_017
สอบถามหน่อยครับ ทำบัตรนิสิตใหม่ที่ไหน,TICKET_0735,หมวดบริการทั่วไป / อื่นๆ,เวลาปัจจุบันตามระบบ,TICKET_GROUP_016
แจ้งเรื่องลิฟต์ค้าง ตรงห้อง 1204 ช่วยมาดูหน่อย,TICKET_0736,หมวดอาคารและสิ่งอำนวยความสะดวก,เวลาปัจจุบันตามระบบ,TICKET_GROUP_009
อาจารย์ครับ ลงทะเบียนวิชานี้ไม่ได้ รบกวนให้คำแนะนำที,TICKET_0737,หมวดการเรียนการสอนและวิชาการ,เวลาปัจจุบันตามระบบ,TICKET_GROUP_008
แจ้งทำความสะอาดตรงริมสระน้ำ ขยะล้นถังส่งกลิ่นเหม็น ครับ,TICKET_0738,หมวดภูมิทัศน์และความสะอาด,เวลาปัจจุบันตามระบบ,TICKET_GROUP_024
ลงทะเบียนไม่ได้ ตอนนี้อยู่หอพักใน ทำงานไม่ได้เลย,TICKET_0739,หมวดเทคโนโลยีสารสนเทศ,เวลาปัจจุบันตามระบบ,TICKET_GROUP_025
อาจารย์ครับ เกรดยังไม่ออกครับ รบกวนให้คำแนะนำที,TICKET_0740,หมวดการเรียนการสอนและวิชาการ,เวลาปัจจุบันตามระบบ,TICKET_GROUP_006
รปภ. ช่วยดูตรงประตู 2 หน่อยครับ รถติดหนักมาก,TICKET_0741,หมวดความปลอดภัยและจราจร,เวลาปัจจุบันตามระบบ,TICKET_GROUP_017
แจ้งเรื่องแอร์ไม่เย็นเลย ตรงตึก ICT ช่วยมาดูหน่อย,TICKET_0742,หมวดอาคารและสิ่งอำนวยความสะดวก,เวลาปัจจุบันตามระบบ,TICKET_GROUP_028
รปภ. ช่วยดูตรงหลังมอ หน่อยครับ รถติดหนักมาก,TICKET_0743,หมวดความปลอดภัยและจราจร,เวลาปัจจุบันตามระบบ,TICKET_GROUP_012
แจ้งเรื่องลิฟต์ค้าง ตรงห้อง 1204 ช่วยมาดูหน่อย,TICKET_0744,หมวดอาคารและสิ่งอำนวยความสะดวก,เวลาปัจจุบันตามระบบ,TICKET_GROUP_009
ลงทะเบียนไม่ได้ ตอนนี้อยู่ห้องสมุด ทำงานไม่ได้เลย,TICKET_0745,หมวดเทคโนโลยีสารสนเทศ,เวลาปัจจุบันตามระบบ,TICKET_GROUP_025
สอบถามหน่อยครับ สอบถามเรื่องทุนการศึกษา,TICKET_0746,หมวดบริการทั่วไป / อื่นๆ,เวลาปัจจุบันตามระบบ,TICKET_GROUP_007
เน็ตหลุดบ่อยมาก ตอนนี้อยู่ตึกคณะ ทำงานไม่ได้เลย,TICKET_0747,หมวดเทคโนโลยีสารสนเทศ,เวลาปัจจุบันตามระบบ,TICKET_GROUP_020
อาจารย์ครับ ขอสอบชดเชยต้องทำไง รบกวนให้คำแนะนำที,TICKET_0748,หมวดการเรียนการสอนและวิชาการ,เวลาปัจจุบันตามระบบ,TICKET_GROUP_013
ลงทะเบียนไม่ได้ ตอนนี้อยู่ตึกคณะ ทำงานไม่ได้เลย,TICKET_0749,หมวดเทคโนโลยีสารสนเทศ,เวลาปัจจุบันตามระบบ,TICKET_GROUP_025
รปภ. ช่วยดูตรงหลังมอ หน่อยครับ คนจอดรถขวางทาง,TICKET_0750,หมวดความปลอดภัยและจราจร,เวลาปัจจุบันตามระบบ,TICKET_GROUP_012
รปภ. ช่วยดูตรงหลังมอ หน่อยครับ หมวกกันน็อคหาย,TICKET_0751,หมวดความปลอดภัยและจราจร,เวลาปัจจุบันตามระบบ,TICKET_GROUP_012
อาจารย์ครับ อยากติดต่ออาจารย์เรื่องดรอปเรียน รบกวนให้คำแนะนำที,TICKET_0752,หมวดการเรียนการสอนและวิชาการ,เวลาปัจจุบันตามระบบ,TICKET_GROUP_026
สอบถามหน่อยครับ สอบถามเรื่องทุนการศึกษา,TICKET_0753,หมวดบริการทั่วไป / อื่นๆ,เวลาปัจจุบันตามระบบ,TICKET_GROUP_007
สอบถามหน่อยครับ รถเมล์สาย 1 หมดกี่โมง,TICKET_0754,หมวดการเดินทางและระบบขนส่ง,เวลาปัจจุบันตามระบบ,TICKET_GROUP_015
รปภ. ช่วยดูตรงประตู 2 หน่อยครับ ทางมืดมากอันตราย,TICKET_0755,หมวดความปลอดภัยและจราจร,เวลาปัจจุบันตามระบบ,TICKET_GROUP_021
แจ้งทำความสะอาดตรงสวนหน้าตึก กิ่งไม้หักขวางทาง ครับ,TICKET_0756,หมวดภูมิทัศน์และความสะอาด,เวลาปัจจุบันตามระบบ,TICKET_GROUP_022
แจ้งเรื่องน้ำไม่ไหล ตรงอาคารเรียนรวม ช่วยมาดูหน่อย,TICKET_0757,หมวดอาคารและสิ่งอำนวยความสะดวก,เวลาปัจจุบันตามระบบ,TICKET_GROUP_027
สอบถามหน่อยครับ ทำบัตรนิสิตใหม่ที่ไหน,TICKET_0758,หมวดบริการทั่วไป / อื่นๆ,เวลาปัจจุบันตามระบบ,TICKET_GROUP_016
แจ้งทำความสะอาดตรงทางเดิน มีหมาจรจัดมาคุ้ยขยะ ครับ,TICKET_0759,หมวดภูมิทัศน์และความสะอาด,เวลาปัจจุบันตามระบบ,TICKET_GROUP_018
สอบถามหน่อยครับ สอบถามเรื่องทุนการศึกษา,TICKET_0760,หมวดบริการทั่วไป / อื่นๆ,เวลาปัจจุบันตามระบบ,TICKET_GROUP_007
อาจารย์ครับ ตารางเรียนไม่ขึ้นระบบ รบกวนให้คำแนะนำที,TICKET_0761,หมวดการเรียนการสอนและวิชาการ,เวลาปัจจุบันตามระบบ,TICKET_GROUP_001
รปภ. ช่วยดูตรงประตู 2 หน่อยครับ รถติดหนักมาก,TICKET_0762,หมวดความปลอดภัยและจราจร,เวลาปัจจุบันตามระบบ,TICKET_GROUP_017
แจ้งเรื่องน้ำไม่ไหล ตรงอาคารเรียนรวม ช่วยมาดูหน่อย,TICKET_0763,หมวดอาคารและสิ่งอำนวยความสะดวก,เวลาปัจจุบันตามระบบ,TICKET_GROUP_027
สอบถามหน่อยครับ ทำบัตรนิสิตใหม่ที่ไหน,TICKET_0764,หมวดบริการทั่วไป / อื่นๆ,เวลาปัจจุบันตามระบบ,TICKET_GROUP_016
อาจารย์ครับ อยากติดต่ออาจารย์เรื่องดรอปเรียน รบกวนให้คำแนะนำที,TICKET_0765,หมวดการเรียนการสอนและวิชาการ,เวลาปัจจุบันตามระบบ,TICKET_GROUP_026
แจ้งทำความสะอาดตรงริมสระน้ำ ขยะล้นถังส่งกลิ่นเหม็น ครับ,TICKET_0766,หมวดภูมิทัศน์และความสะอาด,เวลาปัจจุบันตามระบบ,TICKET_GROUP_024
แจ้งเรื่องน้ำไม่ไหล ตรงห้อง 1204 ช่วยมาดูหน่อย,TICKET_0767,หมวดอาคารและสิ่งอำนวยความสะดวก,เวลาปัจจุบันตามระบบ,TICKET_GROUP_027
เน็ตหลุดบ่อยมาก ตอนนี้อยู่ตึกคณะ ทำงานไม่ได้เลย,TICKET_0768,หมวดเทคโนโลยีสารสนเทศ,เวลาปัจจุบันตามระบบ,TICKET_GROUP_020
สอบถามหน่อยครับ รถเมล์สาย 1 หมดกี่โมง,TICKET_0769,หมวดการเดินทางและระบบขนส่ง,เวลาปัจจุบันตามระบบ,TICKET_GROUP_015
ลงทะเบียนไม่ได้ ตอนนี้อยู่หน้ามอ ทำงานไม่ได้เลย,TICKET_0770,หมวดเทคโนโลยีสารสนเทศ,เวลาปัจจุบันตามระบบ,TICKET_GROUP_025
อาจารย์ครับ อยากติดต่ออาจารย์เรื่องดรอปเรียน รบกวนให้คำแนะนำที,TICKET_0771,หมวดการเรียนการสอนและวิชาการ,เวลาปัจจุบันตามระบบ,TICKET_GROUP_026
รปภ. ช่วยดูตรงหลังมอ หน่อยครับ คนจอดรถขวางทาง,TICKET_0772,หมวดความปลอดภัยและจราจร,เวลาปัจจุบันตามระบบ,TICKET_GROUP_012
เน็ตหลุดบ่อยมาก ตอนนี้อยู่หน้ามอ ทำงานไม่ได้เลย,TICKET_0773,หมวดเทคโนโลยีสารสนเทศ,เวลาปัจจุบันตามระบบ,TICKET_GROUP_025
ลงทะเบียนไม่ได้ ตอนนี้อยู่ห้องสมุด ทำงานไม่ได้เลย,TICKET_0774,หมวดเทคโนโลยีสารสนเทศ,เวลาปัจจุบันตามระบบ,TICKET_GROUP_025
เน็ตหลุดบ่อยมาก ตอนนี้อยู่หน้ามอ ทำงานไม่ได้เลย,TICKET_0775,หมวดเทคโนโลยีสารสนเทศ,เวลาปัจจุบันตามระบบ,TICKET_GROUP_025
แจ้งทำความสะอาดตรงสวนหน้าตึก กิ่งไม้หักขวางทาง ครับ,TICKET_0776,หมวดภูมิทัศน์และความสะอาด,เวลาปัจจุบันตามระบบ,TICKET_GROUP_022
แจ้งทำความสะอาดตรงโรงอาหาร มีหมาจรจัดมาคุ้ยขยะ ครับ,TICKET_0777,หมวดภูมิทัศน์และความสะอาด,เวลาปัจจุบันตามระบบ,TICKET_GROUP_018
เน็ตหลุดบ่อยมาก ตอนนี้อยู่ตึกคณะ ทำงานไม่ได้เลย,TICKET_0778,หมวดเทคโนโลยีสารสนเทศ,เวลาปัจจุบันตามระบบ,TICKET_GROUP_020
อาจารย์ครับ ลงทะเบียนวิชานี้ไม่ได้ รบกวนให้คำแนะนำที,TICKET_0779,หมวดการเรียนการสอนและวิชาการ,เวลาปัจจุบันตามระบบ,TICKET_GROUP_008
สอบถามหน่อยครับ สอบถามเรื่องทุนการศึกษา,TICKET_0780,หมวดบริการทั่วไป / อื่นๆ,เวลาปัจจุบันตามระบบ,TICKET_GROUP_007
อาจารย์ครับ ตารางเรียนไม่ขึ้นระบบ รบกวนให้คำแนะนำที,TICKET_0781,หมวดการเรียนการสอนและวิชาการ,เวลาปัจจุบันตามระบบ,TICKET_GROUP_001
แจ้งเรื่องไฟดับครับ ตรงตึกวิทย์ ช่วยมาดูหน่อย,TICKET_0782,หมวดอาคารและสิ่งอำนวยความสะดวก,เวลาปัจจุบันตามระบบ,TICKET_GROUP_028
รปภ. ช่วยดูตรงหน้ามอ หน่อยครับ คนจอดรถขวางทาง,TICKET_0783,หมวดความปลอดภัยและจราจร,เวลาปัจจุบันตามระบบ,TICKET_GROUP_005
รปภ. ช่วยดูตรงประตู 2 หน่อยครับ หมวกกันน็อคหาย,TICKET_0784,หมวดความปลอดภัยและจราจร,เวลาปัจจุบันตามระบบ,TICKET_GROUP_017
รปภ. ช่วยดูตรงหน้ามอ หน่อยครับ มีรถชนกัน,TICKET_0785,หมวดความปลอดภัยและจราจร,เวลาปัจจุบันตามระบบ,TICKET_GROUP_017
ระบบล่ม ตอนนี้อยู่ห้องสมุด ทำงานไม่ได้เลย,TICKET_0786,หมวดเทคโนโลยีสารสนเทศ,เวลาปัจจุบันตามระบบ,TICKET_GROUP_025
อาจารย์ครับ ตารางเรียนไม่ขึ้นระบบ รบกวนให้คำแนะนำที,TICKET_0787,หมวดการเรียนการสอนและวิชาการ,เวลาปัจจุบันตามระบบ,TICKET_GROUP_001
ไวไฟเข้าไม่ได้ ตอนนี้อยู่หน้ามอ ทำงานไม่ได้เลย,TICKET_0788,หมวดเทคโนโลยีสารสนเทศ,เวลาปัจจุบันตามระบบ,TICKET_GROUP_025
ลงทะเบียนไม่ได้ ตอนนี้อยู่ห้องสมุด ทำงานไม่ได้เลย,TICKET_0789,หมวดเทคโนโลยีสารสนเทศ,เวลาปัจจุบันตามระบบ,TICKET_GROUP_025
แจ้งเรื่องลิฟต์ค้าง ตรงตึก ICT ช่วยมาดูหน่อย,TICKET_0790,หมวดอาคารและสิ่งอำนวยความสะดวก,เวลาปัจจุบันตามระบบ,TICKET_GROUP_027
ลงทะเบียนไม่ได้ ตอนนี้อยู่ห้องสมุด ทำงานไม่ได้เลย,TICKET_0791,หมวดเทคโนโลยีสารสนเทศ,เวลาปัจจุบันตามระบบ,TICKET_GROUP_025
สอบถามหน่อยครับ อยากทราบกำหนดการกิจกรรมรับน้อง,TICKET_0792,หมวดบริการทั่วไป / อื่นๆ,เวลาปัจจุบันตามระบบ,TICKET_GROUP_014
อาจารย์ครับ ลงทะเบียนวิชานี้ไม่ได้ รบกวนให้คำแนะนำที,TICKET_0793,หมวดการเรียนการสอนและวิชาการ,เวลาปัจจุบันตามระบบ,TICKET_GROUP_008
แจ้งเรื่องลิฟต์ค้าง ตรงห้อง 1204 ช่วยมาดูหน่อย,TICKET_0794,หมวดอาคารและสิ่งอำนวยความสะดวก,เวลาปัจจุบันตามระบบ,TICKET_GROUP_009
แจ้งเรื่องลิฟต์ค้าง ตรงห้อง 1204 ช่วยมาดูหน่อย,TICKET_0795,หมวดอาคารและสิ่งอำนวยความสะดวก,เวลาปัจจุบันตามระบบ,TICKET_GROUP_009
อาจารย์ครับ ลงทะเบียนวิชานี้ไม่ได้ รบกวนให้คำแนะนำที,TICKET_0796,หมวดการเรียนการสอนและวิชาการ,เวลาปัจจุบันตามระบบ,TICKET_GROUP_008
รปภ. ช่วยดูตรงลานจอดรถ หน่อยครับ คนจอดรถขวางทาง,TICKET_0797,หมวดความปลอดภัยและจราจร,เวลาปัจจุบันตามระบบ,TICKET_GROUP_021
ไวไฟเข้าไม่ได้ ตอนนี้อยู่หน้ามอ ทำงานไม่ได้เลย,TICKET_0798,หมวดเทคโนโลยีสารสนเทศ,เวลาปัจจุบันตามระบบ,TICKET_GROUP_025
รปภ. ช่วยดูตรงประตู 2 หน่อยครับ ทางมืดมากอันตราย,TICKET_0799,หมวดความปลอดภัยและจราจร,เวลาปัจจุบันตามระบบ,TICKET_GROUP_021
รปภ. ช่วยดูตรงหลังมอ หน่อยครับ หมวกกันน็อคหาย,TICKET_0800,หมวดความปลอดภัยและจราจร,เวลาปัจจุบันตามระบบ,TICKET_GROUP_012
ลืมรหัสผ่านเข้าระบบ ตอนนี้อยู่หอพักใน ทำงานไม่ได้เลย,TICKET_0801,หมวดเทคโนโลยีสารสนเทศ,เวลาปัจจุบันตามระบบ,TICKET_GROUP_020
อาจารย์ครับ อยากติดต่ออาจารย์เรื่องดรอปเรียน รบกวนให้คำแนะนำที,TICKET_0802,หมวดการเรียนการสอนและวิชาการ,เวลาปัจจุบันตามระบบ,TICKET_GROUP_026
อาจารย์ครับ ขอสอบชดเชยต้องทำไง รบกวนให้คำแนะนำที,TICKET_0803,หมวดการเรียนการสอนและวิชาการ,เวลาปัจจุบันตามระบบ,TICKET_GROUP_013
ไวไฟเข้าไม่ได้ ตอนนี้อยู่ตึกคณะ ทำงานไม่ได้เลย,TICKET_0804,หมวดเทคโนโลยีสารสนเทศ,เวลาปัจจุบันตามระบบ,TICKET_GROUP_025
สอบถามหน่อยครับ สอบถามเรื่องทุนการศึกษา,TICKET_0805,หมวดบริการทั่วไป / อื่นๆ,เวลาปัจจุบันตามระบบ,TICKET_GROUP_007
แจ้งทำความสะอาดตรงโรงอาหาร ขยะล้นถังส่งกลิ่นเหม็น ครับ,TICKET_0806,หมวดภูมิทัศน์และความสะอาด,เวลาปัจจุบันตามระบบ,TICKET_GROUP_022
สอบถามหน่อยครับ สอบถามเรื่องทุนการศึกษา,TICKET_0807,หมวดบริการทั่วไป / อื่นๆ,เวลาปัจจุบันตามระบบ,TICKET_GROUP_007
สอบถามหน่อยครับ สอบถามเรื่องทุนการศึกษา,TICKET_0808,หมวดบริการทั่วไป / อื่นๆ,เวลาปัจจุบันตามระบบ,TICKET_GROUP_007
เน็ตหลุดบ่อยมาก ตอนนี้อยู่หน้ามอ ทำงานไม่ได้เลย,TICKET_0809,หมวดเทคโนโลยีสารสนเทศ,เวลาปัจจุบันตามระบบ,TICKET_GROUP_025
สอบถามหน่อยครับ รถเมล์สาย 1 หมดกี่โมง,TICKET_0810,หมวดการเดินทางและระบบขนส่ง,เวลาปัจจุบันตามระบบ,TICKET_GROUP_015
อาจารย์ครับ ลงทะเบียนวิชานี้ไม่ได้ รบกวนให้คำแนะนำที,TICKET_0811,หมวดการเรียนการสอนและวิชาการ,เวลาปัจจุบันตามระบบ,TICKET_GROUP_008
อาจารย์ครับ เกรดยังไม่ออกครับ รบกวนให้คำแนะนำที,TICKET_0812,หมวดการเรียนการสอนและวิชาการ,เวลาปัจจุบันตามระบบ,TICKET_GROUP_006
แจ้งทำความสะอาดตรงทางเดิน กิ่งไม้หักขวางทาง ครับ,TICKET_0813,หมวดภูมิทัศน์และความสะอาด,เวลาปัจจุบันตามระบบ,TICKET_GROUP_002
รปภ. ช่วยดูตรงลานจอดรถ หน่อยครับ รถติดหนักมาก,TICKET_0814,หมวดความปลอดภัยและจราจร,เวลาปัจจุบันตามระบบ,TICKET_GROUP_021
แจ้งทำความสะอาดตรงโรงอาหาร มีหมาจรจัดมาคุ้ยขยะ ครับ,TICKET_0815,หมวดภูมิทัศน์และความสะอาด,เวลาปัจจุบันตามระบบ,TICKET_GROUP_018
อาจารย์ครับ ลงทะเบียนวิชานี้ไม่ได้ รบกวนให้คำแนะนำที,TICKET_0816,หมวดการเรียนการสอนและวิชาการ,เวลาปัจจุบันตามระบบ,TICKET_GROUP_008
รปภ. ช่วยดูตรงลานจอดรถ หน่อยครับ รถติดหนักมาก,TICKET_0817,หมวดความปลอดภัยและจราจร,เวลาปัจจุบันตามระบบ,TICKET_GROUP_021
อาจารย์ครับ ตารางเรียนไม่ขึ้นระบบ รบกวนให้คำแนะนำที,TICKET_0818,หมวดการเรียนการสอนและวิชาการ,เวลาปัจจุบันตามระบบ,TICKET_GROUP_001
อาจารย์ครับ ตารางเรียนไม่ขึ้นระบบ รบกวนให้คำแนะนำที,TICKET_0819,หมวดการเรียนการสอนและวิชาการ,เวลาปัจจุบันตามระบบ,TICKET_GROUP_001
สอบถามหน่อยครับ อยากทราบกำหนดการกิจกรรมรับน้อง,TICKET_0820,หมวดบริการทั่วไป / อื่นๆ,เวลาปัจจุบันตามระบบ,TICKET_GROUP_014
รปภ. ช่วยดูตรงหน้ามอ หน่อยครับ รถติดหนักมาก,TICKET_0821,หมวดความปลอดภัยและจราจร,เวลาปัจจุบันตามระบบ,TICKET_GROUP_012
รปภ. ช่วยดูตรงทางแยก หน่อยครับ ทางมืดมากอันตราย,TICKET_0822,หมวดความปลอดภัยและจราจร,เวลาปัจจุบันตามระบบ,TICKET_GROUP_021
แจ้งทำความสะอาดตรงสนามบาส มีหมาจรจัดมาคุ้ยขยะ ครับ,TICKET_0823,หมวดภูมิทัศน์และความสะอาด,เวลาปัจจุบันตามระบบ,TICKET_GROUP_018
แจ้งเรื่องประตูพัง ตรงตึกวิทย์ ช่วยมาดูหน่อย,TICKET_0824,หมวดอาคารและสิ่งอำนวยความสะดวก,เวลาปัจจุบันตามระบบ,TICKET_GROUP_028
อาจารย์ครับ ขอสอบชดเชยต้องทำไง รบกวนให้คำแนะนำที,TICKET_0825,หมวดการเรียนการสอนและวิชาการ,เวลาปัจจุบันตามระบบ,TICKET_GROUP_013
อาจารย์ครับ อยากติดต่ออาจารย์เรื่องดรอปเรียน รบกวนให้คำแนะนำที,TICKET_0826,หมวดการเรียนการสอนและวิชาการ,เวลาปัจจุบันตามระบบ,TICKET_GROUP_026
สอบถามหน่อยครับ ทำบัตรนิสิตใหม่ที่ไหน,TICKET_0827,หมวดบริการทั่วไป / อื่นๆ,เวลาปัจจุบันตามระบบ,TICKET_GROUP_016
สอบถามหน่อยครับ สอบถามเรื่องทุนการศึกษา,TICKET_0828,หมวดบริการทั่วไป / อื่นๆ,เวลาปัจจุบันตามระบบ,TICKET_GROUP_007
สอบถามหน่อยครับ ทำบัตรนิสิตใหม่ที่ไหน,TICKET_0829,หมวดบริการทั่วไป / อื่นๆ,เวลาปัจจุบันตามระบบ,TICKET_GROUP_016
รปภ. ช่วยดูตรงหลังมอ หน่อยครับ หมวกกันน็อคหาย,TICKET_0830,หมวดความปลอดภัยและจราจร,เวลาปัจจุบันตามระบบ,TICKET_GROUP_012
รปภ. ช่วยดูตรงทางแยก หน่อยครับ ทางมืดมากอันตราย,TICKET_0831,หมวดความปลอดภัยและจราจร,เวลาปัจจุบันตามระบบ,TICKET_GROUP_021
แจ้งเรื่องประตูพัง ตรงห้องน้ำตึกสงวน ช่วยมาดูหน่อย,TICKET_0832,หมวดอาคารและสิ่งอำนวยความสะดวก,เวลาปัจจุบันตามระบบ,TICKET_GROUP_011
แจ้งทำความสะอาดตรงสวนหน้าตึก มีหมาจรจัดมาคุ้ยขยะ ครับ,TICKET_0833,หมวดภูมิทัศน์และความสะอาด,เวลาปัจจุบันตามระบบ,TICKET_GROUP_018
รปภ. ช่วยดูตรงประตู 2 หน่อยครับ คนจอดรถขวางทาง,TICKET_0834,หมวดความปลอดภัยและจราจร,เวลาปัจจุบันตามระบบ,TICKET_GROUP_017
รปภ. ช่วยดูตรงประตู 2 หน่อยครับ มีรถชนกัน,TICKET_0835,หมวดความปลอดภัยและจราจร,เวลาปัจจุบันตามระบบ,TICKET_GROUP_017
รปภ. ช่วยดูตรงทางแยก หน่อยครับ คนจอดรถขวางทาง,TICKET_0836,หมวดความปลอดภัยและจราจร,เวลาปัจจุบันตามระบบ,TICKET_GROUP_005
แจ้งทำความสะอาดตรงสนามบาส กิ่งไม้หักขวางทาง ครับ,TICKET_0837,หมวดภูมิทัศน์และความสะอาด,เวลาปัจจุบันตามระบบ,TICKET_GROUP_023
แจ้งทำความสะอาดตรงสนามบาส มีหมาจรจัดมาคุ้ยขยะ ครับ,TICKET_0838,หมวดภูมิทัศน์และความสะอาด,เวลาปัจจุบันตามระบบ,TICKET_GROUP_018
อาจารย์ครับ ลงทะเบียนวิชานี้ไม่ได้ รบกวนให้คำแนะนำที,TICKET_0839,หมวดการเรียนการสอนและวิชาการ,เวลาปัจจุบันตามระบบ,TICKET_GROUP_008
สอบถามหน่อยครับ สอบถามเรื่องทุนการศึกษา,TICKET_0840,หมวดบริการทั่วไป / อื่นๆ,เวลาปัจจุบันตามระบบ,TICKET_GROUP_007
สอบถามหน่อยครับ ทำบัตรนิสิตใหม่ที่ไหน,TICKET_0841,หมวดบริการทั่วไป / อื่นๆ,เวลาปัจจุบันตามระบบ,TICKET_GROUP_016
ระบบล่ม ตอนนี้อยู่หน้ามอ ทำงานไม่ได้เลย,TICKET_0842,หมวดเทคโนโลยีสารสนเทศ,เวลาปัจจุบันตามระบบ,TICKET_GROUP_025
รปภ. ช่วยดูตรงประตู 2 หน่อยครับ มีรถชนกัน,TICKET_0843,หมวดความปลอดภัยและจราจร,เวลาปัจจุบันตามระบบ,TICKET_GROUP_017
ลืมรหัสผ่านเข้าระบบ ตอนนี้อยู่หน้ามอ ทำงานไม่ได้เลย,TICKET_0844,หมวดเทคโนโลยีสารสนเทศ,เวลาปัจจุบันตามระบบ,TICKET_GROUP_025
อาจารย์ครับ อยากติดต่ออาจารย์เรื่องดรอปเรียน รบกวนให้คำแนะนำที,TICKET_0845,หมวดการเรียนการสอนและวิชาการ,เวลาปัจจุบันตามระบบ,TICKET_GROUP_026
อาจารย์ครับ อยากติดต่ออาจารย์เรื่องดรอปเรียน รบกวนให้คำแนะนำที,TICKET_0846,หมวดการเรียนการสอนและวิชาการ,เวลาปัจจุบันตามระบบ,TICKET_GROUP_026
อาจารย์ครับ ลงทะเบียนวิชานี้ไม่ได้ รบกวนให้คำแนะนำที,TICKET_0847,หมวดการเรียนการสอนและวิชาการ,เวลาปัจจุบันตามระบบ,TICKET_GROUP_008
รปภ. ช่วยดูตรงประตู 2 หน่อยครับ ทางมืดมากอันตราย,TICKET_0848,หมวดความปลอดภัยและจราจร,เวลาปัจจุบันตามระบบ,TICKET_GROUP_021
อาจารย์ครับ ลงทะเบียนวิชานี้ไม่ได้ รบกวนให้คำแนะนำที,TICKET_0849,หมวดการเรียนการสอนและวิชาการ,เวลาปัจจุบันตามระบบ,TICKET_GROUP_008
สอบถามหน่อยครับ อยากทราบกำหนดการกิจกรรมรับน้อง,TICKET_0850,หมวดบริการทั่วไป / อื่นๆ,เวลาปัจจุบันตามระบบ,TICKET_GROUP_014
แจ้งทำความสะอาดตรงทางเดิน สกปรกมากไม่ทำความสะอาด ครับ,TICKET_0851,หมวดภูมิทัศน์และความสะอาด,เวลาปัจจุบันตามระบบ,TICKET_GROUP_023
อาจารย์ครับ อยากติดต่ออาจารย์เรื่องดรอปเรียน รบกวนให้คำแนะนำที,TICKET_0852,หมวดการเรียนการสอนและวิชาการ,เวลาปัจจุบันตามระบบ,TICKET_GROUP_026
แจ้งเรื่องไฟดับครับ ตรงตึก ICT ช่วยมาดูหน่อย,TICKET_0853,หมวดอาคารและสิ่งอำนวยความสะดวก,เวลาปัจจุบันตามระบบ,TICKET_GROUP_027
รปภ. ช่วยดูตรงประตู 2 หน่อยครับ คนจอดรถขวางทาง,TICKET_0854,หมวดความปลอดภัยและจราจร,เวลาปัจจุบันตามระบบ,TICKET_GROUP_017
ไวไฟเข้าไม่ได้ ตอนนี้อยู่หน้ามอ ทำงานไม่ได้เลย,TICKET_0855,หมวดเทคโนโลยีสารสนเทศ,เวลาปัจจุบันตามระบบ,TICKET_GROUP_025
แจ้งทำความสะอาดตรงสนามบาส มีหมาจรจัดมาคุ้ยขยะ ครับ,TICKET_0856,หมวดภูมิทัศน์และความสะอาด,เวลาปัจจุบันตามระบบ,TICKET_GROUP_018
แจ้งทำความสะอาดตรงสนามบาส มีหมาจรจัดมาคุ้ยขยะ ครับ,TICKET_0857,หมวดภูมิทัศน์และความสะอาด,เวลาปัจจุบันตามระบบ,TICKET_GROUP_018
สอบถามหน่อยครับ รถเมล์สาย 1 หมดกี่โมง,TICKET_0858,หมวดการเดินทางและระบบขนส่ง,เวลาปัจจุบันตามระบบ,TICKET_GROUP_015
เน็ตหลุดบ่อยมาก ตอนนี้อยู่หน้ามอ ทำงานไม่ได้เลย,TICKET_0859,หมวดเทคโนโลยีสารสนเทศ,เวลาปัจจุบันตามระบบ,TICKET_GROUP_025
แจ้งเรื่องหลังคารั่วหนักมาก ตรงอาคารเรียนรวม ช่วยมาดูหน่อย,TICKET_0860,หมวดอาคารและสิ่งอำนวยความสะดวก,เวลาปัจจุบันตามระบบ,TICKET_GROUP_019
อาจารย์ครับ ขอสอบชดเชยต้องทำไง รบกวนให้คำแนะนำที,TICKET_0861,หมวดการเรียนการสอนและวิชาการ,เวลาปัจจุบันตามระบบ,TICKET_GROUP_013
สอบถามหน่อยครับ อยากทราบกำหนดการกิจกรรมรับน้อง,TICKET_0862,หมวดบริการทั่วไป / อื่นๆ,เวลาปัจจุบันตามระบบ,TICKET_GROUP_014
แจ้งทำความสะอาดตรงริมสระน้ำ หญ้ารกมาก ครับ,TICKET_0863,หมวดภูมิทัศน์และความสะอาด,เวลาปัจจุบันตามระบบ,TICKET_GROUP_024
ลืมรหัสผ่านเข้าระบบ ตอนนี้อยู่ห้องสมุด ทำงานไม่ได้เลย,TICKET_0864,หมวดเทคโนโลยีสารสนเทศ,เวลาปัจจุบันตามระบบ,TICKET_GROUP_003
รปภ. ช่วยดูตรงประตู 2 หน่อยครับ ทางมืดมากอันตราย,TICKET_0865,หมวดความปลอดภัยและจราจร,เวลาปัจจุบันตามระบบ,TICKET_GROUP_021
แจ้งทำความสะอาดตรงโรงอาหาร หญ้ารกมาก ครับ,TICKET_0866,หมวดภูมิทัศน์และความสะอาด,เวลาปัจจุบันตามระบบ,TICKET_GROUP_024
แจ้งเรื่องไฟดับครับ ตรงห้องบรรยาย ช่วยมาดูหน่อย,TICKET_0867,หมวดอาคารและสิ่งอำนวยความสะดวก,เวลาปัจจุบันตามระบบ,TICKET_GROUP_011
แจ้งทำความสะอาดตรงริมสระน้ำ หญ้ารกมาก ครับ,TICKET_0868,หมวดภูมิทัศน์และความสะอาด,เวลาปัจจุบันตามระบบ,TICKET_GROUP_024
ลืมรหัสผ่านเข้าระบบ ตอนนี้อยู่ตึกคณะ ทำงานไม่ได้เลย,TICKET_0869,หมวดเทคโนโลยีสารสนเทศ,เวลาปัจจุบันตามระบบ,TICKET_GROUP_003
รปภ. ช่วยดูตรงประตู 2 หน่อยครับ คนจอดรถขวางทาง,TICKET_0870,หมวดความปลอดภัยและจราจร,เวลาปัจจุบันตามระบบ,TICKET_GROUP_017
รปภ. ช่วยดูตรงลานจอดรถ หน่อยครับ คนจอดรถขวางทาง,TICKET_0871,หมวดความปลอดภัยและจราจร,เวลาปัจจุบันตามระบบ,TICKET_GROUP_021
แจ้งเรื่องแอร์ไม่เย็นเลย ตรงตึกวิทย์ ช่วยมาดูหน่อย,TICKET_0872,หมวดอาคารและสิ่งอำนวยความสะดวก,เวลาปัจจุบันตามระบบ,TICKET_GROUP_028
ลงทะเบียนไม่ได้ ตอนนี้อยู่ห้องสมุด ทำงานไม่ได้เลย,TICKET_0873,หมวดเทคโนโลยีสารสนเทศ,เวลาปัจจุบันตามระบบ,TICKET_GROUP_025
สอบถามหน่อยครับ อยากทราบกำหนดการกิจกรรมรับน้อง,TICKET_0874,หมวดบริการทั่วไป / อื่นๆ,เวลาปัจจุบันตามระบบ,TICKET_GROUP_014
สอบถามหน่อยครับ ทำบัตรนิสิตใหม่ที่ไหน,TICKET_0875,หมวดบริการทั่วไป / อื่นๆ,เวลาปัจจุบันตามระบบ,TICKET_GROUP_016
ลืมรหัสผ่านเข้าระบบ ตอนนี้อยู่ตึกคณะ ทำงานไม่ได้เลย,TICKET_0876,หมวดเทคโนโลยีสารสนเทศ,เวลาปัจจุบันตามระบบ,TICKET_GROUP_003
เน็ตหลุดบ่อยมาก ตอนนี้อยู่หน้ามอ ทำงานไม่ได้เลย,TICKET_0877,หมวดเทคโนโลยีสารสนเทศ,เวลาปัจจุบันตามระบบ,TICKET_GROUP_025
รปภ. ช่วยดูตรงหลังมอ หน่อยครับ รถติดหนักมาก,TICKET_0878,หมวดความปลอดภัยและจราจร,เวลาปัจจุบันตามระบบ,TICKET_GROUP_012
รปภ. ช่วยดูตรงประตู 2 หน่อยครับ ทางมืดมากอันตราย,TICKET_0879,หมวดความปลอดภัยและจราจร,เวลาปัจจุบันตามระบบ,TICKET_GROUP_021
แจ้งเรื่องไฟดับครับ ตรงตึก ICT ช่วยมาดูหน่อย,TICKET_0880,หมวดอาคารและสิ่งอำนวยความสะดวก,เวลาปัจจุบันตามระบบ,TICKET_GROUP_027
ลงทะเบียนไม่ได้ ตอนนี้อยู่ตึกคณะ ทำงานไม่ได้เลย,TICKET_0881,หมวดเทคโนโลยีสารสนเทศ,เวลาปัจจุบันตามระบบ,TICKET_GROUP_025
แจ้งเรื่องน้ำไม่ไหล ตรงตึกวิทย์ ช่วยมาดูหน่อย,TICKET_0882,หมวดอาคารและสิ่งอำนวยความสะดวก,เวลาปัจจุบันตามระบบ,TICKET_GROUP_028
ไวไฟเข้าไม่ได้ ตอนนี้อยู่ห้องสมุด ทำงานไม่ได้เลย,TICKET_0883,หมวดเทคโนโลยีสารสนเทศ,เวลาปัจจุบันตามระบบ,TICKET_GROUP_025
แจ้งเรื่องแอร์ไม่เย็นเลย ตรงตึกวิทย์ ช่วยมาดูหน่อย,TICKET_0884,หมวดอาคารและสิ่งอำนวยความสะดวก,เวลาปัจจุบันตามระบบ,TICKET_GROUP_028
สอบถามหน่อยครับ ทำบัตรนิสิตใหม่ที่ไหน,TICKET_0885,หมวดบริการทั่วไป / อื่นๆ,เวลาปัจจุบันตามระบบ,TICKET_GROUP_016
แจ้งเรื่องลิฟต์ค้าง ตรงตึกวิทย์ ช่วยมาดูหน่อย,TICKET_0886,หมวดอาคารและสิ่งอำนวยความสะดวก,เวลาปัจจุบันตามระบบ,TICKET_GROUP_028
แจ้งเรื่องหลังคารั่วหนักมาก ตรงห้องน้ำตึกสงวน ช่วยมาดูหน่อย,TICKET_0887,หมวดอาคารและสิ่งอำนวยความสะดวก,เวลาปัจจุบันตามระบบ,TICKET_GROUP_019
ลืมรหัสผ่านเข้าระบบ ตอนนี้อยู่หอพักใน ทำงานไม่ได้เลย,TICKET_0888,หมวดเทคโนโลยีสารสนเทศ,เวลาปัจจุบันตามระบบ,TICKET_GROUP_020
แจ้งทำความสะอาดตรงโรงอาหาร หญ้ารกมาก ครับ,TICKET_0889,หมวดภูมิทัศน์และความสะอาด,เวลาปัจจุบันตามระบบ,TICKET_GROUP_024
แจ้งเรื่องประตูพัง ตรงห้องบรรยาย ช่วยมาดูหน่อย,TICKET_0890,หมวดอาคารและสิ่งอำนวยความสะดวก,เวลาปัจจุบันตามระบบ,TICKET_GROUP_010
แจ้งทำความสะอาดตรงโรงอาหาร มีหมาจรจัดมาคุ้ยขยะ ครับ,TICKET_0891,หมวดภูมิทัศน์และความสะอาด,เวลาปัจจุบันตามระบบ,TICKET_GROUP_018
แจ้งทำความสะอาดตรงสวนหน้าตึก กิ่งไม้หักขวางทาง ครับ,TICKET_0892,หมวดภูมิทัศน์และความสะอาด,เวลาปัจจุบันตามระบบ,TICKET_GROUP_022
แจ้งเรื่องหลังคารั่วหนักมาก ตรงห้องน้ำตึกสงวน ช่วยมาดูหน่อย,TICKET_0893,หมวดอาคารและสิ่งอำนวยความสะดวก,เวลาปัจจุบันตามระบบ,TICKET_GROUP_019
สอบถามหน่อยครับ ทำบัตรนิสิตใหม่ที่ไหน,TICKET_0894,หมวดบริการทั่วไป / อื่นๆ,เวลาปัจจุบันตามระบบ,TICKET_GROUP_016
รปภ. ช่วยดูตรงหลังมอ หน่อยครับ มีรถชนกัน,TICKET_0895,หมวดความปลอดภัยและจราจร,เวลาปัจจุบันตามระบบ,TICKET_GROUP_017
อาจารย์ครับ ขอสอบชดเชยต้องทำไง รบกวนให้คำแนะนำที,TICKET_0896,หมวดการเรียนการสอนและวิชาการ,เวลาปัจจุบันตามระบบ,TICKET_GROUP_013
รปภ. ช่วยดูตรงประตู 2 หน่อยครับ ทางมืดมากอันตราย,TICKET_0897,หมวดความปลอดภัยและจราจร,เวลาปัจจุบันตามระบบ,TICKET_GROUP_021
แจ้งทำความสะอาดตรงทางเดิน หญ้ารกมาก ครับ,TICKET_0898,หมวดภูมิทัศน์และความสะอาด,เวลาปัจจุบันตามระบบ,TICKET_GROUP_024
สอบถามหน่อยครับ สอบถามเรื่องทุนการศึกษา,TICKET_0899,หมวดบริการทั่วไป / อื่นๆ,เวลาปัจจุบันตามระบบ,TICKET_GROUP_007
รปภ. ช่วยดูตรงทางแยก หน่อยครับ รถติดหนักมาก,TICKET_0900,หมวดความปลอดภัยและจราจร,เวลาปัจจุบันตามระบบ,TICKET_GROUP_012
แจ้งทำความสะอาดตรงสนามบาส สกปรกมากไม่ทำความสะอาด ครับ,TICKET_0901,หมวดภูมิทัศน์และความสะอาด,เวลาปัจจุบันตามระบบ,TICKET_GROUP_023
รปภ. ช่วยดูตรงทางแยก หน่อยครับ ทางมืดมากอันตราย,TICKET_0902,หมวดความปลอดภัยและจราจร,เวลาปัจจุบันตามระบบ,TICKET_GROUP_021
ไวไฟเข้าไม่ได้ ตอนนี้อยู่หอพักใน ทำงานไม่ได้เลย,TICKET_0903,หมวดเทคโนโลยีสารสนเทศ,เวลาปัจจุบันตามระบบ,TICKET_GROUP_025
รปภ. ช่วยดูตรงทางแยก หน่อยครับ มีรถชนกัน,TICKET_0904,หมวดความปลอดภัยและจราจร,เวลาปัจจุบันตามระบบ,TICKET_GROUP_017
แจ้งทำความสะอาดตรงสนามบาส กิ่งไม้หักขวางทาง ครับ,TICKET_0905,หมวดภูมิทัศน์และความสะอาด,เวลาปัจจุบันตามระบบ,TICKET_GROUP_023
อาจารย์ครับ ขอสอบชดเชยต้องทำไง รบกวนให้คำแนะนำที,TICKET_0906,หมวดการเรียนการสอนและวิชาการ,เวลาปัจจุบันตามระบบ,TICKET_GROUP_013
อาจารย์ครับ ตารางเรียนไม่ขึ้นระบบ รบกวนให้คำแนะนำที,TICKET_0907,หมวดการเรียนการสอนและวิชาการ,เวลาปัจจุบันตามระบบ,TICKET_GROUP_001
แจ้งทำความสะอาดตรงริมสระน้ำ สกปรกมากไม่ทำความสะอาด ครับ,TICKET_0908,หมวดภูมิทัศน์และความสะอาด,เวลาปัจจุบันตามระบบ,TICKET_GROUP_024
เน็ตหลุดบ่อยมาก ตอนนี้อยู่หอพักใน ทำงานไม่ได้เลย,TICKET_0909,หมวดเทคโนโลยีสารสนเทศ,เวลาปัจจุบันตามระบบ,TICKET_GROUP_020
แจ้งเรื่องแอร์ไม่เย็นเลย ตรงห้องน้ำตึกสงวน ช่วยมาดูหน่อย,TICKET_0910,หมวดอาคารและสิ่งอำนวยความสะดวก,เวลาปัจจุบันตามระบบ,TICKET_GROUP_028
แจ้งเรื่องไฟดับครับ ตรงตึก ICT ช่วยมาดูหน่อย,TICKET_0911,หมวดอาคารและสิ่งอำนวยความสะดวก,เวลาปัจจุบันตามระบบ,TICKET_GROUP_027
รปภ. ช่วยดูตรงประตู 2 หน่อยครับ ทางมืดมากอันตราย,TICKET_0912,หมวดความปลอดภัยและจราจร,เวลาปัจจุบันตามระบบ,TICKET_GROUP_021
แจ้งเรื่องน้ำไม่ไหล ตรงห้องบรรยาย ช่วยมาดูหน่อย,TICKET_0913,หมวดอาคารและสิ่งอำนวยความสะดวก,เวลาปัจจุบันตามระบบ,TICKET_GROUP_027
สอบถามหน่อยครับ อยากทราบกำหนดการกิจกรรมรับน้อง,TICKET_0914,หมวดบริการทั่วไป / อื่นๆ,เวลาปัจจุบันตามระบบ,TICKET_GROUP_014
อาจารย์ครับ ขอสอบชดเชยต้องทำไง รบกวนให้คำแนะนำที,TICKET_0915,หมวดการเรียนการสอนและวิชาการ,เวลาปัจจุบันตามระบบ,TICKET_GROUP_013
แจ้งทำความสะอาดตรงโรงอาหาร ขยะล้นถังส่งกลิ่นเหม็น ครับ,TICKET_0916,หมวดภูมิทัศน์และความสะอาด,เวลาปัจจุบันตามระบบ,TICKET_GROUP_022
อาจารย์ครับ ตารางเรียนไม่ขึ้นระบบ รบกวนให้คำแนะนำที,TICKET_0917,หมวดการเรียนการสอนและวิชาการ,เวลาปัจจุบันตามระบบ,TICKET_GROUP_001
อาจารย์ครับ ตารางเรียนไม่ขึ้นระบบ รบกวนให้คำแนะนำที,TICKET_0918,หมวดการเรียนการสอนและวิชาการ,เวลาปัจจุบันตามระบบ,TICKET_GROUP_001
รปภ. ช่วยดูตรงหน้ามอ หน่อยครับ คนจอดรถขวางทาง,TICKET_0919,หมวดความปลอดภัยและจราจร,เวลาปัจจุบันตามระบบ,TICKET_GROUP_005
แจ้งเรื่องประตูพัง ตรงห้องบรรยาย ช่วยมาดูหน่อย,TICKET_0920,หมวดอาคารและสิ่งอำนวยความสะดวก,เวลาปัจจุบันตามระบบ,TICKET_GROUP_010
สอบถามหน่อยครับ อยากทราบกำหนดการกิจกรรมรับน้อง,TICKET_0921,หมวดบริการทั่วไป / อื่นๆ,เวลาปัจจุบันตามระบบ,TICKET_GROUP_014
แจ้งทำความสะอาดตรงโรงอาหาร สกปรกมากไม่ทำความสะอาด ครับ,TICKET_0922,หมวดภูมิทัศน์และความสะอาด,เวลาปัจจุบันตามระบบ,TICKET_GROUP_023
สอบถามหน่อยครับ อยากทราบกำหนดการกิจกรรมรับน้อง,TICKET_0923,หมวดบริการทั่วไป / อื่นๆ,เวลาปัจจุบันตามระบบ,TICKET_GROUP_014
ลงทะเบียนไม่ได้ ตอนนี้อยู่หอพักใน ทำงานไม่ได้เลย,TICKET_0924,หมวดเทคโนโลยีสารสนเทศ,เวลาปัจจุบันตามระบบ,TICKET_GROUP_025
สอบถามหน่อยครับ อยากทราบกำหนดการกิจกรรมรับน้อง,TICKET_0925,หมวดบริการทั่วไป / อื่นๆ,เวลาปัจจุบันตามระบบ,TICKET_GROUP_014
สอบถามหน่อยครับ สอบถามเรื่องทุนการศึกษา,TICKET_0926,หมวดบริการทั่วไป / อื่นๆ,เวลาปัจจุบันตามระบบ,TICKET_GROUP_007
อาจารย์ครับ เกรดยังไม่ออกครับ รบกวนให้คำแนะนำที,TICKET_0927,หมวดการเรียนการสอนและวิชาการ,เวลาปัจจุบันตามระบบ,TICKET_GROUP_006
สอบถามหน่อยครับ รถเมล์สาย 1 หมดกี่โมง,TICKET_0928,หมวดการเดินทางและระบบขนส่ง,เวลาปัจจุบันตามระบบ,TICKET_GROUP_015
แจ้งเรื่องน้ำไม่ไหล ตรงห้องบรรยาย ช่วยมาดูหน่อย,TICKET_0929,หมวดอาคารและสิ่งอำนวยความสะดวก,เวลาปัจจุบันตามระบบ,TICKET_GROUP_027
สอบถามหน่อยครับ ทำบัตรนิสิตใหม่ที่ไหน,TICKET_0930,หมวดบริการทั่วไป / อื่นๆ,เวลาปัจจุบันตามระบบ,TICKET_GROUP_016
อาจารย์ครับ อยากติดต่ออาจารย์เรื่องดรอปเรียน รบกวนให้คำแนะนำที,TICKET_0931,หมวดการเรียนการสอนและวิชาการ,เวลาปัจจุบันตามระบบ,TICKET_GROUP_026
แจ้งทำความสะอาดตรงสนามบาส หญ้ารกมาก ครับ,TICKET_0932,หมวดภูมิทัศน์และความสะอาด,เวลาปัจจุบันตามระบบ,TICKET_GROUP_024
สอบถามหน่อยครับ รถเมล์สาย 1 หมดกี่โมง,TICKET_0933,หมวดการเดินทางและระบบขนส่ง,เวลาปัจจุบันตามระบบ,TICKET_GROUP_015
แจ้งทำความสะอาดตรงสวนหน้าตึก กิ่งไม้หักขวางทาง ครับ,TICKET_0934,หมวดภูมิทัศน์และความสะอาด,เวลาปัจจุบันตามระบบ,TICKET_GROUP_022
แจ้งทำความสะอาดตรงสวนหน้าตึก ขยะล้นถังส่งกลิ่นเหม็น ครับ,TICKET_0935,หมวดภูมิทัศน์และความสะอาด,เวลาปัจจุบันตามระบบ,TICKET_GROUP_022
แจ้งทำความสะอาดตรงริมสระน้ำ สกปรกมากไม่ทำความสะอาด ครับ,TICKET_0936,หมวดภูมิทัศน์และความสะอาด,เวลาปัจจุบันตามระบบ,TICKET_GROUP_024
แจ้งเรื่องแอร์ไม่เย็นเลย ตรงตึกวิทย์ ช่วยมาดูหน่อย,TICKET_0937,หมวดอาคารและสิ่งอำนวยความสะดวก,เวลาปัจจุบันตามระบบ,TICKET_GROUP_028
สอบถามหน่อยครับ รถเมล์สาย 1 หมดกี่โมง,TICKET_0938,หมวดการเดินทางและระบบขนส่ง,เวลาปัจจุบันตามระบบ,TICKET_GROUP_015
สอบถามหน่อยครับ รถเมล์สาย 1 หมดกี่โมง,TICKET_0939,หมวดการเดินทางและระบบขนส่ง,เวลาปัจจุบันตามระบบ,TICKET_GROUP_015
สอบถามหน่อยครับ อยากทราบกำหนดการกิจกรรมรับน้อง,TICKET_0940,หมวดบริการทั่วไป / อื่นๆ,เวลาปัจจุบันตามระบบ,TICKET_GROUP_014
แจ้งทำความสะอาดตรงโรงอาหาร หญ้ารกมาก ครับ,TICKET_0941,หมวดภูมิทัศน์และความสะอาด,เวลาปัจจุบันตามระบบ,TICKET_GROUP_024
เน็ตหลุดบ่อยมาก ตอนนี้อยู่ตึกคณะ ทำงานไม่ได้เลย,TICKET_0942,หมวดเทคโนโลยีสารสนเทศ,เวลาปัจจุบันตามระบบ,TICKET_GROUP_020
รปภ. ช่วยดูตรงประตู 2 หน่อยครับ มีรถชนกัน,TICKET_0943,หมวดความปลอดภัยและจราจร,เวลาปัจจุบันตามระบบ,TICKET_GROUP_017
อาจารย์ครับ ลงทะเบียนวิชานี้ไม่ได้ รบกวนให้คำแนะนำที,TICKET_0944,หมวดการเรียนการสอนและวิชาการ,เวลาปัจจุบันตามระบบ,TICKET_GROUP_008
อาจารย์ครับ ลงทะเบียนวิชานี้ไม่ได้ รบกวนให้คำแนะนำที,TICKET_0945,หมวดการเรียนการสอนและวิชาการ,เวลาปัจจุบันตามระบบ,TICKET_GROUP_008
อาจารย์ครับ ตารางเรียนไม่ขึ้นระบบ รบกวนให้คำแนะนำที,TICKET_0946,หมวดการเรียนการสอนและวิชาการ,เวลาปัจจุบันตามระบบ,TICKET_GROUP_001
อาจารย์ครับ เกรดยังไม่ออกครับ รบกวนให้คำแนะนำที,TICKET_0947,หมวดการเรียนการสอนและวิชาการ,เวลาปัจจุบันตามระบบ,TICKET_GROUP_006
รปภ. ช่วยดูตรงลานจอดรถ หน่อยครับ ทางมืดมากอันตราย,TICKET_0948,หมวดความปลอดภัยและจราจร,เวลาปัจจุบันตามระบบ,TICKET_GROUP_021
อาจารย์ครับ ตารางเรียนไม่ขึ้นระบบ รบกวนให้คำแนะนำที,TICKET_0949,หมวดการเรียนการสอนและวิชาการ,เวลาปัจจุบันตามระบบ,TICKET_GROUP_001
สอบถามหน่อยครับ อยากทราบกำหนดการกิจกรรมรับน้อง,TICKET_0950,หมวดบริการทั่วไป / อื่นๆ,เวลาปัจจุบันตามระบบ,TICKET_GROUP_014
ไวไฟเข้าไม่ได้ ตอนนี้อยู่หน้ามอ ทำงานไม่ได้เลย,TICKET_0951,หมวดเทคโนโลยีสารสนเทศ,เวลาปัจจุบันตามระบบ,TICKET_GROUP_025
แจ้งเรื่องลิฟต์ค้าง ตรงตึกวิทย์ ช่วยมาดูหน่อย,TICKET_0952,หมวดอาคารและสิ่งอำนวยความสะดวก,เวลาปัจจุบันตามระบบ,TICKET_GROUP_028
แจ้งทำความสะอาดตรงโรงอาหาร สกปรกมากไม่ทำความสะอาด ครับ,TICKET_0953,หมวดภูมิทัศน์และความสะอาด,เวลาปัจจุบันตามระบบ,TICKET_GROUP_023
ลืมรหัสผ่านเข้าระบบ ตอนนี้อยู่ตึกคณะ ทำงานไม่ได้เลย,TICKET_0954,หมวดเทคโนโลยีสารสนเทศ,เวลาปัจจุบันตามระบบ,TICKET_GROUP_003
อาจารย์ครับ อยากติดต่ออาจารย์เรื่องดรอปเรียน รบกวนให้คำแนะนำที,TICKET_0955,หมวดการเรียนการสอนและวิชาการ,เวลาปัจจุบันตามระบบ,TICKET_GROUP_026
อาจารย์ครับ เกรดยังไม่ออกครับ รบกวนให้คำแนะนำที,TICKET_0956,หมวดการเรียนการสอนและวิชาการ,เวลาปัจจุบันตามระบบ,TICKET_GROUP_006
รปภ. ช่วยดูตรงประตู 2 หน่อยครับ หมวกกันน็อคหาย,TICKET_0957,หมวดความปลอดภัยและจราจร,เวลาปัจจุบันตามระบบ,TICKET_GROUP_017
สอบถามหน่อยครับ ทำบัตรนิสิตใหม่ที่ไหน,TICKET_0958,หมวดบริการทั่วไป / อื่นๆ,เวลาปัจจุบันตามระบบ,TICKET_GROUP_016
รปภ. ช่วยดูตรงหน้ามอ หน่อยครับ หมวกกันน็อคหาย,TICKET_0959,หมวดความปลอดภัยและจราจร,เวลาปัจจุบันตามระบบ,TICKET_GROUP_005
อาจารย์ครับ เกรดยังไม่ออกครับ รบกวนให้คำแนะนำที,TICKET_0960,หมวดการเรียนการสอนและวิชาการ,เวลาปัจจุบันตามระบบ,TICKET_GROUP_006
แจ้งเรื่องประตูพัง ตรงอาคารเรียนรวม ช่วยมาดูหน่อย,TICKET_0961,หมวดอาคารและสิ่งอำนวยความสะดวก,เวลาปัจจุบันตามระบบ,TICKET_GROUP_019
อาจารย์ครับ ลงทะเบียนวิชานี้ไม่ได้ รบกวนให้คำแนะนำที,TICKET_0962,หมวดการเรียนการสอนและวิชาการ,เวลาปัจจุบันตามระบบ,TICKET_GROUP_008
อาจารย์ครับ อยากติดต่ออาจารย์เรื่องดรอปเรียน รบกวนให้คำแนะนำที,TICKET_0963,หมวดการเรียนการสอนและวิชาการ,เวลาปัจจุบันตามระบบ,TICKET_GROUP_026
แจ้งทำความสะอาดตรงทางเดิน กิ่งไม้หักขวางทาง ครับ,TICKET_0964,หมวดภูมิทัศน์และความสะอาด,เวลาปัจจุบันตามระบบ,TICKET_GROUP_002
ระบบล่ม ตอนนี้อยู่ห้องสมุด ทำงานไม่ได้เลย,TICKET_0965,หมวดเทคโนโลยีสารสนเทศ,เวลาปัจจุบันตามระบบ,TICKET_GROUP_025
แจ้งเรื่องหลังคารั่วหนักมาก ตรงห้อง 1204 ช่วยมาดูหน่อย,TICKET_0966,หมวดอาคารและสิ่งอำนวยความสะดวก,เวลาปัจจุบันตามระบบ,TICKET_GROUP_019
สอบถามหน่อยครับ สอบถามเรื่องทุนการศึกษา,TICKET_0967,หมวดบริการทั่วไป / อื่นๆ,เวลาปัจจุบันตามระบบ,TICKET_GROUP_007
แจ้งทำความสะอาดตรงทางเดิน มีหมาจรจัดมาคุ้ยขยะ ครับ,TICKET_0968,หมวดภูมิทัศน์และความสะอาด,เวลาปัจจุบันตามระบบ,TICKET_GROUP_018
แจ้งเรื่องประตูพัง ตรงตึกวิทย์ ช่วยมาดูหน่อย,TICKET_0969,หมวดอาคารและสิ่งอำนวยความสะดวก,เวลาปัจจุบันตามระบบ,TICKET_GROUP_028
อาจารย์ครับ อยากติดต่ออาจารย์เรื่องดรอปเรียน รบกวนให้คำแนะนำที,TICKET_0970,หมวดการเรียนการสอนและวิชาการ,เวลาปัจจุบันตามระบบ,TICKET_GROUP_026
ลืมรหัสผ่านเข้าระบบ ตอนนี้อยู่ห้องสมุด ทำงานไม่ได้เลย,TICKET_0971,หมวดเทคโนโลยีสารสนเทศ,เวลาปัจจุบันตามระบบ,TICKET_GROUP_003
แจ้งเรื่องแอร์ไม่เย็นเลย ตรงห้องบรรยาย ช่วยมาดูหน่อย,TICKET_0972,หมวดอาคารและสิ่งอำนวยความสะดวก,เวลาปัจจุบันตามระบบ,TICKET_GROUP_028
สอบถามหน่อยครับ ทำบัตรนิสิตใหม่ที่ไหน,TICKET_0973,หมวดบริการทั่วไป / อื่นๆ,เวลาปัจจุบันตามระบบ,TICKET_GROUP_016
รปภ. ช่วยดูตรงประตู 2 หน่อยครับ รถติดหนักมาก,TICKET_0974,หมวดความปลอดภัยและจราจร,เวลาปัจจุบันตามระบบ,TICKET_GROUP_017
แจ้งทำความสะอาดตรงโรงอาหาร สกปรกมากไม่ทำความสะอาด ครับ,TICKET_0975,หมวดภูมิทัศน์และความสะอาด,เวลาปัจจุบันตามระบบ,TICKET_GROUP_023
ลงทะเบียนไม่ได้ ตอนนี้อยู่หอพักใน ทำงานไม่ได้เลย,TICKET_0976,หมวดเทคโนโลยีสารสนเทศ,เวลาปัจจุบันตามระบบ,TICKET_GROUP_025
อาจารย์ครับ เกรดยังไม่ออกครับ รบกวนให้คำแนะนำที,TICKET_0977,หมวดการเรียนการสอนและวิชาการ,เวลาปัจจุบันตามระบบ,TICKET_GROUP_006
แจ้งทำความสะอาดตรงทางเดิน ขยะล้นถังส่งกลิ่นเหม็น ครับ,TICKET_0978,หมวดภูมิทัศน์และความสะอาด,เวลาปัจจุบันตามระบบ,TICKET_GROUP_022
ไวไฟเข้าไม่ได้ ตอนนี้อยู่ห้องสมุด ทำงานไม่ได้เลย,TICKET_0979,หมวดเทคโนโลยีสารสนเทศ,เวลาปัจจุบันตามระบบ,TICKET_GROUP_025
สอบถามหน่อยครับ สอบถามเรื่องทุนการศึกษา,TICKET_0980,หมวดบริการทั่วไป / อื่นๆ,เวลาปัจจุบันตามระบบ,TICKET_GROUP_007
แจ้งทำความสะอาดตรงริมสระน้ำ มีหมาจรจัดมาคุ้ยขยะ ครับ,TICKET_0981,หมวดภูมิทัศน์และความสะอาด,เวลาปัจจุบันตามระบบ,TICKET_GROUP_024
สอบถามหน่อยครับ ทำบัตรนิสิตใหม่ที่ไหน,TICKET_0982,หมวดบริการทั่วไป / อื่นๆ,เวลาปัจจุบันตามระบบ,TICKET_GROUP_016
ไวไฟเข้าไม่ได้ ตอนนี้อยู่หน้ามอ ทำงานไม่ได้เลย,TICKET_0983,หมวดเทคโนโลยีสารสนเทศ,เวลาปัจจุบันตามระบบ,TICKET_GROUP_025
เน็ตหลุดบ่อยมาก ตอนนี้อยู่หอพักใน ทำงานไม่ได้เลย,TICKET_0984,หมวดเทคโนโลยีสารสนเทศ,เวลาปัจจุบันตามระบบ,TICKET_GROUP_020
ลงทะเบียนไม่ได้ ตอนนี้อยู่ตึกคณะ ทำงานไม่ได้เลย,TICKET_0985,หมวดเทคโนโลยีสารสนเทศ,เวลาปัจจุบันตามระบบ,TICKET_GROUP_025
แจ้งเรื่องแอร์ไม่เย็นเลย ตรงตึก ICT ช่วยมาดูหน่อย,TICKET_0986,หมวดอาคารและสิ่งอำนวยความสะดวก,เวลาปัจจุบันตามระบบ,TICKET_GROUP_028
แจ้งเรื่องแอร์ไม่เย็นเลย ตรงอาคารเรียนรวม ช่วยมาดูหน่อย,TICKET_0987,หมวดอาคารและสิ่งอำนวยความสะดวก,เวลาปัจจุบันตามระบบ,TICKET_GROUP_028
แจ้งทำความสะอาดตรงสวนหน้าตึก ขยะล้นถังส่งกลิ่นเหม็น ครับ,TICKET_0988,หมวดภูมิทัศน์และความสะอาด,เวลาปัจจุบันตามระบบ,TICKET_GROUP_022
ลงทะเบียนไม่ได้ ตอนนี้อยู่หน้ามอ ทำงานไม่ได้เลย,TICKET_0989,หมวดเทคโนโลยีสารสนเทศ,เวลาปัจจุบันตามระบบ,TICKET_GROUP_025
รปภ. ช่วยดูตรงลานจอดรถ หน่อยครับ มีรถชนกัน,TICKET_0990,หมวดความปลอดภัยและจราจร,เวลาปัจจุบันตามระบบ,TICKET_GROUP_021
ไวไฟเข้าไม่ได้ ตอนนี้อยู่หอพักใน ทำงานไม่ได้เลย,TICKET_0991,หมวดเทคโนโลยีสารสนเทศ,เวลาปัจจุบันตามระบบ,TICKET_GROUP_025
แจ้งเรื่องน้ำไม่ไหล ตรงตึกวิทย์ ช่วยมาดูหน่อย,TICKET_0992,หมวดอาคารและสิ่งอำนวยความสะดวก,เวลาปัจจุบันตามระบบ,TICKET_GROUP_028
แจ้งเรื่องน้ำไม่ไหล ตรงตึกวิทย์ ช่วยมาดูหน่อย,TICKET_0993,หมวดอาคารและสิ่งอำนวยความสะดวก,เวลาปัจจุบันตามระบบ,TICKET_GROUP_028
แจ้งทำความสะอาดตรงสนามบาส มีหมาจรจัดมาคุ้ยขยะ ครับ,TICKET_0994,หมวดภูมิทัศน์และความสะอาด,เวลาปัจจุบันตามระบบ,TICKET_GROUP_018
แจ้งทำความสะอาดตรงโรงอาหาร มีหมาจรจัดมาคุ้ยขยะ ครับ,TICKET_0995,หมวดภูมิทัศน์และความสะอาด,เวลาปัจจุบันตามระบบ,TICKET_GROUP_018
สอบถามหน่อยครับ อยากทราบกำหนดการกิจกรรมรับน้อง,TICKET_0996,หมวดบริการทั่วไป / อื่นๆ,เวลาปัจจุบันตามระบบ,TICKET_GROUP_014
แจ้งเรื่องแอร์ไม่เย็นเลย ตรงอาคารเรียนรวม ช่วยมาดูหน่อย,TICKET_0997,หมวดอาคารและสิ่งอำนวยความสะดวก,เวลาปัจจุบันตามระบบ,TICKET_GROUP_028
อาจารย์ครับ เกรดยังไม่ออกครับ รบกวนให้คำแนะนำที,TICKET_0998,หมวดการเรียนการสอนและวิชาการ,เวลาปัจจุบันตามระบบ,TICKET_GROUP_006
รปภ. ช่วยดูตรงหน้ามอ หน่อยครับ หมวกกันน็อคหาย,TICKET_0999,หมวดความปลอดภัยและจราจร,เวลาปัจจุบันตามระบบ,TICKET_GROUP_005
อาจารย์ครับ อยากติดต่ออาจารย์เรื่องดรอปเรียน รบกวนให้คำแนะนำที,TICKET_1000,หมวดการเรียนการสอนและวิชาการ,เวลาปัจจุบันตามระบบ,TICKET_GROUP_026
แจ้งทำความสะอาดตรงโรงอาหาร กิ่งไม้หักขวางทาง ครับ,TICKET_1001,หมวดภูมิทัศน์และความสะอาด,เวลาปัจจุบันตามระบบ,TICKET_GROUP_002
แจ้งเรื่องน้ำไม่ไหล ตรงห้อง 1204 ช่วยมาดูหน่อย,TICKET_1002,หมวดอาคารและสิ่งอำนวยความสะดวก,เวลาปัจจุบันตามระบบ,TICKET_GROUP_027
แจ้งทำความสะอาดตรงสนามบาส มีหมาจรจัดมาคุ้ยขยะ ครับ,TICKET_1003,หมวดภูมิทัศน์และความสะอาด,เวลาปัจจุบันตามระบบ,TICKET_GROUP_018
แจ้งทำความสะอาดตรงทางเดิน ขยะล้นถังส่งกลิ่นเหม็น ครับ,TICKET_1004,หมวดภูมิทัศน์และความสะอาด,เวลาปัจจุบันตามระบบ,TICKET_GROUP_022
ลืมรหัสผ่านเข้าระบบ ตอนนี้อยู่ตึกคณะ ทำงานไม่ได้เลย,TICKET_1005,หมวดเทคโนโลยีสารสนเทศ,เวลาปัจจุบันตามระบบ,TICKET_GROUP_003
แจ้งทำความสะอาดตรงโรงอาหาร กิ่งไม้หักขวางทาง ครับ,TICKET_1006,หมวดภูมิทัศน์และความสะอาด,เวลาปัจจุบันตามระบบ,TICKET_GROUP_002
แจ้งทำความสะอาดตรงทางเดิน กิ่งไม้หักขวางทาง ครับ,TICKET_1007,หมวดภูมิทัศน์และความสะอาด,เวลาปัจจุบันตามระบบ,TICKET_GROUP_002
ลงทะเบียนไม่ได้ ตอนนี้อยู่หอพักใน ทำงานไม่ได้เลย,TICKET_1008,หมวดเทคโนโลยีสารสนเทศ,เวลาปัจจุบันตามระบบ,TICKET_GROUP_025
รปภ. ช่วยดูตรงหน้ามอ หน่อยครับ มีรถชนกัน,TICKET_1009,หมวดความปลอดภัยและจราจร,เวลาปัจจุบันตามระบบ,TICKET_GROUP_017
สอบถามหน่อยครับ ทำบัตรนิสิตใหม่ที่ไหน,TICKET_1010,หมวดบริการทั่วไป / อื่นๆ,เวลาปัจจุบันตามระบบ,TICKET_GROUP_016
อาจารย์ครับ ขอสอบชดเชยต้องทำไง รบกวนให้คำแนะนำที,TICKET_1011,หมวดการเรียนการสอนและวิชาการ,เวลาปัจจุบันตามระบบ,TICKET_GROUP_013
รปภ. ช่วยดูตรงหน้ามอ หน่อยครับ ทางมืดมากอันตราย,TICKET_1012,หมวดความปลอดภัยและจราจร,เวลาปัจจุบันตามระบบ,TICKET_GROUP_021
ลงทะเบียนไม่ได้ ตอนนี้อยู่หอพักใน ทำงานไม่ได้เลย,TICKET_1013,หมวดเทคโนโลยีสารสนเทศ,เวลาปัจจุบันตามระบบ,TICKET_GROUP_025
สอบถามหน่อยครับ อยากทราบกำหนดการกิจกรรมรับน้อง,TICKET_1014,หมวดบริการทั่วไป / อื่นๆ,เวลาปัจจุบันตามระบบ,TICKET_GROUP_014
แจ้งเรื่องประตูพัง ตรงห้อง 1204 ช่วยมาดูหน่อย,TICKET_1015,หมวดอาคารและสิ่งอำนวยความสะดวก,เวลาปัจจุบันตามระบบ,TICKET_GROUP_010
แจ้งเรื่องน้ำไม่ไหล ตรงตึกวิทย์ ช่วยมาดูหน่อย,TICKET_1016,หมวดอาคารและสิ่งอำนวยความสะดวก,เวลาปัจจุบันตามระบบ,TICKET_GROUP_028
รปภ. ช่วยดูตรงลานจอดรถ หน่อยครับ มีรถชนกัน,TICKET_1017,หมวดความปลอดภัยและจราจร,เวลาปัจจุบันตามระบบ,TICKET_GROUP_021
ระบบล่ม ตอนนี้อยู่ห้องสมุด ทำงานไม่ได้เลย,TICKET_1018,หมวดเทคโนโลยีสารสนเทศ,เวลาปัจจุบันตามระบบ,TICKET_GROUP_025
รปภ. ช่วยดูตรงหลังมอ หน่อยครับ หมวกกันน็อคหาย,TICKET_1019,หมวดความปลอดภัยและจราจร,เวลาปัจจุบันตามระบบ,TICKET_GROUP_012
สอบถามหน่อยครับ สอบถามเรื่องทุนการศึกษา,TICKET_1020,หมวดบริการทั่วไป / อื่นๆ,เวลาปัจจุบันตามระบบ,TICKET_GROUP_007
สอบถามหน่อยครับ ทำบัตรนิสิตใหม่ที่ไหน,TICKET_1021,หมวดบริการทั่วไป / อื่นๆ,เวลาปัจจุบันตามระบบ,TICKET_GROUP_016
ลืมรหัสผ่านเข้าระบบ ตอนนี้อยู่หอพักใน ทำงานไม่ได้เลย,TICKET_1022,หมวดเทคโนโลยีสารสนเทศ,เวลาปัจจุบันตามระบบ,TICKET_GROUP_020
สอบถามหน่อยครับ สอบถามเรื่องทุนการศึกษา,TICKET_1023,หมวดบริการทั่วไป / อื่นๆ,เวลาปัจจุบันตามระบบ,TICKET_GROUP_007
อาจารย์ครับ ตารางเรียนไม่ขึ้นระบบ รบกวนให้คำแนะนำที,TICKET_1024,หมวดการเรียนการสอนและวิชาการ,เวลาปัจจุบันตามระบบ,TICKET_GROUP_001
รปภ. ช่วยดูตรงลานจอดรถ หน่อยครับ ทางมืดมากอันตราย,TICKET_1025,หมวดความปลอดภัยและจราจร,เวลาปัจจุบันตามระบบ,TICKET_GROUP_021
อาจารย์ครับ เกรดยังไม่ออกครับ รบกวนให้คำแนะนำที,TICKET_1026,หมวดการเรียนการสอนและวิชาการ,เวลาปัจจุบันตามระบบ,TICKET_GROUP_006
สอบถามหน่อยครับ รถเมล์สาย 1 หมดกี่โมง,TICKET_1027,หมวดการเดินทางและระบบขนส่ง,เวลาปัจจุบันตามระบบ,TICKET_GROUP_015
สอบถามหน่อยครับ สอบถามเรื่องทุนการศึกษา,TICKET_1028,หมวดบริการทั่วไป / อื่นๆ,เวลาปัจจุบันตามระบบ,TICKET_GROUP_007
แจ้งทำความสะอาดตรงสวนหน้าตึก สกปรกมากไม่ทำความสะอาด ครับ,TICKET_1029,หมวดภูมิทัศน์และความสะอาด,เวลาปัจจุบันตามระบบ,TICKET_GROUP_023
อาจารย์ครับ ตารางเรียนไม่ขึ้นระบบ รบกวนให้คำแนะนำที,TICKET_1030,หมวดการเรียนการสอนและวิชาการ,เวลาปัจจุบันตามระบบ,TICKET_GROUP_001
สอบถามหน่อยครับ ทำบัตรนิสิตใหม่ที่ไหน,TICKET_1031,หมวดบริการทั่วไป / อื่นๆ,เวลาปัจจุบันตามระบบ,TICKET_GROUP_016
แจ้งเรื่องไฟดับครับ ตรงห้องบรรยาย ช่วยมาดูหน่อย,TICKET_1032,หมวดอาคารและสิ่งอำนวยความสะดวก,เวลาปัจจุบันตามระบบ,TICKET_GROUP_011
แจ้งเรื่องแอร์ไม่เย็นเลย ตรงอาคารเรียนรวม ช่วยมาดูหน่อย,TICKET_1033,หมวดอาคารและสิ่งอำนวยความสะดวก,เวลาปัจจุบันตามระบบ,TICKET_GROUP_028
แจ้งเรื่องประตูพัง ตรงตึกวิทย์ ช่วยมาดูหน่อย,TICKET_1034,หมวดอาคารและสิ่งอำนวยความสะดวก,เวลาปัจจุบันตามระบบ,TICKET_GROUP_028
สอบถามหน่อยครับ ทำบัตรนิสิตใหม่ที่ไหน,TICKET_1035,หมวดบริการทั่วไป / อื่นๆ,เวลาปัจจุบันตามระบบ,TICKET_GROUP_016
รปภ. ช่วยดูตรงทางแยก หน่อยครับ รถติดหนักมาก,TICKET_1036,หมวดความปลอดภัยและจราจร,เวลาปัจจุบันตามระบบ,TICKET_GROUP_012
รปภ. ช่วยดูตรงหลังมอ หน่อยครับ ทางมืดมากอันตราย,TICKET_1037,หมวดความปลอดภัยและจราจร,เวลาปัจจุบันตามระบบ,TICKET_GROUP_021
อาจารย์ครับ ขอสอบชดเชยต้องทำไง รบกวนให้คำแนะนำที,TICKET_1038,หมวดการเรียนการสอนและวิชาการ,เวลาปัจจุบันตามระบบ,TICKET_GROUP_013
สอบถามหน่อยครับ สอบถามเรื่องทุนการศึกษา,TICKET_1039,หมวดบริการทั่วไป / อื่นๆ,เวลาปัจจุบันตามระบบ,TICKET_GROUP_007
อาจารย์ครับ ตารางเรียนไม่ขึ้นระบบ รบกวนให้คำแนะนำที,TICKET_1040,หมวดการเรียนการสอนและวิชาการ,เวลาปัจจุบันตามระบบ,TICKET_GROUP_001
สอบถามหน่อยครับ สอบถามเรื่องทุนการศึกษา,TICKET_1041,หมวดบริการทั่วไป / อื่นๆ,เวลาปัจจุบันตามระบบ,TICKET_GROUP_007
รปภ. ช่วยดูตรงทางแยก หน่อยครับ มีรถชนกัน,TICKET_1042,หมวดความปลอดภัยและจราจร,เวลาปัจจุบันตามระบบ,TICKET_GROUP_017
แจ้งเรื่องน้ำไม่ไหล ตรงห้องน้ำตึกสงวน ช่วยมาดูหน่อย,TICKET_1043,หมวดอาคารและสิ่งอำนวยความสะดวก,เวลาปัจจุบันตามระบบ,TICKET_GROUP_027
อาจารย์ครับ อยากติดต่ออาจารย์เรื่องดรอปเรียน รบกวนให้คำแนะนำที,TICKET_1044,หมวดการเรียนการสอนและวิชาการ,เวลาปัจจุบันตามระบบ,TICKET_GROUP_026
แจ้งทำความสะอาดตรงโรงอาหาร มีหมาจรจัดมาคุ้ยขยะ ครับ,TICKET_1045,หมวดภูมิทัศน์และความสะอาด,เวลาปัจจุบันตามระบบ,TICKET_GROUP_018
อาจารย์ครับ เกรดยังไม่ออกครับ รบกวนให้คำแนะนำที,TICKET_1046,หมวดการเรียนการสอนและวิชาการ,เวลาปัจจุบันตามระบบ,TICKET_GROUP_006
แจ้งเรื่องน้ำไม่ไหล ตรงตึก ICT ช่วยมาดูหน่อย,TICKET_1047,หมวดอาคารและสิ่งอำนวยความสะดวก,เวลาปัจจุบันตามระบบ,TICKET_GROUP_027
แจ้งเรื่องน้ำไม่ไหล ตรงห้องบรรยาย ช่วยมาดูหน่อย,TICKET_1048,หมวดอาคารและสิ่งอำนวยความสะดวก,เวลาปัจจุบันตามระบบ,TICKET_GROUP_027
แจ้งเรื่องหลังคารั่วหนักมาก ตรงห้องบรรยาย ช่วยมาดูหน่อย,TICKET_1049,หมวดอาคารและสิ่งอำนวยความสะดวก,เวลาปัจจุบันตามระบบ,TICKET_GROUP_019
สอบถามหน่อยครับ ทำบัตรนิสิตใหม่ที่ไหน,TICKET_1050,หมวดบริการทั่วไป / อื่นๆ,เวลาปัจจุบันตามระบบ,TICKET_GROUP_016
แจ้งทำความสะอาดตรงโรงอาหาร หญ้ารกมาก ครับ,TICKET_1051,หมวดภูมิทัศน์และความสะอาด,เวลาปัจจุบันตามระบบ,TICKET_GROUP_024
รปภ. ช่วยดูตรงหลังมอ หน่อยครับ คนจอดรถขวางทาง,TICKET_1052,หมวดความปลอดภัยและจราจร,เวลาปัจจุบันตามระบบ,TICKET_GROUP_012
ลงทะเบียนไม่ได้ ตอนนี้อยู่หน้ามอ ทำงานไม่ได้เลย,TICKET_1053,หมวดเทคโนโลยีสารสนเทศ,เวลาปัจจุบันตามระบบ,TICKET_GROUP_025
แจ้งทำความสะอาดตรงสวนหน้าตึก กิ่งไม้หักขวางทาง ครับ,TICKET_1054,หมวดภูมิทัศน์และความสะอาด,เวลาปัจจุบันตามระบบ,TICKET_GROUP_022
เน็ตหลุดบ่อยมาก ตอนนี้อยู่ห้องสมุด ทำงานไม่ได้เลย,TICKET_1055,หมวดเทคโนโลยีสารสนเทศ,เวลาปัจจุบันตามระบบ,TICKET_GROUP_020
รปภ. ช่วยดูตรงทางแยก หน่อยครับ ทางมืดมากอันตราย,TICKET_1056,หมวดความปลอดภัยและจราจร,เวลาปัจจุบันตามระบบ,TICKET_GROUP_021
สอบถามหน่อยครับ รถเมล์สาย 1 หมดกี่โมง,TICKET_1057,หมวดการเดินทางและระบบขนส่ง,เวลาปัจจุบันตามระบบ,TICKET_GROUP_015
แจ้งทำความสะอาดตรงริมสระน้ำ มีหมาจรจัดมาคุ้ยขยะ ครับ,TICKET_1058,หมวดภูมิทัศน์และความสะอาด,เวลาปัจจุบันตามระบบ,TICKET_GROUP_024
อาจารย์ครับ ตารางเรียนไม่ขึ้นระบบ รบกวนให้คำแนะนำที,TICKET_1059,หมวดการเรียนการสอนและวิชาการ,เวลาปัจจุบันตามระบบ,TICKET_GROUP_001
อาจารย์ครับ ลงทะเบียนวิชานี้ไม่ได้ รบกวนให้คำแนะนำที,TICKET_1060,หมวดการเรียนการสอนและวิชาการ,เวลาปัจจุบันตามระบบ,TICKET_GROUP_008
รปภ. ช่วยดูตรงลานจอดรถ หน่อยครับ มีรถชนกัน,TICKET_1061,หมวดความปลอดภัยและจราจร,เวลาปัจจุบันตามระบบ,TICKET_GROUP_021
เน็ตหลุดบ่อยมาก ตอนนี้อยู่ห้องสมุด ทำงานไม่ได้เลย,TICKET_1062,หมวดเทคโนโลยีสารสนเทศ,เวลาปัจจุบันตามระบบ,TICKET_GROUP_020
แจ้งเรื่องไฟดับครับ ตรงห้อง 1204 ช่วยมาดูหน่อย,TICKET_1063,หมวดอาคารและสิ่งอำนวยความสะดวก,เวลาปัจจุบันตามระบบ,TICKET_GROUP_011
รปภ. ช่วยดูตรงทางแยก หน่อยครับ รถติดหนักมาก,TICKET_1064,หมวดความปลอดภัยและจราจร,เวลาปัจจุบันตามระบบ,TICKET_GROUP_012
ลืมรหัสผ่านเข้าระบบ ตอนนี้อยู่หอพักใน ทำงานไม่ได้เลย,TICKET_1065,หมวดเทคโนโลยีสารสนเทศ,เวลาปัจจุบันตามระบบ,TICKET_GROUP_020
แจ้งเรื่องแอร์ไม่เย็นเลย ตรงห้อง 1204 ช่วยมาดูหน่อย,TICKET_1066,หมวดอาคารและสิ่งอำนวยความสะดวก,เวลาปัจจุบันตามระบบ,TICKET_GROUP_028
แจ้งทำความสะอาดตรงสวนหน้าตึก หญ้ารกมาก ครับ,TICKET_1067,หมวดภูมิทัศน์และความสะอาด,เวลาปัจจุบันตามระบบ,TICKET_GROUP_024
สอบถามหน่อยครับ อยากทราบกำหนดการกิจกรรมรับน้อง,TICKET_1068,หมวดบริการทั่วไป / อื่นๆ,เวลาปัจจุบันตามระบบ,TICKET_GROUP_014
รปภ. ช่วยดูตรงลานจอดรถ หน่อยครับ รถติดหนักมาก,TICKET_1069,หมวดความปลอดภัยและจราจร,เวลาปัจจุบันตามระบบ,TICKET_GROUP_021
สอบถามหน่อยครับ อยากทราบกำหนดการกิจกรรมรับน้อง,TICKET_1070,หมวดบริการทั่วไป / อื่นๆ,เวลาปัจจุบันตามระบบ,TICKET_GROUP_014
แจ้งเรื่องหลังคารั่วหนักมาก ตรงห้องน้ำตึกสงวน ช่วยมาดูหน่อย,TICKET_1071,หมวดอาคารและสิ่งอำนวยความสะดวก,เวลาปัจจุบันตามระบบ,TICKET_GROUP_019
แจ้งเรื่องแอร์ไม่เย็นเลย ตรงตึกวิทย์ ช่วยมาดูหน่อย,TICKET_1072,หมวดอาคารและสิ่งอำนวยความสะดวก,เวลาปัจจุบันตามระบบ,TICKET_GROUP_028
แจ้งทำความสะอาดตรงสนามบาส ขยะล้นถังส่งกลิ่นเหม็น ครับ,TICKET_1073,หมวดภูมิทัศน์และความสะอาด,เวลาปัจจุบันตามระบบ,TICKET_GROUP_022
อาจารย์ครับ ลงทะเบียนวิชานี้ไม่ได้ รบกวนให้คำแนะนำที,TICKET_1074,หมวดการเรียนการสอนและวิชาการ,เวลาปัจจุบันตามระบบ,TICKET_GROUP_008
รปภ. ช่วยดูตรงหลังมอ หน่อยครับ หมวกกันน็อคหาย,TICKET_1075,หมวดความปลอดภัยและจราจร,เวลาปัจจุบันตามระบบ,TICKET_GROUP_012
ลืมรหัสผ่านเข้าระบบ ตอนนี้อยู่ตึกคณะ ทำงานไม่ได้เลย,TICKET_1076,หมวดเทคโนโลยีสารสนเทศ,เวลาปัจจุบันตามระบบ,TICKET_GROUP_003
ลงทะเบียนไม่ได้ ตอนนี้อยู่ห้องสมุด ทำงานไม่ได้เลย,TICKET_1077,หมวดเทคโนโลยีสารสนเทศ,เวลาปัจจุบันตามระบบ,TICKET_GROUP_025
รปภ. ช่วยดูตรงหลังมอ หน่อยครับ ทางมืดมากอันตราย,TICKET_1078,หมวดความปลอดภัยและจราจร,เวลาปัจจุบันตามระบบ,TICKET_GROUP_021
สอบถามหน่อยครับ อยากทราบกำหนดการกิจกรรมรับน้อง,TICKET_1079,หมวดบริการทั่วไป / อื่นๆ,เวลาปัจจุบันตามระบบ,TICKET_GROUP_014
แจ้งเรื่องแอร์ไม่เย็นเลย ตรงอาคารเรียนรวม ช่วยมาดูหน่อย,TICKET_1080,หมวดอาคารและสิ่งอำนวยความสะดวก,เวลาปัจจุบันตามระบบ,TICKET_GROUP_028
รปภ. ช่วยดูตรงทางแยก หน่อยครับ หมวกกันน็อคหาย,TICKET_1081,หมวดความปลอดภัยและจราจร,เวลาปัจจุบันตามระบบ,TICKET_GROUP_004
แจ้งทำความสะอาดตรงโรงอาหาร กิ่งไม้หักขวางทาง ครับ,TICKET_1082,หมวดภูมิทัศน์และความสะอาด,เวลาปัจจุบันตามระบบ,TICKET_GROUP_002
อาจารย์ครับ อยากติดต่ออาจารย์เรื่องดรอปเรียน รบกวนให้คำแนะนำที,TICKET_1083,หมวดการเรียนการสอนและวิชาการ,เวลาปัจจุบันตามระบบ,TICKET_GROUP_026
รปภ. ช่วยดูตรงประตู 2 หน่อยครับ หมวกกันน็อคหาย,TICKET_1084,หมวดความปลอดภัยและจราจร,เวลาปัจจุบันตามระบบ,TICKET_GROUP_017
สอบถามหน่อยครับ อยากทราบกำหนดการกิจกรรมรับน้อง,TICKET_1085,หมวดบริการทั่วไป / อื่นๆ,เวลาปัจจุบันตามระบบ,TICKET_GROUP_014
สอบถามหน่อยครับ รถเมล์สาย 1 หมดกี่โมง,TICKET_1086,หมวดการเดินทางและระบบขนส่ง,เวลาปัจจุบันตามระบบ,TICKET_GROUP_015
เน็ตหลุดบ่อยมาก ตอนนี้อยู่หอพักใน ทำงานไม่ได้เลย,TICKET_1087,หมวดเทคโนโลยีสารสนเทศ,เวลาปัจจุบันตามระบบ,TICKET_GROUP_020
แจ้งเรื่องไฟดับครับ ตรงอาคารเรียนรวม ช่วยมาดูหน่อย,TICKET_1088,หมวดอาคารและสิ่งอำนวยความสะดวก,เวลาปัจจุบันตามระบบ,TICKET_GROUP_019
แจ้งเรื่องประตูพัง ตรงตึก ICT ช่วยมาดูหน่อย,TICKET_1089,หมวดอาคารและสิ่งอำนวยความสะดวก,เวลาปัจจุบันตามระบบ,TICKET_GROUP_027
อาจารย์ครับ ลงทะเบียนวิชานี้ไม่ได้ รบกวนให้คำแนะนำที,TICKET_1090,หมวดการเรียนการสอนและวิชาการ,เวลาปัจจุบันตามระบบ,TICKET_GROUP_008
ไวไฟเข้าไม่ได้ ตอนนี้อยู่หน้ามอ ทำงานไม่ได้เลย,TICKET_1091,หมวดเทคโนโลยีสารสนเทศ,เวลาปัจจุบันตามระบบ,TICKET_GROUP_025
รปภ. ช่วยดูตรงหลังมอ หน่อยครับ รถติดหนักมาก,TICKET_1092,หมวดความปลอดภัยและจราจร,เวลาปัจจุบันตามระบบ,TICKET_GROUP_012
แจ้งเรื่องแอร์ไม่เย็นเลย ตรงตึกวิทย์ ช่วยมาดูหน่อย,TICKET_1093,หมวดอาคารและสิ่งอำนวยความสะดวก,เวลาปัจจุบันตามระบบ,TICKET_GROUP_028
รปภ. ช่วยดูตรงประตู 2 หน่อยครับ คนจอดรถขวางทาง,TICKET_1094,หมวดความปลอดภัยและจราจร,เวลาปัจจุบันตามระบบ,TICKET_GROUP_017
แจ้งทำความสะอาดตรงทางเดิน มีหมาจรจัดมาคุ้ยขยะ ครับ,TICKET_1095,หมวดภูมิทัศน์และความสะอาด,เวลาปัจจุบันตามระบบ,TICKET_GROUP_018
อาจารย์ครับ ตารางเรียนไม่ขึ้นระบบ รบกวนให้คำแนะนำที,TICKET_1096,หมวดการเรียนการสอนและวิชาการ,เวลาปัจจุบันตามระบบ,TICKET_GROUP_001
รปภ. ช่วยดูตรงหลังมอ หน่อยครับ คนจอดรถขวางทาง,TICKET_1097,หมวดความปลอดภัยและจราจร,เวลาปัจจุบันตามระบบ,TICKET_GROUP_012
ลงทะเบียนไม่ได้ ตอนนี้อยู่ห้องสมุด ทำงานไม่ได้เลย,TICKET_1098,หมวดเทคโนโลยีสารสนเทศ,เวลาปัจจุบันตามระบบ,TICKET_GROUP_025
ลืมรหัสผ่านเข้าระบบ ตอนนี้อยู่ห้องสมุด ทำงานไม่ได้เลย,TICKET_1099,หมวดเทคโนโลยีสารสนเทศ,เวลาปัจจุบันตามระบบ,TICKET_GROUP_003
อาจารย์ครับ อยากติดต่ออาจารย์เรื่องดรอปเรียน รบกวนให้คำแนะนำที,TICKET_1100,หมวดการเรียนการสอนและวิชาการ,เวลาปัจจุบันตามระบบ,TICKET_GROUP_026
สอบถามหน่อยครับ สอบถามเรื่องทุนการศึกษา,TICKET_1101,หมวดบริการทั่วไป / อื่นๆ,เวลาปัจจุบันตามระบบ,TICKET_GROUP_007
แจ้งทำความสะอาดตรงริมสระน้ำ หญ้ารกมาก ครับ,TICKET_1102,หมวดภูมิทัศน์และความสะอาด,เวลาปัจจุบันตามระบบ,TICKET_GROUP_024
แจ้งทำความสะอาดตรงทางเดิน กิ่งไม้หักขวางทาง ครับ,TICKET_1103,หมวดภูมิทัศน์และความสะอาด,เวลาปัจจุบันตามระบบ,TICKET_GROUP_002
อาจารย์ครับ เกรดยังไม่ออกครับ รบกวนให้คำแนะนำที,TICKET_1104,หมวดการเรียนการสอนและวิชาการ,เวลาปัจจุบันตามระบบ,TICKET_GROUP_006
สอบถามหน่อยครับ ทำบัตรนิสิตใหม่ที่ไหน,TICKET_1105,หมวดบริการทั่วไป / อื่นๆ,เวลาปัจจุบันตามระบบ,TICKET_GROUP_016
แจ้งเรื่องแอร์ไม่เย็นเลย ตรงห้อง 1204 ช่วยมาดูหน่อย,TICKET_1106,หมวดอาคารและสิ่งอำนวยความสะดวก,เวลาปัจจุบันตามระบบ,TICKET_GROUP_028
สอบถามหน่อยครับ รถเมล์สาย 1 หมดกี่โมง,TICKET_1107,หมวดการเดินทางและระบบขนส่ง,เวลาปัจจุบันตามระบบ,TICKET_GROUP_015
ระบบล่ม ตอนนี้อยู่ห้องสมุด ทำงานไม่ได้เลย,TICKET_1108,หมวดเทคโนโลยีสารสนเทศ,เวลาปัจจุบันตามระบบ,TICKET_GROUP_025
สอบถามหน่อยครับ อยากทราบกำหนดการกิจกรรมรับน้อง,TICKET_1109,หมวดบริการทั่วไป / อื่นๆ,เวลาปัจจุบันตามระบบ,TICKET_GROUP_014
รปภ. ช่วยดูตรงทางแยก หน่อยครับ หมวกกันน็อคหาย,TICKET_1110,หมวดความปลอดภัยและจราจร,เวลาปัจจุบันตามระบบ,TICKET_GROUP_004
ลืมรหัสผ่านเข้าระบบ ตอนนี้อยู่ห้องสมุด ทำงานไม่ได้เลย,TICKET_1111,หมวดเทคโนโลยีสารสนเทศ,เวลาปัจจุบันตามระบบ,TICKET_GROUP_003
อาจารย์ครับ อยากติดต่ออาจารย์เรื่องดรอปเรียน รบกวนให้คำแนะนำที,TICKET_1112,หมวดการเรียนการสอนและวิชาการ,เวลาปัจจุบันตามระบบ,TICKET_GROUP_026
ลงทะเบียนไม่ได้ ตอนนี้อยู่ห้องสมุด ทำงานไม่ได้เลย,TICKET_1113,หมวดเทคโนโลยีสารสนเทศ,เวลาปัจจุบันตามระบบ,TICKET_GROUP_025
แจ้งทำความสะอาดตรงทางเดิน ขยะล้นถังส่งกลิ่นเหม็น ครับ,TICKET_1114,หมวดภูมิทัศน์และความสะอาด,เวลาปัจจุบันตามระบบ,TICKET_GROUP_022
อาจารย์ครับ เกรดยังไม่ออกครับ รบกวนให้คำแนะนำที,TICKET_1115,หมวดการเรียนการสอนและวิชาการ,เวลาปัจจุบันตามระบบ,TICKET_GROUP_006
แจ้งเรื่องน้ำไม่ไหล ตรงห้องน้ำตึกสงวน ช่วยมาดูหน่อย,TICKET_1116,หมวดอาคารและสิ่งอำนวยความสะดวก,เวลาปัจจุบันตามระบบ,TICKET_GROUP_027
แจ้งเรื่องแอร์ไม่เย็นเลย ตรงห้องน้ำตึกสงวน ช่วยมาดูหน่อย,TICKET_1117,หมวดอาคารและสิ่งอำนวยความสะดวก,เวลาปัจจุบันตามระบบ,TICKET_GROUP_028
เน็ตหลุดบ่อยมาก ตอนนี้อยู่ห้องสมุด ทำงานไม่ได้เลย,TICKET_1118,หมวดเทคโนโลยีสารสนเทศ,เวลาปัจจุบันตามระบบ,TICKET_GROUP_020
ลงทะเบียนไม่ได้ ตอนนี้อยู่หน้ามอ ทำงานไม่ได้เลย,TICKET_1119,หมวดเทคโนโลยีสารสนเทศ,เวลาปัจจุบันตามระบบ,TICKET_GROUP_025
อาจารย์ครับ เกรดยังไม่ออกครับ รบกวนให้คำแนะนำที,TICKET_1120,หมวดการเรียนการสอนและวิชาการ,เวลาปัจจุบันตามระบบ,TICKET_GROUP_006
อาจารย์ครับ ตารางเรียนไม่ขึ้นระบบ รบกวนให้คำแนะนำที,TICKET_1121,หมวดการเรียนการสอนและวิชาการ,เวลาปัจจุบันตามระบบ,TICKET_GROUP_001
ลงทะเบียนไม่ได้ ตอนนี้อยู่ตึกคณะ ทำงานไม่ได้เลย,TICKET_1122,หมวดเทคโนโลยีสารสนเทศ,เวลาปัจจุบันตามระบบ,TICKET_GROUP_025
อาจารย์ครับ อยากติดต่ออาจารย์เรื่องดรอปเรียน รบกวนให้คำแนะนำที,TICKET_1123,หมวดการเรียนการสอนและวิชาการ,เวลาปัจจุบันตามระบบ,TICKET_GROUP_026
แจ้งทำความสะอาดตรงริมสระน้ำ หญ้ารกมาก ครับ,TICKET_1124,หมวดภูมิทัศน์และความสะอาด,เวลาปัจจุบันตามระบบ,TICKET_GROUP_024
อาจารย์ครับ ตารางเรียนไม่ขึ้นระบบ รบกวนให้คำแนะนำที,TICKET_1125,หมวดการเรียนการสอนและวิชาการ,เวลาปัจจุบันตามระบบ,TICKET_GROUP_001
สอบถามหน่อยครับ ทำบัตรนิสิตใหม่ที่ไหน,TICKET_1126,หมวดบริการทั่วไป / อื่นๆ,เวลาปัจจุบันตามระบบ,TICKET_GROUP_016
แจ้งเรื่องไฟดับครับ ตรงห้องบรรยาย ช่วยมาดูหน่อย,TICKET_1127,หมวดอาคารและสิ่งอำนวยความสะดวก,เวลาปัจจุบันตามระบบ,TICKET_GROUP_011
สอบถามหน่อยครับ รถเมล์สาย 1 หมดกี่โมง,TICKET_1128,หมวดการเดินทางและระบบขนส่ง,เวลาปัจจุบันตามระบบ,TICKET_GROUP_015
แจ้งทำความสะอาดตรงริมสระน้ำ กิ่งไม้หักขวางทาง ครับ,TICKET_1129,หมวดภูมิทัศน์และความสะอาด,เวลาปัจจุบันตามระบบ,TICKET_GROUP_024
แจ้งทำความสะอาดตรงสนามบาส มีหมาจรจัดมาคุ้ยขยะ ครับ,TICKET_1130,หมวดภูมิทัศน์และความสะอาด,เวลาปัจจุบันตามระบบ,TICKET_GROUP_018
แจ้งทำความสะอาดตรงทางเดิน ขยะล้นถังส่งกลิ่นเหม็น ครับ,TICKET_1131,หมวดภูมิทัศน์และความสะอาด,เวลาปัจจุบันตามระบบ,TICKET_GROUP_022
เน็ตหลุดบ่อยมาก ตอนนี้อยู่ตึกคณะ ทำงานไม่ได้เลย,TICKET_1132,หมวดเทคโนโลยีสารสนเทศ,เวลาปัจจุบันตามระบบ,TICKET_GROUP_020
แจ้งเรื่องหลังคารั่วหนักมาก ตรงห้องบรรยาย ช่วยมาดูหน่อย,TICKET_1133,หมวดอาคารและสิ่งอำนวยความสะดวก,เวลาปัจจุบันตามระบบ,TICKET_GROUP_019
รปภ. ช่วยดูตรงประตู 2 หน่อยครับ ทางมืดมากอันตราย,TICKET_1134,หมวดความปลอดภัยและจราจร,เวลาปัจจุบันตามระบบ,TICKET_GROUP_021
รปภ. ช่วยดูตรงทางแยก หน่อยครับ ทางมืดมากอันตราย,TICKET_1135,หมวดความปลอดภัยและจราจร,เวลาปัจจุบันตามระบบ,TICKET_GROUP_021
แจ้งเรื่องแอร์ไม่เย็นเลย ตรงตึกวิทย์ ช่วยมาดูหน่อย,TICKET_1136,หมวดอาคารและสิ่งอำนวยความสะดวก,เวลาปัจจุบันตามระบบ,TICKET_GROUP_028
แจ้งเรื่องลิฟต์ค้าง ตรงตึก ICT ช่วยมาดูหน่อย,TICKET_1137,หมวดอาคารและสิ่งอำนวยความสะดวก,เวลาปัจจุบันตามระบบ,TICKET_GROUP_027
อาจารย์ครับ อยากติดต่ออาจารย์เรื่องดรอปเรียน รบกวนให้คำแนะนำที,TICKET_1138,หมวดการเรียนการสอนและวิชาการ,เวลาปัจจุบันตามระบบ,TICKET_GROUP_026
แจ้งทำความสะอาดตรงริมสระน้ำ สกปรกมากไม่ทำความสะอาด ครับ,TICKET_1139,หมวดภูมิทัศน์และความสะอาด,เวลาปัจจุบันตามระบบ,TICKET_GROUP_024
อาจารย์ครับ อยากติดต่ออาจารย์เรื่องดรอปเรียน รบกวนให้คำแนะนำที,TICKET_1140,หมวดการเรียนการสอนและวิชาการ,เวลาปัจจุบันตามระบบ,TICKET_GROUP_026
ลืมรหัสผ่านเข้าระบบ ตอนนี้อยู่หน้ามอ ทำงานไม่ได้เลย,TICKET_1141,หมวดเทคโนโลยีสารสนเทศ,เวลาปัจจุบันตามระบบ,TICKET_GROUP_025
แจ้งทำความสะอาดตรงสวนหน้าตึก ขยะล้นถังส่งกลิ่นเหม็น ครับ,TICKET_1142,หมวดภูมิทัศน์และความสะอาด,เวลาปัจจุบันตามระบบ,TICKET_GROUP_022
รปภ. ช่วยดูตรงทางแยก หน่อยครับ ทางมืดมากอันตราย,TICKET_1143,หมวดความปลอดภัยและจราจร,เวลาปัจจุบันตามระบบ,TICKET_GROUP_021
สอบถามหน่อยครับ รถเมล์สาย 1 หมดกี่โมง,TICKET_1144,หมวดการเดินทางและระบบขนส่ง,เวลาปัจจุบันตามระบบ,TICKET_GROUP_015
สอบถามหน่อยครับ สอบถามเรื่องทุนการศึกษา,TICKET_1145,หมวดบริการทั่วไป / อื่นๆ,เวลาปัจจุบันตามระบบ,TICKET_GROUP_007
ระบบล่ม ตอนนี้อยู่ห้องสมุด ทำงานไม่ได้เลย,TICKET_1146,หมวดเทคโนโลยีสารสนเทศ,เวลาปัจจุบันตามระบบ,TICKET_GROUP_025
สอบถามหน่อยครับ ทำบัตรนิสิตใหม่ที่ไหน,TICKET_1147,หมวดบริการทั่วไป / อื่นๆ,เวลาปัจจุบันตามระบบ,TICKET_GROUP_016
อาจารย์ครับ ตารางเรียนไม่ขึ้นระบบ รบกวนให้คำแนะนำที,TICKET_1148,หมวดการเรียนการสอนและวิชาการ,เวลาปัจจุบันตามระบบ,TICKET_GROUP_001
แจ้งทำความสะอาดตรงทางเดิน กิ่งไม้หักขวางทาง ครับ,TICKET_1149,หมวดภูมิทัศน์และความสะอาด,เวลาปัจจุบันตามระบบ,TICKET_GROUP_002
รปภ. ช่วยดูตรงประตู 2 หน่อยครับ ทางมืดมากอันตราย,TICKET_1150,หมวดความปลอดภัยและจราจร,เวลาปัจจุบันตามระบบ,TICKET_GROUP_021
ลงทะเบียนไม่ได้ ตอนนี้อยู่ตึกคณะ ทำงานไม่ได้เลย,TICKET_1151,หมวดเทคโนโลยีสารสนเทศ,เวลาปัจจุบันตามระบบ,TICKET_GROUP_025
สอบถามหน่อยครับ รถเมล์สาย 1 หมดกี่โมง,TICKET_1152,หมวดการเดินทางและระบบขนส่ง,เวลาปัจจุบันตามระบบ,TICKET_GROUP_015
รปภ. ช่วยดูตรงประตู 2 หน่อยครับ คนจอดรถขวางทาง,TICKET_1153,หมวดความปลอดภัยและจราจร,เวลาปัจจุบันตามระบบ,TICKET_GROUP_017
อาจารย์ครับ เกรดยังไม่ออกครับ รบกวนให้คำแนะนำที,TICKET_1154,หมวดการเรียนการสอนและวิชาการ,เวลาปัจจุบันตามระบบ,TICKET_GROUP_006
แจ้งเรื่องลิฟต์ค้าง ตรงห้องน้ำตึกสงวน ช่วยมาดูหน่อย,TICKET_1155,หมวดอาคารและสิ่งอำนวยความสะดวก,เวลาปัจจุบันตามระบบ,TICKET_GROUP_011
สอบถามหน่อยครับ รถเมล์สาย 1 หมดกี่โมง,TICKET_1156,หมวดการเดินทางและระบบขนส่ง,เวลาปัจจุบันตามระบบ,TICKET_GROUP_015
สอบถามหน่อยครับ สอบถามเรื่องทุนการศึกษา,TICKET_1157,หมวดบริการทั่วไป / อื่นๆ,เวลาปัจจุบันตามระบบ,TICKET_GROUP_007
อาจารย์ครับ อยากติดต่ออาจารย์เรื่องดรอปเรียน รบกวนให้คำแนะนำที,TICKET_1158,หมวดการเรียนการสอนและวิชาการ,เวลาปัจจุบันตามระบบ,TICKET_GROUP_026
แจ้งเรื่องหลังคารั่วหนักมาก ตรงอาคารเรียนรวม ช่วยมาดูหน่อย,TICKET_1159,หมวดอาคารและสิ่งอำนวยความสะดวก,เวลาปัจจุบันตามระบบ,TICKET_GROUP_019
อาจารย์ครับ ขอสอบชดเชยต้องทำไง รบกวนให้คำแนะนำที,TICKET_1160,หมวดการเรียนการสอนและวิชาการ,เวลาปัจจุบันตามระบบ,TICKET_GROUP_013
รปภ. ช่วยดูตรงทางแยก หน่อยครับ มีรถชนกัน,TICKET_1161,หมวดความปลอดภัยและจราจร,เวลาปัจจุบันตามระบบ,TICKET_GROUP_017
แจ้งทำความสะอาดตรงทางเดิน สกปรกมากไม่ทำความสะอาด ครับ,TICKET_1162,หมวดภูมิทัศน์และความสะอาด,เวลาปัจจุบันตามระบบ,TICKET_GROUP_023
แจ้งทำความสะอาดตรงริมสระน้ำ สกปรกมากไม่ทำความสะอาด ครับ,TICKET_1163,หมวดภูมิทัศน์และความสะอาด,เวลาปัจจุบันตามระบบ,TICKET_GROUP_024
รปภ. ช่วยดูตรงทางแยก หน่อยครับ หมวกกันน็อคหาย,TICKET_1164,หมวดความปลอดภัยและจราจร,เวลาปัจจุบันตามระบบ,TICKET_GROUP_004
แจ้งทำความสะอาดตรงสนามบาส หญ้ารกมาก ครับ,TICKET_1165,หมวดภูมิทัศน์และความสะอาด,เวลาปัจจุบันตามระบบ,TICKET_GROUP_024
แจ้งทำความสะอาดตรงโรงอาหาร หญ้ารกมาก ครับ,TICKET_1166,หมวดภูมิทัศน์และความสะอาด,เวลาปัจจุบันตามระบบ,TICKET_GROUP_024
แจ้งเรื่องน้ำไม่ไหล ตรงห้อง 1204 ช่วยมาดูหน่อย,TICKET_1167,หมวดอาคารและสิ่งอำนวยความสะดวก,เวลาปัจจุบันตามระบบ,TICKET_GROUP_027
แจ้งเรื่องไฟดับครับ ตรงห้องน้ำตึกสงวน ช่วยมาดูหน่อย,TICKET_1168,หมวดอาคารและสิ่งอำนวยความสะดวก,เวลาปัจจุบันตามระบบ,TICKET_GROUP_011
รปภ. ช่วยดูตรงประตู 2 หน่อยครับ รถติดหนักมาก,TICKET_1169,หมวดความปลอดภัยและจราจร,เวลาปัจจุบันตามระบบ,TICKET_GROUP_017
แจ้งเรื่องน้ำไม่ไหล ตรงอาคารเรียนรวม ช่วยมาดูหน่อย,TICKET_1170,หมวดอาคารและสิ่งอำนวยความสะดวก,เวลาปัจจุบันตามระบบ,TICKET_GROUP_027
อาจารย์ครับ ขอสอบชดเชยต้องทำไง รบกวนให้คำแนะนำที,TICKET_1171,หมวดการเรียนการสอนและวิชาการ,เวลาปัจจุบันตามระบบ,TICKET_GROUP_013
แจ้งเรื่องน้ำไม่ไหล ตรงตึก ICT ช่วยมาดูหน่อย,TICKET_1172,หมวดอาคารและสิ่งอำนวยความสะดวก,เวลาปัจจุบันตามระบบ,TICKET_GROUP_027
แจ้งทำความสะอาดตรงริมสระน้ำ กิ่งไม้หักขวางทาง ครับ,TICKET_1173,หมวดภูมิทัศน์และความสะอาด,เวลาปัจจุบันตามระบบ,TICKET_GROUP_024
รปภ. ช่วยดูตรงหลังมอ หน่อยครับ ทางมืดมากอันตราย,TICKET_1174,หมวดความปลอดภัยและจราจร,เวลาปัจจุบันตามระบบ,TICKET_GROUP_021
ระบบล่ม ตอนนี้อยู่ตึกคณะ ทำงานไม่ได้เลย,TICKET_1175,หมวดเทคโนโลยีสารสนเทศ,เวลาปัจจุบันตามระบบ,TICKET_GROUP_025
อาจารย์ครับ อยากติดต่ออาจารย์เรื่องดรอปเรียน รบกวนให้คำแนะนำที,TICKET_1176,หมวดการเรียนการสอนและวิชาการ,เวลาปัจจุบันตามระบบ,TICKET_GROUP_026
อาจารย์ครับ เกรดยังไม่ออกครับ รบกวนให้คำแนะนำที,TICKET_1177,หมวดการเรียนการสอนและวิชาการ,เวลาปัจจุบันตามระบบ,TICKET_GROUP_006
สอบถามหน่อยครับ สอบถามเรื่องทุนการศึกษา,TICKET_1178,หมวดบริการทั่วไป / อื่นๆ,เวลาปัจจุบันตามระบบ,TICKET_GROUP_007
ลงทะเบียนไม่ได้ ตอนนี้อยู่หน้ามอ ทำงานไม่ได้เลย,TICKET_1179,หมวดเทคโนโลยีสารสนเทศ,เวลาปัจจุบันตามระบบ,TICKET_GROUP_025
สอบถามหน่อยครับ รถเมล์สาย 1 หมดกี่โมง,TICKET_1180,หมวดการเดินทางและระบบขนส่ง,เวลาปัจจุบันตามระบบ,TICKET_GROUP_015
แจ้งเรื่องแอร์ไม่เย็นเลย ตรงห้องบรรยาย ช่วยมาดูหน่อย,TICKET_1181,หมวดอาคารและสิ่งอำนวยความสะดวก,เวลาปัจจุบันตามระบบ,TICKET_GROUP_028
สอบถามหน่อยครับ สอบถามเรื่องทุนการศึกษา,TICKET_1182,หมวดบริการทั่วไป / อื่นๆ,เวลาปัจจุบันตามระบบ,TICKET_GROUP_007
แจ้งเรื่องหลังคารั่วหนักมาก ตรงห้อง 1204 ช่วยมาดูหน่อย,TICKET_1183,หมวดอาคารและสิ่งอำนวยความสะดวก,เวลาปัจจุบันตามระบบ,TICKET_GROUP_019
แจ้งทำความสะอาดตรงสนามบาส กิ่งไม้หักขวางทาง ครับ,TICKET_1184,หมวดภูมิทัศน์และความสะอาด,เวลาปัจจุบันตามระบบ,TICKET_GROUP_023
รปภ. ช่วยดูตรงประตู 2 หน่อยครับ หมวกกันน็อคหาย,TICKET_1185,หมวดความปลอดภัยและจราจร,เวลาปัจจุบันตามระบบ,TICKET_GROUP_017
รปภ. ช่วยดูตรงหน้ามอ หน่อยครับ หมวกกันน็อคหาย,TICKET_1186,หมวดความปลอดภัยและจราจร,เวลาปัจจุบันตามระบบ,TICKET_GROUP_005
แจ้งทำความสะอาดตรงสนามบาส มีหมาจรจัดมาคุ้ยขยะ ครับ,TICKET_1187,หมวดภูมิทัศน์และความสะอาด,เวลาปัจจุบันตามระบบ,TICKET_GROUP_018
รปภ. ช่วยดูตรงทางแยก หน่อยครับ คนจอดรถขวางทาง,TICKET_1188,หมวดความปลอดภัยและจราจร,เวลาปัจจุบันตามระบบ,TICKET_GROUP_005
อาจารย์ครับ ตารางเรียนไม่ขึ้นระบบ รบกวนให้คำแนะนำที,TICKET_1189,หมวดการเรียนการสอนและวิชาการ,เวลาปัจจุบันตามระบบ,TICKET_GROUP_001
แจ้งเรื่องลิฟต์ค้าง ตรงห้องน้ำตึกสงวน ช่วยมาดูหน่อย,TICKET_1190,หมวดอาคารและสิ่งอำนวยความสะดวก,เวลาปัจจุบันตามระบบ,TICKET_GROUP_011
ระบบล่ม ตอนนี้อยู่ตึกคณะ ทำงานไม่ได้เลย,TICKET_1191,หมวดเทคโนโลยีสารสนเทศ,เวลาปัจจุบันตามระบบ,TICKET_GROUP_025
ไวไฟเข้าไม่ได้ ตอนนี้อยู่หน้ามอ ทำงานไม่ได้เลย,TICKET_1192,หมวดเทคโนโลยีสารสนเทศ,เวลาปัจจุบันตามระบบ,TICKET_GROUP_025
อาจารย์ครับ อยากติดต่ออาจารย์เรื่องดรอปเรียน รบกวนให้คำแนะนำที,TICKET_1193,หมวดการเรียนการสอนและวิชาการ,เวลาปัจจุบันตามระบบ,TICKET_GROUP_026
รปภ. ช่วยดูตรงทางแยก หน่อยครับ รถติดหนักมาก,TICKET_1194,หมวดความปลอดภัยและจราจร,เวลาปัจจุบันตามระบบ,TICKET_GROUP_012
สอบถามหน่อยครับ ทำบัตรนิสิตใหม่ที่ไหน,TICKET_1195,หมวดบริการทั่วไป / อื่นๆ,เวลาปัจจุบันตามระบบ,TICKET_GROUP_016
แจ้งทำความสะอาดตรงสวนหน้าตึก มีหมาจรจัดมาคุ้ยขยะ ครับ,TICKET_1196,หมวดภูมิทัศน์และความสะอาด,เวลาปัจจุบันตามระบบ,TICKET_GROUP_018
แจ้งทำความสะอาดตรงโรงอาหาร ขยะล้นถังส่งกลิ่นเหม็น ครับ,TICKET_1197,หมวดภูมิทัศน์และความสะอาด,เวลาปัจจุบันตามระบบ,TICKET_GROUP_022
แจ้งเรื่องแอร์ไม่เย็นเลย ตรงห้อง 1204 ช่วยมาดูหน่อย,TICKET_1198,หมวดอาคารและสิ่งอำนวยความสะดวก,เวลาปัจจุบันตามระบบ,TICKET_GROUP_028
แจ้งเรื่องแอร์ไม่เย็นเลย ตรงตึกวิทย์ ช่วยมาดูหน่อย,TICKET_1199,หมวดอาคารและสิ่งอำนวยความสะดวก,เวลาปัจจุบันตามระบบ,TICKET_GROUP_028
อาจารย์ครับ อยากติดต่ออาจารย์เรื่องดรอปเรียน รบกวนให้คำแนะนำที,TICKET_1200,หมวดการเรียนการสอนและวิชาการ,เวลาปัจจุบันตามระบบ,TICKET_GROUP_026
รปภ. ช่วยดูตรงลานจอดรถ หน่อยครับ ทางมืดมากอันตราย,TICKET_1201,หมวดความปลอดภัยและจราจร,เวลาปัจจุบันตามระบบ,TICKET_GROUP_021
ระบบล่ม ตอนนี้อยู่หน้ามอ ทำงานไม่ได้เลย,TICKET_1202,หมวดเทคโนโลยีสารสนเทศ,เวลาปัจจุบันตามระบบ,TICKET_GROUP_025
รปภ. ช่วยดูตรงหน้ามอ หน่อยครับ หมวกกันน็อคหาย,TICKET_1203,หมวดความปลอดภัยและจราจร,เวลาปัจจุบันตามระบบ,TICKET_GROUP_005
ระบบล่ม ตอนนี้อยู่ห้องสมุด ทำงานไม่ได้เลย,TICKET_1204,หมวดเทคโนโลยีสารสนเทศ,เวลาปัจจุบันตามระบบ,TICKET_GROUP_025
อาจารย์ครับ อยากติดต่ออาจารย์เรื่องดรอปเรียน รบกวนให้คำแนะนำที,TICKET_1205,หมวดการเรียนการสอนและวิชาการ,เวลาปัจจุบันตามระบบ,TICKET_GROUP_026
แจ้งทำความสะอาดตรงสนามบาส มีหมาจรจัดมาคุ้ยขยะ ครับ,TICKET_1206,หมวดภูมิทัศน์และความสะอาด,เวลาปัจจุบันตามระบบ,TICKET_GROUP_018
แจ้งเรื่องไฟดับครับ ตรงห้อง 1204 ช่วยมาดูหน่อย,TICKET_1207,หมวดอาคารและสิ่งอำนวยความสะดวก,เวลาปัจจุบันตามระบบ,TICKET_GROUP_011
อาจารย์ครับ ลงทะเบียนวิชานี้ไม่ได้ รบกวนให้คำแนะนำที,TICKET_1208,หมวดการเรียนการสอนและวิชาการ,เวลาปัจจุบันตามระบบ,TICKET_GROUP_008
แจ้งทำความสะอาดตรงทางเดิน สกปรกมากไม่ทำความสะอาด ครับ,TICKET_1209,หมวดภูมิทัศน์และความสะอาด,เวลาปัจจุบันตามระบบ,TICKET_GROUP_023
อาจารย์ครับ ตารางเรียนไม่ขึ้นระบบ รบกวนให้คำแนะนำที,TICKET_1210,หมวดการเรียนการสอนและวิชาการ,เวลาปัจจุบันตามระบบ,TICKET_GROUP_001
แจ้งทำความสะอาดตรงสวนหน้าตึก สกปรกมากไม่ทำความสะอาด ครับ,TICKET_1211,หมวดภูมิทัศน์และความสะอาด,เวลาปัจจุบันตามระบบ,TICKET_GROUP_023
อาจารย์ครับ ขอสอบชดเชยต้องทำไง รบกวนให้คำแนะนำที,TICKET_1212,หมวดการเรียนการสอนและวิชาการ,เวลาปัจจุบันตามระบบ,TICKET_GROUP_013
สอบถามหน่อยครับ อยากทราบกำหนดการกิจกรรมรับน้อง,TICKET_1213,หมวดบริการทั่วไป / อื่นๆ,เวลาปัจจุบันตามระบบ,TICKET_GROUP_014
อาจารย์ครับ อยากติดต่ออาจารย์เรื่องดรอปเรียน รบกวนให้คำแนะนำที,TICKET_1214,หมวดการเรียนการสอนและวิชาการ,เวลาปัจจุบันตามระบบ,TICKET_GROUP_026
สอบถามหน่อยครับ สอบถามเรื่องทุนการศึกษา,TICKET_1215,หมวดบริการทั่วไป / อื่นๆ,เวลาปัจจุบันตามระบบ,TICKET_GROUP_007
ลงทะเบียนไม่ได้ ตอนนี้อยู่ตึกคณะ ทำงานไม่ได้เลย,TICKET_1216,หมวดเทคโนโลยีสารสนเทศ,เวลาปัจจุบันตามระบบ,TICKET_GROUP_025
สอบถามหน่อยครับ อยากทราบกำหนดการกิจกรรมรับน้อง,TICKET_1217,หมวดบริการทั่วไป / อื่นๆ,เวลาปัจจุบันตามระบบ,TICKET_GROUP_014
ไวไฟเข้าไม่ได้ ตอนนี้อยู่หอพักใน ทำงานไม่ได้เลย,TICKET_1218,หมวดเทคโนโลยีสารสนเทศ,เวลาปัจจุบันตามระบบ,TICKET_GROUP_025
แจ้งทำความสะอาดตรงโรงอาหาร กิ่งไม้หักขวางทาง ครับ,TICKET_1219,หมวดภูมิทัศน์และความสะอาด,เวลาปัจจุบันตามระบบ,TICKET_GROUP_002
ไวไฟเข้าไม่ได้ ตอนนี้อยู่ตึกคณะ ทำงานไม่ได้เลย,TICKET_1220,หมวดเทคโนโลยีสารสนเทศ,เวลาปัจจุบันตามระบบ,TICKET_GROUP_025
แจ้งเรื่องลิฟต์ค้าง ตรงห้อง 1204 ช่วยมาดูหน่อย,TICKET_1221,หมวดอาคารและสิ่งอำนวยความสะดวก,เวลาปัจจุบันตามระบบ,TICKET_GROUP_009
แจ้งทำความสะอาดตรงโรงอาหาร มีหมาจรจัดมาคุ้ยขยะ ครับ,TICKET_1222,หมวดภูมิทัศน์และความสะอาด,เวลาปัจจุบันตามระบบ,TICKET_GROUP_018
รปภ. ช่วยดูตรงหลังมอ หน่อยครับ มีรถชนกัน,TICKET_1223,หมวดความปลอดภัยและจราจร,เวลาปัจจุบันตามระบบ,TICKET_GROUP_017
สอบถามหน่อยครับ รถเมล์สาย 1 หมดกี่โมง,TICKET_1224,หมวดการเดินทางและระบบขนส่ง,เวลาปัจจุบันตามระบบ,TICKET_GROUP_015
อาจารย์ครับ เกรดยังไม่ออกครับ รบกวนให้คำแนะนำที,TICKET_1225,หมวดการเรียนการสอนและวิชาการ,เวลาปัจจุบันตามระบบ,TICKET_GROUP_006
แจ้งทำความสะอาดตรงสนามบาส ขยะล้นถังส่งกลิ่นเหม็น ครับ,TICKET_1226,หมวดภูมิทัศน์และความสะอาด,เวลาปัจจุบันตามระบบ,TICKET_GROUP_022
สอบถามหน่อยครับ อยากทราบกำหนดการกิจกรรมรับน้อง,TICKET_1227,หมวดบริการทั่วไป / อื่นๆ,เวลาปัจจุบันตามระบบ,TICKET_GROUP_014
แจ้งทำความสะอาดตรงริมสระน้ำ สกปรกมากไม่ทำความสะอาด ครับ,TICKET_1228,หมวดภูมิทัศน์และความสะอาด,เวลาปัจจุบันตามระบบ,TICKET_GROUP_024
สอบถามหน่อยครับ ทำบัตรนิสิตใหม่ที่ไหน,TICKET_1229,หมวดบริการทั่วไป / อื่นๆ,เวลาปัจจุบันตามระบบ,TICKET_GROUP_016
สอบถามหน่อยครับ รถเมล์สาย 1 หมดกี่โมง,TICKET_1230,หมวดการเดินทางและระบบขนส่ง,เวลาปัจจุบันตามระบบ,TICKET_GROUP_015
รปภ. ช่วยดูตรงประตู 2 หน่อยครับ คนจอดรถขวางทาง,TICKET_1231,หมวดความปลอดภัยและจราจร,เวลาปัจจุบันตามระบบ,TICKET_GROUP_017
แจ้งทำความสะอาดตรงโรงอาหาร ขยะล้นถังส่งกลิ่นเหม็น ครับ,TICKET_1232,หมวดภูมิทัศน์และความสะอาด,เวลาปัจจุบันตามระบบ,TICKET_GROUP_022
สอบถามหน่อยครับ ทำบัตรนิสิตใหม่ที่ไหน,TICKET_1233,หมวดบริการทั่วไป / อื่นๆ,เวลาปัจจุบันตามระบบ,TICKET_GROUP_016
แจ้งทำความสะอาดตรงสวนหน้าตึก ขยะล้นถังส่งกลิ่นเหม็น ครับ,TICKET_1234,หมวดภูมิทัศน์และความสะอาด,เวลาปัจจุบันตามระบบ,TICKET_GROUP_022
แจ้งเรื่องแอร์ไม่เย็นเลย ตรงห้อง 1204 ช่วยมาดูหน่อย,TICKET_1235,หมวดอาคารและสิ่งอำนวยความสะดวก,เวลาปัจจุบันตามระบบ,TICKET_GROUP_028
อาจารย์ครับ อยากติดต่ออาจารย์เรื่องดรอปเรียน รบกวนให้คำแนะนำที,TICKET_1236,หมวดการเรียนการสอนและวิชาการ,เวลาปัจจุบันตามระบบ,TICKET_GROUP_026
แจ้งทำความสะอาดตรงโรงอาหาร หญ้ารกมาก ครับ,TICKET_1237,หมวดภูมิทัศน์และความสะอาด,เวลาปัจจุบันตามระบบ,TICKET_GROUP_024
อาจารย์ครับ เกรดยังไม่ออกครับ รบกวนให้คำแนะนำที,TICKET_1238,หมวดการเรียนการสอนและวิชาการ,เวลาปัจจุบันตามระบบ,TICKET_GROUP_006
ลืมรหัสผ่านเข้าระบบ ตอนนี้อยู่หอพักใน ทำงานไม่ได้เลย,TICKET_1239,หมวดเทคโนโลยีสารสนเทศ,เวลาปัจจุบันตามระบบ,TICKET_GROUP_020
แจ้งทำความสะอาดตรงริมสระน้ำ มีหมาจรจัดมาคุ้ยขยะ ครับ,TICKET_1240,หมวดภูมิทัศน์และความสะอาด,เวลาปัจจุบันตามระบบ,TICKET_GROUP_024
รปภ. ช่วยดูตรงลานจอดรถ หน่อยครับ รถติดหนักมาก,TICKET_1241,หมวดความปลอดภัยและจราจร,เวลาปัจจุบันตามระบบ,TICKET_GROUP_021
ระบบล่ม ตอนนี้อยู่ห้องสมุด ทำงานไม่ได้เลย,TICKET_1242,หมวดเทคโนโลยีสารสนเทศ,เวลาปัจจุบันตามระบบ,TICKET_GROUP_025
สอบถามหน่อยครับ สอบถามเรื่องทุนการศึกษา,TICKET_1243,หมวดบริการทั่วไป / อื่นๆ,เวลาปัจจุบันตามระบบ,TICKET_GROUP_007
รปภ. ช่วยดูตรงทางแยก หน่อยครับ หมวกกันน็อคหาย,TICKET_1244,หมวดความปลอดภัยและจราจร,เวลาปัจจุบันตามระบบ,TICKET_GROUP_004
แจ้งทำความสะอาดตรงริมสระน้ำ หญ้ารกมาก ครับ,TICKET_1245,หมวดภูมิทัศน์และความสะอาด,เวลาปัจจุบันตามระบบ,TICKET_GROUP_024
สอบถามหน่อยครับ สอบถามเรื่องทุนการศึกษา,TICKET_1246,หมวดบริการทั่วไป / อื่นๆ,เวลาปัจจุบันตามระบบ,TICKET_GROUP_007
แจ้งเรื่องลิฟต์ค้าง ตรงห้องบรรยาย ช่วยมาดูหน่อย,TICKET_1247,หมวดอาคารและสิ่งอำนวยความสะดวก,เวลาปัจจุบันตามระบบ,TICKET_GROUP_010
ไวไฟเข้าไม่ได้ ตอนนี้อยู่หอพักใน ทำงานไม่ได้เลย,TICKET_1248,หมวดเทคโนโลยีสารสนเทศ,เวลาปัจจุบันตามระบบ,TICKET_GROUP_025
แจ้งเรื่องลิฟต์ค้าง ตรงอาคารเรียนรวม ช่วยมาดูหน่อย,TICKET_1249,หมวดอาคารและสิ่งอำนวยความสะดวก,เวลาปัจจุบันตามระบบ,TICKET_GROUP_019
แจ้งเรื่องแอร์ไม่เย็นเลย ตรงห้องน้ำตึกสงวน ช่วยมาดูหน่อย,TICKET_1250,หมวดอาคารและสิ่งอำนวยความสะดวก,เวลาปัจจุบันตามระบบ,TICKET_GROUP_028
เน็ตหลุดบ่อยมาก ตอนนี้อยู่ห้องสมุด ทำงานไม่ได้เลย,TICKET_1251,หมวดเทคโนโลยีสารสนเทศ,เวลาปัจจุบันตามระบบ,TICKET_GROUP_020
รปภ. ช่วยดูตรงประตู 2 หน่อยครับ คนจอดรถขวางทาง,TICKET_1252,หมวดความปลอดภัยและจราจร,เวลาปัจจุบันตามระบบ,TICKET_GROUP_017
อาจารย์ครับ ลงทะเบียนวิชานี้ไม่ได้ รบกวนให้คำแนะนำที,TICKET_1253,หมวดการเรียนการสอนและวิชาการ,เวลาปัจจุบันตามระบบ,TICKET_GROUP_008
สอบถามหน่อยครับ สอบถามเรื่องทุนการศึกษา,TICKET_1254,หมวดบริการทั่วไป / อื่นๆ,เวลาปัจจุบันตามระบบ,TICKET_GROUP_007
ระบบล่ม ตอนนี้อยู่ห้องสมุด ทำงานไม่ได้เลย,TICKET_1255,หมวดเทคโนโลยีสารสนเทศ,เวลาปัจจุบันตามระบบ,TICKET_GROUP_025
อาจารย์ครับ ตารางเรียนไม่ขึ้นระบบ รบกวนให้คำแนะนำที,TICKET_1256,หมวดการเรียนการสอนและวิชาการ,เวลาปัจจุบันตามระบบ,TICKET_GROUP_001
ลืมรหัสผ่านเข้าระบบ ตอนนี้อยู่ตึกคณะ ทำงานไม่ได้เลย,TICKET_1257,หมวดเทคโนโลยีสารสนเทศ,เวลาปัจจุบันตามระบบ,TICKET_GROUP_003
อาจารย์ครับ ลงทะเบียนวิชานี้ไม่ได้ รบกวนให้คำแนะนำที,TICKET_1258,หมวดการเรียนการสอนและวิชาการ,เวลาปัจจุบันตามระบบ,TICKET_GROUP_008
ไวไฟเข้าไม่ได้ ตอนนี้อยู่ห้องสมุด ทำงานไม่ได้เลย,TICKET_1259,หมวดเทคโนโลยีสารสนเทศ,เวลาปัจจุบันตามระบบ,TICKET_GROUP_025
รปภ. ช่วยดูตรงหลังมอ หน่อยครับ คนจอดรถขวางทาง,TICKET_1260,หมวดความปลอดภัยและจราจร,เวลาปัจจุบันตามระบบ,TICKET_GROUP_012
อาจารย์ครับ ลงทะเบียนวิชานี้ไม่ได้ รบกวนให้คำแนะนำที,TICKET_1261,หมวดการเรียนการสอนและวิชาการ,เวลาปัจจุบันตามระบบ,TICKET_GROUP_008
ลงทะเบียนไม่ได้ ตอนนี้อยู่หน้ามอ ทำงานไม่ได้เลย,TICKET_1262,หมวดเทคโนโลยีสารสนเทศ,เวลาปัจจุบันตามระบบ,TICKET_GROUP_025
อาจารย์ครับ ขอสอบชดเชยต้องทำไง รบกวนให้คำแนะนำที,TICKET_1263,หมวดการเรียนการสอนและวิชาการ,เวลาปัจจุบันตามระบบ,TICKET_GROUP_013
สอบถามหน่อยครับ อยากทราบกำหนดการกิจกรรมรับน้อง,TICKET_1264,หมวดบริการทั่วไป / อื่นๆ,เวลาปัจจุบันตามระบบ,TICKET_GROUP_014
อาจารย์ครับ อยากติดต่ออาจารย์เรื่องดรอปเรียน รบกวนให้คำแนะนำที,TICKET_1265,หมวดการเรียนการสอนและวิชาการ,เวลาปัจจุบันตามระบบ,TICKET_GROUP_026
ลงทะเบียนไม่ได้ ตอนนี้อยู่ตึกคณะ ทำงานไม่ได้เลย,TICKET_1266,หมวดเทคโนโลยีสารสนเทศ,เวลาปัจจุบันตามระบบ,TICKET_GROUP_025
แจ้งเรื่องประตูพัง ตรงห้อง 1204 ช่วยมาดูหน่อย,TICKET_1267,หมวดอาคารและสิ่งอำนวยความสะดวก,เวลาปัจจุบันตามระบบ,TICKET_GROUP_010
แจ้งเรื่องน้ำไม่ไหล ตรงห้อง 1204 ช่วยมาดูหน่อย,TICKET_1268,หมวดอาคารและสิ่งอำนวยความสะดวก,เวลาปัจจุบันตามระบบ,TICKET_GROUP_027
ไวไฟเข้าไม่ได้ ตอนนี้อยู่หอพักใน ทำงานไม่ได้เลย,TICKET_1269,หมวดเทคโนโลยีสารสนเทศ,เวลาปัจจุบันตามระบบ,TICKET_GROUP_025
อาจารย์ครับ ลงทะเบียนวิชานี้ไม่ได้ รบกวนให้คำแนะนำที,TICKET_1270,หมวดการเรียนการสอนและวิชาการ,เวลาปัจจุบันตามระบบ,TICKET_GROUP_008
แจ้งเรื่องแอร์ไม่เย็นเลย ตรงห้องบรรยาย ช่วยมาดูหน่อย,TICKET_1271,หมวดอาคารและสิ่งอำนวยความสะดวก,เวลาปัจจุบันตามระบบ,TICKET_GROUP_028
อาจารย์ครับ อยากติดต่ออาจารย์เรื่องดรอปเรียน รบกวนให้คำแนะนำที,TICKET_1272,หมวดการเรียนการสอนและวิชาการ,เวลาปัจจุบันตามระบบ,TICKET_GROUP_026
อาจารย์ครับ ขอสอบชดเชยต้องทำไง รบกวนให้คำแนะนำที,TICKET_1273,หมวดการเรียนการสอนและวิชาการ,เวลาปัจจุบันตามระบบ,TICKET_GROUP_013
ไวไฟเข้าไม่ได้ ตอนนี้อยู่ตึกคณะ ทำงานไม่ได้เลย,TICKET_1274,หมวดเทคโนโลยีสารสนเทศ,เวลาปัจจุบันตามระบบ,TICKET_GROUP_025
อาจารย์ครับ ตารางเรียนไม่ขึ้นระบบ รบกวนให้คำแนะนำที,TICKET_1275,หมวดการเรียนการสอนและวิชาการ,เวลาปัจจุบันตามระบบ,TICKET_GROUP_001
แจ้งเรื่องแอร์ไม่เย็นเลย ตรงห้อง 1204 ช่วยมาดูหน่อย,TICKET_1276,หมวดอาคารและสิ่งอำนวยความสะดวก,เวลาปัจจุบันตามระบบ,TICKET_GROUP_028
รปภ. ช่วยดูตรงหลังมอ หน่อยครับ รถติดหนักมาก,TICKET_1277,หมวดความปลอดภัยและจราจร,เวลาปัจจุบันตามระบบ,TICKET_GROUP_012
แจ้งทำความสะอาดตรงริมสระน้ำ กิ่งไม้หักขวางทาง ครับ,TICKET_1278,หมวดภูมิทัศน์และความสะอาด,เวลาปัจจุบันตามระบบ,TICKET_GROUP_024
แจ้งทำความสะอาดตรงทางเดิน กิ่งไม้หักขวางทาง ครับ,TICKET_1279,หมวดภูมิทัศน์และความสะอาด,เวลาปัจจุบันตามระบบ,TICKET_GROUP_002
สอบถามหน่อยครับ รถเมล์สาย 1 หมดกี่โมง,TICKET_1280,หมวดการเดินทางและระบบขนส่ง,เวลาปัจจุบันตามระบบ,TICKET_GROUP_015
แจ้งทำความสะอาดตรงโรงอาหาร สกปรกมากไม่ทำความสะอาด ครับ,TICKET_1281,หมวดภูมิทัศน์และความสะอาด,เวลาปัจจุบันตามระบบ,TICKET_GROUP_023
รปภ. ช่วยดูตรงหลังมอ หน่อยครับ ทางมืดมากอันตราย,TICKET_1282,หมวดความปลอดภัยและจราจร,เวลาปัจจุบันตามระบบ,TICKET_GROUP_021
ลืมรหัสผ่านเข้าระบบ ตอนนี้อยู่ตึกคณะ ทำงานไม่ได้เลย,TICKET_1283,หมวดเทคโนโลยีสารสนเทศ,เวลาปัจจุบันตามระบบ,TICKET_GROUP_003
แจ้งเรื่องแอร์ไม่เย็นเลย ตรงห้องน้ำตึกสงวน ช่วยมาดูหน่อย,TICKET_1284,หมวดอาคารและสิ่งอำนวยความสะดวก,เวลาปัจจุบันตามระบบ,TICKET_GROUP_028
แจ้งเรื่องน้ำไม่ไหล ตรงห้องบรรยาย ช่วยมาดูหน่อย,TICKET_1285,หมวดอาคารและสิ่งอำนวยความสะดวก,เวลาปัจจุบันตามระบบ,TICKET_GROUP_027
รปภ. ช่วยดูตรงลานจอดรถ หน่อยครับ รถติดหนักมาก,TICKET_1286,หมวดความปลอดภัยและจราจร,เวลาปัจจุบันตามระบบ,TICKET_GROUP_021
แจ้งทำความสะอาดตรงริมสระน้ำ มีหมาจรจัดมาคุ้ยขยะ ครับ,TICKET_1287,หมวดภูมิทัศน์และความสะอาด,เวลาปัจจุบันตามระบบ,TICKET_GROUP_024
แจ้งทำความสะอาดตรงสวนหน้าตึก ขยะล้นถังส่งกลิ่นเหม็น ครับ,TICKET_1288,หมวดภูมิทัศน์และความสะอาด,เวลาปัจจุบันตามระบบ,TICKET_GROUP_022
สอบถามหน่อยครับ อยากทราบกำหนดการกิจกรรมรับน้อง,TICKET_1289,หมวดบริการทั่วไป / อื่นๆ,เวลาปัจจุบันตามระบบ,TICKET_GROUP_014
ระบบล่ม ตอนนี้อยู่หน้ามอ ทำงานไม่ได้เลย,TICKET_1290,หมวดเทคโนโลยีสารสนเทศ,เวลาปัจจุบันตามระบบ,TICKET_GROUP_025
สอบถามหน่อยครับ ทำบัตรนิสิตใหม่ที่ไหน,TICKET_1291,หมวดบริการทั่วไป / อื่นๆ,เวลาปัจจุบันตามระบบ,TICKET_GROUP_016
แจ้งทำความสะอาดตรงโรงอาหาร สกปรกมากไม่ทำความสะอาด ครับ,TICKET_1292,หมวดภูมิทัศน์และความสะอาด,เวลาปัจจุบันตามระบบ,TICKET_GROUP_023
รปภ. ช่วยดูตรงลานจอดรถ หน่อยครับ หมวกกันน็อคหาย,TICKET_1293,หมวดความปลอดภัยและจราจร,เวลาปัจจุบันตามระบบ,TICKET_GROUP_021
ไวไฟเข้าไม่ได้ ตอนนี้อยู่ตึกคณะ ทำงานไม่ได้เลย,TICKET_1294,หมวดเทคโนโลยีสารสนเทศ,เวลาปัจจุบันตามระบบ,TICKET_GROUP_025
สอบถามหน่อยครับ รถเมล์สาย 1 หมดกี่โมง,TICKET_1295,หมวดการเดินทางและระบบขนส่ง,เวลาปัจจุบันตามระบบ,TICKET_GROUP_015
รปภ. ช่วยดูตรงหลังมอ หน่อยครับ คนจอดรถขวางทาง,TICKET_1296,หมวดความปลอดภัยและจราจร,เวลาปัจจุบันตามระบบ,TICKET_GROUP_012
ระบบล่ม ตอนนี้อยู่หอพักใน ทำงานไม่ได้เลย,TICKET_1297,หมวดเทคโนโลยีสารสนเทศ,เวลาปัจจุบันตามระบบ,TICKET_GROUP_025
แจ้งทำความสะอาดตรงริมสระน้ำ ขยะล้นถังส่งกลิ่นเหม็น ครับ,TICKET_1298,หมวดภูมิทัศน์และความสะอาด,เวลาปัจจุบันตามระบบ,TICKET_GROUP_024
รปภ. ช่วยดูตรงทางแยก หน่อยครับ หมวกกันน็อคหาย,TICKET_1299,หมวดความปลอดภัยและจราจร,เวลาปัจจุบันตามระบบ,TICKET_GROUP_004
แจ้งทำความสะอาดตรงสวนหน้าตึก มีหมาจรจัดมาคุ้ยขยะ ครับ,TICKET_1300,หมวดภูมิทัศน์และความสะอาด,เวลาปัจจุบันตามระบบ,TICKET_GROUP_018
สอบถามหน่อยครับ รถเมล์สาย 1 หมดกี่โมง,TICKET_1301,หมวดการเดินทางและระบบขนส่ง,เวลาปัจจุบันตามระบบ,TICKET_GROUP_015
สอบถามหน่อยครับ รถเมล์สาย 1 หมดกี่โมง,TICKET_1302,หมวดการเดินทางและระบบขนส่ง,เวลาปัจจุบันตามระบบ,TICKET_GROUP_015
แจ้งทำความสะอาดตรงทางเดิน ขยะล้นถังส่งกลิ่นเหม็น ครับ,TICKET_1303,หมวดภูมิทัศน์และความสะอาด,เวลาปัจจุบันตามระบบ,TICKET_GROUP_022
สอบถามหน่อยครับ รถเมล์สาย 1 หมดกี่โมง,TICKET_1304,หมวดการเดินทางและระบบขนส่ง,เวลาปัจจุบันตามระบบ,TICKET_GROUP_015
รปภ. ช่วยดูตรงทางแยก หน่อยครับ หมวกกันน็อคหาย,TICKET_1305,หมวดความปลอดภัยและจราจร,เวลาปัจจุบันตามระบบ,TICKET_GROUP_004
ระบบล่ม ตอนนี้อยู่ตึกคณะ ทำงานไม่ได้เลย,TICKET_1306,หมวดเทคโนโลยีสารสนเทศ,เวลาปัจจุบันตามระบบ,TICKET_GROUP_025
แจ้งทำความสะอาดตรงสนามบาส หญ้ารกมาก ครับ,TICKET_1307,หมวดภูมิทัศน์และความสะอาด,เวลาปัจจุบันตามระบบ,TICKET_GROUP_024
รปภ. ช่วยดูตรงลานจอดรถ หน่อยครับ ทางมืดมากอันตราย,TICKET_1308,หมวดความปลอดภัยและจราจร,เวลาปัจจุบันตามระบบ,TICKET_GROUP_021
อาจารย์ครับ ขอสอบชดเชยต้องทำไง รบกวนให้คำแนะนำที,TICKET_1309,หมวดการเรียนการสอนและวิชาการ,เวลาปัจจุบันตามระบบ,TICKET_GROUP_013
สอบถามหน่อยครับ ทำบัตรนิสิตใหม่ที่ไหน,TICKET_1310,หมวดบริการทั่วไป / อื่นๆ,เวลาปัจจุบันตามระบบ,TICKET_GROUP_016
แจ้งทำความสะอาดตรงโรงอาหาร ขยะล้นถังส่งกลิ่นเหม็น ครับ,TICKET_1311,หมวดภูมิทัศน์และความสะอาด,เวลาปัจจุบันตามระบบ,TICKET_GROUP_022
สอบถามหน่อยครับ อยากทราบกำหนดการกิจกรรมรับน้อง,TICKET_1312,หมวดบริการทั่วไป / อื่นๆ,เวลาปัจจุบันตามระบบ,TICKET_GROUP_014
อาจารย์ครับ เกรดยังไม่ออกครับ รบกวนให้คำแนะนำที,TICKET_1313,หมวดการเรียนการสอนและวิชาการ,เวลาปัจจุบันตามระบบ,TICKET_GROUP_006
เน็ตหลุดบ่อยมาก ตอนนี้อยู่ตึกคณะ ทำงานไม่ได้เลย,TICKET_1314,หมวดเทคโนโลยีสารสนเทศ,เวลาปัจจุบันตามระบบ,TICKET_GROUP_020
ลงทะเบียนไม่ได้ ตอนนี้อยู่หอพักใน ทำงานไม่ได้เลย,TICKET_1315,หมวดเทคโนโลยีสารสนเทศ,เวลาปัจจุบันตามระบบ,TICKET_GROUP_025
รปภ. ช่วยดูตรงหน้ามอ หน่อยครับ หมวกกันน็อคหาย,TICKET_1316,หมวดความปลอดภัยและจราจร,เวลาปัจจุบันตามระบบ,TICKET_GROUP_005
อาจารย์ครับ ขอสอบชดเชยต้องทำไง รบกวนให้คำแนะนำที,TICKET_1317,หมวดการเรียนการสอนและวิชาการ,เวลาปัจจุบันตามระบบ,TICKET_GROUP_013
รปภ. ช่วยดูตรงประตู 2 หน่อยครับ คนจอดรถขวางทาง,TICKET_1318,หมวดความปลอดภัยและจราจร,เวลาปัจจุบันตามระบบ,TICKET_GROUP_017
อาจารย์ครับ อยากติดต่ออาจารย์เรื่องดรอปเรียน รบกวนให้คำแนะนำที,TICKET_1319,หมวดการเรียนการสอนและวิชาการ,เวลาปัจจุบันตามระบบ,TICKET_GROUP_026
แจ้งทำความสะอาดตรงสวนหน้าตึก หญ้ารกมาก ครับ,TICKET_1320,หมวดภูมิทัศน์และความสะอาด,เวลาปัจจุบันตามระบบ,TICKET_GROUP_024
สอบถามหน่อยครับ สอบถามเรื่องทุนการศึกษา,TICKET_1321,หมวดบริการทั่วไป / อื่นๆ,เวลาปัจจุบันตามระบบ,TICKET_GROUP_007
ลืมรหัสผ่านเข้าระบบ ตอนนี้อยู่หน้ามอ ทำงานไม่ได้เลย,TICKET_1322,หมวดเทคโนโลยีสารสนเทศ,เวลาปัจจุบันตามระบบ,TICKET_GROUP_025
สอบถามหน่อยครับ ทำบัตรนิสิตใหม่ที่ไหน,TICKET_1323,หมวดบริการทั่วไป / อื่นๆ,เวลาปัจจุบันตามระบบ,TICKET_GROUP_016
ลืมรหัสผ่านเข้าระบบ ตอนนี้อยู่หอพักใน ทำงานไม่ได้เลย,TICKET_1324,หมวดเทคโนโลยีสารสนเทศ,เวลาปัจจุบันตามระบบ,TICKET_GROUP_020
รปภ. ช่วยดูตรงหลังมอ หน่อยครับ คนจอดรถขวางทาง,TICKET_1325,หมวดความปลอดภัยและจราจร,เวลาปัจจุบันตามระบบ,TICKET_GROUP_012
สอบถามหน่อยครับ อยากทราบกำหนดการกิจกรรมรับน้อง,TICKET_1326,หมวดบริการทั่วไป / อื่นๆ,เวลาปัจจุบันตามระบบ,TICKET_GROUP_014
แจ้งเรื่องไฟดับครับ ตรงตึกวิทย์ ช่วยมาดูหน่อย,TICKET_1327,หมวดอาคารและสิ่งอำนวยความสะดวก,เวลาปัจจุบันตามระบบ,TICKET_GROUP_028
สอบถามหน่อยครับ รถเมล์สาย 1 หมดกี่โมง,TICKET_1328,หมวดการเดินทางและระบบขนส่ง,เวลาปัจจุบันตามระบบ,TICKET_GROUP_015
รปภ. ช่วยดูตรงทางแยก หน่อยครับ รถติดหนักมาก,TICKET_1329,หมวดความปลอดภัยและจราจร,เวลาปัจจุบันตามระบบ,TICKET_GROUP_012
รปภ. ช่วยดูตรงประตู 2 หน่อยครับ ทางมืดมากอันตราย,TICKET_1330,หมวดความปลอดภัยและจราจร,เวลาปัจจุบันตามระบบ,TICKET_GROUP_021
ระบบล่ม ตอนนี้อยู่หอพักใน ทำงานไม่ได้เลย,TICKET_1331,หมวดเทคโนโลยีสารสนเทศ,เวลาปัจจุบันตามระบบ,TICKET_GROUP_025
รปภ. ช่วยดูตรงทางแยก หน่อยครับ มีรถชนกัน,TICKET_1332,หมวดความปลอดภัยและจราจร,เวลาปัจจุบันตามระบบ,TICKET_GROUP_017
รปภ. ช่วยดูตรงประตู 2 หน่อยครับ คนจอดรถขวางทาง,TICKET_1333,หมวดความปลอดภัยและจราจร,เวลาปัจจุบันตามระบบ,TICKET_GROUP_017
สอบถามหน่อยครับ รถเมล์สาย 1 หมดกี่โมง,TICKET_1334,หมวดการเดินทางและระบบขนส่ง,เวลาปัจจุบันตามระบบ,TICKET_GROUP_015
ระบบล่ม ตอนนี้อยู่ตึกคณะ ทำงานไม่ได้เลย,TICKET_1335,หมวดเทคโนโลยีสารสนเทศ,เวลาปัจจุบันตามระบบ,TICKET_GROUP_025
แจ้งเรื่องหลังคารั่วหนักมาก ตรงอาคารเรียนรวม ช่วยมาดูหน่อย,TICKET_1336,หมวดอาคารและสิ่งอำนวยความสะดวก,เวลาปัจจุบันตามระบบ,TICKET_GROUP_019
แจ้งทำความสะอาดตรงสวนหน้าตึก กิ่งไม้หักขวางทาง ครับ,TICKET_1337,หมวดภูมิทัศน์และความสะอาด,เวลาปัจจุบันตามระบบ,TICKET_GROUP_022
อาจารย์ครับ ตารางเรียนไม่ขึ้นระบบ รบกวนให้คำแนะนำที,TICKET_1338,หมวดการเรียนการสอนและวิชาการ,เวลาปัจจุบันตามระบบ,TICKET_GROUP_001
แจ้งทำความสะอาดตรงสวนหน้าตึก สกปรกมากไม่ทำความสะอาด ครับ,TICKET_1339,หมวดภูมิทัศน์และความสะอาด,เวลาปัจจุบันตามระบบ,TICKET_GROUP_023
แจ้งเรื่องแอร์ไม่เย็นเลย ตรงห้องบรรยาย ช่วยมาดูหน่อย,TICKET_1340,หมวดอาคารและสิ่งอำนวยความสะดวก,เวลาปัจจุบันตามระบบ,TICKET_GROUP_028
สอบถามหน่อยครับ สอบถามเรื่องทุนการศึกษา,TICKET_1341,หมวดบริการทั่วไป / อื่นๆ,เวลาปัจจุบันตามระบบ,TICKET_GROUP_007
รปภ. ช่วยดูตรงหน้ามอ หน่อยครับ มีรถชนกัน,TICKET_1342,หมวดความปลอดภัยและจราจร,เวลาปัจจุบันตามระบบ,TICKET_GROUP_017
ลงทะเบียนไม่ได้ ตอนนี้อยู่ตึกคณะ ทำงานไม่ได้เลย,TICKET_1343,หมวดเทคโนโลยีสารสนเทศ,เวลาปัจจุบันตามระบบ,TICKET_GROUP_025
ระบบล่ม ตอนนี้อยู่ห้องสมุด ทำงานไม่ได้เลย,TICKET_1344,หมวดเทคโนโลยีสารสนเทศ,เวลาปัจจุบันตามระบบ,TICKET_GROUP_025
อาจารย์ครับ เกรดยังไม่ออกครับ รบกวนให้คำแนะนำที,TICKET_1345,หมวดการเรียนการสอนและวิชาการ,เวลาปัจจุบันตามระบบ,TICKET_GROUP_006
รปภ. ช่วยดูตรงทางแยก หน่อยครับ รถติดหนักมาก,TICKET_1346,หมวดความปลอดภัยและจราจร,เวลาปัจจุบันตามระบบ,TICKET_GROUP_012
แจ้งเรื่องน้ำไม่ไหล ตรงห้องน้ำตึกสงวน ช่วยมาดูหน่อย,TICKET_1347,หมวดอาคารและสิ่งอำนวยความสะดวก,เวลาปัจจุบันตามระบบ,TICKET_GROUP_027
รปภ. ช่วยดูตรงทางแยก หน่อยครับ รถติดหนักมาก,TICKET_1348,หมวดความปลอดภัยและจราจร,เวลาปัจจุบันตามระบบ,TICKET_GROUP_012
เน็ตหลุดบ่อยมาก ตอนนี้อยู่ตึกคณะ ทำงานไม่ได้เลย,TICKET_1349,หมวดเทคโนโลยีสารสนเทศ,เวลาปัจจุบันตามระบบ,TICKET_GROUP_020
แจ้งเรื่องลิฟต์ค้าง ตรงตึก ICT ช่วยมาดูหน่อย,TICKET_1350,หมวดอาคารและสิ่งอำนวยความสะดวก,เวลาปัจจุบันตามระบบ,TICKET_GROUP_027
รปภ. ช่วยดูตรงทางแยก หน่อยครับ ทางมืดมากอันตราย,TICKET_1351,หมวดความปลอดภัยและจราจร,เวลาปัจจุบันตามระบบ,TICKET_GROUP_021
ไวไฟเข้าไม่ได้ ตอนนี้อยู่ตึกคณะ ทำงานไม่ได้เลย,TICKET_1352,หมวดเทคโนโลยีสารสนเทศ,เวลาปัจจุบันตามระบบ,TICKET_GROUP_025
เน็ตหลุดบ่อยมาก ตอนนี้อยู่หอพักใน ทำงานไม่ได้เลย,TICKET_1353,หมวดเทคโนโลยีสารสนเทศ,เวลาปัจจุบันตามระบบ,TICKET_GROUP_020
รปภ. ช่วยดูตรงหน้ามอ หน่อยครับ หมวกกันน็อคหาย,TICKET_1354,หมวดความปลอดภัยและจราจร,เวลาปัจจุบันตามระบบ,TICKET_GROUP_005
อาจารย์ครับ เกรดยังไม่ออกครับ รบกวนให้คำแนะนำที,TICKET_1355,หมวดการเรียนการสอนและวิชาการ,เวลาปัจจุบันตามระบบ,TICKET_GROUP_006
อาจารย์ครับ อยากติดต่ออาจารย์เรื่องดรอปเรียน รบกวนให้คำแนะนำที,TICKET_1356,หมวดการเรียนการสอนและวิชาการ,เวลาปัจจุบันตามระบบ,TICKET_GROUP_026
แจ้งเรื่องน้ำไม่ไหล ตรงห้อง 1204 ช่วยมาดูหน่อย,TICKET_1357,หมวดอาคารและสิ่งอำนวยความสะดวก,เวลาปัจจุบันตามระบบ,TICKET_GROUP_027
แจ้งทำความสะอาดตรงสนามบาส หญ้ารกมาก ครับ,TICKET_1358,หมวดภูมิทัศน์และความสะอาด,เวลาปัจจุบันตามระบบ,TICKET_GROUP_024
สอบถามหน่อยครับ ทำบัตรนิสิตใหม่ที่ไหน,TICKET_1359,หมวดบริการทั่วไป / อื่นๆ,เวลาปัจจุบันตามระบบ,TICKET_GROUP_016
แจ้งเรื่องน้ำไม่ไหล ตรงตึก ICT ช่วยมาดูหน่อย,TICKET_1360,หมวดอาคารและสิ่งอำนวยความสะดวก,เวลาปัจจุบันตามระบบ,TICKET_GROUP_027
อาจารย์ครับ เกรดยังไม่ออกครับ รบกวนให้คำแนะนำที,TICKET_1361,หมวดการเรียนการสอนและวิชาการ,เวลาปัจจุบันตามระบบ,TICKET_GROUP_006
รปภ. ช่วยดูตรงลานจอดรถ หน่อยครับ รถติดหนักมาก,TICKET_1362,หมวดความปลอดภัยและจราจร,เวลาปัจจุบันตามระบบ,TICKET_GROUP_021
แจ้งทำความสะอาดตรงริมสระน้ำ มีหมาจรจัดมาคุ้ยขยะ ครับ,TICKET_1363,หมวดภูมิทัศน์และความสะอาด,เวลาปัจจุบันตามระบบ,TICKET_GROUP_024
แจ้งเรื่องประตูพัง ตรงห้องบรรยาย ช่วยมาดูหน่อย,TICKET_1364,หมวดอาคารและสิ่งอำนวยความสะดวก,เวลาปัจจุบันตามระบบ,TICKET_GROUP_010
รปภ. ช่วยดูตรงหลังมอ หน่อยครับ รถติดหนักมาก,TICKET_1365,หมวดความปลอดภัยและจราจร,เวลาปัจจุบันตามระบบ,TICKET_GROUP_012
รปภ. ช่วยดูตรงทางแยก หน่อยครับ รถติดหนักมาก,TICKET_1366,หมวดความปลอดภัยและจราจร,เวลาปัจจุบันตามระบบ,TICKET_GROUP_012
รปภ. ช่วยดูตรงประตู 2 หน่อยครับ หมวกกันน็อคหาย,TICKET_1367,หมวดความปลอดภัยและจราจร,เวลาปัจจุบันตามระบบ,TICKET_GROUP_017
รปภ. ช่วยดูตรงทางแยก หน่อยครับ มีรถชนกัน,TICKET_1368,หมวดความปลอดภัยและจราจร,เวลาปัจจุบันตามระบบ,TICKET_GROUP_017
ลงทะเบียนไม่ได้ ตอนนี้อยู่หอพักใน ทำงานไม่ได้เลย,TICKET_1369,หมวดเทคโนโลยีสารสนเทศ,เวลาปัจจุบันตามระบบ,TICKET_GROUP_025
อาจารย์ครับ ตารางเรียนไม่ขึ้นระบบ รบกวนให้คำแนะนำที,TICKET_1370,หมวดการเรียนการสอนและวิชาการ,เวลาปัจจุบันตามระบบ,TICKET_GROUP_001
รปภ. ช่วยดูตรงหลังมอ หน่อยครับ คนจอดรถขวางทาง,TICKET_1371,หมวดความปลอดภัยและจราจร,เวลาปัจจุบันตามระบบ,TICKET_GROUP_012
ไวไฟเข้าไม่ได้ ตอนนี้อยู่ตึกคณะ ทำงานไม่ได้เลย,TICKET_1372,หมวดเทคโนโลยีสารสนเทศ,เวลาปัจจุบันตามระบบ,TICKET_GROUP_025
รปภ. ช่วยดูตรงหลังมอ หน่อยครับ รถติดหนักมาก,TICKET_1373,หมวดความปลอดภัยและจราจร,เวลาปัจจุบันตามระบบ,TICKET_GROUP_012
อาจารย์ครับ ขอสอบชดเชยต้องทำไง รบกวนให้คำแนะนำที,TICKET_1374,หมวดการเรียนการสอนและวิชาการ,เวลาปัจจุบันตามระบบ,TICKET_GROUP_013
รปภ. ช่วยดูตรงทางแยก หน่อยครับ รถติดหนักมาก,TICKET_1375,หมวดความปลอดภัยและจราจร,เวลาปัจจุบันตามระบบ,TICKET_GROUP_012
แจ้งเรื่องไฟดับครับ ตรงห้องบรรยาย ช่วยมาดูหน่อย,TICKET_1376,หมวดอาคารและสิ่งอำนวยความสะดวก,เวลาปัจจุบันตามระบบ,TICKET_GROUP_011
รปภ. ช่วยดูตรงลานจอดรถ หน่อยครับ มีรถชนกัน,TICKET_1377,หมวดความปลอดภัยและจราจร,เวลาปัจจุบันตามระบบ,TICKET_GROUP_021
ลงทะเบียนไม่ได้ ตอนนี้อยู่ตึกคณะ ทำงานไม่ได้เลย,TICKET_1378,หมวดเทคโนโลยีสารสนเทศ,เวลาปัจจุบันตามระบบ,TICKET_GROUP_025
แจ้งทำความสะอาดตรงทางเดิน มีหมาจรจัดมาคุ้ยขยะ ครับ,TICKET_1379,หมวดภูมิทัศน์และความสะอาด,เวลาปัจจุบันตามระบบ,TICKET_GROUP_018
ลืมรหัสผ่านเข้าระบบ ตอนนี้อยู่ตึกคณะ ทำงานไม่ได้เลย,TICKET_1380,หมวดเทคโนโลยีสารสนเทศ,เวลาปัจจุบันตามระบบ,TICKET_GROUP_003
อาจารย์ครับ เกรดยังไม่ออกครับ รบกวนให้คำแนะนำที,TICKET_1381,หมวดการเรียนการสอนและวิชาการ,เวลาปัจจุบันตามระบบ,TICKET_GROUP_006
แจ้งทำความสะอาดตรงโรงอาหาร กิ่งไม้หักขวางทาง ครับ,TICKET_1382,หมวดภูมิทัศน์และความสะอาด,เวลาปัจจุบันตามระบบ,TICKET_GROUP_002
แจ้งทำความสะอาดตรงสวนหน้าตึก กิ่งไม้หักขวางทาง ครับ,TICKET_1383,หมวดภูมิทัศน์และความสะอาด,เวลาปัจจุบันตามระบบ,TICKET_GROUP_022
ไวไฟเข้าไม่ได้ ตอนนี้อยู่ห้องสมุด ทำงานไม่ได้เลย,TICKET_1384,หมวดเทคโนโลยีสารสนเทศ,เวลาปัจจุบันตามระบบ,TICKET_GROUP_025
สอบถามหน่อยครับ รถเมล์สาย 1 หมดกี่โมง,TICKET_1385,หมวดการเดินทางและระบบขนส่ง,เวลาปัจจุบันตามระบบ,TICKET_GROUP_015
ลืมรหัสผ่านเข้าระบบ ตอนนี้อยู่ตึกคณะ ทำงานไม่ได้เลย,TICKET_1386,หมวดเทคโนโลยีสารสนเทศ,เวลาปัจจุบันตามระบบ,TICKET_GROUP_003
ไวไฟเข้าไม่ได้ ตอนนี้อยู่หอพักใน ทำงานไม่ได้เลย,TICKET_1387,หมวดเทคโนโลยีสารสนเทศ,เวลาปัจจุบันตามระบบ,TICKET_GROUP_025
แจ้งเรื่องหลังคารั่วหนักมาก ตรงห้อง 1204 ช่วยมาดูหน่อย,TICKET_1388,หมวดอาคารและสิ่งอำนวยความสะดวก,เวลาปัจจุบันตามระบบ,TICKET_GROUP_019
สอบถามหน่อยครับ รถเมล์สาย 1 หมดกี่โมง,TICKET_1389,หมวดการเดินทางและระบบขนส่ง,เวลาปัจจุบันตามระบบ,TICKET_GROUP_015
แจ้งเรื่องไฟดับครับ ตรงตึกวิทย์ ช่วยมาดูหน่อย,TICKET_1390,หมวดอาคารและสิ่งอำนวยความสะดวก,เวลาปัจจุบันตามระบบ,TICKET_GROUP_028
อาจารย์ครับ ขอสอบชดเชยต้องทำไง รบกวนให้คำแนะนำที,TICKET_1391,หมวดการเรียนการสอนและวิชาการ,เวลาปัจจุบันตามระบบ,TICKET_GROUP_013
สอบถามหน่อยครับ อยากทราบกำหนดการกิจกรรมรับน้อง,TICKET_1392,หมวดบริการทั่วไป / อื่นๆ,เวลาปัจจุบันตามระบบ,TICKET_GROUP_014
แจ้งเรื่องไฟดับครับ ตรงตึกวิทย์ ช่วยมาดูหน่อย,TICKET_1393,หมวดอาคารและสิ่งอำนวยความสะดวก,เวลาปัจจุบันตามระบบ,TICKET_GROUP_028
แจ้งเรื่องหลังคารั่วหนักมาก ตรงตึก ICT ช่วยมาดูหน่อย,TICKET_1394,หมวดอาคารและสิ่งอำนวยความสะดวก,เวลาปัจจุบันตามระบบ,TICKET_GROUP_027
ลงทะเบียนไม่ได้ ตอนนี้อยู่หน้ามอ ทำงานไม่ได้เลย,TICKET_1395,หมวดเทคโนโลยีสารสนเทศ,เวลาปัจจุบันตามระบบ,TICKET_GROUP_025
สอบถามหน่อยครับ อยากทราบกำหนดการกิจกรรมรับน้อง,TICKET_1396,หมวดบริการทั่วไป / อื่นๆ,เวลาปัจจุบันตามระบบ,TICKET_GROUP_014
อาจารย์ครับ เกรดยังไม่ออกครับ รบกวนให้คำแนะนำที,TICKET_1397,หมวดการเรียนการสอนและวิชาการ,เวลาปัจจุบันตามระบบ,TICKET_GROUP_006
สอบถามหน่อยครับ สอบถามเรื่องทุนการศึกษา,TICKET_1398,หมวดบริการทั่วไป / อื่นๆ,เวลาปัจจุบันตามระบบ,TICKET_GROUP_007
ไวไฟเข้าไม่ได้ ตอนนี้อยู่ตึกคณะ ทำงานไม่ได้เลย,TICKET_1399,หมวดเทคโนโลยีสารสนเทศ,เวลาปัจจุบันตามระบบ,TICKET_GROUP_025
อาจารย์ครับ อยากติดต่ออาจารย์เรื่องดรอปเรียน รบกวนให้คำแนะนำที,TICKET_1400,หมวดการเรียนการสอนและวิชาการ,เวลาปัจจุบันตามระบบ,TICKET_GROUP_026
อาจารย์ครับ เกรดยังไม่ออกครับ รบกวนให้คำแนะนำที,TICKET_1401,หมวดการเรียนการสอนและวิชาการ,เวลาปัจจุบันตามระบบ,TICKET_GROUP_006
สอบถามหน่อยครับ อยากทราบกำหนดการกิจกรรมรับน้อง,TICKET_1402,หมวดบริการทั่วไป / อื่นๆ,เวลาปัจจุบันตามระบบ,TICKET_GROUP_014
สอบถามหน่อยครับ อยากทราบกำหนดการกิจกรรมรับน้อง,TICKET_1403,หมวดบริการทั่วไป / อื่นๆ,เวลาปัจจุบันตามระบบ,TICKET_GROUP_014
อาจารย์ครับ ตารางเรียนไม่ขึ้นระบบ รบกวนให้คำแนะนำที,TICKET_1404,หมวดการเรียนการสอนและวิชาการ,เวลาปัจจุบันตามระบบ,TICKET_GROUP_001
แจ้งเรื่องลิฟต์ค้าง ตรงตึก ICT ช่วยมาดูหน่อย,TICKET_1405,หมวดอาคารและสิ่งอำนวยความสะดวก,เวลาปัจจุบันตามระบบ,TICKET_GROUP_027
รปภ. ช่วยดูตรงหน้ามอ หน่อยครับ คนจอดรถขวางทาง,TICKET_1406,หมวดความปลอดภัยและจราจร,เวลาปัจจุบันตามระบบ,TICKET_GROUP_005
อาจารย์ครับ เกรดยังไม่ออกครับ รบกวนให้คำแนะนำที,TICKET_1407,หมวดการเรียนการสอนและวิชาการ,เวลาปัจจุบันตามระบบ,TICKET_GROUP_006
รปภ. ช่วยดูตรงหน้ามอ หน่อยครับ มีรถชนกัน,TICKET_1408,หมวดความปลอดภัยและจราจร,เวลาปัจจุบันตามระบบ,TICKET_GROUP_017
อาจารย์ครับ อยากติดต่ออาจารย์เรื่องดรอปเรียน รบกวนให้คำแนะนำที,TICKET_1409,หมวดการเรียนการสอนและวิชาการ,เวลาปัจจุบันตามระบบ,TICKET_GROUP_026
สอบถามหน่อยครับ อยากทราบกำหนดการกิจกรรมรับน้อง,TICKET_1410,หมวดบริการทั่วไป / อื่นๆ,เวลาปัจจุบันตามระบบ,TICKET_GROUP_014
อาจารย์ครับ ลงทะเบียนวิชานี้ไม่ได้ รบกวนให้คำแนะนำที,TICKET_1411,หมวดการเรียนการสอนและวิชาการ,เวลาปัจจุบันตามระบบ,TICKET_GROUP_008
แจ้งทำความสะอาดตรงทางเดิน มีหมาจรจัดมาคุ้ยขยะ ครับ,TICKET_1412,หมวดภูมิทัศน์และความสะอาด,เวลาปัจจุบันตามระบบ,TICKET_GROUP_018
แจ้งเรื่องแอร์ไม่เย็นเลย ตรงห้องบรรยาย ช่วยมาดูหน่อย,TICKET_1413,หมวดอาคารและสิ่งอำนวยความสะดวก,เวลาปัจจุบันตามระบบ,TICKET_GROUP_028
รปภ. ช่วยดูตรงลานจอดรถ หน่อยครับ หมวกกันน็อคหาย,TICKET_1414,หมวดความปลอดภัยและจราจร,เวลาปัจจุบันตามระบบ,TICKET_GROUP_021
แจ้งเรื่องไฟดับครับ ตรงตึกวิทย์ ช่วยมาดูหน่อย,TICKET_1415,หมวดอาคารและสิ่งอำนวยความสะดวก,เวลาปัจจุบันตามระบบ,TICKET_GROUP_028
แจ้งเรื่องน้ำไม่ไหล ตรงห้องน้ำตึกสงวน ช่วยมาดูหน่อย,TICKET_1416,หมวดอาคารและสิ่งอำนวยความสะดวก,เวลาปัจจุบันตามระบบ,TICKET_GROUP_027
แจ้งเรื่องประตูพัง ตรงห้อง 1204 ช่วยมาดูหน่อย,TICKET_1417,หมวดอาคารและสิ่งอำนวยความสะดวก,เวลาปัจจุบันตามระบบ,TICKET_GROUP_010
แจ้งเรื่องหลังคารั่วหนักมาก ตรงอาคารเรียนรวม ช่วยมาดูหน่อย,TICKET_1418,หมวดอาคารและสิ่งอำนวยความสะดวก,เวลาปัจจุบันตามระบบ,TICKET_GROUP_019
อาจารย์ครับ ลงทะเบียนวิชานี้ไม่ได้ รบกวนให้คำแนะนำที,TICKET_1419,หมวดการเรียนการสอนและวิชาการ,เวลาปัจจุบันตามระบบ,TICKET_GROUP_008
อาจารย์ครับ ขอสอบชดเชยต้องทำไง รบกวนให้คำแนะนำที,TICKET_1420,หมวดการเรียนการสอนและวิชาการ,เวลาปัจจุบันตามระบบ,TICKET_GROUP_013
ระบบล่ม ตอนนี้อยู่ห้องสมุด ทำงานไม่ได้เลย,TICKET_1421,หมวดเทคโนโลยีสารสนเทศ,เวลาปัจจุบันตามระบบ,TICKET_GROUP_025
อาจารย์ครับ เกรดยังไม่ออกครับ รบกวนให้คำแนะนำที,TICKET_1422,หมวดการเรียนการสอนและวิชาการ,เวลาปัจจุบันตามระบบ,TICKET_GROUP_006
ลืมรหัสผ่านเข้าระบบ ตอนนี้อยู่ห้องสมุด ทำงานไม่ได้เลย,TICKET_1423,หมวดเทคโนโลยีสารสนเทศ,เวลาปัจจุบันตามระบบ,TICKET_GROUP_003
อาจารย์ครับ ตารางเรียนไม่ขึ้นระบบ รบกวนให้คำแนะนำที,TICKET_1424,หมวดการเรียนการสอนและวิชาการ,เวลาปัจจุบันตามระบบ,TICKET_GROUP_001
อาจารย์ครับ ตารางเรียนไม่ขึ้นระบบ รบกวนให้คำแนะนำที,TICKET_1425,หมวดการเรียนการสอนและวิชาการ,เวลาปัจจุบันตามระบบ,TICKET_GROUP_001
แจ้งทำความสะอาดตรงสวนหน้าตึก หญ้ารกมาก ครับ,TICKET_1426,หมวดภูมิทัศน์และความสะอาด,เวลาปัจจุบันตามระบบ,TICKET_GROUP_024
อาจารย์ครับ ตารางเรียนไม่ขึ้นระบบ รบกวนให้คำแนะนำที,TICKET_1427,หมวดการเรียนการสอนและวิชาการ,เวลาปัจจุบันตามระบบ,TICKET_GROUP_001
รปภ. ช่วยดูตรงลานจอดรถ หน่อยครับ รถติดหนักมาก,TICKET_1428,หมวดความปลอดภัยและจราจร,เวลาปัจจุบันตามระบบ,TICKET_GROUP_021
แจ้งทำความสะอาดตรงทางเดิน กิ่งไม้หักขวางทาง ครับ,TICKET_1429,หมวดภูมิทัศน์และความสะอาด,เวลาปัจจุบันตามระบบ,TICKET_GROUP_002
อาจารย์ครับ เกรดยังไม่ออกครับ รบกวนให้คำแนะนำที,TICKET_1430,หมวดการเรียนการสอนและวิชาการ,เวลาปัจจุบันตามระบบ,TICKET_GROUP_006
รปภ. ช่วยดูตรงประตู 2 หน่อยครับ รถติดหนักมาก,TICKET_1431,หมวดความปลอดภัยและจราจร,เวลาปัจจุบันตามระบบ,TICKET_GROUP_017
ไวไฟเข้าไม่ได้ ตอนนี้อยู่ตึกคณะ ทำงานไม่ได้เลย,TICKET_1432,หมวดเทคโนโลยีสารสนเทศ,เวลาปัจจุบันตามระบบ,TICKET_GROUP_025
อาจารย์ครับ ลงทะเบียนวิชานี้ไม่ได้ รบกวนให้คำแนะนำที,TICKET_1433,หมวดการเรียนการสอนและวิชาการ,เวลาปัจจุบันตามระบบ,TICKET_GROUP_008
แจ้งทำความสะอาดตรงโรงอาหาร หญ้ารกมาก ครับ,TICKET_1434,หมวดภูมิทัศน์และความสะอาด,เวลาปัจจุบันตามระบบ,TICKET_GROUP_024
แจ้งเรื่องประตูพัง ตรงห้องบรรยาย ช่วยมาดูหน่อย,TICKET_1435,หมวดอาคารและสิ่งอำนวยความสะดวก,เวลาปัจจุบันตามระบบ,TICKET_GROUP_010
รปภ. ช่วยดูตรงทางแยก หน่อยครับ มีรถชนกัน,TICKET_1436,หมวดความปลอดภัยและจราจร,เวลาปัจจุบันตามระบบ,TICKET_GROUP_017
สอบถามหน่อยครับ อยากทราบกำหนดการกิจกรรมรับน้อง,TICKET_1437,หมวดบริการทั่วไป / อื่นๆ,เวลาปัจจุบันตามระบบ,TICKET_GROUP_014
เน็ตหลุดบ่อยมาก ตอนนี้อยู่หน้ามอ ทำงานไม่ได้เลย,TICKET_1438,หมวดเทคโนโลยีสารสนเทศ,เวลาปัจจุบันตามระบบ,TICKET_GROUP_025
รปภ. ช่วยดูตรงประตู 2 หน่อยครับ รถติดหนักมาก,TICKET_1439,หมวดความปลอดภัยและจราจร,เวลาปัจจุบันตามระบบ,TICKET_GROUP_017
สอบถามหน่อยครับ รถเมล์สาย 1 หมดกี่โมง,TICKET_1440,หมวดการเดินทางและระบบขนส่ง,เวลาปัจจุบันตามระบบ,TICKET_GROUP_015
อาจารย์ครับ เกรดยังไม่ออกครับ รบกวนให้คำแนะนำที,TICKET_1441,หมวดการเรียนการสอนและวิชาการ,เวลาปัจจุบันตามระบบ,TICKET_GROUP_006
แจ้งทำความสะอาดตรงสนามบาส สกปรกมากไม่ทำความสะอาด ครับ,TICKET_1442,หมวดภูมิทัศน์และความสะอาด,เวลาปัจจุบันตามระบบ,TICKET_GROUP_023
ระบบล่ม ตอนนี้อยู่ห้องสมุด ทำงานไม่ได้เลย,TICKET_1443,หมวดเทคโนโลยีสารสนเทศ,เวลาปัจจุบันตามระบบ,TICKET_GROUP_025
อาจารย์ครับ ลงทะเบียนวิชานี้ไม่ได้ รบกวนให้คำแนะนำที,TICKET_1444,หมวดการเรียนการสอนและวิชาการ,เวลาปัจจุบันตามระบบ,TICKET_GROUP_008
แจ้งทำความสะอาดตรงโรงอาหาร มีหมาจรจัดมาคุ้ยขยะ ครับ,TICKET_1445,หมวดภูมิทัศน์และความสะอาด,เวลาปัจจุบันตามระบบ,TICKET_GROUP_018
แจ้งทำความสะอาดตรงสวนหน้าตึก หญ้ารกมาก ครับ,TICKET_1446,หมวดภูมิทัศน์และความสะอาด,เวลาปัจจุบันตามระบบ,TICKET_GROUP_024
สอบถามหน่อยครับ รถเมล์สาย 1 หมดกี่โมง,TICKET_1447,หมวดการเดินทางและระบบขนส่ง,เวลาปัจจุบันตามระบบ,TICKET_GROUP_015
แจ้งเรื่องประตูพัง ตรงห้องบรรยาย ช่วยมาดูหน่อย,TICKET_1448,หมวดอาคารและสิ่งอำนวยความสะดวก,เวลาปัจจุบันตามระบบ,TICKET_GROUP_010
สอบถามหน่อยครับ ทำบัตรนิสิตใหม่ที่ไหน,TICKET_1449,หมวดบริการทั่วไป / อื่นๆ,เวลาปัจจุบันตามระบบ,TICKET_GROUP_016
สอบถามหน่อยครับ อยากทราบกำหนดการกิจกรรมรับน้อง,TICKET_1450,หมวดบริการทั่วไป / อื่นๆ,เวลาปัจจุบันตามระบบ,TICKET_GROUP_014
แจ้งทำความสะอาดตรงริมสระน้ำ สกปรกมากไม่ทำความสะอาด ครับ,TICKET_1451,หมวดภูมิทัศน์และความสะอาด,เวลาปัจจุบันตามระบบ,TICKET_GROUP_024
เน็ตหลุดบ่อยมาก ตอนนี้อยู่หน้ามอ ทำงานไม่ได้เลย,TICKET_1452,หมวดเทคโนโลยีสารสนเทศ,เวลาปัจจุบันตามระบบ,TICKET_GROUP_025
อาจารย์ครับ เกรดยังไม่ออกครับ รบกวนให้คำแนะนำที,TICKET_1453,หมวดการเรียนการสอนและวิชาการ,เวลาปัจจุบันตามระบบ,TICKET_GROUP_006
อาจารย์ครับ เกรดยังไม่ออกครับ รบกวนให้คำแนะนำที,TICKET_1454,หมวดการเรียนการสอนและวิชาการ,เวลาปัจจุบันตามระบบ,TICKET_GROUP_006
แจ้งทำความสะอาดตรงทางเดิน ขยะล้นถังส่งกลิ่นเหม็น ครับ,TICKET_1455,หมวดภูมิทัศน์และความสะอาด,เวลาปัจจุบันตามระบบ,TICKET_GROUP_022
แจ้งเรื่องไฟดับครับ ตรงห้อง 1204 ช่วยมาดูหน่อย,TICKET_1456,หมวดอาคารและสิ่งอำนวยความสะดวก,เวลาปัจจุบันตามระบบ,TICKET_GROUP_011
ลงทะเบียนไม่ได้ ตอนนี้อยู่หน้ามอ ทำงานไม่ได้เลย,TICKET_1457,หมวดเทคโนโลยีสารสนเทศ,เวลาปัจจุบันตามระบบ,TICKET_GROUP_025
สอบถามหน่อยครับ รถเมล์สาย 1 หมดกี่โมง,TICKET_1458,หมวดการเดินทางและระบบขนส่ง,เวลาปัจจุบันตามระบบ,TICKET_GROUP_015
อาจารย์ครับ ขอสอบชดเชยต้องทำไง รบกวนให้คำแนะนำที,TICKET_1459,หมวดการเรียนการสอนและวิชาการ,เวลาปัจจุบันตามระบบ,TICKET_GROUP_013
สอบถามหน่อยครับ สอบถามเรื่องทุนการศึกษา,TICKET_1460,หมวดบริการทั่วไป / อื่นๆ,เวลาปัจจุบันตามระบบ,TICKET_GROUP_007
รปภ. ช่วยดูตรงทางแยก หน่อยครับ มีรถชนกัน,TICKET_1461,หมวดความปลอดภัยและจราจร,เวลาปัจจุบันตามระบบ,TICKET_GROUP_017
รปภ. ช่วยดูตรงหน้ามอ หน่อยครับ ทางมืดมากอันตราย,TICKET_1462,หมวดความปลอดภัยและจราจร,เวลาปัจจุบันตามระบบ,TICKET_GROUP_021
รปภ. ช่วยดูตรงประตู 2 หน่อยครับ รถติดหนักมาก,TICKET_1463,หมวดความปลอดภัยและจราจร,เวลาปัจจุบันตามระบบ,TICKET_GROUP_017
แจ้งเรื่องประตูพัง ตรงห้องน้ำตึกสงวน ช่วยมาดูหน่อย,TICKET_1464,หมวดอาคารและสิ่งอำนวยความสะดวก,เวลาปัจจุบันตามระบบ,TICKET_GROUP_011
อาจารย์ครับ ขอสอบชดเชยต้องทำไง รบกวนให้คำแนะนำที,TICKET_1465,หมวดการเรียนการสอนและวิชาการ,เวลาปัจจุบันตามระบบ,TICKET_GROUP_013
เน็ตหลุดบ่อยมาก ตอนนี้อยู่ตึกคณะ ทำงานไม่ได้เลย,TICKET_1466,หมวดเทคโนโลยีสารสนเทศ,เวลาปัจจุบันตามระบบ,TICKET_GROUP_020
แจ้งเรื่องประตูพัง ตรงห้อง 1204 ช่วยมาดูหน่อย,TICKET_1467,หมวดอาคารและสิ่งอำนวยความสะดวก,เวลาปัจจุบันตามระบบ,TICKET_GROUP_010
ระบบล่ม ตอนนี้อยู่ห้องสมุด ทำงานไม่ได้เลย,TICKET_1468,หมวดเทคโนโลยีสารสนเทศ,เวลาปัจจุบันตามระบบ,TICKET_GROUP_025
แจ้งทำความสะอาดตรงริมสระน้ำ ขยะล้นถังส่งกลิ่นเหม็น ครับ,TICKET_1469,หมวดภูมิทัศน์และความสะอาด,เวลาปัจจุบันตามระบบ,TICKET_GROUP_024
ระบบล่ม ตอนนี้อยู่ตึกคณะ ทำงานไม่ได้เลย,TICKET_1470,หมวดเทคโนโลยีสารสนเทศ,เวลาปัจจุบันตามระบบ,TICKET_GROUP_025
แจ้งทำความสะอาดตรงทางเดิน กิ่งไม้หักขวางทาง ครับ,TICKET_1471,หมวดภูมิทัศน์และความสะอาด,เวลาปัจจุบันตามระบบ,TICKET_GROUP_002
อาจารย์ครับ เกรดยังไม่ออกครับ รบกวนให้คำแนะนำที,TICKET_1472,หมวดการเรียนการสอนและวิชาการ,เวลาปัจจุบันตามระบบ,TICKET_GROUP_006
อาจารย์ครับ ลงทะเบียนวิชานี้ไม่ได้ รบกวนให้คำแนะนำที,TICKET_1473,หมวดการเรียนการสอนและวิชาการ,เวลาปัจจุบันตามระบบ,TICKET_GROUP_008
แจ้งทำความสะอาดตรงริมสระน้ำ สกปรกมากไม่ทำความสะอาด ครับ,TICKET_1474,หมวดภูมิทัศน์และความสะอาด,เวลาปัจจุบันตามระบบ,TICKET_GROUP_024
รปภ. ช่วยดูตรงลานจอดรถ หน่อยครับ รถติดหนักมาก,TICKET_1475,หมวดความปลอดภัยและจราจร,เวลาปัจจุบันตามระบบ,TICKET_GROUP_021
สอบถามหน่อยครับ รถเมล์สาย 1 หมดกี่โมง,TICKET_1476,หมวดการเดินทางและระบบขนส่ง,เวลาปัจจุบันตามระบบ,TICKET_GROUP_015
แจ้งเรื่องน้ำไม่ไหล ตรงตึก ICT ช่วยมาดูหน่อย,TICKET_1477,หมวดอาคารและสิ่งอำนวยความสะดวก,เวลาปัจจุบันตามระบบ,TICKET_GROUP_027
รปภ. ช่วยดูตรงทางแยก หน่อยครับ รถติดหนักมาก,TICKET_1478,หมวดความปลอดภัยและจราจร,เวลาปัจจุบันตามระบบ,TICKET_GROUP_012
แจ้งเรื่องน้ำไม่ไหล ตรงตึกวิทย์ ช่วยมาดูหน่อย,TICKET_1479,หมวดอาคารและสิ่งอำนวยความสะดวก,เวลาปัจจุบันตามระบบ,TICKET_GROUP_028
รปภ. ช่วยดูตรงประตู 2 หน่อยครับ ทางมืดมากอันตราย,TICKET_1480,หมวดความปลอดภัยและจราจร,เวลาปัจจุบันตามระบบ,TICKET_GROUP_021
ระบบล่ม ตอนนี้อยู่หอพักใน ทำงานไม่ได้เลย,TICKET_1481,หมวดเทคโนโลยีสารสนเทศ,เวลาปัจจุบันตามระบบ,TICKET_GROUP_025
แจ้งเรื่องน้ำไม่ไหล ตรงตึก ICT ช่วยมาดูหน่อย,TICKET_1482,หมวดอาคารและสิ่งอำนวยความสะดวก,เวลาปัจจุบันตามระบบ,TICKET_GROUP_027
สอบถามหน่อยครับ อยากทราบกำหนดการกิจกรรมรับน้อง,TICKET_1483,หมวดบริการทั่วไป / อื่นๆ,เวลาปัจจุบันตามระบบ,TICKET_GROUP_014
สอบถามหน่อยครับ อยากทราบกำหนดการกิจกรรมรับน้อง,TICKET_1484,หมวดบริการทั่วไป / อื่นๆ,เวลาปัจจุบันตามระบบ,TICKET_GROUP_014
อาจารย์ครับ ลงทะเบียนวิชานี้ไม่ได้ รบกวนให้คำแนะนำที,TICKET_1485,หมวดการเรียนการสอนและวิชาการ,เวลาปัจจุบันตามระบบ,TICKET_GROUP_008
รปภ. ช่วยดูตรงหน้ามอ หน่อยครับ คนจอดรถขวางทาง,TICKET_1486,หมวดความปลอดภัยและจราจร,เวลาปัจจุบันตามระบบ,TICKET_GROUP_005
รปภ. ช่วยดูตรงหน้ามอ หน่อยครับ ทางมืดมากอันตราย,TICKET_1487,หมวดความปลอดภัยและจราจร,เวลาปัจจุบันตามระบบ,TICKET_GROUP_021
แจ้งทำความสะอาดตรงทางเดิน ขยะล้นถังส่งกลิ่นเหม็น ครับ,TICKET_1488,หมวดภูมิทัศน์และความสะอาด,เวลาปัจจุบันตามระบบ,TICKET_GROUP_022
อาจารย์ครับ ขอสอบชดเชยต้องทำไง รบกวนให้คำแนะนำที,TICKET_1489,หมวดการเรียนการสอนและวิชาการ,เวลาปัจจุบันตามระบบ,TICKET_GROUP_013
สอบถามหน่อยครับ สอบถามเรื่องทุนการศึกษา,TICKET_1490,หมวดบริการทั่วไป / อื่นๆ,เวลาปัจจุบันตามระบบ,TICKET_GROUP_007
แจ้งทำความสะอาดตรงริมสระน้ำ มีหมาจรจัดมาคุ้ยขยะ ครับ,TICKET_1491,หมวดภูมิทัศน์และความสะอาด,เวลาปัจจุบันตามระบบ,TICKET_GROUP_024
รปภ. ช่วยดูตรงประตู 2 หน่อยครับ หมวกกันน็อคหาย,TICKET_1492,หมวดความปลอดภัยและจราจร,เวลาปัจจุบันตามระบบ,TICKET_GROUP_017
สอบถามหน่อยครับ อยากทราบกำหนดการกิจกรรมรับน้อง,TICKET_1493,หมวดบริการทั่วไป / อื่นๆ,เวลาปัจจุบันตามระบบ,TICKET_GROUP_014
รปภ. ช่วยดูตรงหน้ามอ หน่อยครับ ทางมืดมากอันตราย,TICKET_1494,หมวดความปลอดภัยและจราจร,เวลาปัจจุบันตามระบบ,TICKET_GROUP_021
แจ้งทำความสะอาดตรงสวนหน้าตึก ขยะล้นถังส่งกลิ่นเหม็น ครับ,TICKET_1495,หมวดภูมิทัศน์และความสะอาด,เวลาปัจจุบันตามระบบ,TICKET_GROUP_022
แจ้งทำความสะอาดตรงสวนหน้าตึก กิ่งไม้หักขวางทาง ครับ,TICKET_1496,หมวดภูมิทัศน์และความสะอาด,เวลาปัจจุบันตามระบบ,TICKET_GROUP_022
อาจารย์ครับ อยากติดต่ออาจารย์เรื่องดรอปเรียน รบกวนให้คำแนะนำที,TICKET_1497,หมวดการเรียนการสอนและวิชาการ,เวลาปัจจุบันตามระบบ,TICKET_GROUP_026
สอบถามหน่อยครับ ทำบัตรนิสิตใหม่ที่ไหน,TICKET_1498,หมวดบริการทั่วไป / อื่นๆ,เวลาปัจจุบันตามระบบ,TICKET_GROUP_016
อาจารย์ครับ เกรดยังไม่ออกครับ รบกวนให้คำแนะนำที,TICKET_1499,หมวดการเรียนการสอนและวิชาการ,เวลาปัจจุบันตามระบบ,TICKET_GROUP_006
สอบถามหน่อยครับ ทำบัตรนิสิตใหม่ที่ไหน,TICKET_1500,หมวดบริการทั่วไป / อื่นๆ,เวลาปัจจุบันตามระบบ,TICKET_GROUP_016
ไวไฟเข้าไม่ได้ ตอนนี้อยู่หอพักใน ทำงานไม่ได้เลย,TICKET_1501,หมวดเทคโนโลยีสารสนเทศ,เวลาปัจจุบันตามระบบ,TICKET_GROUP_025
แจ้งทำความสะอาดตรงสวนหน้าตึก มีหมาจรจัดมาคุ้ยขยะ ครับ,TICKET_1502,หมวดภูมิทัศน์และความสะอาด,เวลาปัจจุบันตามระบบ,TICKET_GROUP_018
แจ้งทำความสะอาดตรงสวนหน้าตึก หญ้ารกมาก ครับ,TICKET_1503,หมวดภูมิทัศน์และความสะอาด,เวลาปัจจุบันตามระบบ,TICKET_GROUP_024
สอบถามหน่อยครับ รถเมล์สาย 1 หมดกี่โมง,TICKET_1504,หมวดการเดินทางและระบบขนส่ง,เวลาปัจจุบันตามระบบ,TICKET_GROUP_015
สอบถามหน่อยครับ รถเมล์สาย 1 หมดกี่โมง,TICKET_1505,หมวดการเดินทางและระบบขนส่ง,เวลาปัจจุบันตามระบบ,TICKET_GROUP_015
ลืมรหัสผ่านเข้าระบบ ตอนนี้อยู่ตึกคณะ ทำงานไม่ได้เลย,TICKET_1506,หมวดเทคโนโลยีสารสนเทศ,เวลาปัจจุบันตามระบบ,TICKET_GROUP_003
แจ้งทำความสะอาดตรงทางเดิน หญ้ารกมาก ครับ,TICKET_1507,หมวดภูมิทัศน์และความสะอาด,เวลาปัจจุบันตามระบบ,TICKET_GROUP_024
ไวไฟเข้าไม่ได้ ตอนนี้อยู่ตึกคณะ ทำงานไม่ได้เลย,TICKET_1508,หมวดเทคโนโลยีสารสนเทศ,เวลาปัจจุบันตามระบบ,TICKET_GROUP_025
แจ้งเรื่องไฟดับครับ ตรงตึกวิทย์ ช่วยมาดูหน่อย,TICKET_1509,หมวดอาคารและสิ่งอำนวยความสะดวก,เวลาปัจจุบันตามระบบ,TICKET_GROUP_028
ลืมรหัสผ่านเข้าระบบ ตอนนี้อยู่ห้องสมุด ทำงานไม่ได้เลย,TICKET_1510,หมวดเทคโนโลยีสารสนเทศ,เวลาปัจจุบันตามระบบ,TICKET_GROUP_003
รปภ. ช่วยดูตรงประตู 2 หน่อยครับ ทางมืดมากอันตราย,TICKET_1511,หมวดความปลอดภัยและจราจร,เวลาปัจจุบันตามระบบ,TICKET_GROUP_021
ลืมรหัสผ่านเข้าระบบ ตอนนี้อยู่ห้องสมุด ทำงานไม่ได้เลย,TICKET_1512,หมวดเทคโนโลยีสารสนเทศ,เวลาปัจจุบันตามระบบ,TICKET_GROUP_003
สอบถามหน่อยครับ รถเมล์สาย 1 หมดกี่โมง,TICKET_1513,หมวดการเดินทางและระบบขนส่ง,เวลาปัจจุบันตามระบบ,TICKET_GROUP_015
ระบบล่ม ตอนนี้อยู่ห้องสมุด ทำงานไม่ได้เลย,TICKET_1514,หมวดเทคโนโลยีสารสนเทศ,เวลาปัจจุบันตามระบบ,TICKET_GROUP_025
แจ้งเรื่องไฟดับครับ ตรงอาคารเรียนรวม ช่วยมาดูหน่อย,TICKET_1515,หมวดอาคารและสิ่งอำนวยความสะดวก,เวลาปัจจุบันตามระบบ,TICKET_GROUP_019
แจ้งเรื่องประตูพัง ตรงตึก ICT ช่วยมาดูหน่อย,TICKET_1516,หมวดอาคารและสิ่งอำนวยความสะดวก,เวลาปัจจุบันตามระบบ,TICKET_GROUP_027
แจ้งทำความสะอาดตรงสนามบาส หญ้ารกมาก ครับ,TICKET_1517,หมวดภูมิทัศน์และความสะอาด,เวลาปัจจุบันตามระบบ,TICKET_GROUP_024
ไวไฟเข้าไม่ได้ ตอนนี้อยู่หอพักใน ทำงานไม่ได้เลย,TICKET_1518,หมวดเทคโนโลยีสารสนเทศ,เวลาปัจจุบันตามระบบ,TICKET_GROUP_025
อาจารย์ครับ อยากติดต่ออาจารย์เรื่องดรอปเรียน รบกวนให้คำแนะนำที,TICKET_1519,หมวดการเรียนการสอนและวิชาการ,เวลาปัจจุบันตามระบบ,TICKET_GROUP_026
อาจารย์ครับ ลงทะเบียนวิชานี้ไม่ได้ รบกวนให้คำแนะนำที,TICKET_1520,หมวดการเรียนการสอนและวิชาการ,เวลาปัจจุบันตามระบบ,TICKET_GROUP_008
สอบถามหน่อยครับ สอบถามเรื่องทุนการศึกษา,TICKET_1521,หมวดบริการทั่วไป / อื่นๆ,เวลาปัจจุบันตามระบบ,TICKET_GROUP_007
รปภ. ช่วยดูตรงประตู 2 หน่อยครับ รถติดหนักมาก,TICKET_1522,หมวดความปลอดภัยและจราจร,เวลาปัจจุบันตามระบบ,TICKET_GROUP_017
อาจารย์ครับ ขอสอบชดเชยต้องทำไง รบกวนให้คำแนะนำที,TICKET_1523,หมวดการเรียนการสอนและวิชาการ,เวลาปัจจุบันตามระบบ,TICKET_GROUP_013
สอบถามหน่อยครับ ทำบัตรนิสิตใหม่ที่ไหน,TICKET_1524,หมวดบริการทั่วไป / อื่นๆ,เวลาปัจจุบันตามระบบ,TICKET_GROUP_016
ไวไฟเข้าไม่ได้ ตอนนี้อยู่หน้ามอ ทำงานไม่ได้เลย,TICKET_1525,หมวดเทคโนโลยีสารสนเทศ,เวลาปัจจุบันตามระบบ,TICKET_GROUP_025
รปภ. ช่วยดูตรงหน้ามอ หน่อยครับ รถติดหนักมาก,TICKET_1526,หมวดความปลอดภัยและจราจร,เวลาปัจจุบันตามระบบ,TICKET_GROUP_012
แจ้งทำความสะอาดตรงทางเดิน กิ่งไม้หักขวางทาง ครับ,TICKET_1527,หมวดภูมิทัศน์และความสะอาด,เวลาปัจจุบันตามระบบ,TICKET_GROUP_002
สอบถามหน่อยครับ รถเมล์สาย 1 หมดกี่โมง,TICKET_1528,หมวดการเดินทางและระบบขนส่ง,เวลาปัจจุบันตามระบบ,TICKET_GROUP_015
แจ้งทำความสะอาดตรงสวนหน้าตึก สกปรกมากไม่ทำความสะอาด ครับ,TICKET_1529,หมวดภูมิทัศน์และความสะอาด,เวลาปัจจุบันตามระบบ,TICKET_GROUP_023
ลืมรหัสผ่านเข้าระบบ ตอนนี้อยู่หน้ามอ ทำงานไม่ได้เลย,TICKET_1530,หมวดเทคโนโลยีสารสนเทศ,เวลาปัจจุบันตามระบบ,TICKET_GROUP_025
ระบบล่ม ตอนนี้อยู่ตึกคณะ ทำงานไม่ได้เลย,TICKET_1531,หมวดเทคโนโลยีสารสนเทศ,เวลาปัจจุบันตามระบบ,TICKET_GROUP_025
แจ้งทำความสะอาดตรงโรงอาหาร มีหมาจรจัดมาคุ้ยขยะ ครับ,TICKET_1532,หมวดภูมิทัศน์และความสะอาด,เวลาปัจจุบันตามระบบ,TICKET_GROUP_018
สอบถามหน่อยครับ ทำบัตรนิสิตใหม่ที่ไหน,TICKET_1533,หมวดบริการทั่วไป / อื่นๆ,เวลาปัจจุบันตามระบบ,TICKET_GROUP_016
แจ้งทำความสะอาดตรงสวนหน้าตึก กิ่งไม้หักขวางทาง ครับ,TICKET_1534,หมวดภูมิทัศน์และความสะอาด,เวลาปัจจุบันตามระบบ,TICKET_GROUP_022
สอบถามหน่อยครับ อยากทราบกำหนดการกิจกรรมรับน้อง,TICKET_1535,หมวดบริการทั่วไป / อื่นๆ,เวลาปัจจุบันตามระบบ,TICKET_GROUP_014
รปภ. ช่วยดูตรงลานจอดรถ หน่อยครับ ทางมืดมากอันตราย,TICKET_1536,หมวดความปลอดภัยและจราจร,เวลาปัจจุบันตามระบบ,TICKET_GROUP_021
สอบถามหน่อยครับ รถเมล์สาย 1 หมดกี่โมง,TICKET_1537,หมวดการเดินทางและระบบขนส่ง,เวลาปัจจุบันตามระบบ,TICKET_GROUP_015
อาจารย์ครับ อยากติดต่ออาจารย์เรื่องดรอปเรียน รบกวนให้คำแนะนำที,TICKET_1538,หมวดการเรียนการสอนและวิชาการ,เวลาปัจจุบันตามระบบ,TICKET_GROUP_026
แจ้งเรื่องแอร์ไม่เย็นเลย ตรงอาคารเรียนรวม ช่วยมาดูหน่อย,TICKET_1539,หมวดอาคารและสิ่งอำนวยความสะดวก,เวลาปัจจุบันตามระบบ,TICKET_GROUP_028
แจ้งเรื่องแอร์ไม่เย็นเลย ตรงห้องน้ำตึกสงวน ช่วยมาดูหน่อย,TICKET_1540,หมวดอาคารและสิ่งอำนวยความสะดวก,เวลาปัจจุบันตามระบบ,TICKET_GROUP_028
แจ้งเรื่องประตูพัง ตรงตึก ICT ช่วยมาดูหน่อย,TICKET_1541,หมวดอาคารและสิ่งอำนวยความสะดวก,เวลาปัจจุบันตามระบบ,TICKET_GROUP_027
แจ้งเรื่องน้ำไม่ไหล ตรงห้อง 1204 ช่วยมาดูหน่อย,TICKET_1542,หมวดอาคารและสิ่งอำนวยความสะดวก,เวลาปัจจุบันตามระบบ,TICKET_GROUP_027
สอบถามหน่อยครับ รถเมล์สาย 1 หมดกี่โมง,TICKET_1543,หมวดการเดินทางและระบบขนส่ง,เวลาปัจจุบันตามระบบ,TICKET_GROUP_015
ลงทะเบียนไม่ได้ ตอนนี้อยู่ตึกคณะ ทำงานไม่ได้เลย,TICKET_1544,หมวดเทคโนโลยีสารสนเทศ,เวลาปัจจุบันตามระบบ,TICKET_GROUP_025
รปภ. ช่วยดูตรงหน้ามอ หน่อยครับ คนจอดรถขวางทาง,TICKET_1545,หมวดความปลอดภัยและจราจร,เวลาปัจจุบันตามระบบ,TICKET_GROUP_005
สอบถามหน่อยครับ อยากทราบกำหนดการกิจกรรมรับน้อง,TICKET_1546,หมวดบริการทั่วไป / อื่นๆ,เวลาปัจจุบันตามระบบ,TICKET_GROUP_014
รปภ. ช่วยดูตรงหน้ามอ หน่อยครับ รถติดหนักมาก,TICKET_1547,หมวดความปลอดภัยและจราจร,เวลาปัจจุบันตามระบบ,TICKET_GROUP_012
ไวไฟเข้าไม่ได้ ตอนนี้อยู่ตึกคณะ ทำงานไม่ได้เลย,TICKET_1548,หมวดเทคโนโลยีสารสนเทศ,เวลาปัจจุบันตามระบบ,TICKET_GROUP_025
แจ้งเรื่องหลังคารั่วหนักมาก ตรงตึกวิทย์ ช่วยมาดูหน่อย,TICKET_1549,หมวดอาคารและสิ่งอำนวยความสะดวก,เวลาปัจจุบันตามระบบ,TICKET_GROUP_028
เน็ตหลุดบ่อยมาก ตอนนี้อยู่ห้องสมุด ทำงานไม่ได้เลย,TICKET_1550,หมวดเทคโนโลยีสารสนเทศ,เวลาปัจจุบันตามระบบ,TICKET_GROUP_020
ไวไฟเข้าไม่ได้ ตอนนี้อยู่หอพักใน ทำงานไม่ได้เลย,TICKET_1551,หมวดเทคโนโลยีสารสนเทศ,เวลาปัจจุบันตามระบบ,TICKET_GROUP_025
อาจารย์ครับ เกรดยังไม่ออกครับ รบกวนให้คำแนะนำที,TICKET_1552,หมวดการเรียนการสอนและวิชาการ,เวลาปัจจุบันตามระบบ,TICKET_GROUP_006
แจ้งทำความสะอาดตรงสวนหน้าตึก มีหมาจรจัดมาคุ้ยขยะ ครับ,TICKET_1553,หมวดภูมิทัศน์และความสะอาด,เวลาปัจจุบันตามระบบ,TICKET_GROUP_018
สอบถามหน่อยครับ อยากทราบกำหนดการกิจกรรมรับน้อง,TICKET_1554,หมวดบริการทั่วไป / อื่นๆ,เวลาปัจจุบันตามระบบ,TICKET_GROUP_014
แจ้งทำความสะอาดตรงสวนหน้าตึก มีหมาจรจัดมาคุ้ยขยะ ครับ,TICKET_1555,หมวดภูมิทัศน์และความสะอาด,เวลาปัจจุบันตามระบบ,TICKET_GROUP_018
อาจารย์ครับ เกรดยังไม่ออกครับ รบกวนให้คำแนะนำที,TICKET_1556,หมวดการเรียนการสอนและวิชาการ,เวลาปัจจุบันตามระบบ,TICKET_GROUP_006
อาจารย์ครับ ลงทะเบียนวิชานี้ไม่ได้ รบกวนให้คำแนะนำที,TICKET_1557,หมวดการเรียนการสอนและวิชาการ,เวลาปัจจุบันตามระบบ,TICKET_GROUP_008
สอบถามหน่อยครับ สอบถามเรื่องทุนการศึกษา,TICKET_1558,หมวดบริการทั่วไป / อื่นๆ,เวลาปัจจุบันตามระบบ,TICKET_GROUP_007
รปภ. ช่วยดูตรงประตู 2 หน่อยครับ คนจอดรถขวางทาง,TICKET_1559,หมวดความปลอดภัยและจราจร,เวลาปัจจุบันตามระบบ,TICKET_GROUP_017
รปภ. ช่วยดูตรงทางแยก หน่อยครับ มีรถชนกัน,TICKET_1560,หมวดความปลอดภัยและจราจร,เวลาปัจจุบันตามระบบ,TICKET_GROUP_017
รปภ. ช่วยดูตรงลานจอดรถ หน่อยครับ คนจอดรถขวางทาง,TICKET_1561,หมวดความปลอดภัยและจราจร,เวลาปัจจุบันตามระบบ,TICKET_GROUP_021
เน็ตหลุดบ่อยมาก ตอนนี้อยู่หน้ามอ ทำงานไม่ได้เลย,TICKET_1562,หมวดเทคโนโลยีสารสนเทศ,เวลาปัจจุบันตามระบบ,TICKET_GROUP_025
รปภ. ช่วยดูตรงลานจอดรถ หน่อยครับ ทางมืดมากอันตราย,TICKET_1563,หมวดความปลอดภัยและจราจร,เวลาปัจจุบันตามระบบ,TICKET_GROUP_021
แจ้งเรื่องลิฟต์ค้าง ตรงห้องน้ำตึกสงวน ช่วยมาดูหน่อย,TICKET_1564,หมวดอาคารและสิ่งอำนวยความสะดวก,เวลาปัจจุบันตามระบบ,TICKET_GROUP_011
ลงทะเบียนไม่ได้ ตอนนี้อยู่หน้ามอ ทำงานไม่ได้เลย,TICKET_1565,หมวดเทคโนโลยีสารสนเทศ,เวลาปัจจุบันตามระบบ,TICKET_GROUP_025
สอบถามหน่อยครับ รถเมล์สาย 1 หมดกี่โมง,TICKET_1566,หมวดการเดินทางและระบบขนส่ง,เวลาปัจจุบันตามระบบ,TICKET_GROUP_015
แจ้งทำความสะอาดตรงริมสระน้ำ ขยะล้นถังส่งกลิ่นเหม็น ครับ,TICKET_1567,หมวดภูมิทัศน์และความสะอาด,เวลาปัจจุบันตามระบบ,TICKET_GROUP_024
อาจารย์ครับ ตารางเรียนไม่ขึ้นระบบ รบกวนให้คำแนะนำที,TICKET_1568,หมวดการเรียนการสอนและวิชาการ,เวลาปัจจุบันตามระบบ,TICKET_GROUP_001
แจ้งทำความสะอาดตรงโรงอาหาร ขยะล้นถังส่งกลิ่นเหม็น ครับ,TICKET_1569,หมวดภูมิทัศน์และความสะอาด,เวลาปัจจุบันตามระบบ,TICKET_GROUP_022
อาจารย์ครับ ลงทะเบียนวิชานี้ไม่ได้ รบกวนให้คำแนะนำที,TICKET_1570,หมวดการเรียนการสอนและวิชาการ,เวลาปัจจุบันตามระบบ,TICKET_GROUP_008
แจ้งทำความสะอาดตรงริมสระน้ำ หญ้ารกมาก ครับ,TICKET_1571,หมวดภูมิทัศน์และความสะอาด,เวลาปัจจุบันตามระบบ,TICKET_GROUP_024
แจ้งเรื่องน้ำไม่ไหล ตรงตึก ICT ช่วยมาดูหน่อย,TICKET_1572,หมวดอาคารและสิ่งอำนวยความสะดวก,เวลาปัจจุบันตามระบบ,TICKET_GROUP_027
สอบถามหน่อยครับ ทำบัตรนิสิตใหม่ที่ไหน,TICKET_1573,หมวดบริการทั่วไป / อื่นๆ,เวลาปัจจุบันตามระบบ,TICKET_GROUP_016
แจ้งเรื่องหลังคารั่วหนักมาก ตรงห้องน้ำตึกสงวน ช่วยมาดูหน่อย,TICKET_1574,หมวดอาคารและสิ่งอำนวยความสะดวก,เวลาปัจจุบันตามระบบ,TICKET_GROUP_019
สอบถามหน่อยครับ ทำบัตรนิสิตใหม่ที่ไหน,TICKET_1575,หมวดบริการทั่วไป / อื่นๆ,เวลาปัจจุบันตามระบบ,TICKET_GROUP_016
แจ้งเรื่องแอร์ไม่เย็นเลย ตรงอาคารเรียนรวม ช่วยมาดูหน่อย,TICKET_1576,หมวดอาคารและสิ่งอำนวยความสะดวก,เวลาปัจจุบันตามระบบ,TICKET_GROUP_028
เน็ตหลุดบ่อยมาก ตอนนี้อยู่หอพักใน ทำงานไม่ได้เลย,TICKET_1577,หมวดเทคโนโลยีสารสนเทศ,เวลาปัจจุบันตามระบบ,TICKET_GROUP_020
สอบถามหน่อยครับ อยากทราบกำหนดการกิจกรรมรับน้อง,TICKET_1578,หมวดบริการทั่วไป / อื่นๆ,เวลาปัจจุบันตามระบบ,TICKET_GROUP_014
สอบถามหน่อยครับ สอบถามเรื่องทุนการศึกษา,TICKET_1579,หมวดบริการทั่วไป / อื่นๆ,เวลาปัจจุบันตามระบบ,TICKET_GROUP_007
อาจารย์ครับ ขอสอบชดเชยต้องทำไง รบกวนให้คำแนะนำที,TICKET_1580,หมวดการเรียนการสอนและวิชาการ,เวลาปัจจุบันตามระบบ,TICKET_GROUP_013
แจ้งเรื่องแอร์ไม่เย็นเลย ตรงห้องบรรยาย ช่วยมาดูหน่อย,TICKET_1581,หมวดอาคารและสิ่งอำนวยความสะดวก,เวลาปัจจุบันตามระบบ,TICKET_GROUP_028
แจ้งเรื่องประตูพัง ตรงห้อง 1204 ช่วยมาดูหน่อย,TICKET_1582,หมวดอาคารและสิ่งอำนวยความสะดวก,เวลาปัจจุบันตามระบบ,TICKET_GROUP_010
สอบถามหน่อยครับ สอบถามเรื่องทุนการศึกษา,TICKET_1583,หมวดบริการทั่วไป / อื่นๆ,เวลาปัจจุบันตามระบบ,TICKET_GROUP_007
แจ้งทำความสะอาดตรงสนามบาส สกปรกมากไม่ทำความสะอาด ครับ,TICKET_1584,หมวดภูมิทัศน์และความสะอาด,เวลาปัจจุบันตามระบบ,TICKET_GROUP_023
รปภ. ช่วยดูตรงลานจอดรถ หน่อยครับ รถติดหนักมาก,TICKET_1585,หมวดความปลอดภัยและจราจร,เวลาปัจจุบันตามระบบ,TICKET_GROUP_021
แจ้งเรื่องไฟดับครับ ตรงตึกวิทย์ ช่วยมาดูหน่อย,TICKET_1586,หมวดอาคารและสิ่งอำนวยความสะดวก,เวลาปัจจุบันตามระบบ,TICKET_GROUP_028
แจ้งทำความสะอาดตรงทางเดิน มีหมาจรจัดมาคุ้ยขยะ ครับ,TICKET_1587,หมวดภูมิทัศน์และความสะอาด,เวลาปัจจุบันตามระบบ,TICKET_GROUP_018
อาจารย์ครับ ตารางเรียนไม่ขึ้นระบบ รบกวนให้คำแนะนำที,TICKET_1588,หมวดการเรียนการสอนและวิชาการ,เวลาปัจจุบันตามระบบ,TICKET_GROUP_001
รปภ. ช่วยดูตรงหน้ามอ หน่อยครับ รถติดหนักมาก,TICKET_1589,หมวดความปลอดภัยและจราจร,เวลาปัจจุบันตามระบบ,TICKET_GROUP_012
ระบบล่ม ตอนนี้อยู่หน้ามอ ทำงานไม่ได้เลย,TICKET_1590,หมวดเทคโนโลยีสารสนเทศ,เวลาปัจจุบันตามระบบ,TICKET_GROUP_025
แจ้งเรื่องลิฟต์ค้าง ตรงห้องบรรยาย ช่วยมาดูหน่อย,TICKET_1591,หมวดอาคารและสิ่งอำนวยความสะดวก,เวลาปัจจุบันตามระบบ,TICKET_GROUP_010
แจ้งเรื่องหลังคารั่วหนักมาก ตรงตึก ICT ช่วยมาดูหน่อย,TICKET_1592,หมวดอาคารและสิ่งอำนวยความสะดวก,เวลาปัจจุบันตามระบบ,TICKET_GROUP_027
แจ้งเรื่องประตูพัง ตรงห้องน้ำตึกสงวน ช่วยมาดูหน่อย,TICKET_1593,หมวดอาคารและสิ่งอำนวยความสะดวก,เวลาปัจจุบันตามระบบ,TICKET_GROUP_011
สอบถามหน่อยครับ อยากทราบกำหนดการกิจกรรมรับน้อง,TICKET_1594,หมวดบริการทั่วไป / อื่นๆ,เวลาปัจจุบันตามระบบ,TICKET_GROUP_014
แจ้งทำความสะอาดตรงริมสระน้ำ สกปรกมากไม่ทำความสะอาด ครับ,TICKET_1595,หมวดภูมิทัศน์และความสะอาด,เวลาปัจจุบันตามระบบ,TICKET_GROUP_024
เน็ตหลุดบ่อยมาก ตอนนี้อยู่หอพักใน ทำงานไม่ได้เลย,TICKET_1596,หมวดเทคโนโลยีสารสนเทศ,เวลาปัจจุบันตามระบบ,TICKET_GROUP_020
แจ้งเรื่องลิฟต์ค้าง ตรงตึก ICT ช่วยมาดูหน่อย,TICKET_1597,หมวดอาคารและสิ่งอำนวยความสะดวก,เวลาปัจจุบันตามระบบ,TICKET_GROUP_027
สอบถามหน่อยครับ อยากทราบกำหนดการกิจกรรมรับน้อง,TICKET_1598,หมวดบริการทั่วไป / อื่นๆ,เวลาปัจจุบันตามระบบ,TICKET_GROUP_014
แจ้งทำความสะอาดตรงทางเดิน สกปรกมากไม่ทำความสะอาด ครับ,TICKET_1599,หมวดภูมิทัศน์และความสะอาด,เวลาปัจจุบันตามระบบ,TICKET_GROUP_023
เน็ตหลุดบ่อยมาก ตอนนี้อยู่หน้ามอ ทำงานไม่ได้เลย,TICKET_1600,หมวดเทคโนโลยีสารสนเทศ,เวลาปัจจุบันตามระบบ,TICKET_GROUP_025
แจ้งเรื่องแอร์ไม่เย็นเลย ตรงอาคารเรียนรวม ช่วยมาดูหน่อย,TICKET_1601,หมวดอาคารและสิ่งอำนวยความสะดวก,เวลาปัจจุบันตามระบบ,TICKET_GROUP_028
สอบถามหน่อยครับ รถเมล์สาย 1 หมดกี่โมง,TICKET_1602,หมวดการเดินทางและระบบขนส่ง,เวลาปัจจุบันตามระบบ,TICKET_GROUP_015
สอบถามหน่อยครับ อยากทราบกำหนดการกิจกรรมรับน้อง,TICKET_1603,หมวดบริการทั่วไป / อื่นๆ,เวลาปัจจุบันตามระบบ,TICKET_GROUP_014
ลงทะเบียนไม่ได้ ตอนนี้อยู่หน้ามอ ทำงานไม่ได้เลย,TICKET_1604,หมวดเทคโนโลยีสารสนเทศ,เวลาปัจจุบันตามระบบ,TICKET_GROUP_025
แจ้งเรื่องหลังคารั่วหนักมาก ตรงตึก ICT ช่วยมาดูหน่อย,TICKET_1605,หมวดอาคารและสิ่งอำนวยความสะดวก,เวลาปัจจุบันตามระบบ,TICKET_GROUP_027
ลืมรหัสผ่านเข้าระบบ ตอนนี้อยู่ห้องสมุด ทำงานไม่ได้เลย,TICKET_1606,หมวดเทคโนโลยีสารสนเทศ,เวลาปัจจุบันตามระบบ,TICKET_GROUP_003
ลืมรหัสผ่านเข้าระบบ ตอนนี้อยู่หอพักใน ทำงานไม่ได้เลย,TICKET_1607,หมวดเทคโนโลยีสารสนเทศ,เวลาปัจจุบันตามระบบ,TICKET_GROUP_020
รปภ. ช่วยดูตรงลานจอดรถ หน่อยครับ ทางมืดมากอันตราย,TICKET_1608,หมวดความปลอดภัยและจราจร,เวลาปัจจุบันตามระบบ,TICKET_GROUP_021
รปภ. ช่วยดูตรงประตู 2 หน่อยครับ รถติดหนักมาก,TICKET_1609,หมวดความปลอดภัยและจราจร,เวลาปัจจุบันตามระบบ,TICKET_GROUP_017
แจ้งเรื่องหลังคารั่วหนักมาก ตรงห้อง 1204 ช่วยมาดูหน่อย,TICKET_1610,หมวดอาคารและสิ่งอำนวยความสะดวก,เวลาปัจจุบันตามระบบ,TICKET_GROUP_019
อาจารย์ครับ เกรดยังไม่ออกครับ รบกวนให้คำแนะนำที,TICKET_1611,หมวดการเรียนการสอนและวิชาการ,เวลาปัจจุบันตามระบบ,TICKET_GROUP_006
อาจารย์ครับ ตารางเรียนไม่ขึ้นระบบ รบกวนให้คำแนะนำที,TICKET_1612,หมวดการเรียนการสอนและวิชาการ,เวลาปัจจุบันตามระบบ,TICKET_GROUP_001
แจ้งทำความสะอาดตรงริมสระน้ำ กิ่งไม้หักขวางทาง ครับ,TICKET_1613,หมวดภูมิทัศน์และความสะอาด,เวลาปัจจุบันตามระบบ,TICKET_GROUP_024
รปภ. ช่วยดูตรงหลังมอ หน่อยครับ ทางมืดมากอันตราย,TICKET_1614,หมวดความปลอดภัยและจราจร,เวลาปัจจุบันตามระบบ,TICKET_GROUP_021
รปภ. ช่วยดูตรงทางแยก หน่อยครับ รถติดหนักมาก,TICKET_1615,หมวดความปลอดภัยและจราจร,เวลาปัจจุบันตามระบบ,TICKET_GROUP_012
สอบถามหน่อยครับ อยากทราบกำหนดการกิจกรรมรับน้อง,TICKET_1616,หมวดบริการทั่วไป / อื่นๆ,เวลาปัจจุบันตามระบบ,TICKET_GROUP_014
แจ้งเรื่องลิฟต์ค้าง ตรงห้องบรรยาย ช่วยมาดูหน่อย,TICKET_1617,หมวดอาคารและสิ่งอำนวยความสะดวก,เวลาปัจจุบันตามระบบ,TICKET_GROUP_010
ไวไฟเข้าไม่ได้ ตอนนี้อยู่หน้ามอ ทำงานไม่ได้เลย,TICKET_1618,หมวดเทคโนโลยีสารสนเทศ,เวลาปัจจุบันตามระบบ,TICKET_GROUP_025
ไวไฟเข้าไม่ได้ ตอนนี้อยู่หอพักใน ทำงานไม่ได้เลย,TICKET_1619,หมวดเทคโนโลยีสารสนเทศ,เวลาปัจจุบันตามระบบ,TICKET_GROUP_025
แจ้งทำความสะอาดตรงโรงอาหาร ขยะล้นถังส่งกลิ่นเหม็น ครับ,TICKET_1620,หมวดภูมิทัศน์และความสะอาด,เวลาปัจจุบันตามระบบ,TICKET_GROUP_022
แจ้งทำความสะอาดตรงทางเดิน ขยะล้นถังส่งกลิ่นเหม็น ครับ,TICKET_1621,หมวดภูมิทัศน์และความสะอาด,เวลาปัจจุบันตามระบบ,TICKET_GROUP_022
ไวไฟเข้าไม่ได้ ตอนนี้อยู่หอพักใน ทำงานไม่ได้เลย,TICKET_1622,หมวดเทคโนโลยีสารสนเทศ,เวลาปัจจุบันตามระบบ,TICKET_GROUP_025
รปภ. ช่วยดูตรงหลังมอ หน่อยครับ หมวกกันน็อคหาย,TICKET_1623,หมวดความปลอดภัยและจราจร,เวลาปัจจุบันตามระบบ,TICKET_GROUP_012
รปภ. ช่วยดูตรงหลังมอ หน่อยครับ คนจอดรถขวางทาง,TICKET_1624,หมวดความปลอดภัยและจราจร,เวลาปัจจุบันตามระบบ,TICKET_GROUP_012
สอบถามหน่อยครับ ทำบัตรนิสิตใหม่ที่ไหน,TICKET_1625,หมวดบริการทั่วไป / อื่นๆ,เวลาปัจจุบันตามระบบ,TICKET_GROUP_016
อาจารย์ครับ อยากติดต่ออาจารย์เรื่องดรอปเรียน รบกวนให้คำแนะนำที,TICKET_1626,หมวดการเรียนการสอนและวิชาการ,เวลาปัจจุบันตามระบบ,TICKET_GROUP_026
สอบถามหน่อยครับ อยากทราบกำหนดการกิจกรรมรับน้อง,TICKET_1627,หมวดบริการทั่วไป / อื่นๆ,เวลาปัจจุบันตามระบบ,TICKET_GROUP_014
สอบถามหน่อยครับ ทำบัตรนิสิตใหม่ที่ไหน,TICKET_1628,หมวดบริการทั่วไป / อื่นๆ,เวลาปัจจุบันตามระบบ,TICKET_GROUP_016
แจ้งเรื่องแอร์ไม่เย็นเลย ตรงห้องบรรยาย ช่วยมาดูหน่อย,TICKET_1629,หมวดอาคารและสิ่งอำนวยความสะดวก,เวลาปัจจุบันตามระบบ,TICKET_GROUP_028
รปภ. ช่วยดูตรงทางแยก หน่อยครับ ทางมืดมากอันตราย,TICKET_1630,หมวดความปลอดภัยและจราจร,เวลาปัจจุบันตามระบบ,TICKET_GROUP_021
ระบบล่ม ตอนนี้อยู่หอพักใน ทำงานไม่ได้เลย,TICKET_1631,หมวดเทคโนโลยีสารสนเทศ,เวลาปัจจุบันตามระบบ,TICKET_GROUP_025
สอบถามหน่อยครับ อยากทราบกำหนดการกิจกรรมรับน้อง,TICKET_1632,หมวดบริการทั่วไป / อื่นๆ,เวลาปัจจุบันตามระบบ,TICKET_GROUP_014
สอบถามหน่อยครับ สอบถามเรื่องทุนการศึกษา,TICKET_1633,หมวดบริการทั่วไป / อื่นๆ,เวลาปัจจุบันตามระบบ,TICKET_GROUP_007
ไวไฟเข้าไม่ได้ ตอนนี้อยู่ห้องสมุด ทำงานไม่ได้เลย,TICKET_1634,หมวดเทคโนโลยีสารสนเทศ,เวลาปัจจุบันตามระบบ,TICKET_GROUP_025
รปภ. ช่วยดูตรงทางแยก หน่อยครับ หมวกกันน็อคหาย,TICKET_1635,หมวดความปลอดภัยและจราจร,เวลาปัจจุบันตามระบบ,TICKET_GROUP_004
เน็ตหลุดบ่อยมาก ตอนนี้อยู่ห้องสมุด ทำงานไม่ได้เลย,TICKET_1636,หมวดเทคโนโลยีสารสนเทศ,เวลาปัจจุบันตามระบบ,TICKET_GROUP_020
สอบถามหน่อยครับ ทำบัตรนิสิตใหม่ที่ไหน,TICKET_1637,หมวดบริการทั่วไป / อื่นๆ,เวลาปัจจุบันตามระบบ,TICKET_GROUP_016
แจ้งทำความสะอาดตรงโรงอาหาร สกปรกมากไม่ทำความสะอาด ครับ,TICKET_1638,หมวดภูมิทัศน์และความสะอาด,เวลาปัจจุบันตามระบบ,TICKET_GROUP_023
แจ้งเรื่องไฟดับครับ ตรงห้อง 1204 ช่วยมาดูหน่อย,TICKET_1639,หมวดอาคารและสิ่งอำนวยความสะดวก,เวลาปัจจุบันตามระบบ,TICKET_GROUP_011
เน็ตหลุดบ่อยมาก ตอนนี้อยู่หอพักใน ทำงานไม่ได้เลย,TICKET_1640,หมวดเทคโนโลยีสารสนเทศ,เวลาปัจจุบันตามระบบ,TICKET_GROUP_020
เน็ตหลุดบ่อยมาก ตอนนี้อยู่ตึกคณะ ทำงานไม่ได้เลย,TICKET_1641,หมวดเทคโนโลยีสารสนเทศ,เวลาปัจจุบันตามระบบ,TICKET_GROUP_020
สอบถามหน่อยครับ รถเมล์สาย 1 หมดกี่โมง,TICKET_1642,หมวดการเดินทางและระบบขนส่ง,เวลาปัจจุบันตามระบบ,TICKET_GROUP_015
แจ้งทำความสะอาดตรงริมสระน้ำ หญ้ารกมาก ครับ,TICKET_1643,หมวดภูมิทัศน์และความสะอาด,เวลาปัจจุบันตามระบบ,TICKET_GROUP_024
รปภ. ช่วยดูตรงหลังมอ หน่อยครับ มีรถชนกัน,TICKET_1644,หมวดความปลอดภัยและจราจร,เวลาปัจจุบันตามระบบ,TICKET_GROUP_017
แจ้งทำความสะอาดตรงโรงอาหาร หญ้ารกมาก ครับ,TICKET_1645,หมวดภูมิทัศน์และความสะอาด,เวลาปัจจุบันตามระบบ,TICKET_GROUP_024
รปภ. ช่วยดูตรงทางแยก หน่อยครับ มีรถชนกัน,TICKET_1646,หมวดความปลอดภัยและจราจร,เวลาปัจจุบันตามระบบ,TICKET_GROUP_017
ลงทะเบียนไม่ได้ ตอนนี้อยู่หอพักใน ทำงานไม่ได้เลย,TICKET_1647,หมวดเทคโนโลยีสารสนเทศ,เวลาปัจจุบันตามระบบ,TICKET_GROUP_025
อาจารย์ครับ เกรดยังไม่ออกครับ รบกวนให้คำแนะนำที,TICKET_1648,หมวดการเรียนการสอนและวิชาการ,เวลาปัจจุบันตามระบบ,TICKET_GROUP_006
ไวไฟเข้าไม่ได้ ตอนนี้อยู่ห้องสมุด ทำงานไม่ได้เลย,TICKET_1649,หมวดเทคโนโลยีสารสนเทศ,เวลาปัจจุบันตามระบบ,TICKET_GROUP_025
แจ้งเรื่องประตูพัง ตรงห้องน้ำตึกสงวน ช่วยมาดูหน่อย,TICKET_1650,หมวดอาคารและสิ่งอำนวยความสะดวก,เวลาปัจจุบันตามระบบ,TICKET_GROUP_011
รปภ. ช่วยดูตรงทางแยก หน่อยครับ รถติดหนักมาก,TICKET_1651,หมวดความปลอดภัยและจราจร,เวลาปัจจุบันตามระบบ,TICKET_GROUP_012
อาจารย์ครับ อยากติดต่ออาจารย์เรื่องดรอปเรียน รบกวนให้คำแนะนำที,TICKET_1652,หมวดการเรียนการสอนและวิชาการ,เวลาปัจจุบันตามระบบ,TICKET_GROUP_026
แจ้งทำความสะอาดตรงริมสระน้ำ หญ้ารกมาก ครับ,TICKET_1653,หมวดภูมิทัศน์และความสะอาด,เวลาปัจจุบันตามระบบ,TICKET_GROUP_024
ลงทะเบียนไม่ได้ ตอนนี้อยู่ตึกคณะ ทำงานไม่ได้เลย,TICKET_1654,หมวดเทคโนโลยีสารสนเทศ,เวลาปัจจุบันตามระบบ,TICKET_GROUP_025
แจ้งเรื่องไฟดับครับ ตรงตึก ICT ช่วยมาดูหน่อย,TICKET_1655,หมวดอาคารและสิ่งอำนวยความสะดวก,เวลาปัจจุบันตามระบบ,TICKET_GROUP_027
ลงทะเบียนไม่ได้ ตอนนี้อยู่หน้ามอ ทำงานไม่ได้เลย,TICKET_1656,หมวดเทคโนโลยีสารสนเทศ,เวลาปัจจุบันตามระบบ,TICKET_GROUP_025
รปภ. ช่วยดูตรงทางแยก หน่อยครับ มีรถชนกัน,TICKET_1657,หมวดความปลอดภัยและจราจร,เวลาปัจจุบันตามระบบ,TICKET_GROUP_017
อาจารย์ครับ เกรดยังไม่ออกครับ รบกวนให้คำแนะนำที,TICKET_1658,หมวดการเรียนการสอนและวิชาการ,เวลาปัจจุบันตามระบบ,TICKET_GROUP_006
แจ้งทำความสะอาดตรงสวนหน้าตึก สกปรกมากไม่ทำความสะอาด ครับ,TICKET_1659,หมวดภูมิทัศน์และความสะอาด,เวลาปัจจุบันตามระบบ,TICKET_GROUP_023
แจ้งเรื่องประตูพัง ตรงอาคารเรียนรวม ช่วยมาดูหน่อย,TICKET_1660,หมวดอาคารและสิ่งอำนวยความสะดวก,เวลาปัจจุบันตามระบบ,TICKET_GROUP_019
รปภ. ช่วยดูตรงลานจอดรถ หน่อยครับ ทางมืดมากอันตราย,TICKET_1661,หมวดความปลอดภัยและจราจร,เวลาปัจจุบันตามระบบ,TICKET_GROUP_021
อาจารย์ครับ ตารางเรียนไม่ขึ้นระบบ รบกวนให้คำแนะนำที,TICKET_1662,หมวดการเรียนการสอนและวิชาการ,เวลาปัจจุบันตามระบบ,TICKET_GROUP_001
ไวไฟเข้าไม่ได้ ตอนนี้อยู่หน้ามอ ทำงานไม่ได้เลย,TICKET_1663,หมวดเทคโนโลยีสารสนเทศ,เวลาปัจจุบันตามระบบ,TICKET_GROUP_025
แจ้งเรื่องน้ำไม่ไหล ตรงตึกวิทย์ ช่วยมาดูหน่อย,TICKET_1664,หมวดอาคารและสิ่งอำนวยความสะดวก,เวลาปัจจุบันตามระบบ,TICKET_GROUP_028
สอบถามหน่อยครับ สอบถามเรื่องทุนการศึกษา,TICKET_1665,หมวดบริการทั่วไป / อื่นๆ,เวลาปัจจุบันตามระบบ,TICKET_GROUP_007
รปภ. ช่วยดูตรงทางแยก หน่อยครับ ทางมืดมากอันตราย,TICKET_1666,หมวดความปลอดภัยและจราจร,เวลาปัจจุบันตามระบบ,TICKET_GROUP_021
สอบถามหน่อยครับ สอบถามเรื่องทุนการศึกษา,TICKET_1667,หมวดบริการทั่วไป / อื่นๆ,เวลาปัจจุบันตามระบบ,TICKET_GROUP_007
รปภ. ช่วยดูตรงหลังมอ หน่อยครับ ทางมืดมากอันตราย,TICKET_1668,หมวดความปลอดภัยและจราจร,เวลาปัจจุบันตามระบบ,TICKET_GROUP_021
แจ้งเรื่องแอร์ไม่เย็นเลย ตรงอาคารเรียนรวม ช่วยมาดูหน่อย,TICKET_1669,หมวดอาคารและสิ่งอำนวยความสะดวก,เวลาปัจจุบันตามระบบ,TICKET_GROUP_028
แจ้งเรื่องน้ำไม่ไหล ตรงอาคารเรียนรวม ช่วยมาดูหน่อย,TICKET_1670,หมวดอาคารและสิ่งอำนวยความสะดวก,เวลาปัจจุบันตามระบบ,TICKET_GROUP_027
แจ้งทำความสะอาดตรงโรงอาหาร กิ่งไม้หักขวางทาง ครับ,TICKET_1671,หมวดภูมิทัศน์และความสะอาด,เวลาปัจจุบันตามระบบ,TICKET_GROUP_002
แจ้งทำความสะอาดตรงทางเดิน หญ้ารกมาก ครับ,TICKET_1672,หมวดภูมิทัศน์และความสะอาด,เวลาปัจจุบันตามระบบ,TICKET_GROUP_024
สอบถามหน่อยครับ ทำบัตรนิสิตใหม่ที่ไหน,TICKET_1673,หมวดบริการทั่วไป / อื่นๆ,เวลาปัจจุบันตามระบบ,TICKET_GROUP_016
แจ้งทำความสะอาดตรงสวนหน้าตึก สกปรกมากไม่ทำความสะอาด ครับ,TICKET_1674,หมวดภูมิทัศน์และความสะอาด,เวลาปัจจุบันตามระบบ,TICKET_GROUP_023
สอบถามหน่อยครับ รถเมล์สาย 1 หมดกี่โมง,TICKET_1675,หมวดการเดินทางและระบบขนส่ง,เวลาปัจจุบันตามระบบ,TICKET_GROUP_015
ไวไฟเข้าไม่ได้ ตอนนี้อยู่หอพักใน ทำงานไม่ได้เลย,TICKET_1676,หมวดเทคโนโลยีสารสนเทศ,เวลาปัจจุบันตามระบบ,TICKET_GROUP_025
แจ้งทำความสะอาดตรงริมสระน้ำ กิ่งไม้หักขวางทาง ครับ,TICKET_1677,หมวดภูมิทัศน์และความสะอาด,เวลาปัจจุบันตามระบบ,TICKET_GROUP_024
อาจารย์ครับ ลงทะเบียนวิชานี้ไม่ได้ รบกวนให้คำแนะนำที,TICKET_1678,หมวดการเรียนการสอนและวิชาการ,เวลาปัจจุบันตามระบบ,TICKET_GROUP_008
รปภ. ช่วยดูตรงประตู 2 หน่อยครับ คนจอดรถขวางทาง,TICKET_1679,หมวดความปลอดภัยและจราจร,เวลาปัจจุบันตามระบบ,TICKET_GROUP_017
อาจารย์ครับ ลงทะเบียนวิชานี้ไม่ได้ รบกวนให้คำแนะนำที,TICKET_1680,หมวดการเรียนการสอนและวิชาการ,เวลาปัจจุบันตามระบบ,TICKET_GROUP_008
แจ้งทำความสะอาดตรงริมสระน้ำ กิ่งไม้หักขวางทาง ครับ,TICKET_1681,หมวดภูมิทัศน์และความสะอาด,เวลาปัจจุบันตามระบบ,TICKET_GROUP_024
สอบถามหน่อยครับ รถเมล์สาย 1 หมดกี่โมง,TICKET_1682,หมวดการเดินทางและระบบขนส่ง,เวลาปัจจุบันตามระบบ,TICKET_GROUP_015
แจ้งเรื่องไฟดับครับ ตรงตึก ICT ช่วยมาดูหน่อย,TICKET_1683,หมวดอาคารและสิ่งอำนวยความสะดวก,เวลาปัจจุบันตามระบบ,TICKET_GROUP_027
ลงทะเบียนไม่ได้ ตอนนี้อยู่ห้องสมุด ทำงานไม่ได้เลย,TICKET_1684,หมวดเทคโนโลยีสารสนเทศ,เวลาปัจจุบันตามระบบ,TICKET_GROUP_025
แจ้งทำความสะอาดตรงสวนหน้าตึก มีหมาจรจัดมาคุ้ยขยะ ครับ,TICKET_1685,หมวดภูมิทัศน์และความสะอาด,เวลาปัจจุบันตามระบบ,TICKET_GROUP_018
แจ้งเรื่องแอร์ไม่เย็นเลย ตรงตึก ICT ช่วยมาดูหน่อย,TICKET_1686,หมวดอาคารและสิ่งอำนวยความสะดวก,เวลาปัจจุบันตามระบบ,TICKET_GROUP_028
สอบถามหน่อยครับ สอบถามเรื่องทุนการศึกษา,TICKET_1687,หมวดบริการทั่วไป / อื่นๆ,เวลาปัจจุบันตามระบบ,TICKET_GROUP_007
สอบถามหน่อยครับ อยากทราบกำหนดการกิจกรรมรับน้อง,TICKET_1688,หมวดบริการทั่วไป / อื่นๆ,เวลาปัจจุบันตามระบบ,TICKET_GROUP_014
ไวไฟเข้าไม่ได้ ตอนนี้อยู่ห้องสมุด ทำงานไม่ได้เลย,TICKET_1689,หมวดเทคโนโลยีสารสนเทศ,เวลาปัจจุบันตามระบบ,TICKET_GROUP_025
แจ้งเรื่องประตูพัง ตรงอาคารเรียนรวม ช่วยมาดูหน่อย,TICKET_1690,หมวดอาคารและสิ่งอำนวยความสะดวก,เวลาปัจจุบันตามระบบ,TICKET_GROUP_019
อาจารย์ครับ ตารางเรียนไม่ขึ้นระบบ รบกวนให้คำแนะนำที,TICKET_1691,หมวดการเรียนการสอนและวิชาการ,เวลาปัจจุบันตามระบบ,TICKET_GROUP_001
แจ้งทำความสะอาดตรงสวนหน้าตึก มีหมาจรจัดมาคุ้ยขยะ ครับ,TICKET_1692,หมวดภูมิทัศน์และความสะอาด,เวลาปัจจุบันตามระบบ,TICKET_GROUP_018
อาจารย์ครับ เกรดยังไม่ออกครับ รบกวนให้คำแนะนำที,TICKET_1693,หมวดการเรียนการสอนและวิชาการ,เวลาปัจจุบันตามระบบ,TICKET_GROUP_006
แจ้งเรื่องหลังคารั่วหนักมาก ตรงตึก ICT ช่วยมาดูหน่อย,TICKET_1694,หมวดอาคารและสิ่งอำนวยความสะดวก,เวลาปัจจุบันตามระบบ,TICKET_GROUP_027
อาจารย์ครับ เกรดยังไม่ออกครับ รบกวนให้คำแนะนำที,TICKET_1695,หมวดการเรียนการสอนและวิชาการ,เวลาปัจจุบันตามระบบ,TICKET_GROUP_006
อาจารย์ครับ ลงทะเบียนวิชานี้ไม่ได้ รบกวนให้คำแนะนำที,TICKET_1696,หมวดการเรียนการสอนและวิชาการ,เวลาปัจจุบันตามระบบ,TICKET_GROUP_008
อาจารย์ครับ ขอสอบชดเชยต้องทำไง รบกวนให้คำแนะนำที,TICKET_1697,หมวดการเรียนการสอนและวิชาการ,เวลาปัจจุบันตามระบบ,TICKET_GROUP_013
แจ้งเรื่องน้ำไม่ไหล ตรงอาคารเรียนรวม ช่วยมาดูหน่อย,TICKET_1698,หมวดอาคารและสิ่งอำนวยความสะดวก,เวลาปัจจุบันตามระบบ,TICKET_GROUP_027
รปภ. ช่วยดูตรงหน้ามอ หน่อยครับ มีรถชนกัน,TICKET_1699,หมวดความปลอดภัยและจราจร,เวลาปัจจุบันตามระบบ,TICKET_GROUP_017
สอบถามหน่อยครับ รถเมล์สาย 1 หมดกี่โมง,TICKET_1700,หมวดการเดินทางและระบบขนส่ง,เวลาปัจจุบันตามระบบ,TICKET_GROUP_015
แจ้งเรื่องไฟดับครับ ตรงห้องน้ำตึกสงวน ช่วยมาดูหน่อย,TICKET_1701,หมวดอาคารและสิ่งอำนวยความสะดวก,เวลาปัจจุบันตามระบบ,TICKET_GROUP_011
อาจารย์ครับ ขอสอบชดเชยต้องทำไง รบกวนให้คำแนะนำที,TICKET_1702,หมวดการเรียนการสอนและวิชาการ,เวลาปัจจุบันตามระบบ,TICKET_GROUP_013
แจ้งเรื่องลิฟต์ค้าง ตรงตึก ICT ช่วยมาดูหน่อย,TICKET_1703,หมวดอาคารและสิ่งอำนวยความสะดวก,เวลาปัจจุบันตามระบบ,TICKET_GROUP_027
แจ้งเรื่องไฟดับครับ ตรงห้องบรรยาย ช่วยมาดูหน่อย,TICKET_1704,หมวดอาคารและสิ่งอำนวยความสะดวก,เวลาปัจจุบันตามระบบ,TICKET_GROUP_011
รปภ. ช่วยดูตรงประตู 2 หน่อยครับ ทางมืดมากอันตราย,TICKET_1705,หมวดความปลอดภัยและจราจร,เวลาปัจจุบันตามระบบ,TICKET_GROUP_021
รปภ. ช่วยดูตรงทางแยก หน่อยครับ มีรถชนกัน,TICKET_1706,หมวดความปลอดภัยและจราจร,เวลาปัจจุบันตามระบบ,TICKET_GROUP_017
แจ้งเรื่องแอร์ไม่เย็นเลย ตรงห้องบรรยาย ช่วยมาดูหน่อย,TICKET_1707,หมวดอาคารและสิ่งอำนวยความสะดวก,เวลาปัจจุบันตามระบบ,TICKET_GROUP_028
แจ้งเรื่องลิฟต์ค้าง ตรงห้อง 1204 ช่วยมาดูหน่อย,TICKET_1708,หมวดอาคารและสิ่งอำนวยความสะดวก,เวลาปัจจุบันตามระบบ,TICKET_GROUP_009
อาจารย์ครับ อยากติดต่ออาจารย์เรื่องดรอปเรียน รบกวนให้คำแนะนำที,TICKET_1709,หมวดการเรียนการสอนและวิชาการ,เวลาปัจจุบันตามระบบ,TICKET_GROUP_026
แจ้งเรื่องลิฟต์ค้าง ตรงตึก ICT ช่วยมาดูหน่อย,TICKET_1710,หมวดอาคารและสิ่งอำนวยความสะดวก,เวลาปัจจุบันตามระบบ,TICKET_GROUP_027
รปภ. ช่วยดูตรงลานจอดรถ หน่อยครับ มีรถชนกัน,TICKET_1711,หมวดความปลอดภัยและจราจร,เวลาปัจจุบันตามระบบ,TICKET_GROUP_021
สอบถามหน่อยครับ รถเมล์สาย 1 หมดกี่โมง,TICKET_1712,หมวดการเดินทางและระบบขนส่ง,เวลาปัจจุบันตามระบบ,TICKET_GROUP_015
แจ้งทำความสะอาดตรงสนามบาส สกปรกมากไม่ทำความสะอาด ครับ,TICKET_1713,หมวดภูมิทัศน์และความสะอาด,เวลาปัจจุบันตามระบบ,TICKET_GROUP_023
แจ้งทำความสะอาดตรงโรงอาหาร หญ้ารกมาก ครับ,TICKET_1714,หมวดภูมิทัศน์และความสะอาด,เวลาปัจจุบันตามระบบ,TICKET_GROUP_024
เน็ตหลุดบ่อยมาก ตอนนี้อยู่หน้ามอ ทำงานไม่ได้เลย,TICKET_1715,หมวดเทคโนโลยีสารสนเทศ,เวลาปัจจุบันตามระบบ,TICKET_GROUP_025
รปภ. ช่วยดูตรงหน้ามอ หน่อยครับ คนจอดรถขวางทาง,TICKET_1716,หมวดความปลอดภัยและจราจร,เวลาปัจจุบันตามระบบ,TICKET_GROUP_005
ลืมรหัสผ่านเข้าระบบ ตอนนี้อยู่ตึกคณะ ทำงานไม่ได้เลย,TICKET_1717,หมวดเทคโนโลยีสารสนเทศ,เวลาปัจจุบันตามระบบ,TICKET_GROUP_003
รปภ. ช่วยดูตรงประตู 2 หน่อยครับ มีรถชนกัน,TICKET_1718,หมวดความปลอดภัยและจราจร,เวลาปัจจุบันตามระบบ,TICKET_GROUP_017
แจ้งทำความสะอาดตรงสนามบาส กิ่งไม้หักขวางทาง ครับ,TICKET_1719,หมวดภูมิทัศน์และความสะอาด,เวลาปัจจุบันตามระบบ,TICKET_GROUP_023
ระบบล่ม ตอนนี้อยู่ตึกคณะ ทำงานไม่ได้เลย,TICKET_1720,หมวดเทคโนโลยีสารสนเทศ,เวลาปัจจุบันตามระบบ,TICKET_GROUP_025
สอบถามหน่อยครับ สอบถามเรื่องทุนการศึกษา,TICKET_1721,หมวดบริการทั่วไป / อื่นๆ,เวลาปัจจุบันตามระบบ,TICKET_GROUP_007
อาจารย์ครับ อยากติดต่ออาจารย์เรื่องดรอปเรียน รบกวนให้คำแนะนำที,TICKET_1722,หมวดการเรียนการสอนและวิชาการ,เวลาปัจจุบันตามระบบ,TICKET_GROUP_026
แจ้งเรื่องลิฟต์ค้าง ตรงห้องน้ำตึกสงวน ช่วยมาดูหน่อย,TICKET_1723,หมวดอาคารและสิ่งอำนวยความสะดวก,เวลาปัจจุบันตามระบบ,TICKET_GROUP_011
แจ้งทำความสะอาดตรงโรงอาหาร ขยะล้นถังส่งกลิ่นเหม็น ครับ,TICKET_1724,หมวดภูมิทัศน์และความสะอาด,เวลาปัจจุบันตามระบบ,TICKET_GROUP_022
แจ้งเรื่องหลังคารั่วหนักมาก ตรงห้อง 1204 ช่วยมาดูหน่อย,TICKET_1725,หมวดอาคารและสิ่งอำนวยความสะดวก,เวลาปัจจุบันตามระบบ,TICKET_GROUP_019
รปภ. ช่วยดูตรงลานจอดรถ หน่อยครับ หมวกกันน็อคหาย,TICKET_1726,หมวดความปลอดภัยและจราจร,เวลาปัจจุบันตามระบบ,TICKET_GROUP_021
แจ้งเรื่องแอร์ไม่เย็นเลย ตรงห้องน้ำตึกสงวน ช่วยมาดูหน่อย,TICKET_1727,หมวดอาคารและสิ่งอำนวยความสะดวก,เวลาปัจจุบันตามระบบ,TICKET_GROUP_028
สอบถามหน่อยครับ สอบถามเรื่องทุนการศึกษา,TICKET_1728,หมวดบริการทั่วไป / อื่นๆ,เวลาปัจจุบันตามระบบ,TICKET_GROUP_007
สอบถามหน่อยครับ ทำบัตรนิสิตใหม่ที่ไหน,TICKET_1729,หมวดบริการทั่วไป / อื่นๆ,เวลาปัจจุบันตามระบบ,TICKET_GROUP_016
แจ้งทำความสะอาดตรงโรงอาหาร กิ่งไม้หักขวางทาง ครับ,TICKET_1730,หมวดภูมิทัศน์และความสะอาด,เวลาปัจจุบันตามระบบ,TICKET_GROUP_002
แจ้งเรื่องประตูพัง ตรงอาคารเรียนรวม ช่วยมาดูหน่อย,TICKET_1731,หมวดอาคารและสิ่งอำนวยความสะดวก,เวลาปัจจุบันตามระบบ,TICKET_GROUP_019
อาจารย์ครับ เกรดยังไม่ออกครับ รบกวนให้คำแนะนำที,TICKET_1732,หมวดการเรียนการสอนและวิชาการ,เวลาปัจจุบันตามระบบ,TICKET_GROUP_006
สอบถามหน่อยครับ สอบถามเรื่องทุนการศึกษา,TICKET_1733,หมวดบริการทั่วไป / อื่นๆ,เวลาปัจจุบันตามระบบ,TICKET_GROUP_007
รปภ. ช่วยดูตรงทางแยก หน่อยครับ รถติดหนักมาก,TICKET_1734,หมวดความปลอดภัยและจราจร,เวลาปัจจุบันตามระบบ,TICKET_GROUP_012
อาจารย์ครับ ขอสอบชดเชยต้องทำไง รบกวนให้คำแนะนำที,TICKET_1735,หมวดการเรียนการสอนและวิชาการ,เวลาปัจจุบันตามระบบ,TICKET_GROUP_013
แจ้งเรื่องแอร์ไม่เย็นเลย ตรงห้องน้ำตึกสงวน ช่วยมาดูหน่อย,TICKET_1736,หมวดอาคารและสิ่งอำนวยความสะดวก,เวลาปัจจุบันตามระบบ,TICKET_GROUP_028
สอบถามหน่อยครับ รถเมล์สาย 1 หมดกี่โมง,TICKET_1737,หมวดการเดินทางและระบบขนส่ง,เวลาปัจจุบันตามระบบ,TICKET_GROUP_015
แจ้งทำความสะอาดตรงโรงอาหาร มีหมาจรจัดมาคุ้ยขยะ ครับ,TICKET_1738,หมวดภูมิทัศน์และความสะอาด,เวลาปัจจุบันตามระบบ,TICKET_GROUP_018
แจ้งเรื่องแอร์ไม่เย็นเลย ตรงห้องน้ำตึกสงวน ช่วยมาดูหน่อย,TICKET_1739,หมวดอาคารและสิ่งอำนวยความสะดวก,เวลาปัจจุบันตามระบบ,TICKET_GROUP_028
แจ้งเรื่องหลังคารั่วหนักมาก ตรงตึก ICT ช่วยมาดูหน่อย,TICKET_1740,หมวดอาคารและสิ่งอำนวยความสะดวก,เวลาปัจจุบันตามระบบ,TICKET_GROUP_027
เน็ตหลุดบ่อยมาก ตอนนี้อยู่ตึกคณะ ทำงานไม่ได้เลย,TICKET_1741,หมวดเทคโนโลยีสารสนเทศ,เวลาปัจจุบันตามระบบ,TICKET_GROUP_020
รปภ. ช่วยดูตรงหลังมอ หน่อยครับ หมวกกันน็อคหาย,TICKET_1742,หมวดความปลอดภัยและจราจร,เวลาปัจจุบันตามระบบ,TICKET_GROUP_012
แจ้งเรื่องหลังคารั่วหนักมาก ตรงตึกวิทย์ ช่วยมาดูหน่อย,TICKET_1743,หมวดอาคารและสิ่งอำนวยความสะดวก,เวลาปัจจุบันตามระบบ,TICKET_GROUP_028
ไวไฟเข้าไม่ได้ ตอนนี้อยู่ตึกคณะ ทำงานไม่ได้เลย,TICKET_1744,หมวดเทคโนโลยีสารสนเทศ,เวลาปัจจุบันตามระบบ,TICKET_GROUP_025
รปภ. ช่วยดูตรงลานจอดรถ หน่อยครับ มีรถชนกัน,TICKET_1745,หมวดความปลอดภัยและจราจร,เวลาปัจจุบันตามระบบ,TICKET_GROUP_021
อาจารย์ครับ ขอสอบชดเชยต้องทำไง รบกวนให้คำแนะนำที,TICKET_1746,หมวดการเรียนการสอนและวิชาการ,เวลาปัจจุบันตามระบบ,TICKET_GROUP_013
สอบถามหน่อยครับ สอบถามเรื่องทุนการศึกษา,TICKET_1747,หมวดบริการทั่วไป / อื่นๆ,เวลาปัจจุบันตามระบบ,TICKET_GROUP_007
อาจารย์ครับ อยากติดต่ออาจารย์เรื่องดรอปเรียน รบกวนให้คำแนะนำที,TICKET_1748,หมวดการเรียนการสอนและวิชาการ,เวลาปัจจุบันตามระบบ,TICKET_GROUP_026
รปภ. ช่วยดูตรงหน้ามอ หน่อยครับ หมวกกันน็อคหาย,TICKET_1749,หมวดความปลอดภัยและจราจร,เวลาปัจจุบันตามระบบ,TICKET_GROUP_005
ไวไฟเข้าไม่ได้ ตอนนี้อยู่ห้องสมุด ทำงานไม่ได้เลย,TICKET_1750,หมวดเทคโนโลยีสารสนเทศ,เวลาปัจจุบันตามระบบ,TICKET_GROUP_025
สอบถามหน่อยครับ สอบถามเรื่องทุนการศึกษา,TICKET_1751,หมวดบริการทั่วไป / อื่นๆ,เวลาปัจจุบันตามระบบ,TICKET_GROUP_007
แจ้งเรื่องลิฟต์ค้าง ตรงห้อง 1204 ช่วยมาดูหน่อย,TICKET_1752,หมวดอาคารและสิ่งอำนวยความสะดวก,เวลาปัจจุบันตามระบบ,TICKET_GROUP_009
รปภ. ช่วยดูตรงประตู 2 หน่อยครับ มีรถชนกัน,TICKET_1753,หมวดความปลอดภัยและจราจร,เวลาปัจจุบันตามระบบ,TICKET_GROUP_017
รปภ. ช่วยดูตรงทางแยก หน่อยครับ หมวกกันน็อคหาย,TICKET_1754,หมวดความปลอดภัยและจราจร,เวลาปัจจุบันตามระบบ,TICKET_GROUP_004
รปภ. ช่วยดูตรงลานจอดรถ หน่อยครับ มีรถชนกัน,TICKET_1755,หมวดความปลอดภัยและจราจร,เวลาปัจจุบันตามระบบ,TICKET_GROUP_021
แจ้งเรื่องหลังคารั่วหนักมาก ตรงห้องน้ำตึกสงวน ช่วยมาดูหน่อย,TICKET_1756,หมวดอาคารและสิ่งอำนวยความสะดวก,เวลาปัจจุบันตามระบบ,TICKET_GROUP_019
สอบถามหน่อยครับ สอบถามเรื่องทุนการศึกษา,TICKET_1757,หมวดบริการทั่วไป / อื่นๆ,เวลาปัจจุบันตามระบบ,TICKET_GROUP_007
รปภ. ช่วยดูตรงประตู 2 หน่อยครับ ทางมืดมากอันตราย,TICKET_1758,หมวดความปลอดภัยและจราจร,เวลาปัจจุบันตามระบบ,TICKET_GROUP_021
อาจารย์ครับ เกรดยังไม่ออกครับ รบกวนให้คำแนะนำที,TICKET_1759,หมวดการเรียนการสอนและวิชาการ,เวลาปัจจุบันตามระบบ,TICKET_GROUP_006
แจ้งทำความสะอาดตรงสวนหน้าตึก หญ้ารกมาก ครับ,TICKET_1760,หมวดภูมิทัศน์และความสะอาด,เวลาปัจจุบันตามระบบ,TICKET_GROUP_024
แจ้งทำความสะอาดตรงริมสระน้ำ หญ้ารกมาก ครับ,TICKET_1761,หมวดภูมิทัศน์และความสะอาด,เวลาปัจจุบันตามระบบ,TICKET_GROUP_024
อาจารย์ครับ ตารางเรียนไม่ขึ้นระบบ รบกวนให้คำแนะนำที,TICKET_1762,หมวดการเรียนการสอนและวิชาการ,เวลาปัจจุบันตามระบบ,TICKET_GROUP_001
แจ้งเรื่องหลังคารั่วหนักมาก ตรงห้องบรรยาย ช่วยมาดูหน่อย,TICKET_1763,หมวดอาคารและสิ่งอำนวยความสะดวก,เวลาปัจจุบันตามระบบ,TICKET_GROUP_019
ลืมรหัสผ่านเข้าระบบ ตอนนี้อยู่ตึกคณะ ทำงานไม่ได้เลย,TICKET_1764,หมวดเทคโนโลยีสารสนเทศ,เวลาปัจจุบันตามระบบ,TICKET_GROUP_003
สอบถามหน่อยครับ สอบถามเรื่องทุนการศึกษา,TICKET_1765,หมวดบริการทั่วไป / อื่นๆ,เวลาปัจจุบันตามระบบ,TICKET_GROUP_007
แจ้งเรื่องไฟดับครับ ตรงตึกวิทย์ ช่วยมาดูหน่อย,TICKET_1766,หมวดอาคารและสิ่งอำนวยความสะดวก,เวลาปัจจุบันตามระบบ,TICKET_GROUP_028
แจ้งทำความสะอาดตรงริมสระน้ำ มีหมาจรจัดมาคุ้ยขยะ ครับ,TICKET_1767,หมวดภูมิทัศน์และความสะอาด,เวลาปัจจุบันตามระบบ,TICKET_GROUP_024
รปภ. ช่วยดูตรงลานจอดรถ หน่อยครับ คนจอดรถขวางทาง,TICKET_1768,หมวดความปลอดภัยและจราจร,เวลาปัจจุบันตามระบบ,TICKET_GROUP_021
แจ้งเรื่องไฟดับครับ ตรงตึกวิทย์ ช่วยมาดูหน่อย,TICKET_1769,หมวดอาคารและสิ่งอำนวยความสะดวก,เวลาปัจจุบันตามระบบ,TICKET_GROUP_028
อาจารย์ครับ ขอสอบชดเชยต้องทำไง รบกวนให้คำแนะนำที,TICKET_1770,หมวดการเรียนการสอนและวิชาการ,เวลาปัจจุบันตามระบบ,TICKET_GROUP_013
อาจารย์ครับ ตารางเรียนไม่ขึ้นระบบ รบกวนให้คำแนะนำที,TICKET_1771,หมวดการเรียนการสอนและวิชาการ,เวลาปัจจุบันตามระบบ,TICKET_GROUP_001
แจ้งเรื่องประตูพัง ตรงอาคารเรียนรวม ช่วยมาดูหน่อย,TICKET_1772,หมวดอาคารและสิ่งอำนวยความสะดวก,เวลาปัจจุบันตามระบบ,TICKET_GROUP_019
อาจารย์ครับ ขอสอบชดเชยต้องทำไง รบกวนให้คำแนะนำที,TICKET_1773,หมวดการเรียนการสอนและวิชาการ,เวลาปัจจุบันตามระบบ,TICKET_GROUP_013
เน็ตหลุดบ่อยมาก ตอนนี้อยู่ห้องสมุด ทำงานไม่ได้เลย,TICKET_1774,หมวดเทคโนโลยีสารสนเทศ,เวลาปัจจุบันตามระบบ,TICKET_GROUP_020
แจ้งทำความสะอาดตรงโรงอาหาร หญ้ารกมาก ครับ,TICKET_1775,หมวดภูมิทัศน์และความสะอาด,เวลาปัจจุบันตามระบบ,TICKET_GROUP_024
สอบถามหน่อยครับ สอบถามเรื่องทุนการศึกษา,TICKET_1776,หมวดบริการทั่วไป / อื่นๆ,เวลาปัจจุบันตามระบบ,TICKET_GROUP_007
สอบถามหน่อยครับ สอบถามเรื่องทุนการศึกษา,TICKET_1777,หมวดบริการทั่วไป / อื่นๆ,เวลาปัจจุบันตามระบบ,TICKET_GROUP_007
สอบถามหน่อยครับ สอบถามเรื่องทุนการศึกษา,TICKET_1778,หมวดบริการทั่วไป / อื่นๆ,เวลาปัจจุบันตามระบบ,TICKET_GROUP_007
แจ้งเรื่องลิฟต์ค้าง ตรงตึกวิทย์ ช่วยมาดูหน่อย,TICKET_1779,หมวดอาคารและสิ่งอำนวยความสะดวก,เวลาปัจจุบันตามระบบ,TICKET_GROUP_028
อาจารย์ครับ ตารางเรียนไม่ขึ้นระบบ รบกวนให้คำแนะนำที,TICKET_1780,หมวดการเรียนการสอนและวิชาการ,เวลาปัจจุบันตามระบบ,TICKET_GROUP_001
รปภ. ช่วยดูตรงประตู 2 หน่อยครับ ทางมืดมากอันตราย,TICKET_1781,หมวดความปลอดภัยและจราจร,เวลาปัจจุบันตามระบบ,TICKET_GROUP_021
อาจารย์ครับ ลงทะเบียนวิชานี้ไม่ได้ รบกวนให้คำแนะนำที,TICKET_1782,หมวดการเรียนการสอนและวิชาการ,เวลาปัจจุบันตามระบบ,TICKET_GROUP_008
อาจารย์ครับ เกรดยังไม่ออกครับ รบกวนให้คำแนะนำที,TICKET_1783,หมวดการเรียนการสอนและวิชาการ,เวลาปัจจุบันตามระบบ,TICKET_GROUP_006
แจ้งทำความสะอาดตรงริมสระน้ำ มีหมาจรจัดมาคุ้ยขยะ ครับ,TICKET_1784,หมวดภูมิทัศน์และความสะอาด,เวลาปัจจุบันตามระบบ,TICKET_GROUP_024
อาจารย์ครับ ลงทะเบียนวิชานี้ไม่ได้ รบกวนให้คำแนะนำที,TICKET_1785,หมวดการเรียนการสอนและวิชาการ,เวลาปัจจุบันตามระบบ,TICKET_GROUP_008
แจ้งทำความสะอาดตรงโรงอาหาร มีหมาจรจัดมาคุ้ยขยะ ครับ,TICKET_1786,หมวดภูมิทัศน์และความสะอาด,เวลาปัจจุบันตามระบบ,TICKET_GROUP_018
รปภ. ช่วยดูตรงหลังมอ หน่อยครับ ทางมืดมากอันตราย,TICKET_1787,หมวดความปลอดภัยและจราจร,เวลาปัจจุบันตามระบบ,TICKET_GROUP_021
แจ้งเรื่องน้ำไม่ไหล ตรงห้อง 1204 ช่วยมาดูหน่อย,TICKET_1788,หมวดอาคารและสิ่งอำนวยความสะดวก,เวลาปัจจุบันตามระบบ,TICKET_GROUP_027
สอบถามหน่อยครับ รถเมล์สาย 1 หมดกี่โมง,TICKET_1789,หมวดการเดินทางและระบบขนส่ง,เวลาปัจจุบันตามระบบ,TICKET_GROUP_015
สอบถามหน่อยครับ ทำบัตรนิสิตใหม่ที่ไหน,TICKET_1790,หมวดบริการทั่วไป / อื่นๆ,เวลาปัจจุบันตามระบบ,TICKET_GROUP_016
ลงทะเบียนไม่ได้ ตอนนี้อยู่ห้องสมุด ทำงานไม่ได้เลย,TICKET_1791,หมวดเทคโนโลยีสารสนเทศ,เวลาปัจจุบันตามระบบ,TICKET_GROUP_025
รปภ. ช่วยดูตรงทางแยก หน่อยครับ หมวกกันน็อคหาย,TICKET_1792,หมวดความปลอดภัยและจราจร,เวลาปัจจุบันตามระบบ,TICKET_GROUP_004
สอบถามหน่อยครับ รถเมล์สาย 1 หมดกี่โมง,TICKET_1793,หมวดการเดินทางและระบบขนส่ง,เวลาปัจจุบันตามระบบ,TICKET_GROUP_015
สอบถามหน่อยครับ อยากทราบกำหนดการกิจกรรมรับน้อง,TICKET_1794,หมวดบริการทั่วไป / อื่นๆ,เวลาปัจจุบันตามระบบ,TICKET_GROUP_014
สอบถามหน่อยครับ ทำบัตรนิสิตใหม่ที่ไหน,TICKET_1795,หมวดบริการทั่วไป / อื่นๆ,เวลาปัจจุบันตามระบบ,TICKET_GROUP_016
ระบบล่ม ตอนนี้อยู่หอพักใน ทำงานไม่ได้เลย,TICKET_1796,หมวดเทคโนโลยีสารสนเทศ,เวลาปัจจุบันตามระบบ,TICKET_GROUP_025
แจ้งเรื่องไฟดับครับ ตรงห้อง 1204 ช่วยมาดูหน่อย,TICKET_1797,หมวดอาคารและสิ่งอำนวยความสะดวก,เวลาปัจจุบันตามระบบ,TICKET_GROUP_011
รปภ. ช่วยดูตรงทางแยก หน่อยครับ ทางมืดมากอันตราย,TICKET_1798,หมวดความปลอดภัยและจราจร,เวลาปัจจุบันตามระบบ,TICKET_GROUP_021
ลงทะเบียนไม่ได้ ตอนนี้อยู่หอพักใน ทำงานไม่ได้เลย,TICKET_1799,หมวดเทคโนโลยีสารสนเทศ,เวลาปัจจุบันตามระบบ,TICKET_GROUP_025
อาจารย์ครับ เกรดยังไม่ออกครับ รบกวนให้คำแนะนำที,TICKET_1800,หมวดการเรียนการสอนและวิชาการ,เวลาปัจจุบันตามระบบ,TICKET_GROUP_006
แจ้งทำความสะอาดตรงสนามบาส กิ่งไม้หักขวางทาง ครับ,TICKET_1801,หมวดภูมิทัศน์และความสะอาด,เวลาปัจจุบันตามระบบ,TICKET_GROUP_023
แจ้งทำความสะอาดตรงสวนหน้าตึก กิ่งไม้หักขวางทาง ครับ,TICKET_1802,หมวดภูมิทัศน์และความสะอาด,เวลาปัจจุบันตามระบบ,TICKET_GROUP_022
รปภ. ช่วยดูตรงหน้ามอ หน่อยครับ หมวกกันน็อคหาย,TICKET_1803,หมวดความปลอดภัยและจราจร,เวลาปัจจุบันตามระบบ,TICKET_GROUP_005
แจ้งทำความสะอาดตรงสวนหน้าตึก หญ้ารกมาก ครับ,TICKET_1804,หมวดภูมิทัศน์และความสะอาด,เวลาปัจจุบันตามระบบ,TICKET_GROUP_024
ระบบล่ม ตอนนี้อยู่ห้องสมุด ทำงานไม่ได้เลย,TICKET_1805,หมวดเทคโนโลยีสารสนเทศ,เวลาปัจจุบันตามระบบ,TICKET_GROUP_025
อาจารย์ครับ ขอสอบชดเชยต้องทำไง รบกวนให้คำแนะนำที,TICKET_1806,หมวดการเรียนการสอนและวิชาการ,เวลาปัจจุบันตามระบบ,TICKET_GROUP_013
ลืมรหัสผ่านเข้าระบบ ตอนนี้อยู่ตึกคณะ ทำงานไม่ได้เลย,TICKET_1807,หมวดเทคโนโลยีสารสนเทศ,เวลาปัจจุบันตามระบบ,TICKET_GROUP_003
แจ้งทำความสะอาดตรงริมสระน้ำ ขยะล้นถังส่งกลิ่นเหม็น ครับ,TICKET_1808,หมวดภูมิทัศน์และความสะอาด,เวลาปัจจุบันตามระบบ,TICKET_GROUP_024
รปภ. ช่วยดูตรงทางแยก หน่อยครับ ทางมืดมากอันตราย,TICKET_1809,หมวดความปลอดภัยและจราจร,เวลาปัจจุบันตามระบบ,TICKET_GROUP_021
สอบถามหน่อยครับ รถเมล์สาย 1 หมดกี่โมง,TICKET_1810,หมวดการเดินทางและระบบขนส่ง,เวลาปัจจุบันตามระบบ,TICKET_GROUP_015
เน็ตหลุดบ่อยมาก ตอนนี้อยู่หน้ามอ ทำงานไม่ได้เลย,TICKET_1811,หมวดเทคโนโลยีสารสนเทศ,เวลาปัจจุบันตามระบบ,TICKET_GROUP_025
ลงทะเบียนไม่ได้ ตอนนี้อยู่หน้ามอ ทำงานไม่ได้เลย,TICKET_1812,หมวดเทคโนโลยีสารสนเทศ,เวลาปัจจุบันตามระบบ,TICKET_GROUP_025
ระบบล่ม ตอนนี้อยู่ห้องสมุด ทำงานไม่ได้เลย,TICKET_1813,หมวดเทคโนโลยีสารสนเทศ,เวลาปัจจุบันตามระบบ,TICKET_GROUP_025
รปภ. ช่วยดูตรงหน้ามอ หน่อยครับ หมวกกันน็อคหาย,TICKET_1814,หมวดความปลอดภัยและจราจร,เวลาปัจจุบันตามระบบ,TICKET_GROUP_005
อาจารย์ครับ อยากติดต่ออาจารย์เรื่องดรอปเรียน รบกวนให้คำแนะนำที,TICKET_1815,หมวดการเรียนการสอนและวิชาการ,เวลาปัจจุบันตามระบบ,TICKET_GROUP_026
แจ้งเรื่องน้ำไม่ไหล ตรงตึกวิทย์ ช่วยมาดูหน่อย,TICKET_1816,หมวดอาคารและสิ่งอำนวยความสะดวก,เวลาปัจจุบันตามระบบ,TICKET_GROUP_028
แจ้งทำความสะอาดตรงสนามบาส มีหมาจรจัดมาคุ้ยขยะ ครับ,TICKET_1817,หมวดภูมิทัศน์และความสะอาด,เวลาปัจจุบันตามระบบ,TICKET_GROUP_018
รปภ. ช่วยดูตรงหน้ามอ หน่อยครับ หมวกกันน็อคหาย,TICKET_1818,หมวดความปลอดภัยและจราจร,เวลาปัจจุบันตามระบบ,TICKET_GROUP_005
ลงทะเบียนไม่ได้ ตอนนี้อยู่ห้องสมุด ทำงานไม่ได้เลย,TICKET_1819,หมวดเทคโนโลยีสารสนเทศ,เวลาปัจจุบันตามระบบ,TICKET_GROUP_025
แจ้งทำความสะอาดตรงสนามบาส มีหมาจรจัดมาคุ้ยขยะ ครับ,TICKET_1820,หมวดภูมิทัศน์และความสะอาด,เวลาปัจจุบันตามระบบ,TICKET_GROUP_018
แจ้งทำความสะอาดตรงสนามบาส หญ้ารกมาก ครับ,TICKET_1821,หมวดภูมิทัศน์และความสะอาด,เวลาปัจจุบันตามระบบ,TICKET_GROUP_024
อาจารย์ครับ ลงทะเบียนวิชานี้ไม่ได้ รบกวนให้คำแนะนำที,TICKET_1822,หมวดการเรียนการสอนและวิชาการ,เวลาปัจจุบันตามระบบ,TICKET_GROUP_008
แจ้งเรื่องแอร์ไม่เย็นเลย ตรงอาคารเรียนรวม ช่วยมาดูหน่อย,TICKET_1823,หมวดอาคารและสิ่งอำนวยความสะดวก,เวลาปัจจุบันตามระบบ,TICKET_GROUP_028
อาจารย์ครับ อยากติดต่ออาจารย์เรื่องดรอปเรียน รบกวนให้คำแนะนำที,TICKET_1824,หมวดการเรียนการสอนและวิชาการ,เวลาปัจจุบันตามระบบ,TICKET_GROUP_026
สอบถามหน่อยครับ อยากทราบกำหนดการกิจกรรมรับน้อง,TICKET_1825,หมวดบริการทั่วไป / อื่นๆ,เวลาปัจจุบันตามระบบ,TICKET_GROUP_014
แจ้งทำความสะอาดตรงสวนหน้าตึก ขยะล้นถังส่งกลิ่นเหม็น ครับ,TICKET_1826,หมวดภูมิทัศน์และความสะอาด,เวลาปัจจุบันตามระบบ,TICKET_GROUP_022
เน็ตหลุดบ่อยมาก ตอนนี้อยู่ห้องสมุด ทำงานไม่ได้เลย,TICKET_1827,หมวดเทคโนโลยีสารสนเทศ,เวลาปัจจุบันตามระบบ,TICKET_GROUP_020
รปภ. ช่วยดูตรงลานจอดรถ หน่อยครับ มีรถชนกัน,TICKET_1828,หมวดความปลอดภัยและจราจร,เวลาปัจจุบันตามระบบ,TICKET_GROUP_021
สอบถามหน่อยครับ รถเมล์สาย 1 หมดกี่โมง,TICKET_1829,หมวดการเดินทางและระบบขนส่ง,เวลาปัจจุบันตามระบบ,TICKET_GROUP_015
แจ้งเรื่องหลังคารั่วหนักมาก ตรงตึกวิทย์ ช่วยมาดูหน่อย,TICKET_1830,หมวดอาคารและสิ่งอำนวยความสะดวก,เวลาปัจจุบันตามระบบ,TICKET_GROUP_028
สอบถามหน่อยครับ รถเมล์สาย 1 หมดกี่โมง,TICKET_1831,หมวดการเดินทางและระบบขนส่ง,เวลาปัจจุบันตามระบบ,TICKET_GROUP_015
รปภ. ช่วยดูตรงหน้ามอ หน่อยครับ คนจอดรถขวางทาง,TICKET_1832,หมวดความปลอดภัยและจราจร,เวลาปัจจุบันตามระบบ,TICKET_GROUP_005
สอบถามหน่อยครับ ทำบัตรนิสิตใหม่ที่ไหน,TICKET_1833,หมวดบริการทั่วไป / อื่นๆ,เวลาปัจจุบันตามระบบ,TICKET_GROUP_016
แจ้งทำความสะอาดตรงทางเดิน หญ้ารกมาก ครับ,TICKET_1834,หมวดภูมิทัศน์และความสะอาด,เวลาปัจจุบันตามระบบ,TICKET_GROUP_024
แจ้งทำความสะอาดตรงโรงอาหาร หญ้ารกมาก ครับ,TICKET_1835,หมวดภูมิทัศน์และความสะอาด,เวลาปัจจุบันตามระบบ,TICKET_GROUP_024
อาจารย์ครับ เกรดยังไม่ออกครับ รบกวนให้คำแนะนำที,TICKET_1836,หมวดการเรียนการสอนและวิชาการ,เวลาปัจจุบันตามระบบ,TICKET_GROUP_006
รปภ. ช่วยดูตรงลานจอดรถ หน่อยครับ รถติดหนักมาก,TICKET_1837,หมวดความปลอดภัยและจราจร,เวลาปัจจุบันตามระบบ,TICKET_GROUP_021
แจ้งเรื่องน้ำไม่ไหล ตรงอาคารเรียนรวม ช่วยมาดูหน่อย,TICKET_1838,หมวดอาคารและสิ่งอำนวยความสะดวก,เวลาปัจจุบันตามระบบ,TICKET_GROUP_027
รปภ. ช่วยดูตรงหน้ามอ หน่อยครับ ทางมืดมากอันตราย,TICKET_1839,หมวดความปลอดภัยและจราจร,เวลาปัจจุบันตามระบบ,TICKET_GROUP_021
อาจารย์ครับ ลงทะเบียนวิชานี้ไม่ได้ รบกวนให้คำแนะนำที,TICKET_1840,หมวดการเรียนการสอนและวิชาการ,เวลาปัจจุบันตามระบบ,TICKET_GROUP_008
แจ้งทำความสะอาดตรงริมสระน้ำ กิ่งไม้หักขวางทาง ครับ,TICKET_1841,หมวดภูมิทัศน์และความสะอาด,เวลาปัจจุบันตามระบบ,TICKET_GROUP_024
ไวไฟเข้าไม่ได้ ตอนนี้อยู่หน้ามอ ทำงานไม่ได้เลย,TICKET_1842,หมวดเทคโนโลยีสารสนเทศ,เวลาปัจจุบันตามระบบ,TICKET_GROUP_025
รปภ. ช่วยดูตรงทางแยก หน่อยครับ ทางมืดมากอันตราย,TICKET_1843,หมวดความปลอดภัยและจราจร,เวลาปัจจุบันตามระบบ,TICKET_GROUP_021
ระบบล่ม ตอนนี้อยู่หน้ามอ ทำงานไม่ได้เลย,TICKET_1844,หมวดเทคโนโลยีสารสนเทศ,เวลาปัจจุบันตามระบบ,TICKET_GROUP_025
อาจารย์ครับ ตารางเรียนไม่ขึ้นระบบ รบกวนให้คำแนะนำที,TICKET_1845,หมวดการเรียนการสอนและวิชาการ,เวลาปัจจุบันตามระบบ,TICKET_GROUP_001
สอบถามหน่อยครับ รถเมล์สาย 1 หมดกี่โมง,TICKET_1846,หมวดการเดินทางและระบบขนส่ง,เวลาปัจจุบันตามระบบ,TICKET_GROUP_015
แจ้งเรื่องหลังคารั่วหนักมาก ตรงตึกวิทย์ ช่วยมาดูหน่อย,TICKET_1847,หมวดอาคารและสิ่งอำนวยความสะดวก,เวลาปัจจุบันตามระบบ,TICKET_GROUP_028
รปภ. ช่วยดูตรงทางแยก หน่อยครับ มีรถชนกัน,TICKET_1848,หมวดความปลอดภัยและจราจร,เวลาปัจจุบันตามระบบ,TICKET_GROUP_017
แจ้งทำความสะอาดตรงทางเดิน หญ้ารกมาก ครับ,TICKET_1849,หมวดภูมิทัศน์และความสะอาด,เวลาปัจจุบันตามระบบ,TICKET_GROUP_024
ไวไฟเข้าไม่ได้ ตอนนี้อยู่ห้องสมุด ทำงานไม่ได้เลย,TICKET_1850,หมวดเทคโนโลยีสารสนเทศ,เวลาปัจจุบันตามระบบ,TICKET_GROUP_025
แจ้งเรื่องหลังคารั่วหนักมาก ตรงตึก ICT ช่วยมาดูหน่อย,TICKET_1851,หมวดอาคารและสิ่งอำนวยความสะดวก,เวลาปัจจุบันตามระบบ,TICKET_GROUP_027
รปภ. ช่วยดูตรงหลังมอ หน่อยครับ มีรถชนกัน,TICKET_1852,หมวดความปลอดภัยและจราจร,เวลาปัจจุบันตามระบบ,TICKET_GROUP_017
รปภ. ช่วยดูตรงลานจอดรถ หน่อยครับ ทางมืดมากอันตราย,TICKET_1853,หมวดความปลอดภัยและจราจร,เวลาปัจจุบันตามระบบ,TICKET_GROUP_021
แจ้งทำความสะอาดตรงริมสระน้ำ มีหมาจรจัดมาคุ้ยขยะ ครับ,TICKET_1854,หมวดภูมิทัศน์และความสะอาด,เวลาปัจจุบันตามระบบ,TICKET_GROUP_024
อาจารย์ครับ เกรดยังไม่ออกครับ รบกวนให้คำแนะนำที,TICKET_1855,หมวดการเรียนการสอนและวิชาการ,เวลาปัจจุบันตามระบบ,TICKET_GROUP_006
อาจารย์ครับ อยากติดต่ออาจารย์เรื่องดรอปเรียน รบกวนให้คำแนะนำที,TICKET_1856,หมวดการเรียนการสอนและวิชาการ,เวลาปัจจุบันตามระบบ,TICKET_GROUP_026
ไวไฟเข้าไม่ได้ ตอนนี้อยู่หน้ามอ ทำงานไม่ได้เลย,TICKET_1857,หมวดเทคโนโลยีสารสนเทศ,เวลาปัจจุบันตามระบบ,TICKET_GROUP_025
สอบถามหน่อยครับ สอบถามเรื่องทุนการศึกษา,TICKET_1858,หมวดบริการทั่วไป / อื่นๆ,เวลาปัจจุบันตามระบบ,TICKET_GROUP_007
ไวไฟเข้าไม่ได้ ตอนนี้อยู่หอพักใน ทำงานไม่ได้เลย,TICKET_1859,หมวดเทคโนโลยีสารสนเทศ,เวลาปัจจุบันตามระบบ,TICKET_GROUP_025
อาจารย์ครับ ลงทะเบียนวิชานี้ไม่ได้ รบกวนให้คำแนะนำที,TICKET_1860,หมวดการเรียนการสอนและวิชาการ,เวลาปัจจุบันตามระบบ,TICKET_GROUP_008
แจ้งเรื่องประตูพัง ตรงห้องน้ำตึกสงวน ช่วยมาดูหน่อย,TICKET_1861,หมวดอาคารและสิ่งอำนวยความสะดวก,เวลาปัจจุบันตามระบบ,TICKET_GROUP_011
รปภ. ช่วยดูตรงหลังมอ หน่อยครับ คนจอดรถขวางทาง,TICKET_1862,หมวดความปลอดภัยและจราจร,เวลาปัจจุบันตามระบบ,TICKET_GROUP_012
สอบถามหน่อยครับ ทำบัตรนิสิตใหม่ที่ไหน,TICKET_1863,หมวดบริการทั่วไป / อื่นๆ,เวลาปัจจุบันตามระบบ,TICKET_GROUP_016
แจ้งเรื่องน้ำไม่ไหล ตรงห้องน้ำตึกสงวน ช่วยมาดูหน่อย,TICKET_1864,หมวดอาคารและสิ่งอำนวยความสะดวก,เวลาปัจจุบันตามระบบ,TICKET_GROUP_027
อาจารย์ครับ อยากติดต่ออาจารย์เรื่องดรอปเรียน รบกวนให้คำแนะนำที,TICKET_1865,หมวดการเรียนการสอนและวิชาการ,เวลาปัจจุบันตามระบบ,TICKET_GROUP_026
ลืมรหัสผ่านเข้าระบบ ตอนนี้อยู่หน้ามอ ทำงานไม่ได้เลย,TICKET_1866,หมวดเทคโนโลยีสารสนเทศ,เวลาปัจจุบันตามระบบ,TICKET_GROUP_025
แจ้งเรื่องหลังคารั่วหนักมาก ตรงอาคารเรียนรวม ช่วยมาดูหน่อย,TICKET_1867,หมวดอาคารและสิ่งอำนวยความสะดวก,เวลาปัจจุบันตามระบบ,TICKET_GROUP_019
ลืมรหัสผ่านเข้าระบบ ตอนนี้อยู่ห้องสมุด ทำงานไม่ได้เลย,TICKET_1868,หมวดเทคโนโลยีสารสนเทศ,เวลาปัจจุบันตามระบบ,TICKET_GROUP_003
แจ้งเรื่องหลังคารั่วหนักมาก ตรงห้องน้ำตึกสงวน ช่วยมาดูหน่อย,TICKET_1869,หมวดอาคารและสิ่งอำนวยความสะดวก,เวลาปัจจุบันตามระบบ,TICKET_GROUP_019
ระบบล่ม ตอนนี้อยู่หน้ามอ ทำงานไม่ได้เลย,TICKET_1870,หมวดเทคโนโลยีสารสนเทศ,เวลาปัจจุบันตามระบบ,TICKET_GROUP_025
เน็ตหลุดบ่อยมาก ตอนนี้อยู่หอพักใน ทำงานไม่ได้เลย,TICKET_1871,หมวดเทคโนโลยีสารสนเทศ,เวลาปัจจุบันตามระบบ,TICKET_GROUP_020
แจ้งทำความสะอาดตรงสวนหน้าตึก สกปรกมากไม่ทำความสะอาด ครับ,TICKET_1872,หมวดภูมิทัศน์และความสะอาด,เวลาปัจจุบันตามระบบ,TICKET_GROUP_023
ลืมรหัสผ่านเข้าระบบ ตอนนี้อยู่หอพักใน ทำงานไม่ได้เลย,TICKET_1873,หมวดเทคโนโลยีสารสนเทศ,เวลาปัจจุบันตามระบบ,TICKET_GROUP_020
สอบถามหน่อยครับ อยากทราบกำหนดการกิจกรรมรับน้อง,TICKET_1874,หมวดบริการทั่วไป / อื่นๆ,เวลาปัจจุบันตามระบบ,TICKET_GROUP_014
แจ้งทำความสะอาดตรงสวนหน้าตึก มีหมาจรจัดมาคุ้ยขยะ ครับ,TICKET_1875,หมวดภูมิทัศน์และความสะอาด,เวลาปัจจุบันตามระบบ,TICKET_GROUP_018
ไวไฟเข้าไม่ได้ ตอนนี้อยู่หอพักใน ทำงานไม่ได้เลย,TICKET_1876,หมวดเทคโนโลยีสารสนเทศ,เวลาปัจจุบันตามระบบ,TICKET_GROUP_025
สอบถามหน่อยครับ สอบถามเรื่องทุนการศึกษา,TICKET_1877,หมวดบริการทั่วไป / อื่นๆ,เวลาปัจจุบันตามระบบ,TICKET_GROUP_007
อาจารย์ครับ เกรดยังไม่ออกครับ รบกวนให้คำแนะนำที,TICKET_1878,หมวดการเรียนการสอนและวิชาการ,เวลาปัจจุบันตามระบบ,TICKET_GROUP_006
แจ้งทำความสะอาดตรงสนามบาส หญ้ารกมาก ครับ,TICKET_1879,หมวดภูมิทัศน์และความสะอาด,เวลาปัจจุบันตามระบบ,TICKET_GROUP_024
รปภ. ช่วยดูตรงหน้ามอ หน่อยครับ ทางมืดมากอันตราย,TICKET_1880,หมวดความปลอดภัยและจราจร,เวลาปัจจุบันตามระบบ,TICKET_GROUP_021
รปภ. ช่วยดูตรงหน้ามอ หน่อยครับ รถติดหนักมาก,TICKET_1881,หมวดความปลอดภัยและจราจร,เวลาปัจจุบันตามระบบ,TICKET_GROUP_012
อาจารย์ครับ ลงทะเบียนวิชานี้ไม่ได้ รบกวนให้คำแนะนำที,TICKET_1882,หมวดการเรียนการสอนและวิชาการ,เวลาปัจจุบันตามระบบ,TICKET_GROUP_008
อาจารย์ครับ อยากติดต่ออาจารย์เรื่องดรอปเรียน รบกวนให้คำแนะนำที,TICKET_1883,หมวดการเรียนการสอนและวิชาการ,เวลาปัจจุบันตามระบบ,TICKET_GROUP_026
แจ้งเรื่องน้ำไม่ไหล ตรงอาคารเรียนรวม ช่วยมาดูหน่อย,TICKET_1884,หมวดอาคารและสิ่งอำนวยความสะดวก,เวลาปัจจุบันตามระบบ,TICKET_GROUP_027
แจ้งเรื่องประตูพัง ตรงตึกวิทย์ ช่วยมาดูหน่อย,TICKET_1885,หมวดอาคารและสิ่งอำนวยความสะดวก,เวลาปัจจุบันตามระบบ,TICKET_GROUP_028
แจ้งทำความสะอาดตรงสวนหน้าตึก ขยะล้นถังส่งกลิ่นเหม็น ครับ,TICKET_1886,หมวดภูมิทัศน์และความสะอาด,เวลาปัจจุบันตามระบบ,TICKET_GROUP_022
ระบบล่ม ตอนนี้อยู่หอพักใน ทำงานไม่ได้เลย,TICKET_1887,หมวดเทคโนโลยีสารสนเทศ,เวลาปัจจุบันตามระบบ,TICKET_GROUP_025
อาจารย์ครับ ตารางเรียนไม่ขึ้นระบบ รบกวนให้คำแนะนำที,TICKET_1888,หมวดการเรียนการสอนและวิชาการ,เวลาปัจจุบันตามระบบ,TICKET_GROUP_001
อาจารย์ครับ ลงทะเบียนวิชานี้ไม่ได้ รบกวนให้คำแนะนำที,TICKET_1889,หมวดการเรียนการสอนและวิชาการ,เวลาปัจจุบันตามระบบ,TICKET_GROUP_008
รปภ. ช่วยดูตรงทางแยก หน่อยครับ ทางมืดมากอันตราย,TICKET_1890,หมวดความปลอดภัยและจราจร,เวลาปัจจุบันตามระบบ,TICKET_GROUP_021
รปภ. ช่วยดูตรงลานจอดรถ หน่อยครับ รถติดหนักมาก,TICKET_1891,หมวดความปลอดภัยและจราจร,เวลาปัจจุบันตามระบบ,TICKET_GROUP_021
แจ้งเรื่องหลังคารั่วหนักมาก ตรงอาคารเรียนรวม ช่วยมาดูหน่อย,TICKET_1892,หมวดอาคารและสิ่งอำนวยความสะดวก,เวลาปัจจุบันตามระบบ,TICKET_GROUP_019
แจ้งทำความสะอาดตรงโรงอาหาร สกปรกมากไม่ทำความสะอาด ครับ,TICKET_1893,หมวดภูมิทัศน์และความสะอาด,เวลาปัจจุบันตามระบบ,TICKET_GROUP_023
แจ้งทำความสะอาดตรงสวนหน้าตึก มีหมาจรจัดมาคุ้ยขยะ ครับ,TICKET_1894,หมวดภูมิทัศน์และความสะอาด,เวลาปัจจุบันตามระบบ,TICKET_GROUP_018
อาจารย์ครับ ลงทะเบียนวิชานี้ไม่ได้ รบกวนให้คำแนะนำที,TICKET_1895,หมวดการเรียนการสอนและวิชาการ,เวลาปัจจุบันตามระบบ,TICKET_GROUP_008
เน็ตหลุดบ่อยมาก ตอนนี้อยู่ห้องสมุด ทำงานไม่ได้เลย,TICKET_1896,หมวดเทคโนโลยีสารสนเทศ,เวลาปัจจุบันตามระบบ,TICKET_GROUP_020
สอบถามหน่อยครับ ทำบัตรนิสิตใหม่ที่ไหน,TICKET_1897,หมวดบริการทั่วไป / อื่นๆ,เวลาปัจจุบันตามระบบ,TICKET_GROUP_016
แจ้งทำความสะอาดตรงริมสระน้ำ หญ้ารกมาก ครับ,TICKET_1898,หมวดภูมิทัศน์และความสะอาด,เวลาปัจจุบันตามระบบ,TICKET_GROUP_024
แจ้งเรื่องลิฟต์ค้าง ตรงห้อง 1204 ช่วยมาดูหน่อย,TICKET_1899,หมวดอาคารและสิ่งอำนวยความสะดวก,เวลาปัจจุบันตามระบบ,TICKET_GROUP_009
แจ้งเรื่องประตูพัง ตรงตึกวิทย์ ช่วยมาดูหน่อย,TICKET_1900,หมวดอาคารและสิ่งอำนวยความสะดวก,เวลาปัจจุบันตามระบบ,TICKET_GROUP_028
สอบถามหน่อยครับ รถเมล์สาย 1 หมดกี่โมง,TICKET_1901,หมวดการเดินทางและระบบขนส่ง,เวลาปัจจุบันตามระบบ,TICKET_GROUP_015
ระบบล่ม ตอนนี้อยู่หน้ามอ ทำงานไม่ได้เลย,TICKET_1902,หมวดเทคโนโลยีสารสนเทศ,เวลาปัจจุบันตามระบบ,TICKET_GROUP_025
สอบถามหน่อยครับ อยากทราบกำหนดการกิจกรรมรับน้อง,TICKET_1903,หมวดบริการทั่วไป / อื่นๆ,เวลาปัจจุบันตามระบบ,TICKET_GROUP_014
แจ้งทำความสะอาดตรงริมสระน้ำ ขยะล้นถังส่งกลิ่นเหม็น ครับ,TICKET_1904,หมวดภูมิทัศน์และความสะอาด,เวลาปัจจุบันตามระบบ,TICKET_GROUP_024
รปภ. ช่วยดูตรงลานจอดรถ หน่อยครับ มีรถชนกัน,TICKET_1905,หมวดความปลอดภัยและจราจร,เวลาปัจจุบันตามระบบ,TICKET_GROUP_021
รปภ. ช่วยดูตรงทางแยก หน่อยครับ ทางมืดมากอันตราย,TICKET_1906,หมวดความปลอดภัยและจราจร,เวลาปัจจุบันตามระบบ,TICKET_GROUP_021
สอบถามหน่อยครับ ทำบัตรนิสิตใหม่ที่ไหน,TICKET_1907,หมวดบริการทั่วไป / อื่นๆ,เวลาปัจจุบันตามระบบ,TICKET_GROUP_016
แจ้งเรื่องหลังคารั่วหนักมาก ตรงอาคารเรียนรวม ช่วยมาดูหน่อย,TICKET_1908,หมวดอาคารและสิ่งอำนวยความสะดวก,เวลาปัจจุบันตามระบบ,TICKET_GROUP_019
สอบถามหน่อยครับ รถเมล์สาย 1 หมดกี่โมง,TICKET_1909,หมวดการเดินทางและระบบขนส่ง,เวลาปัจจุบันตามระบบ,TICKET_GROUP_015
รปภ. ช่วยดูตรงหลังมอ หน่อยครับ ทางมืดมากอันตราย,TICKET_1910,หมวดความปลอดภัยและจราจร,เวลาปัจจุบันตามระบบ,TICKET_GROUP_021
แจ้งเรื่องไฟดับครับ ตรงห้องน้ำตึกสงวน ช่วยมาดูหน่อย,TICKET_1911,หมวดอาคารและสิ่งอำนวยความสะดวก,เวลาปัจจุบันตามระบบ,TICKET_GROUP_011
สอบถามหน่อยครับ อยากทราบกำหนดการกิจกรรมรับน้อง,TICKET_1912,หมวดบริการทั่วไป / อื่นๆ,เวลาปัจจุบันตามระบบ,TICKET_GROUP_014
สอบถามหน่อยครับ สอบถามเรื่องทุนการศึกษา,TICKET_1913,หมวดบริการทั่วไป / อื่นๆ,เวลาปัจจุบันตามระบบ,TICKET_GROUP_007
รปภ. ช่วยดูตรงประตู 2 หน่อยครับ ทางมืดมากอันตราย,TICKET_1914,หมวดความปลอดภัยและจราจร,เวลาปัจจุบันตามระบบ,TICKET_GROUP_021
ลืมรหัสผ่านเข้าระบบ ตอนนี้อยู่หน้ามอ ทำงานไม่ได้เลย,TICKET_1915,หมวดเทคโนโลยีสารสนเทศ,เวลาปัจจุบันตามระบบ,TICKET_GROUP_025
แจ้งทำความสะอาดตรงริมสระน้ำ ขยะล้นถังส่งกลิ่นเหม็น ครับ,TICKET_1916,หมวดภูมิทัศน์และความสะอาด,เวลาปัจจุบันตามระบบ,TICKET_GROUP_024
อาจารย์ครับ ตารางเรียนไม่ขึ้นระบบ รบกวนให้คำแนะนำที,TICKET_1917,หมวดการเรียนการสอนและวิชาการ,เวลาปัจจุบันตามระบบ,TICKET_GROUP_001
อาจารย์ครับ ขอสอบชดเชยต้องทำไง รบกวนให้คำแนะนำที,TICKET_1918,หมวดการเรียนการสอนและวิชาการ,เวลาปัจจุบันตามระบบ,TICKET_GROUP_013
สอบถามหน่อยครับ ทำบัตรนิสิตใหม่ที่ไหน,TICKET_1919,หมวดบริการทั่วไป / อื่นๆ,เวลาปัจจุบันตามระบบ,TICKET_GROUP_016
แจ้งเรื่องไฟดับครับ ตรงห้องบรรยาย ช่วยมาดูหน่อย,TICKET_1920,หมวดอาคารและสิ่งอำนวยความสะดวก,เวลาปัจจุบันตามระบบ,TICKET_GROUP_011
แจ้งเรื่องลิฟต์ค้าง ตรงห้อง 1204 ช่วยมาดูหน่อย,TICKET_1921,หมวดอาคารและสิ่งอำนวยความสะดวก,เวลาปัจจุบันตามระบบ,TICKET_GROUP_009
สอบถามหน่อยครับ ทำบัตรนิสิตใหม่ที่ไหน,TICKET_1922,หมวดบริการทั่วไป / อื่นๆ,เวลาปัจจุบันตามระบบ,TICKET_GROUP_016
แจ้งเรื่องลิฟต์ค้าง ตรงห้อง 1204 ช่วยมาดูหน่อย,TICKET_1923,หมวดอาคารและสิ่งอำนวยความสะดวก,เวลาปัจจุบันตามระบบ,TICKET_GROUP_009
รปภ. ช่วยดูตรงประตู 2 หน่อยครับ หมวกกันน็อคหาย,TICKET_1924,หมวดความปลอดภัยและจราจร,เวลาปัจจุบันตามระบบ,TICKET_GROUP_017
แจ้งเรื่องลิฟต์ค้าง ตรงตึก ICT ช่วยมาดูหน่อย,TICKET_1925,หมวดอาคารและสิ่งอำนวยความสะดวก,เวลาปัจจุบันตามระบบ,TICKET_GROUP_027
แจ้งทำความสะอาดตรงริมสระน้ำ กิ่งไม้หักขวางทาง ครับ,TICKET_1926,หมวดภูมิทัศน์และความสะอาด,เวลาปัจจุบันตามระบบ,TICKET_GROUP_024
สอบถามหน่อยครับ สอบถามเรื่องทุนการศึกษา,TICKET_1927,หมวดบริการทั่วไป / อื่นๆ,เวลาปัจจุบันตามระบบ,TICKET_GROUP_007
แจ้งเรื่องลิฟต์ค้าง ตรงห้องบรรยาย ช่วยมาดูหน่อย,TICKET_1928,หมวดอาคารและสิ่งอำนวยความสะดวก,เวลาปัจจุบันตามระบบ,TICKET_GROUP_010
สอบถามหน่อยครับ สอบถามเรื่องทุนการศึกษา,TICKET_1929,หมวดบริการทั่วไป / อื่นๆ,เวลาปัจจุบันตามระบบ,TICKET_GROUP_007
แจ้งเรื่องลิฟต์ค้าง ตรงห้องน้ำตึกสงวน ช่วยมาดูหน่อย,TICKET_1930,หมวดอาคารและสิ่งอำนวยความสะดวก,เวลาปัจจุบันตามระบบ,TICKET_GROUP_011
รปภ. ช่วยดูตรงหน้ามอ หน่อยครับ คนจอดรถขวางทาง,TICKET_1931,หมวดความปลอดภัยและจราจร,เวลาปัจจุบันตามระบบ,TICKET_GROUP_005
ไวไฟเข้าไม่ได้ ตอนนี้อยู่หน้ามอ ทำงานไม่ได้เลย,TICKET_1932,หมวดเทคโนโลยีสารสนเทศ,เวลาปัจจุบันตามระบบ,TICKET_GROUP_025
อาจารย์ครับ ขอสอบชดเชยต้องทำไง รบกวนให้คำแนะนำที,TICKET_1933,หมวดการเรียนการสอนและวิชาการ,เวลาปัจจุบันตามระบบ,TICKET_GROUP_013
รปภ. ช่วยดูตรงประตู 2 หน่อยครับ ทางมืดมากอันตราย,TICKET_1934,หมวดความปลอดภัยและจราจร,เวลาปัจจุบันตามระบบ,TICKET_GROUP_021
ลืมรหัสผ่านเข้าระบบ ตอนนี้อยู่ห้องสมุด ทำงานไม่ได้เลย,TICKET_1935,หมวดเทคโนโลยีสารสนเทศ,เวลาปัจจุบันตามระบบ,TICKET_GROUP_003
แจ้งทำความสะอาดตรงทางเดิน สกปรกมากไม่ทำความสะอาด ครับ,TICKET_1936,หมวดภูมิทัศน์และความสะอาด,เวลาปัจจุบันตามระบบ,TICKET_GROUP_023
แจ้งทำความสะอาดตรงสนามบาส หญ้ารกมาก ครับ,TICKET_1937,หมวดภูมิทัศน์และความสะอาด,เวลาปัจจุบันตามระบบ,TICKET_GROUP_024
รปภ. ช่วยดูตรงทางแยก หน่อยครับ ทางมืดมากอันตราย,TICKET_1938,หมวดความปลอดภัยและจราจร,เวลาปัจจุบันตามระบบ,TICKET_GROUP_021
แจ้งทำความสะอาดตรงสวนหน้าตึก มีหมาจรจัดมาคุ้ยขยะ ครับ,TICKET_1939,หมวดภูมิทัศน์และความสะอาด,เวลาปัจจุบันตามระบบ,TICKET_GROUP_018
รปภ. ช่วยดูตรงหลังมอ หน่อยครับ หมวกกันน็อคหาย,TICKET_1940,หมวดความปลอดภัยและจราจร,เวลาปัจจุบันตามระบบ,TICKET_GROUP_012
รปภ. ช่วยดูตรงทางแยก หน่อยครับ รถติดหนักมาก,TICKET_1941,หมวดความปลอดภัยและจราจร,เวลาปัจจุบันตามระบบ,TICKET_GROUP_012
แจ้งทำความสะอาดตรงสนามบาส หญ้ารกมาก ครับ,TICKET_1942,หมวดภูมิทัศน์และความสะอาด,เวลาปัจจุบันตามระบบ,TICKET_GROUP_024
อาจารย์ครับ เกรดยังไม่ออกครับ รบกวนให้คำแนะนำที,TICKET_1943,หมวดการเรียนการสอนและวิชาการ,เวลาปัจจุบันตามระบบ,TICKET_GROUP_006
แจ้งทำความสะอาดตรงสนามบาส สกปรกมากไม่ทำความสะอาด ครับ,TICKET_1944,หมวดภูมิทัศน์และความสะอาด,เวลาปัจจุบันตามระบบ,TICKET_GROUP_023
แจ้งทำความสะอาดตรงทางเดิน ขยะล้นถังส่งกลิ่นเหม็น ครับ,TICKET_1945,หมวดภูมิทัศน์และความสะอาด,เวลาปัจจุบันตามระบบ,TICKET_GROUP_022
รปภ. ช่วยดูตรงหน้ามอ หน่อยครับ คนจอดรถขวางทาง,TICKET_1946,หมวดความปลอดภัยและจราจร,เวลาปัจจุบันตามระบบ,TICKET_GROUP_005
รปภ. ช่วยดูตรงลานจอดรถ หน่อยครับ รถติดหนักมาก,TICKET_1947,หมวดความปลอดภัยและจราจร,เวลาปัจจุบันตามระบบ,TICKET_GROUP_021
รปภ. ช่วยดูตรงหลังมอ หน่อยครับ หมวกกันน็อคหาย,TICKET_1948,หมวดความปลอดภัยและจราจร,เวลาปัจจุบันตามระบบ,TICKET_GROUP_012
แจ้งเรื่องหลังคารั่วหนักมาก ตรงตึก ICT ช่วยมาดูหน่อย,TICKET_1949,หมวดอาคารและสิ่งอำนวยความสะดวก,เวลาปัจจุบันตามระบบ,TICKET_GROUP_027
แจ้งเรื่องน้ำไม่ไหล ตรงอาคารเรียนรวม ช่วยมาดูหน่อย,TICKET_1950,หมวดอาคารและสิ่งอำนวยความสะดวก,เวลาปัจจุบันตามระบบ,TICKET_GROUP_027
เน็ตหลุดบ่อยมาก ตอนนี้อยู่หน้ามอ ทำงานไม่ได้เลย,TICKET_1951,หมวดเทคโนโลยีสารสนเทศ,เวลาปัจจุบันตามระบบ,TICKET_GROUP_025
แจ้งทำความสะอาดตรงโรงอาหาร กิ่งไม้หักขวางทาง ครับ,TICKET_1952,หมวดภูมิทัศน์และความสะอาด,เวลาปัจจุบันตามระบบ,TICKET_GROUP_002
สอบถามหน่อยครับ อยากทราบกำหนดการกิจกรรมรับน้อง,TICKET_1953,หมวดบริการทั่วไป / อื่นๆ,เวลาปัจจุบันตามระบบ,TICKET_GROUP_014
อาจารย์ครับ อยากติดต่ออาจารย์เรื่องดรอปเรียน รบกวนให้คำแนะนำที,TICKET_1954,หมวดการเรียนการสอนและวิชาการ,เวลาปัจจุบันตามระบบ,TICKET_GROUP_026
รปภ. ช่วยดูตรงหน้ามอ หน่อยครับ คนจอดรถขวางทาง,TICKET_1955,หมวดความปลอดภัยและจราจร,เวลาปัจจุบันตามระบบ,TICKET_GROUP_005
แจ้งเรื่องน้ำไม่ไหล ตรงอาคารเรียนรวม ช่วยมาดูหน่อย,TICKET_1956,หมวดอาคารและสิ่งอำนวยความสะดวก,เวลาปัจจุบันตามระบบ,TICKET_GROUP_027
แจ้งเรื่องน้ำไม่ไหล ตรงตึกวิทย์ ช่วยมาดูหน่อย,TICKET_1957,หมวดอาคารและสิ่งอำนวยความสะดวก,เวลาปัจจุบันตามระบบ,TICKET_GROUP_028
สอบถามหน่อยครับ อยากทราบกำหนดการกิจกรรมรับน้อง,TICKET_1958,หมวดบริการทั่วไป / อื่นๆ,เวลาปัจจุบันตามระบบ,TICKET_GROUP_014
แจ้งทำความสะอาดตรงริมสระน้ำ ขยะล้นถังส่งกลิ่นเหม็น ครับ,TICKET_1959,หมวดภูมิทัศน์และความสะอาด,เวลาปัจจุบันตามระบบ,TICKET_GROUP_024
สอบถามหน่อยครับ อยากทราบกำหนดการกิจกรรมรับน้อง,TICKET_1960,หมวดบริการทั่วไป / อื่นๆ,เวลาปัจจุบันตามระบบ,TICKET_GROUP_014
รปภ. ช่วยดูตรงหน้ามอ หน่อยครับ ทางมืดมากอันตราย,TICKET_1961,หมวดความปลอดภัยและจราจร,เวลาปัจจุบันตามระบบ,TICKET_GROUP_021
อาจารย์ครับ อยากติดต่ออาจารย์เรื่องดรอปเรียน รบกวนให้คำแนะนำที,TICKET_1962,หมวดการเรียนการสอนและวิชาการ,เวลาปัจจุบันตามระบบ,TICKET_GROUP_026
รปภ. ช่วยดูตรงหน้ามอ หน่อยครับ รถติดหนักมาก,TICKET_1963,หมวดความปลอดภัยและจราจร,เวลาปัจจุบันตามระบบ,TICKET_GROUP_012
แจ้งเรื่องหลังคารั่วหนักมาก ตรงห้อง 1204 ช่วยมาดูหน่อย,TICKET_1964,หมวดอาคารและสิ่งอำนวยความสะดวก,เวลาปัจจุบันตามระบบ,TICKET_GROUP_019
อาจารย์ครับ เกรดยังไม่ออกครับ รบกวนให้คำแนะนำที,TICKET_1965,หมวดการเรียนการสอนและวิชาการ,เวลาปัจจุบันตามระบบ,TICKET_GROUP_006
แจ้งเรื่องแอร์ไม่เย็นเลย ตรงห้อง 1204 ช่วยมาดูหน่อย,TICKET_1966,หมวดอาคารและสิ่งอำนวยความสะดวก,เวลาปัจจุบันตามระบบ,TICKET_GROUP_028
อาจารย์ครับ ตารางเรียนไม่ขึ้นระบบ รบกวนให้คำแนะนำที,TICKET_1967,หมวดการเรียนการสอนและวิชาการ,เวลาปัจจุบันตามระบบ,TICKET_GROUP_001
อาจารย์ครับ ลงทะเบียนวิชานี้ไม่ได้ รบกวนให้คำแนะนำที,TICKET_1968,หมวดการเรียนการสอนและวิชาการ,เวลาปัจจุบันตามระบบ,TICKET_GROUP_008
สอบถามหน่อยครับ รถเมล์สาย 1 หมดกี่โมง,TICKET_1969,หมวดการเดินทางและระบบขนส่ง,เวลาปัจจุบันตามระบบ,TICKET_GROUP_015
แจ้งทำความสะอาดตรงสวนหน้าตึก มีหมาจรจัดมาคุ้ยขยะ ครับ,TICKET_1970,หมวดภูมิทัศน์และความสะอาด,เวลาปัจจุบันตามระบบ,TICKET_GROUP_018
สอบถามหน่อยครับ ทำบัตรนิสิตใหม่ที่ไหน,TICKET_1971,หมวดบริการทั่วไป / อื่นๆ,เวลาปัจจุบันตามระบบ,TICKET_GROUP_016
แจ้งทำความสะอาดตรงสนามบาส สกปรกมากไม่ทำความสะอาด ครับ,TICKET_1972,หมวดภูมิทัศน์และความสะอาด,เวลาปัจจุบันตามระบบ,TICKET_GROUP_023
แจ้งทำความสะอาดตรงโรงอาหาร หญ้ารกมาก ครับ,TICKET_1973,หมวดภูมิทัศน์และความสะอาด,เวลาปัจจุบันตามระบบ,TICKET_GROUP_024
แจ้งทำความสะอาดตรงสนามบาส กิ่งไม้หักขวางทาง ครับ,TICKET_1974,หมวดภูมิทัศน์และความสะอาด,เวลาปัจจุบันตามระบบ,TICKET_GROUP_023
ระบบล่ม ตอนนี้อยู่หน้ามอ ทำงานไม่ได้เลย,TICKET_1975,หมวดเทคโนโลยีสารสนเทศ,เวลาปัจจุบันตามระบบ,TICKET_GROUP_025
แจ้งเรื่องประตูพัง ตรงห้อง 1204 ช่วยมาดูหน่อย,TICKET_1976,หมวดอาคารและสิ่งอำนวยความสะดวก,เวลาปัจจุบันตามระบบ,TICKET_GROUP_010
แจ้งทำความสะอาดตรงริมสระน้ำ มีหมาจรจัดมาคุ้ยขยะ ครับ,TICKET_1977,หมวดภูมิทัศน์และความสะอาด,เวลาปัจจุบันตามระบบ,TICKET_GROUP_024
อาจารย์ครับ ลงทะเบียนวิชานี้ไม่ได้ รบกวนให้คำแนะนำที,TICKET_1978,หมวดการเรียนการสอนและวิชาการ,เวลาปัจจุบันตามระบบ,TICKET_GROUP_008
รปภ. ช่วยดูตรงทางแยก หน่อยครับ รถติดหนักมาก,TICKET_1979,หมวดความปลอดภัยและจราจร,เวลาปัจจุบันตามระบบ,TICKET_GROUP_012
อาจารย์ครับ ขอสอบชดเชยต้องทำไง รบกวนให้คำแนะนำที,TICKET_1980,หมวดการเรียนการสอนและวิชาการ,เวลาปัจจุบันตามระบบ,TICKET_GROUP_013
ลืมรหัสผ่านเข้าระบบ ตอนนี้อยู่หอพักใน ทำงานไม่ได้เลย,TICKET_1981,หมวดเทคโนโลยีสารสนเทศ,เวลาปัจจุบันตามระบบ,TICKET_GROUP_020
อาจารย์ครับ อยากติดต่ออาจารย์เรื่องดรอปเรียน รบกวนให้คำแนะนำที,TICKET_1982,หมวดการเรียนการสอนและวิชาการ,เวลาปัจจุบันตามระบบ,TICKET_GROUP_026
แจ้งทำความสะอาดตรงโรงอาหาร หญ้ารกมาก ครับ,TICKET_1983,หมวดภูมิทัศน์และความสะอาด,เวลาปัจจุบันตามระบบ,TICKET_GROUP_024
อาจารย์ครับ ตารางเรียนไม่ขึ้นระบบ รบกวนให้คำแนะนำที,TICKET_1984,หมวดการเรียนการสอนและวิชาการ,เวลาปัจจุบันตามระบบ,TICKET_GROUP_001
ลืมรหัสผ่านเข้าระบบ ตอนนี้อยู่ห้องสมุด ทำงานไม่ได้เลย,TICKET_1985,หมวดเทคโนโลยีสารสนเทศ,เวลาปัจจุบันตามระบบ,TICKET_GROUP_003
รปภ. ช่วยดูตรงหลังมอ หน่อยครับ ทางมืดมากอันตราย,TICKET_1986,หมวดความปลอดภัยและจราจร,เวลาปัจจุบันตามระบบ,TICKET_GROUP_021
แจ้งทำความสะอาดตรงโรงอาหาร มีหมาจรจัดมาคุ้ยขยะ ครับ,TICKET_1987,หมวดภูมิทัศน์และความสะอาด,เวลาปัจจุบันตามระบบ,TICKET_GROUP_018
แจ้งทำความสะอาดตรงโรงอาหาร สกปรกมากไม่ทำความสะอาด ครับ,TICKET_1988,หมวดภูมิทัศน์และความสะอาด,เวลาปัจจุบันตามระบบ,TICKET_GROUP_023
แจ้งทำความสะอาดตรงสนามบาส หญ้ารกมาก ครับ,TICKET_1989,หมวดภูมิทัศน์และความสะอาด,เวลาปัจจุบันตามระบบ,TICKET_GROUP_024
สอบถามหน่อยครับ สอบถามเรื่องทุนการศึกษา,TICKET_1990,หมวดบริการทั่วไป / อื่นๆ,เวลาปัจจุบันตามระบบ,TICKET_GROUP_007
อาจารย์ครับ ลงทะเบียนวิชานี้ไม่ได้ รบกวนให้คำแนะนำที,TICKET_1991,หมวดการเรียนการสอนและวิชาการ,เวลาปัจจุบันตามระบบ,TICKET_GROUP_008
อาจารย์ครับ ลงทะเบียนวิชานี้ไม่ได้ รบกวนให้คำแนะนำที,TICKET_1992,หมวดการเรียนการสอนและวิชาการ,เวลาปัจจุบันตามระบบ,TICKET_GROUP_008
แจ้งเรื่องประตูพัง ตรงห้อง 1204 ช่วยมาดูหน่อย,TICKET_1993,หมวดอาคารและสิ่งอำนวยความสะดวก,เวลาปัจจุบันตามระบบ,TICKET_GROUP_010
แจ้งทำความสะอาดตรงทางเดิน มีหมาจรจัดมาคุ้ยขยะ ครับ,TICKET_1994,หมวดภูมิทัศน์และความสะอาด,เวลาปัจจุบันตามระบบ,TICKET_GROUP_018
ระบบล่ม ตอนนี้อยู่ห้องสมุด ทำงานไม่ได้เลย,TICKET_1995,หมวดเทคโนโลยีสารสนเทศ,เวลาปัจจุบันตามระบบ,TICKET_GROUP_025
สอบถามหน่อยครับ ทำบัตรนิสิตใหม่ที่ไหน,TICKET_1996,หมวดบริการทั่วไป / อื่นๆ,เวลาปัจจุบันตามระบบ,TICKET_GROUP_016
แจ้งทำความสะอาดตรงสวนหน้าตึก หญ้ารกมาก ครับ,TICKET_1997,หมวดภูมิทัศน์และความสะอาด,เวลาปัจจุบันตามระบบ,TICKET_GROUP_024
แจ้งเรื่องประตูพัง ตรงห้อง 1204 ช่วยมาดูหน่อย,TICKET_1998,หมวดอาคารและสิ่งอำนวยความสะดวก,เวลาปัจจุบันตามระบบ,TICKET_GROUP_010
สอบถามหน่อยครับ สอบถามเรื่องทุนการศึกษา,TICKET_1999,หมวดบริการทั่วไป / อื่นๆ,เวลาปัจจุบันตามระบบ,TICKET_GROUP_007
แจ้งเรื่องน้ำไม่ไหล ตรงห้อง 1204 ช่วยมาดูหน่อย,TICKET_2000,หมวดอาคารและสิ่งอำนวยความสะดวก,เวลาปัจจุบันตามระบบ,TICKET_GROUP_027
