text,category_names,cat_1_building,cat_2_network_it,cat_3_academic,cat_4_landscape,cat_5_safety_traffic,cat_6_general_service,cat_7_transportation,cat_8_food_hygiene
กิ่งไม้ขนาดใหญ่หักโค่น อ่างหลวง ม.พะเยา พาดขวางถนนและทางเท้าหลังพายุฝนตก รถสัญจรลำบาก,ภูมิทัศน์และความสะอาด,0,0,0,1,0,0,0,0
ห้องปฏิบัติการคอมพิวเตอร์ห้อง 4403 คณะพยาบาลศาสตร์ ระบบไฟฟ้าขัดข้อง แอร์ดับ และสัญญาณอินเทอร์เน็ต WiFi ใช้งานไม่ได้พร้อมกัน,"อาคารและสิ่งอำนวยความสะดวก, ระบบเครือข่ายและเทคโนโลยี",1,1,0,0,0,0,0,0
โรงอาหารบริเวณ ตึก EN คณะวิศวกรรมศาสตร์ มีถังขยะเศษอาหารเน่าล้น ส่งกลิ่นเหม็นคลุ้งและพบแมลงสาบไต่บนโต๊ะทานข้าว ไม่ถูกสุขอนามัย,"ภูมิทัศน์และความสะอาด, สุขอนามัยและความปลอดภัยทางอาหาร",0,0,0,1,0,0,0,1
รถบัส มพ. ไม่ยอมจอดรับผู้โดยสารที่ป้าย คณะบริหารธุรกิจและนิเทศศาสตร์ รถว่างแต่ขับผ่านเลยไป ไม่จอดรับคนที่รอ,การเดินทางและระบบขนส่ง,0,0,0,0,0,0,1,0
ท่อน้ำทิ้งและหลังคาบริเวณ ประตู 1 ม.พะเยา แตกชำรุด น้ำสกปรกเอ่อล้นพัดพาขยะเกลื่อนพื้น ส่งกลิ่นเหม็นทั่วทางเดิน,"อาคารและสิ่งอำนวยความสะดวก, ภูมิทัศน์และความสะอาด",1,0,0,1,0,0,0,0
ป้ายรอรถเมล์ ประตู 3 ฝั่งเกษตร หลังคารั่ว ฝนตกแล้วน้ำรั่วลงมา เปียกทั้งที่นั่ง รอรถลำบากมาก,การเดินทางและระบบขนส่ง,0,0,0,0,0,0,1,0
ไฟส่องสว่างและกลอนประตูห้องน้ำหญิงที่ วิทยาลัยการศึกษา พังชำรุด ดับสนิท กล้องวงจรปิดไม่ติด เสี่ยงอันตรายต่อความปลอดภัยของนิสิต,"อาคารและสิ่งอำนวยความสะดวก, ความปลอดภัยและจราจร",1,0,0,0,1,0,0,0
เว็บไซต์ระบบลงทะเบียน Reg UP เกิดขัดข้อง เข้าไม่ได้ ทำให้นิสิตไม่สามารถลงทะเบียนวิชาเรียนและตรวจสอบตารางสอบได้ตามกำหนด,"ระบบเครือข่ายและเทคโนโลยี, การเรียนการสอนและวิชาการ",0,1,1,0,0,0,0,0
เว็บไซต์ระบบลงทะเบียน Reg UP เกิดขัดข้อง เข้าไม่ได้ ทำให้นิสิตไม่สามารถลงทะเบียนวิชาเรียนและตรวจสอบตารางสอบได้ตามกำหนด,"ระบบเครือข่ายและเทคโนโลยี, การเรียนการสอนและวิชาการ",0,1,1,0,0,0,0,0
ร้านอาหารที่ คณะเกษตรศาสตร์ ใช้น้ำมันทอดซ้ำจนดำ และมีเศษแก้วแตกตกอยู่ในถาดอาหาร นิสิตกินแล้วบาดปากและมีอาการท้องเสีย,"ความปลอดภัยและจราจร, สุขอนามัยและความปลอดภัยทางอาหาร",0,0,0,0,1,0,0,1
สวัสดิการประกันอุบัติเหตุสำหรับนิสิต ประสบอุบัติเหตุเข้ารับการรักษาที่โรงพยาบาล ต้องการทำเรื่องเบิกเคลมประกัน,บริการทั่วไปและสวัสดิการ,0,0,0,0,0,1,0,0
มีบุคคลภายนอกน่าสงสัยเดินวนเวียน คณะนิติศาสตร์ ท่าทางไม่น่าไว้วางใจ อยากให้ รปภ. ช่วยตรวจสอบ,ความปลอดภัยและจราจร,0,0,0,0,1,0,0,0
สุขอนามัยร้านน้ำและตู้กดน้ำดื่ม คณะเภสัชศาสตร์ มีตะไคร่น้ำและคราบสกปรกเกาะ ไม่มีการล้างทำความสะอาด,สุขอนามัยและความปลอดภัยทางอาหาร,0,0,0,0,0,0,0,1
ไฟส่องสว่างและกลอนประตูห้องน้ำหญิงที่ ประตู 3 ฝั่งเกษตร พังชำรุด ดับสนิท กล้องวงจรปิดไม่ติด เสี่ยงอันตรายต่อความปลอดภัยของนิสิต,"อาคารและสิ่งอำนวยความสะดวก, ความปลอดภัยและจราจร",1,0,0,0,1,0,0,0
การยื่นคำร้องขอเทียบโอนหน่วยกิตรายวิชา เอกสารตกค้างที่คณะ ขอให้เจ้าหน้าที่ช่วยติดตามผล,การเรียนการสอนและวิชาการ,0,0,1,0,0,0,0,0
สายชำระและก๊อกน้ำ ตึก ICT แตกชำรุด น้ำรั่วพุ่งนองเต็มพื้นห้องน้ำ,อาคารและสิ่งอำนวยความสะดวก,1,0,0,0,0,0,0,0
ห้องปฏิบัติการคอมพิวเตอร์ห้อง 1402 ตึก EN คณะวิศวกรรมศาสตร์ ระบบไฟฟ้าขัดข้อง แอร์ดับ และสัญญาณอินเทอร์เน็ต WiFi ใช้งานไม่ได้พร้อมกัน,"อาคารและสิ่งอำนวยความสะดวก, ระบบเครือข่ายและเทคโนโลยี",1,1,0,0,0,0,0,0
มีคนร้ายขโมยหมวกกันน็อคและของใต้เบาะรถ อาคารเทคโนโลยีสารสนเทศ โดนขโมยไปหลายคัน อยากให้ตรวจสอบกล้องวงจรปิด,ความปลอดภัยและจราจร,0,0,0,0,1,0,0,0
รถจักรยานยนต์ขับเร็วและย้อนศรบริเวณ หอพักลุมพินี ขับขี่อันตรายมาก เกือบชนนิสิตข้ามทางม้าลายหลายครั้ง,ความปลอดภัยและจราจร,0,0,0,0,1,0,0,0
เศษกระจกและขยะแก้วแตกเกลื่อนบนพื้น สนามกีฬาในร่ม อันตรายมาก กลัวบาดเท้านิสิตและยางรถมอเตอร์ไซค์รั่ว,ภูมิทัศน์และความสะอาด,0,0,0,1,0,0,0,0
ไฟส่องสว่างและกลอนประตูห้องน้ำหญิงที่ ตึก ICT พังชำรุด ดับสนิท กล้องวงจรปิดไม่ติด เสี่ยงอันตรายต่อความปลอดภัยของนิสิต,"อาคารและสิ่งอำนวยความสะดวก, ความปลอดภัยและจราจร",1,0,0,0,1,0,0,0
กลอนประตูล็อคห้องน้ำ วิทยาลัยการศึกษา พังหัก ล็อคประตูไม่อยู่ ปิดไม่ได้,อาคารและสิ่งอำนวยความสะดวก,1,0,0,0,0,0,0,0
หลอดไฟในห้องน้ำรวม คณะแพทยศาสตร์ ดับมืดสนิท กระพริบตลอดเวลา ใช้งานไม่ได้,อาคารและสิ่งอำนวยความสะดวก,1,0,0,0,0,0,0,0
ระบบเว็บลงทะเบียนเรียน REG UP เข้าใช้งานไม่ได้ ขึ้น 504 Gateway Timeout ช่วงเปิดจองวิชาศึกษาทั่วไป,ระบบเครือข่ายและเทคโนโลยี,0,1,0,0,0,0,0,0
สวัสดิการประกันอุบัติเหตุสำหรับนิสิต ประสบอุบัติเหตุเข้ารับการรักษาที่โรงพยาบาล ต้องการทำเรื่องเบิกเคลมประกัน,บริการทั่วไปและสวัสดิการ,0,0,0,0,0,1,0,0
ไฟส่องสว่างทางเดิน คณะเกษตรศาสตร์ ดับมืดสนิท ทางเปลี่ยวมาก เสี่ยงต่อการเกิดอาชญากรรมและชิงทรัพย์,ความปลอดภัยและจราจร,0,0,0,0,1,0,0,0
ระบบเครือข่ายอินเทอร์เน็ต LAN ทางเดิน Skywalk สายแลนชำรุด สัญญาณไม่เข้าคอมพิวเตอร์,ระบบเครือข่ายและเทคโนโลยี,0,1,0,0,0,0,0,0
การขอใช้พื้นที่จัดกิจกรรมชมรมและโครงการนิสิต ตึก CE ยื่นหนังสือขออนุมัติสถานที่ล่วงหน้า ต้องติดต่อหน่วยงานใด,บริการทั่วไปและสวัสดิการ,0,0,0,0,0,1,0,0
ลิฟต์โดยสาร คณะนิติศาสตร์ ค้างที่ชั้น {floor} ประตูปิดไม่สนิท มีเสียงดังน่ากลัว,อาคารและสิ่งอำนวยความสะดวก,1,0,0,0,0,0,0,0
กิ่งไม้ขนาดใหญ่หักโค่น โรงอาหารกลาง พาดขวางถนนและทางเท้าหลังพายุฝนตก รถสัญจรลำบาก,ภูมิทัศน์และความสะอาด,0,0,0,1,0,0,0,0
ซากนกและสัตว์ตาย คณะศิลปศาสตร์ ส่งกลิ่นเหม็นเน่า แมลงวันตอม อยากให้แม่บ้านช่วยเก็บทำความสะอาด,ภูมิทัศน์และความสะอาด,0,0,0,1,0,0,0,0
โรงอาหารบริเวณ กองพัฒนานิสิต DSA มีถังขยะเศษอาหารเน่าล้น ส่งกลิ่นเหม็นคลุ้งและพบแมลงสาบไต่บนโต๊ะทานข้าว ไม่ถูกสุขอนามัย,"ภูมิทัศน์และความสะอาด, สุขอนามัยและความปลอดภัยทางอาหาร",0,0,0,1,0,0,0,1
ลิฟต์โดยสาร คณะวิทยาศาสตร์ ค้างที่ชั้น {floor} ประตูปิดไม่สนิท มีเสียงดังน่ากลัว,อาคารและสิ่งอำนวยความสะดวก,1,0,0,0,0,0,0,0
การทำเรื่องขอผ่อนผันและดรอปรายวิชา (Withdraw) อาจารย์ประจำวิชาไม่อนุมัติในระบบ ต้องการสอบถามขั้นตอนที่ถูกต้อง,การเรียนการสอนและวิชาการ,0,0,1,0,0,0,0,0
อาหารที่ซื้อจากร้านข้าว ทางเดิน Skywalk บูดเสียและมีกลิ่นเปรี้ยว กินเข้าไปแล้วท้องเสีย อาหารไม่สดใหม่,สุขอนามัยและความปลอดภัยทางอาหาร,0,0,0,0,0,0,0,1
ช้อนส้อมและจานชามที่ หอพักลุมพินี ล้างไม่สะอาด มีคราบมันและเศษอาหารติดอยู่ อยากให้ตรวจเข้มงวด,สุขอนามัยและความปลอดภัยทางอาหาร,0,0,0,0,0,0,0,1
โปรเจกเตอร์และจอแสดงผลห้อง 1202 คณะนิติศาสตร์ เปิดไม่ติด ภาพกระพริบ ลำโพงไมค์ไม่ดัง อาจารย์สอนไม่ได้,อาคารและสิ่งอำนวยความสะดวก,1,0,0,0,0,0,0,0
มีบุคคลภายนอกน่าสงสัยเดินวนเวียน ประตู 2 หน้ามอ ท่าทางไม่น่าไว้วางใจ อยากให้ รปภ. ช่วยตรวจสอบ,ความปลอดภัยและจราจร,0,0,0,0,1,0,0,0
ป้ายรอรถเมล์ คณะเภสัชศาสตร์ หลังคารั่ว ฝนตกแล้วน้ำรั่วลงมา เปียกทั้งที่นั่ง รอรถลำบากมาก,การเดินทางและระบบขนส่ง,0,0,0,0,0,0,1,0
ระบบเครือข่ายอินเทอร์เน็ต LAN ประตู 2 หน้ามอ สายแลนชำรุด สัญญาณไม่เข้าคอมพิวเตอร์,ระบบเครือข่ายและเทคโนโลยี,0,1,0,0,0,0,0,0
ห้องปฏิบัติการคอมพิวเตอร์ห้อง 2103 ทางเดิน Skywalk ระบบไฟฟ้าขัดข้อง แอร์ดับ และสัญญาณอินเทอร์เน็ต WiFi ใช้งานไม่ได้พร้อมกัน,"อาคารและสิ่งอำนวยความสะดวก, ระบบเครือข่ายและเทคโนโลยี",1,1,0,0,0,0,0,0
รถสองแถวมอ ขับเร็วเฉี่ยวชนสุนัขจรจัดเสียชีวิตบริเวณ คณะพยาบาลศาสตร์ เศษซากสัตว์และคราบเลือดขวางถนน อันตรายและส่งกลิ่นเหม็นมาก,"ภูมิทัศน์และความสะอาด, ความปลอดภัยและจราจร, การเดินทางและระบบขนส่ง",0,0,0,1,1,0,1,0
การทำเรื่องขอผ่อนผันและดรอปรายวิชา (Withdraw) อาจารย์ประจำวิชาไม่อนุมัติในระบบ ต้องการสอบถามขั้นตอนที่ถูกต้อง,การเรียนการสอนและวิชาการ,0,0,1,0,0,0,0,0
ลิฟต์โดยสาร คณะนิติศาสตร์ ค้างที่ชั้น {floor} ประตูปิดไม่สนิท มีเสียงดังน่ากลัว,อาคารและสิ่งอำนวยความสะดวก,1,0,0,0,0,0,0,0
กลอนประตูล็อคห้องน้ำ โรงอาหารตึกสงวนเสริมศรี พังหัก ล็อคประตูไม่อยู่ ปิดไม่ได้,อาคารและสิ่งอำนวยความสะดวก,1,0,0,0,0,0,0,0
ร้านอาหารที่ คณะนิติศาสตร์ ใช้น้ำมันทอดซ้ำจนดำ และมีเศษแก้วแตกตกอยู่ในถาดอาหาร นิสิตกินแล้วบาดปากและมีอาการท้องเสีย,"ความปลอดภัยและจราจร, สุขอนามัยและความปลอดภัยทางอาหาร",0,0,0,0,1,0,0,1
รถเมล์มอวิ่งไม่ตรงรอบตารางเวลา ช่วงเวลาเร่งด่วนเช้าไม่มีรถวิ่ง นิสิตไปเรียนไม่ทัน,การเดินทางและระบบขนส่ง,0,0,0,0,0,0,1,0
มีคนร้ายขโมยหมวกกันน็อคและของใต้เบาะรถ โรงอาหารตึกสงวนเสริมศรี โดนขโมยไปหลายคัน อยากให้ตรวจสอบกล้องวงจรปิด,ความปลอดภัยและจราจร,0,0,0,0,1,0,0,0
กิ่งไม้ขนาดใหญ่หักโค่น ประตู 1 ม.พะเยา พาดขวางถนนและทางเท้าหลังพายุฝนตก รถสัญจรลำบาก,ภูมิทัศน์และความสะอาด,0,0,0,1,0,0,0,0
รถเมล์ มพ. สาย 3 (สีแดง) รอนานมาก รอเกิน 45 นาที รถไม่พอ คนยืนเบียดกันจนล้นป้าย {loc},การเดินทางและระบบขนส่ง,0,0,0,0,0,0,1,0
เว็บไซต์ระบบลงทะเบียน Reg UP เกิดขัดข้อง เข้าไม่ได้ ทำให้นิสิตไม่สามารถลงทะเบียนวิชาเรียนและตรวจสอบตารางสอบได้ตามกำหนด,"ระบบเครือข่ายและเทคโนโลยี, การเรียนการสอนและวิชาการ",0,1,1,0,0,0,0,0
รถบัส มพ. ไม่ยอมจอดรับผู้โดยสารที่ป้าย โรงอาหารตึกสงวนเสริมศรี รถว่างแต่ขับผ่านเลยไป ไม่จอดรับคนที่รอ,การเดินทางและระบบขนส่ง,0,0,0,0,0,0,1,0
โรงอาหารบริเวณ คณะเภสัชศาสตร์ มีถังขยะเศษอาหารเน่าล้น ส่งกลิ่นเหม็นคลุ้งและพบแมลงสาบไต่บนโต๊ะทานข้าว ไม่ถูกสุขอนามัย,"ภูมิทัศน์และความสะอาด, สุขอนามัยและความปลอดภัยทางอาหาร",0,0,0,1,0,0,0,1
การประกาศคะแนนสอบกลางภาควิชา LAW101 คะแนนในระบบไม่ตรงกับที่อาจารย์แจ้ง ขอตรวจสอบความถูกต้อง,การเรียนการสอนและวิชาการ,0,0,1,0,0,0,0,0
พัดลมเพดานและปลั๊กไฟห้อง 2304 ตึก ICT ปลั๊กไฟช็อตมีกลิ่นไหม้ พัดลมหมุนช้ามาก,อาคารและสิ่งอำนวยความสะดวก,1,0,0,0,0,0,0,0
ไฟส่องสว่างและกลอนประตูห้องน้ำหญิงที่ ประตู 1 ม.พะเยา พังชำรุด ดับสนิท กล้องวงจรปิดไม่ติด เสี่ยงอันตรายต่อความปลอดภัยของนิสิต,"อาคารและสิ่งอำนวยความสะดวก, ความปลอดภัยและจราจร",1,0,0,0,1,0,0,0
ระบบเช็คชื่อสแกนใบหน้า / สแกนบัตรนิสิต สนามกีฬาในร่ม ระบบค้าง ไม่บันทึกการเข้าเรียน,ระบบเครือข่ายและเทคโนโลยี,0,1,0,0,0,0,0,0
สายชำระและก๊อกน้ำ ประตู 2 หน้ามอ แตกชำรุด น้ำรั่วพุ่งนองเต็มพื้นห้องน้ำ,อาคารและสิ่งอำนวยความสะดวก,1,0,0,0,0,0,0,0
การขอใช้พื้นที่จัดกิจกรรมชมรมและโครงการนิสิต คณะพยาบาลศาสตร์ ยื่นหนังสือขออนุมัติสถานที่ล่วงหน้า ต้องติดต่อหน่วยงานใด,บริการทั่วไปและสวัสดิการ,0,0,0,0,0,1,0,0
กลอนประตูล็อคห้องน้ำ ป้ายหอใน พังหัก ล็อคประตูไม่อยู่ ปิดไม่ได้,อาคารและสิ่งอำนวยความสะดวก,1,0,0,0,0,0,0,0
คราบโคลนและเศษดินหลังฝนตกหนัก ตึก EN คณะวิศวกรรมศาสตร์ ลื่นมาก ถนนเฉอะแฉะ เสี่ยงเกิดอุบัติเหตุลื่นล้ม,ภูมิทัศน์และความสะอาด,0,0,0,1,0,0,0,0
ไฟส่องสว่างและกลอนประตูห้องน้ำหญิงที่ ตึก EN คณะวิศวกรรมศาสตร์ พังชำรุด ดับสนิท กล้องวงจรปิดไม่ติด เสี่ยงอันตรายต่อความปลอดภัยของนิสิต,"อาคารและสิ่งอำนวยความสะดวก, ความปลอดภัยและจราจร",1,0,0,0,1,0,0,0
เว็บไซต์ระบบลงทะเบียน Reg UP เกิดขัดข้อง เข้าไม่ได้ ทำให้นิสิตไม่สามารถลงทะเบียนวิชาเรียนและตรวจสอบตารางสอบได้ตามกำหนด,"ระบบเครือข่ายและเทคโนโลยี, การเรียนการสอนและวิชาการ",0,1,1,0,0,0,0,0
ป้ายรอรถเมล์ อาคาร PKY สงวนเสริมศรี หลังคารั่ว ฝนตกแล้วน้ำรั่วลงมา เปียกทั้งที่นั่ง รอรถลำบากมาก,การเดินทางและระบบขนส่ง,0,0,0,0,0,0,1,0
ร้านอาหารที่ ประตู 1 ม.พะเยา ใช้น้ำมันทอดซ้ำจนดำ และมีเศษแก้วแตกตกอยู่ในถาดอาหาร นิสิตกินแล้วบาดปากและมีอาการท้องเสีย,"ความปลอดภัยและจราจร, สุขอนามัยและความปลอดภัยทางอาหาร",0,0,0,0,1,0,0,1
รถสองแถวมอ ขับเบียดรถมอเตอร์ไซค์ของนิสิตล้มตรงทางโค้ง โรงอาหารตึกสงวนเสริมศรี ทำให้การจราจรติดขัดยาวและนิสิตได้รับบาดเจ็บ,"ความปลอดภัยและจราจร, การเดินทางและระบบขนส่ง",0,0,0,0,1,0,1,0
ห้องปฏิบัติการคอมพิวเตอร์ห้อง 3302 หอใน มพ. ระบบไฟฟ้าขัดข้อง แอร์ดับ และสัญญาณอินเทอร์เน็ต WiFi ใช้งานไม่ได้พร้อมกัน,"อาคารและสิ่งอำนวยความสะดวก, ระบบเครือข่ายและเทคโนโลยี",1,1,0,0,0,0,0,0
เว็บไซต์ระบบลงทะเบียน Reg UP เกิดขัดข้อง เข้าไม่ได้ ทำให้นิสิตไม่สามารถลงทะเบียนวิชาเรียนและตรวจสอบตารางสอบได้ตามกำหนด,"ระบบเครือข่ายและเทคโนโลยี, การเรียนการสอนและวิชาการ",0,1,1,0,0,0,0,0
ห้องปฏิบัติการคอมพิวเตอร์ห้อง 3201 คณะเภสัชศาสตร์ ระบบไฟฟ้าขัดข้อง แอร์ดับ และสัญญาณอินเทอร์เน็ต WiFi ใช้งานไม่ได้พร้อมกัน,"อาคารและสิ่งอำนวยความสะดวก, ระบบเครือข่ายและเทคโนโลยี",1,1,0,0,0,0,0,0
การยื่นคำร้องขอเทียบโอนหน่วยกิตรายวิชา เอกสารตกค้างที่คณะ ขอให้เจ้าหน้าที่ช่วยติดตามผล,การเรียนการสอนและวิชาการ,0,0,1,0,0,0,0,0
รถบัส มพ. ไม่ยอมจอดรับผู้โดยสารที่ป้าย สนามกีฬาในร่ม รถว่างแต่ขับผ่านเลยไป ไม่จอดรับคนที่รอ,การเดินทางและระบบขนส่ง,0,0,0,0,0,0,1,0
การขอใช้พื้นที่จัดกิจกรรมชมรมและโครงการนิสิต คณะเกษตรศาสตร์ ยื่นหนังสือขออนุมัติสถานที่ล่วงหน้า ต้องติดต่อหน่วยงานใด,บริการทั่วไปและสวัสดิการ,0,0,0,0,0,1,0,0
การติดต่อขอเอกสารใบรับรองผลการเรียน (Transcript) ระบบยังไม่อัปเดตเกรดเทอมล่าสุด ต้องการใช้ยื่นสมัครงาน,การเรียนการสอนและวิชาการ,0,0,1,0,0,0,0,0
หญ้ารกสูงมากบริเวณ คณะบริหารธุรกิจและนิเทศศาสตร์ มีสัตว์มีพิษและงูเลื้อยออกมา อันตรายต่อนิสิตที่เดินผ่าน,ภูมิทัศน์และความสะอาด,0,0,0,1,0,0,0,0
สุขอนามัยร้านน้ำและตู้กดน้ำดื่ม ประตู 1 ม.พะเยา มีตะไคร่น้ำและคราบสกปรกเกาะ ไม่มีการล้างทำความสะอาด,สุขอนามัยและความปลอดภัยทางอาหาร,0,0,0,0,0,0,0,1
รถชัตเติลบัส มพ. ขับเร็วเฉี่ยวชนสุนัขจรจัดเสียชีวิตบริเวณ กองพัฒนานิสิต DSA เศษซากสัตว์และคราบเลือดขวางถนน อันตรายและส่งกลิ่นเหม็นมาก,"ภูมิทัศน์และความสะอาด, ความปลอดภัยและจราจร, การเดินทางและระบบขนส่ง",0,0,0,1,1,0,1,0
รถสองแถวมอ ขับเร็วเฉี่ยวชนสุนัขจรจัดเสียชีวิตบริเวณ หอใน มพ. เศษซากสัตว์และคราบเลือดขวางถนน อันตรายและส่งกลิ่นเหม็นมาก,"ภูมิทัศน์และความสะอาด, ความปลอดภัยและจราจร, การเดินทางและระบบขนส่ง",0,0,0,1,1,0,1,0
ไฟส่องสว่างและกลอนประตูห้องน้ำหญิงที่ คณะวิทยาศาสตร์ พังชำรุด ดับสนิท กล้องวงจรปิดไม่ติด เสี่ยงอันตรายต่อความปลอดภัยของนิสิต,"อาคารและสิ่งอำนวยความสะดวก, ความปลอดภัยและจราจร",1,0,0,0,1,0,0,0
กิ่งไม้ขนาดใหญ่หักโค่น อาคารเรียนรวม CE พาดขวางถนนและทางเท้าหลังพายุฝนตก รถสัญจรลำบาก,ภูมิทัศน์และความสะอาด,0,0,0,1,0,0,0,0
การประกาศคะแนนสอบกลางภาควิชา MED201 คะแนนในระบบไม่ตรงกับที่อาจารย์แจ้ง ขอตรวจสอบความถูกต้อง,การเรียนการสอนและวิชาการ,0,0,1,0,0,0,0,0
การทำบัตรนิสิตใหม่เนื่องจากบัตรเดิมสูญหาย ติดต่อขอออกบัตรใหม่ ต้องเตรียมหลักฐานอะไรบ้างและรับบัตรได้ที่ไหน,บริการทั่วไปและสวัสดิการ,0,0,0,0,0,1,0,0
ไฟส่องสว่างและกลอนประตูห้องน้ำหญิงที่ อาคารเรียนรวม CE พังชำรุด ดับสนิท กล้องวงจรปิดไม่ติด เสี่ยงอันตรายต่อความปลอดภัยของนิสิต,"อาคารและสิ่งอำนวยความสะดวก, ความปลอดภัยและจราจร",1,0,0,0,1,0,0,0
รถเมล์สาย 1 ขับเบียดรถมอเตอร์ไซค์ของนิสิตล้มตรงทางโค้ง ตึก EN คณะวิศวกรรมศาสตร์ ทำให้การจราจรติดขัดยาวและนิสิตได้รับบาดเจ็บ,"ความปลอดภัยและจราจร, การเดินทางและระบบขนส่ง",0,0,0,0,1,0,1,0
ร้านอาหารที่ คณะพยาบาลศาสตร์ ใช้น้ำมันทอดซ้ำจนดำ และมีเศษแก้วแตกตกอยู่ในถาดอาหาร นิสิตกินแล้วบาดปากและมีอาการท้องเสีย,"ความปลอดภัยและจราจร, สุขอนามัยและความปลอดภัยทางอาหาร",0,0,0,0,1,0,0,1
การทำบัตรนิสิตใหม่เนื่องจากบัตรเดิมสูญหาย ติดต่อขอออกบัตรใหม่ ต้องเตรียมหลักฐานอะไรบ้างและรับบัตรได้ที่ไหน,บริการทั่วไปและสวัสดิการ,0,0,0,0,0,1,0,0
รถเมล์สาย 1 ขับเร็วเฉี่ยวชนสุนัขจรจัดเสียชีวิตบริเวณ อ่างหลวง ม.พะเยา เศษซากสัตว์และคราบเลือดขวางถนน อันตรายและส่งกลิ่นเหม็นมาก,"ภูมิทัศน์และความสะอาด, ความปลอดภัยและจราจร, การเดินทางและระบบขนส่ง",0,0,0,1,1,0,1,0
สวัสดิการประกันอุบัติเหตุสำหรับนิสิต ประสบอุบัติเหตุเข้ารับการรักษาที่โรงพยาบาล ต้องการทำเรื่องเบิกเคลมประกัน,บริการทั่วไปและสวัสดิการ,0,0,0,0,0,1,0,0
มีบุคคลภายนอกน่าสงสัยเดินวนเวียน ประตู 3 ฝั่งเกษตร ท่าทางไม่น่าไว้วางใจ อยากให้ รปภ. ช่วยตรวจสอบ,ความปลอดภัยและจราจร,0,0,0,0,1,0,0,0
รถบัส มพ. ไม่ยอมจอดรับผู้โดยสารที่ป้าย คณะเกษตรศาสตร์ รถว่างแต่ขับผ่านเลยไป ไม่จอดรับคนที่รอ,การเดินทางและระบบขนส่ง,0,0,0,0,0,0,1,0
สวัสดิการประกันอุบัติเหตุสำหรับนิสิต ประสบอุบัติเหตุเข้ารับการรักษาที่โรงพยาบาล ต้องการทำเรื่องเบิกเคลมประกัน,บริการทั่วไปและสวัสดิการ,0,0,0,0,0,1,0,0
ร้านอาหารที่ หอพักลุมพินี ใช้น้ำมันทอดซ้ำจนดำ และมีเศษแก้วแตกตกอยู่ในถาดอาหาร นิสิตกินแล้วบาดปากและมีอาการท้องเสีย,"ความปลอดภัยและจราจร, สุขอนามัยและความปลอดภัยทางอาหาร",0,0,0,0,1,0,0,1
ท่อน้ำทิ้งและหลังคาบริเวณ ลานจอดรถตึก PKY แตกชำรุด น้ำสกปรกเอ่อล้นพัดพาขยะเกลื่อนพื้น ส่งกลิ่นเหม็นทั่วทางเดิน,"อาคารและสิ่งอำนวยความสะดวก, ภูมิทัศน์และความสะอาด",1,0,0,1,0,0,0,0
ระบบเว็บลงทะเบียนเรียน REG UP เข้าใช้งานไม่ได้ ขึ้น 504 Gateway Timeout ช่วงเปิดจองวิชาศึกษาทั่วไป,ระบบเครือข่ายและเทคโนโลยี,0,1,0,0,0,0,0,0
การขอผ่อนผันการเกณฑ์ทหารสำหรับนิสิตชาย ต้องการตรวจสอบรายชื่อและขั้นตอนการยื่นเอกสาร,บริการทั่วไปและสวัสดิการ,0,0,0,0,0,1,0,0
เว็บไซต์ระบบลงทะเบียน Reg UP เกิดขัดข้อง เข้าไม่ได้ ทำให้นิสิตไม่สามารถลงทะเบียนวิชาเรียนและตรวจสอบตารางสอบได้ตามกำหนด,"ระบบเครือข่ายและเทคโนโลยี, การเรียนการสอนและวิชาการ",0,1,1,0,0,0,0,0
สัญญาณอินเทอร์เน็ต UP-WiFi คณะเกษตรศาสตร์ หลุดบ่อยมาก เชื่อมต่อไม่ได้เลยตั้งแต่ช่วงบ่าย,ระบบเครือข่ายและเทคโนโลยี,0,1,0,0,0,0,0,0
ร้านอาหารที่ คณะพยาบาลศาสตร์ อาหารไม่สะอาด พบแมลงสาบตัวเล็กและเส้นผมปนเปื้อนในจานข้าว,สุขอนามัยและความปลอดภัยทางอาหาร,0,0,0,0,0,0,0,1
การยื่นเรื่องขอทุนการศึกษาสำหรับนิสิตขาดแคลนทุนทรัพย์ ต้องการทราบกำหนดการและเอกสารที่ต้องใช้ส่งกองพัฒนานิสิต,บริการทั่วไปและสวัสดิการ,0,0,0,0,0,1,0,0
สุขอนามัยร้านน้ำและตู้กดน้ำดื่ม กองพัฒนานิสิต DSA มีตะไคร่น้ำและคราบสกปรกเกาะ ไม่มีการล้างทำความสะอาด,สุขอนามัยและความปลอดภัยทางอาหาร,0,0,0,0,0,0,0,1
ไฟส่องสว่างและกลอนประตูห้องน้ำหญิงที่ หอพักลุมพินี พังชำรุด ดับสนิท กล้องวงจรปิดไม่ติด เสี่ยงอันตรายต่อความปลอดภัยของนิสิต,"อาคารและสิ่งอำนวยความสะดวก, ความปลอดภัยและจราจร",1,0,0,0,1,0,0,0
ระบบเครือข่ายอินเทอร์เน็ต LAN อาคารเรียนรวม CE สายแลนชำรุด สัญญาณไม่เข้าคอมพิวเตอร์,ระบบเครือข่ายและเทคโนโลยี,0,1,0,0,0,0,0,0
ท่อน้ำทิ้งและหลังคาบริเวณ อาคารเรียนรวม CE แตกชำรุด น้ำสกปรกเอ่อล้นพัดพาขยะเกลื่อนพื้น ส่งกลิ่นเหม็นทั่วทางเดิน,"อาคารและสิ่งอำนวยความสะดวก, ภูมิทัศน์และความสะอาด",1,0,0,1,0,0,0,0
เศษกระจกและขยะแก้วแตกเกลื่อนบนพื้น อาคารเรียนรวม CE อันตรายมาก กลัวบาดเท้านิสิตและยางรถมอเตอร์ไซค์รั่ว,ภูมิทัศน์และความสะอาด,0,0,0,1,0,0,0,0
มีบุคคลภายนอกน่าสงสัยเดินวนเวียน สนามกีฬาในร่ม ท่าทางไม่น่าไว้วางใจ อยากให้ รปภ. ช่วยตรวจสอบ,ความปลอดภัยและจราจร,0,0,0,0,1,0,0,0
คอมพิวเตอร์ห้องแล็บ 1102 ประตู 3 ฝั่งเกษตร เปิดไม่ติดหลายเครื่อง เมาส์และคีย์บอร์ดเสีย,ระบบเครือข่ายและเทคโนโลยี,0,1,0,0,0,0,0,0
ตารางสอบปลายภาควิชา ICT204 ชนกัน ตารางสอบวิชาบังคับสองวิชาตรงวันและเวลาเดียวกัน ขอทำเรื่องสอบชดเชย,การเรียนการสอนและวิชาการ,0,0,1,0,0,0,0,0
ไฟส่องสว่างทางเดิน คณะแพทยศาสตร์ ดับมืดสนิท ทางเปลี่ยวมาก เสี่ยงต่อการเกิดอาชญากรรมและชิงทรัพย์,ความปลอดภัยและจราจร,0,0,0,0,1,0,0,0
รถจักรยานยนต์ขับเร็วและย้อนศรบริเวณ ลานจอดรถตึก PKY ขับขี่อันตรายมาก เกือบชนนิสิตข้ามทางม้าลายหลายครั้ง,ความปลอดภัยและจราจร,0,0,0,0,1,0,0,0
รถเมล์ มพ. สาย 2 (สีเขียว) รอนานมาก รอเกิน 45 นาที รถไม่พอ คนยืนเบียดกันจนล้นป้าย {loc},การเดินทางและระบบขนส่ง,0,0,0,0,0,0,1,0
รถสองแถวมอ ขับเร็วเฉี่ยวชนสุนัขจรจัดเสียชีวิตบริเวณ คณะเภสัชศาสตร์ เศษซากสัตว์และคราบเลือดขวางถนน อันตรายและส่งกลิ่นเหม็นมาก,"ภูมิทัศน์และความสะอาด, ความปลอดภัยและจราจร, การเดินทางและระบบขนส่ง",0,0,0,1,1,0,1,0
สวัสดิการประกันอุบัติเหตุสำหรับนิสิต ประสบอุบัติเหตุเข้ารับการรักษาที่โรงพยาบาล ต้องการทำเรื่องเบิกเคลมประกัน,บริการทั่วไปและสวัสดิการ,0,0,0,0,0,1,0,0
ระบบเครือข่ายอินเทอร์เน็ต LAN ตึก CE สายแลนชำรุด สัญญาณไม่เข้าคอมพิวเตอร์,ระบบเครือข่ายและเทคโนโลยี,0,1,0,0,0,0,0,0
รถเมล์มอวิ่งไม่ตรงรอบตารางเวลา ช่วงเวลาเร่งด่วนเช้าไม่มีรถวิ่ง นิสิตไปเรียนไม่ทัน,การเดินทางและระบบขนส่ง,0,0,0,0,0,0,1,0
ไฟส่องสว่างและกลอนประตูห้องน้ำหญิงที่ คณะวิทยาศาสตร์ พังชำรุด ดับสนิท กล้องวงจรปิดไม่ติด เสี่ยงอันตรายต่อความปลอดภัยของนิสิต,"อาคารและสิ่งอำนวยความสะดวก, ความปลอดภัยและจราจร",1,0,0,0,1,0,0,0
สัญญาณอินเทอร์เน็ต UP-WiFi ลานจอดรถตึก PKY หลุดบ่อยมาก เชื่อมต่อไม่ได้เลยตั้งแต่ช่วงบ่าย,ระบบเครือข่ายและเทคโนโลยี,0,1,0,0,0,0,0,0
ท่อน้ำทิ้งและหลังคาบริเวณ ตึก ICT แตกชำรุด น้ำสกปรกเอ่อล้นพัดพาขยะเกลื่อนพื้น ส่งกลิ่นเหม็นทั่วทางเดิน,"อาคารและสิ่งอำนวยความสะดวก, ภูมิทัศน์และความสะอาด",1,0,0,1,0,0,0,0
พัดลมเพดานและปลั๊กไฟห้อง 1102 หอพักลุมพินี ปลั๊กไฟช็อตมีกลิ่นไหม้ พัดลมหมุนช้ามาก,อาคารและสิ่งอำนวยความสะดวก,1,0,0,0,0,0,0,0
สุขอนามัยร้านน้ำและตู้กดน้ำดื่ม อาคารเรียนรวม CE มีตะไคร่น้ำและคราบสกปรกเกาะ ไม่มีการล้างทำความสะอาด,สุขอนามัยและความปลอดภัยทางอาหาร,0,0,0,0,0,0,0,1
รถเมล์มอวิ่งไม่ตรงรอบตารางเวลา ช่วงเวลาเร่งด่วนเช้าไม่มีรถวิ่ง นิสิตไปเรียนไม่ทัน,การเดินทางและระบบขนส่ง,0,0,0,0,0,0,1,0
รถเมล์สาย 1 ขับเร็วเฉี่ยวชนสุนัขจรจัดเสียชีวิตบริเวณ คณะบริหารธุรกิจและนิเทศศาสตร์ เศษซากสัตว์และคราบเลือดขวางถนน อันตรายและส่งกลิ่นเหม็นมาก,"ภูมิทัศน์และความสะอาด, ความปลอดภัยและจราจร, การเดินทางและระบบขนส่ง",0,0,0,1,1,0,1,0
การขอผ่อนผันการเกณฑ์ทหารสำหรับนิสิตชาย ต้องการตรวจสอบรายชื่อและขั้นตอนการยื่นเอกสาร,บริการทั่วไปและสวัสดิการ,0,0,0,0,0,1,0,0
ร้านอาหารที่ คณะเกษตรศาสตร์ ใช้น้ำมันทอดซ้ำจนดำ และมีเศษแก้วแตกตกอยู่ในถาดอาหาร นิสิตกินแล้วบาดปากและมีอาการท้องเสีย,"ความปลอดภัยและจราจร, สุขอนามัยและความปลอดภัยทางอาหาร",0,0,0,0,1,0,0,1
รถจักรยานยนต์ขับเร็วและย้อนศรบริเวณ ตึก EN คณะวิศวกรรมศาสตร์ ขับขี่อันตรายมาก เกือบชนนิสิตข้ามทางม้าลายหลายครั้ง,ความปลอดภัยและจราจร,0,0,0,0,1,0,0,0
คราบโคลนและเศษดินหลังฝนตกหนัก หอใน มพ. ลื่นมาก ถนนเฉอะแฉะ เสี่ยงเกิดอุบัติเหตุลื่นล้ม,ภูมิทัศน์และความสะอาด,0,0,0,1,0,0,0,0
ซากนกและสัตว์ตาย ป้ายรถเมล์หน้า ม. ส่งกลิ่นเหม็นเน่า แมลงวันตอม อยากให้แม่บ้านช่วยเก็บทำความสะอาด,ภูมิทัศน์และความสะอาด,0,0,0,1,0,0,0,0
ไฟส่องสว่างและกลอนประตูห้องน้ำหญิงที่ ป้ายรถเมล์หน้า ม. พังชำรุด ดับสนิท กล้องวงจรปิดไม่ติด เสี่ยงอันตรายต่อความปลอดภัยของนิสิต,"อาคารและสิ่งอำนวยความสะดวก, ความปลอดภัยและจราจร",1,0,0,0,1,0,0,0
ห้องปฏิบัติการคอมพิวเตอร์ห้อง 4403 คณะเกษตรศาสตร์ ระบบไฟฟ้าขัดข้อง แอร์ดับ และสัญญาณอินเทอร์เน็ต WiFi ใช้งานไม่ได้พร้อมกัน,"อาคารและสิ่งอำนวยความสะดวก, ระบบเครือข่ายและเทคโนโลยี",1,1,0,0,0,0,0,0
คนขับรถชัตเติลบัส มพ. สาย 2 (สีเขียว) ขับเร็วและเบรกกระชาก ขับขี่อันตรายมาก ผู้โดยสารยืนทรงตัวไม่อยู่,การเดินทางและระบบขนส่ง,0,0,0,0,0,0,1,0
มีคนร้ายขโมยหมวกกันน็อคและของใต้เบาะรถ อ่างหลวง ม.พะเยา โดนขโมยไปหลายคัน อยากให้ตรวจสอบกล้องวงจรปิด,ความปลอดภัยและจราจร,0,0,0,0,1,0,0,0
รถเมล์มอวิ่งไม่ตรงรอบตารางเวลา ช่วงเวลาเร่งด่วนเช้าไม่มีรถวิ่ง นิสิตไปเรียนไม่ทัน,การเดินทางและระบบขนส่ง,0,0,0,0,0,0,1,0
การขอเปิดรายวิชาเพิ่มเติมสำหรับนิสิตชั้นปีที่ 3 วิชาเอกเต็ม ต้องการขอขยายจำนวนรับเพิ่มเพื่อไม่ให้จบช้า,การเรียนการสอนและวิชาการ,0,0,1,0,0,0,0,0
การขอผ่อนผันการเกณฑ์ทหารสำหรับนิสิตชาย ต้องการตรวจสอบรายชื่อและขั้นตอนการยื่นเอกสาร,บริการทั่วไปและสวัสดิการ,0,0,0,0,0,1,0,0
ซากนกและสัตว์ตาย หอพักลุมพินี ส่งกลิ่นเหม็นเน่า แมลงวันตอม อยากให้แม่บ้านช่วยเก็บทำความสะอาด,ภูมิทัศน์และความสะอาด,0,0,0,1,0,0,0,0
ระบบอีเมลมหาวิทยาลัยและ Office 365 ล็อกอินไม่ได้ แจ้งเตือนรหัสผ่านหมดอายุ เข้าใช้งานไม่ได้,ระบบเครือข่ายและเทคโนโลยี,0,1,0,0,0,0,0,0
สายชำระและก๊อกน้ำ วิทยาลัยการศึกษา แตกชำรุด น้ำรั่วพุ่งนองเต็มพื้นห้องน้ำ,อาคารและสิ่งอำนวยความสะดวก,1,0,0,0,0,0,0,0
รถเมล์ มพ. สาย 3 (สีแดง) รอนานมาก รอเกิน 45 นาที รถไม่พอ คนยืนเบียดกันจนล้นป้าย {loc},การเดินทางและระบบขนส่ง,0,0,0,0,0,0,1,0
ซากนกและสัตว์ตาย ตึก CE ส่งกลิ่นเหม็นเน่า แมลงวันตอม อยากให้แม่บ้านช่วยเก็บทำความสะอาด,ภูมิทัศน์และความสะอาด,0,0,0,1,0,0,0,0
โรงอาหารบริเวณ ตึก ICT มีถังขยะเศษอาหารเน่าล้น ส่งกลิ่นเหม็นคลุ้งและพบแมลงสาบไต่บนโต๊ะทานข้าว ไม่ถูกสุขอนามัย,"ภูมิทัศน์และความสะอาด, สุขอนามัยและความปลอดภัยทางอาหาร",0,0,0,1,0,0,0,1
ระบบเว็บลงทะเบียนเรียน REG UP เข้าใช้งานไม่ได้ ขึ้น 504 Gateway Timeout ช่วงเปิดจองวิชาศึกษาทั่วไป,ระบบเครือข่ายและเทคโนโลยี,0,1,0,0,0,0,0,0
สวัสดิการประกันอุบัติเหตุสำหรับนิสิต ประสบอุบัติเหตุเข้ารับการรักษาที่โรงพยาบาล ต้องการทำเรื่องเบิกเคลมประกัน,บริการทั่วไปและสวัสดิการ,0,0,0,0,0,1,0,0
สุขอนามัยร้านน้ำและตู้กดน้ำดื่ม หอใน มพ. มีตะไคร่น้ำและคราบสกปรกเกาะ ไม่มีการล้างทำความสะอาด,สุขอนามัยและความปลอดภัยทางอาหาร,0,0,0,0,0,0,0,1
สัญญาณอินเทอร์เน็ต UP-WiFi คณะเกษตรศาสตร์ หลุดบ่อยมาก เชื่อมต่อไม่ได้เลยตั้งแต่ช่วงบ่าย,ระบบเครือข่ายและเทคโนโลยี,0,1,0,0,0,0,0,0
ลืมกระเป๋าสตางค์และ iPad ไว้ที่ สนามกีฬาในร่ม ขอดูกล้องวงจรปิดย้อนหลังเพื่อติดตามทรัพย์สินสูญหาย,ความปลอดภัยและจราจร,0,0,0,0,1,0,0,0
มีบุคคลภายนอกน่าสงสัยเดินวนเวียน ลานจอดรถตึก PKY ท่าทางไม่น่าไว้วางใจ อยากให้ รปภ. ช่วยตรวจสอบ,ความปลอดภัยและจราจร,0,0,0,0,1,0,0,0
ระบบอีเมลมหาวิทยาลัยและ Office 365 ล็อกอินไม่ได้ แจ้งเตือนรหัสผ่านหมดอายุ เข้าใช้งานไม่ได้,ระบบเครือข่ายและเทคโนโลยี,0,1,0,0,0,0,0,0
ร้านอาหารที่ ทางเดิน Skywalk ใช้น้ำมันทอดซ้ำจนดำ และมีเศษแก้วแตกตกอยู่ในถาดอาหาร นิสิตกินแล้วบาดปากและมีอาการท้องเสีย,"ความปลอดภัยและจราจร, สุขอนามัยและความปลอดภัยทางอาหาร",0,0,0,0,1,0,0,1
ระบบอีเมลมหาวิทยาลัยและ Office 365 ล็อกอินไม่ได้ แจ้งเตือนรหัสผ่านหมดอายุ เข้าใช้งานไม่ได้,ระบบเครือข่ายและเทคโนโลยี,0,1,0,0,0,0,0,0
ร้านอาหารที่ ประตู 1 ม.พะเยา ใช้น้ำมันทอดซ้ำจนดำ และมีเศษแก้วแตกตกอยู่ในถาดอาหาร นิสิตกินแล้วบาดปากและมีอาการท้องเสีย,"ความปลอดภัยและจราจร, สุขอนามัยและความปลอดภัยทางอาหาร",0,0,0,0,1,0,0,1
โรงอาหารบริเวณ คณะเกษตรศาสตร์ มีถังขยะเศษอาหารเน่าล้น ส่งกลิ่นเหม็นคลุ้งและพบแมลงสาบไต่บนโต๊ะทานข้าว ไม่ถูกสุขอนามัย,"ภูมิทัศน์และความสะอาด, สุขอนามัยและความปลอดภัยทางอาหาร",0,0,0,1,0,0,0,1
คนขับรถชัตเติลบัส มพ. สาย 1 (สีม่วง) ขับเร็วและเบรกกระชาก ขับขี่อันตรายมาก ผู้โดยสารยืนทรงตัวไม่อยู่,การเดินทางและระบบขนส่ง,0,0,0,0,0,0,1,0
ไฟส่องสว่างและกลอนประตูห้องน้ำหญิงที่ คณะวิทยาศาสตร์ พังชำรุด ดับสนิท กล้องวงจรปิดไม่ติด เสี่ยงอันตรายต่อความปลอดภัยของนิสิต,"อาคารและสิ่งอำนวยความสะดวก, ความปลอดภัยและจราจร",1,0,0,0,1,0,0,0
การขอใช้พื้นที่จัดกิจกรรมชมรมและโครงการนิสิต คณะแพทยศาสตร์ ยื่นหนังสือขออนุมัติสถานที่ล่วงหน้า ต้องติดต่อหน่วยงานใด,บริการทั่วไปและสวัสดิการ,0,0,0,0,0,1,0,0
รถบัส มพ. ไม่ยอมจอดรับผู้โดยสารที่ป้าย ลานจอดรถตึก PKY รถว่างแต่ขับผ่านเลยไป ไม่จอดรับคนที่รอ,การเดินทางและระบบขนส่ง,0,0,0,0,0,0,1,0
ระบบ LMS / D-Learning ม.พะเยา หน้าเว็บค้าง ส่งงานการบ้านและควิซออนไลน์ไม่ทัน,ระบบเครือข่ายและเทคโนโลยี,0,1,0,0,0,0,0,0
ไฟส่องสว่างและกลอนประตูห้องน้ำหญิงที่ คณะเภสัชศาสตร์ พังชำรุด ดับสนิท กล้องวงจรปิดไม่ติด เสี่ยงอันตรายต่อความปลอดภัยของนิสิต,"อาคารและสิ่งอำนวยความสะดวก, ความปลอดภัยและจราจร",1,0,0,0,1,0,0,0
ร้านอาหารที่ อาคารเรียนรวม CE ใช้น้ำมันทอดซ้ำจนดำ และมีเศษแก้วแตกตกอยู่ในถาดอาหาร นิสิตกินแล้วบาดปากและมีอาการท้องเสีย,"ความปลอดภัยและจราจร, สุขอนามัยและความปลอดภัยทางอาหาร",0,0,0,0,1,0,0,1
ลืมกระเป๋าสตางค์และ iPad ไว้ที่ คณะบริหารธุรกิจและนิเทศศาสตร์ ขอดูกล้องวงจรปิดย้อนหลังเพื่อติดตามทรัพย์สินสูญหาย,ความปลอดภัยและจราจร,0,0,0,0,1,0,0,0
ระบบอีเมลมหาวิทยาลัยและ Office 365 ล็อกอินไม่ได้ แจ้งเตือนรหัสผ่านหมดอายุ เข้าใช้งานไม่ได้,ระบบเครือข่ายและเทคโนโลยี,0,1,0,0,0,0,0,0
การประกาศคะแนนสอบกลางภาควิชา LAW101 คะแนนในระบบไม่ตรงกับที่อาจารย์แจ้ง ขอตรวจสอบความถูกต้อง,การเรียนการสอนและวิชาการ,0,0,1,0,0,0,0,0
หญ้ารกสูงมากบริเวณ คณะบริหารธุรกิจและนิเทศศาสตร์ มีสัตว์มีพิษและงูเลื้อยออกมา อันตรายต่อนิสิตที่เดินผ่าน,ภูมิทัศน์และความสะอาด,0,0,0,1,0,0,0,0
ลิฟต์โดยสาร อาคารเทคโนโลยีสารสนเทศ ค้างที่ชั้น {floor} ประตูปิดไม่สนิท มีเสียงดังน่ากลัว,อาคารและสิ่งอำนวยความสะดวก,1,0,0,0,0,0,0,0
การขอใช้พื้นที่จัดกิจกรรมชมรมและโครงการนิสิต ประตู 3 ฝั่งเกษตร ยื่นหนังสือขออนุมัติสถานที่ล่วงหน้า ต้องติดต่อหน่วยงานใด,บริการทั่วไปและสวัสดิการ,0,0,0,0,0,1,0,0
ระบบอีเมลมหาวิทยาลัยและ Office 365 ล็อกอินไม่ได้ แจ้งเตือนรหัสผ่านหมดอายุ เข้าใช้งานไม่ได้,ระบบเครือข่ายและเทคโนโลยี,0,1,0,0,0,0,0,0
พัดลมเพดานและปลั๊กไฟห้อง 4301 คณะแพทยศาสตร์ ปลั๊กไฟช็อตมีกลิ่นไหม้ พัดลมหมุนช้ามาก,อาคารและสิ่งอำนวยความสะดวก,1,0,0,0,0,0,0,0
พัดลมเพดานและปลั๊กไฟห้อง 4204 อ่างหลวง ม.พะเยา ปลั๊กไฟช็อตมีกลิ่นไหม้ พัดลมหมุนช้ามาก,อาคารและสิ่งอำนวยความสะดวก,1,0,0,0,0,0,0,0
กิ่งไม้ขนาดใหญ่หักโค่น กองพัฒนานิสิต DSA พาดขวางถนนและทางเท้าหลังพายุฝนตก รถสัญจรลำบาก,ภูมิทัศน์และความสะอาด,0,0,0,1,0,0,0,0
ช้อนส้อมและจานชามที่ อาคารเทคโนโลยีสารสนเทศ ล้างไม่สะอาด มีคราบมันและเศษอาหารติดอยู่ อยากให้ตรวจเข้มงวด,สุขอนามัยและความปลอดภัยทางอาหาร,0,0,0,0,0,0,0,1
ห้องปฏิบัติการคอมพิวเตอร์ห้อง 2204 คณะเกษตรศาสตร์ ระบบไฟฟ้าขัดข้อง แอร์ดับ และสัญญาณอินเทอร์เน็ต WiFi ใช้งานไม่ได้พร้อมกัน,"อาคารและสิ่งอำนวยความสะดวก, ระบบเครือข่ายและเทคโนโลยี",1,1,0,0,0,0,0,0
การยื่นคำร้องขอเทียบโอนหน่วยกิตรายวิชา เอกสารตกค้างที่คณะ ขอให้เจ้าหน้าที่ช่วยติดตามผล,การเรียนการสอนและวิชาการ,0,0,1,0,0,0,0,0
เว็บไซต์ระบบลงทะเบียน Reg UP เกิดขัดข้อง เข้าไม่ได้ ทำให้นิสิตไม่สามารถลงทะเบียนวิชาเรียนและตรวจสอบตารางสอบได้ตามกำหนด,"ระบบเครือข่ายและเทคโนโลยี, การเรียนการสอนและวิชาการ",0,1,1,0,0,0,0,0
คราบโคลนและเศษดินหลังฝนตกหนัก ป้ายหอใน ลื่นมาก ถนนเฉอะแฉะ เสี่ยงเกิดอุบัติเหตุลื่นล้ม,ภูมิทัศน์และความสะอาด,0,0,0,1,0,0,0,0
ป้ายรอรถเมล์ กองพัฒนานิสิต DSA หลังคารั่ว ฝนตกแล้วน้ำรั่วลงมา เปียกทั้งที่นั่ง รอรถลำบากมาก,การเดินทางและระบบขนส่ง,0,0,0,0,0,0,1,0
ร้านอาหารที่ คณะเกษตรศาสตร์ ใช้น้ำมันทอดซ้ำจนดำ และมีเศษแก้วแตกตกอยู่ในถาดอาหาร นิสิตกินแล้วบาดปากและมีอาการท้องเสีย,"ความปลอดภัยและจราจร, สุขอนามัยและความปลอดภัยทางอาหาร",0,0,0,0,1,0,0,1
ท่อน้ำทิ้งและหลังคาบริเวณ ตึก EN คณะวิศวกรรมศาสตร์ แตกชำรุด น้ำสกปรกเอ่อล้นพัดพาขยะเกลื่อนพื้น ส่งกลิ่นเหม็นทั่วทางเดิน,"อาคารและสิ่งอำนวยความสะดวก, ภูมิทัศน์และความสะอาด",1,0,0,1,0,0,0,0
รถจักรยานยนต์ขับเร็วและย้อนศรบริเวณ คณะเภสัชศาสตร์ ขับขี่อันตรายมาก เกือบชนนิสิตข้ามทางม้าลายหลายครั้ง,ความปลอดภัยและจราจร,0,0,0,0,1,0,0,0
ห้องปฏิบัติการคอมพิวเตอร์ห้อง 1104 อาคารเทคโนโลยีสารสนเทศ ระบบไฟฟ้าขัดข้อง แอร์ดับ และสัญญาณอินเทอร์เน็ต WiFi ใช้งานไม่ได้พร้อมกัน,"อาคารและสิ่งอำนวยความสะดวก, ระบบเครือข่ายและเทคโนโลยี",1,1,0,0,0,0,0,0
กลอนประตูล็อคห้องน้ำ โรงอาหารตึกสงวนเสริมศรี พังหัก ล็อคประตูไม่อยู่ ปิดไม่ได้,อาคารและสิ่งอำนวยความสะดวก,1,0,0,0,0,0,0,0
คนขับรถชัตเติลบัส มพ. สาย 4 (สีน้ำเงิน) ขับเร็วและเบรกกระชาก ขับขี่อันตรายมาก ผู้โดยสารยืนทรงตัวไม่อยู่,การเดินทางและระบบขนส่ง,0,0,0,0,0,0,1,0
เว็บไซต์ระบบลงทะเบียน Reg UP เกิดขัดข้อง เข้าไม่ได้ ทำให้นิสิตไม่สามารถลงทะเบียนวิชาเรียนและตรวจสอบตารางสอบได้ตามกำหนด,"ระบบเครือข่ายและเทคโนโลยี, การเรียนการสอนและวิชาการ",0,1,1,0,0,0,0,0
รถเมล์สาย 1 ขับเร็วเฉี่ยวชนสุนัขจรจัดเสียชีวิตบริเวณ ประตู 3 ฝั่งเกษตร เศษซากสัตว์และคราบเลือดขวางถนน อันตรายและส่งกลิ่นเหม็นมาก,"ภูมิทัศน์และความสะอาด, ความปลอดภัยและจราจร, การเดินทางและระบบขนส่ง",0,0,0,1,1,0,1,0
ร้านอาหารที่ โรงอาหารกลาง อาหารไม่สะอาด พบแมลงสาบตัวเล็กและเส้นผมปนเปื้อนในจานข้าว,สุขอนามัยและความปลอดภัยทางอาหาร,0,0,0,0,0,0,0,1
ร้านอาหารที่ คณะศิลปศาสตร์ อาหารไม่สะอาด พบแมลงสาบตัวเล็กและเส้นผมปนเปื้อนในจานข้าว,สุขอนามัยและความปลอดภัยทางอาหาร,0,0,0,0,0,0,0,1
โรงอาหารบริเวณ หอพักลุมพินี มีถังขยะเศษอาหารเน่าล้น ส่งกลิ่นเหม็นคลุ้งและพบแมลงสาบไต่บนโต๊ะทานข้าว ไม่ถูกสุขอนามัย,"ภูมิทัศน์และความสะอาด, สุขอนามัยและความปลอดภัยทางอาหาร",0,0,0,1,0,0,0,1
การยื่นคำร้องขอเทียบโอนหน่วยกิตรายวิชา เอกสารตกค้างที่คณะ ขอให้เจ้าหน้าที่ช่วยติดตามผล,การเรียนการสอนและวิชาการ,0,0,1,0,0,0,0,0
การขอใช้พื้นที่จัดกิจกรรมชมรมและโครงการนิสิต ทางเดิน Skywalk ยื่นหนังสือขออนุมัติสถานที่ล่วงหน้า ต้องติดต่อหน่วยงานใด,บริการทั่วไปและสวัสดิการ,0,0,0,0,0,1,0,0
ลืมกระเป๋าสตางค์และ iPad ไว้ที่ ตึก CE ขอดูกล้องวงจรปิดย้อนหลังเพื่อติดตามทรัพย์สินสูญหาย,ความปลอดภัยและจราจร,0,0,0,0,1,0,0,0
หญ้ารกสูงมากบริเวณ อาคาร PKY สงวนเสริมศรี มีสัตว์มีพิษและงูเลื้อยออกมา อันตรายต่อนิสิตที่เดินผ่าน,ภูมิทัศน์และความสะอาด,0,0,0,1,0,0,0,0
การทำเรื่องขอผ่อนผันและดรอปรายวิชา (Withdraw) อาจารย์ประจำวิชาไม่อนุมัติในระบบ ต้องการสอบถามขั้นตอนที่ถูกต้อง,การเรียนการสอนและวิชาการ,0,0,1,0,0,0,0,0
คนขับรถชัตเติลบัส มพ. สาย 4 (สีน้ำเงิน) ขับเร็วและเบรกกระชาก ขับขี่อันตรายมาก ผู้โดยสารยืนทรงตัวไม่อยู่,การเดินทางและระบบขนส่ง,0,0,0,0,0,0,1,0
การประกาศคะแนนสอบกลางภาควิชา 001101 คะแนนในระบบไม่ตรงกับที่อาจารย์แจ้ง ขอตรวจสอบความถูกต้อง,การเรียนการสอนและวิชาการ,0,0,1,0,0,0,0,0
ระบบเว็บลงทะเบียนเรียน REG UP เข้าใช้งานไม่ได้ ขึ้น 504 Gateway Timeout ช่วงเปิดจองวิชาศึกษาทั่วไป,ระบบเครือข่ายและเทคโนโลยี,0,1,0,0,0,0,0,0
อาหารที่ซื้อจากร้านข้าว ตึก ICT บูดเสียและมีกลิ่นเปรี้ยว กินเข้าไปแล้วท้องเสีย อาหารไม่สดใหม่,สุขอนามัยและความปลอดภัยทางอาหาร,0,0,0,0,0,0,0,1
เศษกระจกและขยะแก้วแตกเกลื่อนบนพื้น คณะนิติศาสตร์ อันตรายมาก กลัวบาดเท้านิสิตและยางรถมอเตอร์ไซค์รั่ว,ภูมิทัศน์และความสะอาด,0,0,0,1,0,0,0,0
รถบัส มพ. ไม่ยอมจอดรับผู้โดยสารที่ป้าย วิทยาลัยการศึกษา รถว่างแต่ขับผ่านเลยไป ไม่จอดรับคนที่รอ,การเดินทางและระบบขนส่ง,0,0,0,0,0,0,1,0
ท่อน้ำทิ้งและหลังคาบริเวณ คณะเกษตรศาสตร์ แตกชำรุด น้ำสกปรกเอ่อล้นพัดพาขยะเกลื่อนพื้น ส่งกลิ่นเหม็นทั่วทางเดิน,"อาคารและสิ่งอำนวยความสะดวก, ภูมิทัศน์และความสะอาด",1,0,0,1,0,0,0,0
ระบบเว็บลงทะเบียนเรียน REG UP เข้าใช้งานไม่ได้ ขึ้น 504 Gateway Timeout ช่วงเปิดจองวิชาศึกษาทั่วไป,ระบบเครือข่ายและเทคโนโลยี,0,1,0,0,0,0,0,0
ระบบเว็บลงทะเบียนเรียน REG UP เข้าใช้งานไม่ได้ ขึ้น 504 Gateway Timeout ช่วงเปิดจองวิชาศึกษาทั่วไป,ระบบเครือข่ายและเทคโนโลยี,0,1,0,0,0,0,0,0
ระบบ LMS / D-Learning ม.พะเยา หน้าเว็บค้าง ส่งงานการบ้านและควิซออนไลน์ไม่ทัน,ระบบเครือข่ายและเทคโนโลยี,0,1,0,0,0,0,0,0
ป้ายรอรถเมล์ คณะพยาบาลศาสตร์ หลังคารั่ว ฝนตกแล้วน้ำรั่วลงมา เปียกทั้งที่นั่ง รอรถลำบากมาก,การเดินทางและระบบขนส่ง,0,0,0,0,0,0,1,0
เศษกระจกและขยะแก้วแตกเกลื่อนบนพื้น อ่างหลวง ม.พะเยา อันตรายมาก กลัวบาดเท้านิสิตและยางรถมอเตอร์ไซค์รั่ว,ภูมิทัศน์และความสะอาด,0,0,0,1,0,0,0,0
รถเมล์มอวิ่งไม่ตรงรอบตารางเวลา ช่วงเวลาเร่งด่วนเช้าไม่มีรถวิ่ง นิสิตไปเรียนไม่ทัน,การเดินทางและระบบขนส่ง,0,0,0,0,0,0,1,0
อาหารที่ซื้อจากร้านข้าว คณะวิทยาศาสตร์ บูดเสียและมีกลิ่นเปรี้ยว กินเข้าไปแล้วท้องเสีย อาหารไม่สดใหม่,สุขอนามัยและความปลอดภัยทางอาหาร,0,0,0,0,0,0,0,1
โปรเจกเตอร์และจอแสดงผลห้อง 1102 ประตู 1 ม.พะเยา เปิดไม่ติด ภาพกระพริบ ลำโพงไมค์ไม่ดัง อาจารย์สอนไม่ได้,อาคารและสิ่งอำนวยความสะดวก,1,0,0,0,0,0,0,0
ร้านอาหารที่ หอใน มพ. ใช้น้ำมันทอดซ้ำจนดำ และมีเศษแก้วแตกตกอยู่ในถาดอาหาร นิสิตกินแล้วบาดปากและมีอาการท้องเสีย,"ความปลอดภัยและจราจร, สุขอนามัยและความปลอดภัยทางอาหาร",0,0,0,0,1,0,0,1
ไฟส่องสว่างและกลอนประตูห้องน้ำหญิงที่ อาคารเทคโนโลยีสารสนเทศ พังชำรุด ดับสนิท กล้องวงจรปิดไม่ติด เสี่ยงอันตรายต่อความปลอดภัยของนิสิต,"อาคารและสิ่งอำนวยความสะดวก, ความปลอดภัยและจราจร",1,0,0,0,1,0,0,0
หลอดไฟในห้องน้ำหญิง โรงอาหารกลาง ดับมืดสนิท กระพริบตลอดเวลา ใช้งานไม่ได้,อาคารและสิ่งอำนวยความสะดวก,1,0,0,0,0,0,0,0
อินเทอร์เน็ต WiFi หอพัก หอพักลุมพินี ช้ามาก ความเร็วตก หมุนไม่หยุด ทำงานวิจัยไม่ได้,ระบบเครือข่ายและเทคโนโลยี,0,1,0,0,0,0,0,0
รถเมล์สาย 1 ขับเร็วเฉี่ยวชนสุนัขจรจัดเสียชีวิตบริเวณ ประตู 3 ฝั่งเกษตร เศษซากสัตว์และคราบเลือดขวางถนน อันตรายและส่งกลิ่นเหม็นมาก,"ภูมิทัศน์และความสะอาด, ความปลอดภัยและจราจร, การเดินทางและระบบขนส่ง",0,0,0,1,1,0,1,0
ร้านอาหารที่ อาคารเทคโนโลยีสารสนเทศ ใช้น้ำมันทอดซ้ำจนดำ และมีเศษแก้วแตกตกอยู่ในถาดอาหาร นิสิตกินแล้วบาดปากและมีอาการท้องเสีย,"ความปลอดภัยและจราจร, สุขอนามัยและความปลอดภัยทางอาหาร",0,0,0,0,1,0,0,1
คราบโคลนและเศษดินหลังฝนตกหนัก ประตู 1 ม.พะเยา ลื่นมาก ถนนเฉอะแฉะ เสี่ยงเกิดอุบัติเหตุลื่นล้ม,ภูมิทัศน์และความสะอาด,0,0,0,1,0,0,0,0
คราบโคลนและเศษดินหลังฝนตกหนัก ตึก EN คณะวิศวกรรมศาสตร์ ลื่นมาก ถนนเฉอะแฉะ เสี่ยงเกิดอุบัติเหตุลื่นล้ม,ภูมิทัศน์และความสะอาด,0,0,0,1,0,0,0,0
การทำบัตรนิสิตใหม่เนื่องจากบัตรเดิมสูญหาย ติดต่อขอออกบัตรใหม่ ต้องเตรียมหลักฐานอะไรบ้างและรับบัตรได้ที่ไหน,บริการทั่วไปและสวัสดิการ,0,0,0,0,0,1,0,0
เศษกระจกและขยะแก้วแตกเกลื่อนบนพื้น อาคาร PKY สงวนเสริมศรี อันตรายมาก กลัวบาดเท้านิสิตและยางรถมอเตอร์ไซค์รั่ว,ภูมิทัศน์และความสะอาด,0,0,0,1,0,0,0,0
ร้านค้า ประตู 1 ม.พะเยา ใช้น้ำมันทอดซ้ำจนเป็นสีดำสนิท อาหารมีกลิ่นหืนมาก ส่งผลเสียต่อสุขภาพผู้บริโภค,สุขอนามัยและความปลอดภัยทางอาหาร,0,0,0,0,0,0,0,1
รถสองแถวมอ ขับเบียดรถมอเตอร์ไซค์ของนิสิตล้มตรงทางโค้ง ทางเดิน Skywalk ทำให้การจราจรติดขัดยาวและนิสิตได้รับบาดเจ็บ,"ความปลอดภัยและจราจร, การเดินทางและระบบขนส่ง",0,0,0,0,1,0,1,0
ถังขยะบริเวณ คณะวิทยาศาสตร์ ขยะล้นถัง ส่งกลิ่นเหม็นเน่าเกลื่อนพื้น ไม่มีเจ้าหน้าที่มาเก็บ,ภูมิทัศน์และความสะอาด,0,0,0,1,0,0,0,0
ร้านอาหารที่ กองพัฒนานิสิต DSA อาหารไม่สะอาด พบแมลงสาบตัวเล็กและเส้นผมปนเปื้อนในจานข้าว,สุขอนามัยและความปลอดภัยทางอาหาร,0,0,0,0,0,0,0,1
ช้อนส้อมและจานชามที่ ตึก CE ล้างไม่สะอาด มีคราบมันและเศษอาหารติดอยู่ อยากให้ตรวจเข้มงวด,สุขอนามัยและความปลอดภัยทางอาหาร,0,0,0,0,0,0,0,1
โรงอาหารบริเวณ คณะศิลปศาสตร์ มีถังขยะเศษอาหารเน่าล้น ส่งกลิ่นเหม็นคลุ้งและพบแมลงสาบไต่บนโต๊ะทานข้าว ไม่ถูกสุขอนามัย,"ภูมิทัศน์และความสะอาด, สุขอนามัยและความปลอดภัยทางอาหาร",0,0,0,1,0,0,0,1
รถจักรยานยนต์ขับเร็วและย้อนศรบริเวณ ประตู 1 ม.พะเยา ขับขี่อันตรายมาก เกือบชนนิสิตข้ามทางม้าลายหลายครั้ง,ความปลอดภัยและจราจร,0,0,0,0,1,0,0,0
รถบัส มพ. ไม่ยอมจอดรับผู้โดยสารที่ป้าย หอพักลุมพินี รถว่างแต่ขับผ่านเลยไป ไม่จอดรับคนที่รอ,การเดินทางและระบบขนส่ง,0,0,0,0,0,0,1,0
โรงอาหารบริเวณ โรงอาหารตึกสงวนเสริมศรี มีถังขยะเศษอาหารเน่าล้น ส่งกลิ่นเหม็นคลุ้งและพบแมลงสาบไต่บนโต๊ะทานข้าว ไม่ถูกสุขอนามัย,"ภูมิทัศน์และความสะอาด, สุขอนามัยและความปลอดภัยทางอาหาร",0,0,0,1,0,0,0,1
รถสองแถวมอ ขับเร็วเฉี่ยวชนสุนัขจรจัดเสียชีวิตบริเวณ ทางเดิน Skywalk เศษซากสัตว์และคราบเลือดขวางถนน อันตรายและส่งกลิ่นเหม็นมาก,"ภูมิทัศน์และความสะอาด, ความปลอดภัยและจราจร, การเดินทางและระบบขนส่ง",0,0,0,1,1,0,1,0
ไฟส่องสว่างทางเดิน คณะนิติศาสตร์ ดับมืดสนิท ทางเปลี่ยวมาก เสี่ยงต่อการเกิดอาชญากรรมและชิงทรัพย์,ความปลอดภัยและจราจร,0,0,0,0,1,0,0,0
ร้านอาหารที่ อาคารเรียนรวม CE ใช้น้ำมันทอดซ้ำจนดำ และมีเศษแก้วแตกตกอยู่ในถาดอาหาร นิสิตกินแล้วบาดปากและมีอาการท้องเสีย,"ความปลอดภัยและจราจร, สุขอนามัยและความปลอดภัยทางอาหาร",0,0,0,0,1,0,0,1
รถจักรยานยนต์ขับเร็วและย้อนศรบริเวณ ลานจอดรถตึก PKY ขับขี่อันตรายมาก เกือบชนนิสิตข้ามทางม้าลายหลายครั้ง,ความปลอดภัยและจราจร,0,0,0,0,1,0,0,0
ห้องปฏิบัติการคอมพิวเตอร์ห้อง 1304 คณะศิลปศาสตร์ ระบบไฟฟ้าขัดข้อง แอร์ดับ และสัญญาณอินเทอร์เน็ต WiFi ใช้งานไม่ได้พร้อมกัน,"อาคารและสิ่งอำนวยความสะดวก, ระบบเครือข่ายและเทคโนโลยี",1,1,0,0,0,0,0,0
อินเทอร์เน็ต WiFi หอพัก อาคาร PKY สงวนเสริมศรี ช้ามาก ความเร็วตก หมุนไม่หยุด ทำงานวิจัยไม่ได้,ระบบเครือข่ายและเทคโนโลยี,0,1,0,0,0,0,0,0
สวัสดิการประกันอุบัติเหตุสำหรับนิสิต ประสบอุบัติเหตุเข้ารับการรักษาที่โรงพยาบาล ต้องการทำเรื่องเบิกเคลมประกัน,บริการทั่วไปและสวัสดิการ,0,0,0,0,0,1,0,0
ท่อน้ำทิ้งและหลังคาบริเวณ วิทยาลัยการศึกษา แตกชำรุด น้ำสกปรกเอ่อล้นพัดพาขยะเกลื่อนพื้น ส่งกลิ่นเหม็นทั่วทางเดิน,"อาคารและสิ่งอำนวยความสะดวก, ภูมิทัศน์และความสะอาด",1,0,0,1,0,0,0,0
การขอเปิดรายวิชาเพิ่มเติมสำหรับนิสิตชั้นปีที่ 1 วิชาเอกเต็ม ต้องการขอขยายจำนวนรับเพิ่มเพื่อไม่ให้จบช้า,การเรียนการสอนและวิชาการ,0,0,1,0,0,0,0,0
เว็บไซต์ระบบลงทะเบียน Reg UP เกิดขัดข้อง เข้าไม่ได้ ทำให้นิสิตไม่สามารถลงทะเบียนวิชาเรียนและตรวจสอบตารางสอบได้ตามกำหนด,"ระบบเครือข่ายและเทคโนโลยี, การเรียนการสอนและวิชาการ",0,1,1,0,0,0,0,0
เว็บไซต์ระบบลงทะเบียน Reg UP เกิดขัดข้อง เข้าไม่ได้ ทำให้นิสิตไม่สามารถลงทะเบียนวิชาเรียนและตรวจสอบตารางสอบได้ตามกำหนด,"ระบบเครือข่ายและเทคโนโลยี, การเรียนการสอนและวิชาการ",0,1,1,0,0,0,0,0
รถบัส มพ. ไม่ยอมจอดรับผู้โดยสารที่ป้าย คณะบริหารธุรกิจและนิเทศศาสตร์ รถว่างแต่ขับผ่านเลยไป ไม่จอดรับคนที่รอ,การเดินทางและระบบขนส่ง,0,0,0,0,0,0,1,0
สวัสดิการประกันอุบัติเหตุสำหรับนิสิต ประสบอุบัติเหตุเข้ารับการรักษาที่โรงพยาบาล ต้องการทำเรื่องเบิกเคลมประกัน,บริการทั่วไปและสวัสดิการ,0,0,0,0,0,1,0,0
ร้านอาหารที่ คณะแพทยศาสตร์ ใช้น้ำมันทอดซ้ำจนดำ และมีเศษแก้วแตกตกอยู่ในถาดอาหาร นิสิตกินแล้วบาดปากและมีอาการท้องเสีย,"ความปลอดภัยและจราจร, สุขอนามัยและความปลอดภัยทางอาหาร",0,0,0,0,1,0,0,1
รถเมล์มอวิ่งไม่ตรงรอบตารางเวลา ช่วงเวลาเร่งด่วนเช้าไม่มีรถวิ่ง นิสิตไปเรียนไม่ทัน,การเดินทางและระบบขนส่ง,0,0,0,0,0,0,1,0
การขอใช้พื้นที่จัดกิจกรรมชมรมและโครงการนิสิต คณะวิทยาศาสตร์ ยื่นหนังสือขออนุมัติสถานที่ล่วงหน้า ต้องติดต่อหน่วยงานใด,บริการทั่วไปและสวัสดิการ,0,0,0,0,0,1,0,0
ร้านค้า คณะบริหารธุรกิจและนิเทศศาสตร์ ใช้น้ำมันทอดซ้ำจนเป็นสีดำสนิท อาหารมีกลิ่นหืนมาก ส่งผลเสียต่อสุขภาพผู้บริโภค,สุขอนามัยและความปลอดภัยทางอาหาร,0,0,0,0,0,0,0,1
ร้านอาหารที่ อาคารเทคโนโลยีสารสนเทศ ใช้น้ำมันทอดซ้ำจนดำ และมีเศษแก้วแตกตกอยู่ในถาดอาหาร นิสิตกินแล้วบาดปากและมีอาการท้องเสีย,"ความปลอดภัยและจราจร, สุขอนามัยและความปลอดภัยทางอาหาร",0,0,0,0,1,0,0,1
รถบัส มพ. ไม่ยอมจอดรับผู้โดยสารที่ป้าย อ่างหลวง ม.พะเยา รถว่างแต่ขับผ่านเลยไป ไม่จอดรับคนที่รอ,การเดินทางและระบบขนส่ง,0,0,0,0,0,0,1,0
รถสองแถวมอ ขับเร็วเฉี่ยวชนสุนัขจรจัดเสียชีวิตบริเวณ ประตู 3 ฝั่งเกษตร เศษซากสัตว์และคราบเลือดขวางถนน อันตรายและส่งกลิ่นเหม็นมาก,"ภูมิทัศน์และความสะอาด, ความปลอดภัยและจราจร, การเดินทางและระบบขนส่ง",0,0,0,1,1,0,1,0
ห้องปฏิบัติการคอมพิวเตอร์ห้อง 2304 ประตู 1 ม.พะเยา ระบบไฟฟ้าขัดข้อง แอร์ดับ และสัญญาณอินเทอร์เน็ต WiFi ใช้งานไม่ได้พร้อมกัน,"อาคารและสิ่งอำนวยความสะดวก, ระบบเครือข่ายและเทคโนโลยี",1,1,0,0,0,0,0,0
รถเมล์ มพ. สาย 2 (สีเขียว) รอนานมาก รอเกิน 45 นาที รถไม่พอ คนยืนเบียดกันจนล้นป้าย {loc},การเดินทางและระบบขนส่ง,0,0,0,0,0,0,1,0
มีบุคคลภายนอกน่าสงสัยเดินวนเวียน อาคารเรียนรวม CE ท่าทางไม่น่าไว้วางใจ อยากให้ รปภ. ช่วยตรวจสอบ,ความปลอดภัยและจราจร,0,0,0,0,1,0,0,0
ไฟส่องสว่างทางเดิน ประตู 2 หน้ามอ ดับมืดสนิท ทางเปลี่ยวมาก เสี่ยงต่อการเกิดอาชญากรรมและชิงทรัพย์,ความปลอดภัยและจราจร,0,0,0,0,1,0,0,0
รถชัตเติลบัส มพ. ขับเร็วเฉี่ยวชนสุนัขจรจัดเสียชีวิตบริเวณ อาคารเทคโนโลยีสารสนเทศ เศษซากสัตว์และคราบเลือดขวางถนน อันตรายและส่งกลิ่นเหม็นมาก,"ภูมิทัศน์และความสะอาด, ความปลอดภัยและจราจร, การเดินทางและระบบขนส่ง",0,0,0,1,1,0,1,0
ถังขยะบริเวณ ตึก ICT ขยะล้นถัง ส่งกลิ่นเหม็นเน่าเกลื่อนพื้น ไม่มีเจ้าหน้าที่มาเก็บ,ภูมิทัศน์และความสะอาด,0,0,0,1,0,0,0,0
รถเมล์ มพ. สาย 2 (สีเขียว) รอนานมาก รอเกิน 45 นาที รถไม่พอ คนยืนเบียดกันจนล้นป้าย {loc},การเดินทางและระบบขนส่ง,0,0,0,0,0,0,1,0
รถชัตเติลบัส มพ. ขับเบียดรถมอเตอร์ไซค์ของนิสิตล้มตรงทางโค้ง คณะเภสัชศาสตร์ ทำให้การจราจรติดขัดยาวและนิสิตได้รับบาดเจ็บ,"ความปลอดภัยและจราจร, การเดินทางและระบบขนส่ง",0,0,0,0,1,0,1,0
ร้านอาหารที่ อาคารเทคโนโลยีสารสนเทศ ใช้น้ำมันทอดซ้ำจนดำ และมีเศษแก้วแตกตกอยู่ในถาดอาหาร นิสิตกินแล้วบาดปากและมีอาการท้องเสีย,"ความปลอดภัยและจราจร, สุขอนามัยและความปลอดภัยทางอาหาร",0,0,0,0,1,0,0,1
คอมพิวเตอร์ห้องแล็บ 4403 ป้ายหอใน เปิดไม่ติดหลายเครื่อง เมาส์และคีย์บอร์ดเสีย,ระบบเครือข่ายและเทคโนโลยี,0,1,0,0,0,0,0,0
สายชำระและก๊อกน้ำ กองพัฒนานิสิต DSA แตกชำรุด น้ำรั่วพุ่งนองเต็มพื้นห้องน้ำ,อาคารและสิ่งอำนวยความสะดวก,1,0,0,0,0,0,0,0
อินเทอร์เน็ต WiFi หอพัก คณะวิทยาศาสตร์ ช้ามาก ความเร็วตก หมุนไม่หยุด ทำงานวิจัยไม่ได้,ระบบเครือข่ายและเทคโนโลยี,0,1,0,0,0,0,0,0
มีคนร้ายขโมยหมวกกันน็อคและของใต้เบาะรถ หอพักลุมพินี โดนขโมยไปหลายคัน อยากให้ตรวจสอบกล้องวงจรปิด,ความปลอดภัยและจราจร,0,0,0,0,1,0,0,0
ไฟส่องสว่างและกลอนประตูห้องน้ำหญิงที่ อ่างหลวง ม.พะเยา พังชำรุด ดับสนิท กล้องวงจรปิดไม่ติด เสี่ยงอันตรายต่อความปลอดภัยของนิสิต,"อาคารและสิ่งอำนวยความสะดวก, ความปลอดภัยและจราจร",1,0,0,0,1,0,0,0
คราบโคลนและเศษดินหลังฝนตกหนัก ประตู 3 ฝั่งเกษตร ลื่นมาก ถนนเฉอะแฉะ เสี่ยงเกิดอุบัติเหตุลื่นล้ม,ภูมิทัศน์และความสะอาด,0,0,0,1,0,0,0,0
ท่อน้ำทิ้งและหลังคาบริเวณ คณะแพทยศาสตร์ แตกชำรุด น้ำสกปรกเอ่อล้นพัดพาขยะเกลื่อนพื้น ส่งกลิ่นเหม็นทั่วทางเดิน,"อาคารและสิ่งอำนวยความสะดวก, ภูมิทัศน์และความสะอาด",1,0,0,1,0,0,0,0
ท่อน้ำทิ้งและหลังคาบริเวณ ลานจอดรถตึก PKY แตกชำรุด น้ำสกปรกเอ่อล้นพัดพาขยะเกลื่อนพื้น ส่งกลิ่นเหม็นทั่วทางเดิน,"อาคารและสิ่งอำนวยความสะดวก, ภูมิทัศน์และความสะอาด",1,0,0,1,0,0,0,0
มีบุคคลภายนอกน่าสงสัยเดินวนเวียน คณะพยาบาลศาสตร์ ท่าทางไม่น่าไว้วางใจ อยากให้ รปภ. ช่วยตรวจสอบ,ความปลอดภัยและจราจร,0,0,0,0,1,0,0,0
การประกาศคะแนนสอบกลางภาควิชา MED201 คะแนนในระบบไม่ตรงกับที่อาจารย์แจ้ง ขอตรวจสอบความถูกต้อง,การเรียนการสอนและวิชาการ,0,0,1,0,0,0,0,0
ท่อน้ำทิ้งและหลังคาบริเวณ ตึก CE แตกชำรุด น้ำสกปรกเอ่อล้นพัดพาขยะเกลื่อนพื้น ส่งกลิ่นเหม็นทั่วทางเดิน,"อาคารและสิ่งอำนวยความสะดวก, ภูมิทัศน์และความสะอาด",1,0,0,1,0,0,0,0
ร้านค้า ประตู 2 หน้ามอ ใช้น้ำมันทอดซ้ำจนเป็นสีดำสนิท อาหารมีกลิ่นหืนมาก ส่งผลเสียต่อสุขภาพผู้บริโภค,สุขอนามัยและความปลอดภัยทางอาหาร,0,0,0,0,0,0,0,1
รถเมล์มอวิ่งไม่ตรงรอบตารางเวลา ช่วงเวลาเร่งด่วนเช้าไม่มีรถวิ่ง นิสิตไปเรียนไม่ทัน,การเดินทางและระบบขนส่ง,0,0,0,0,0,0,1,0
ห้องปฏิบัติการคอมพิวเตอร์ห้อง 3404 ประตู 3 ฝั่งเกษตร ระบบไฟฟ้าขัดข้อง แอร์ดับ และสัญญาณอินเทอร์เน็ต WiFi ใช้งานไม่ได้พร้อมกัน,"อาคารและสิ่งอำนวยความสะดวก, ระบบเครือข่ายและเทคโนโลยี",1,1,0,0,0,0,0,0
ห้องปฏิบัติการคอมพิวเตอร์ห้อง 2201 อ่างหลวง ม.พะเยา ระบบไฟฟ้าขัดข้อง แอร์ดับ และสัญญาณอินเทอร์เน็ต WiFi ใช้งานไม่ได้พร้อมกัน,"อาคารและสิ่งอำนวยความสะดวก, ระบบเครือข่ายและเทคโนโลยี",1,1,0,0,0,0,0,0
การประกาศคะแนนสอบกลางภาควิชา ICT204 คะแนนในระบบไม่ตรงกับที่อาจารย์แจ้ง ขอตรวจสอบความถูกต้อง,การเรียนการสอนและวิชาการ,0,0,1,0,0,0,0,0
ระบบเว็บลงทะเบียนเรียน REG UP เข้าใช้งานไม่ได้ ขึ้น 504 Gateway Timeout ช่วงเปิดจองวิชาศึกษาทั่วไป,ระบบเครือข่ายและเทคโนโลยี,0,1,0,0,0,0,0,0
การทำเรื่องขอผ่อนผันและดรอปรายวิชา (Withdraw) อาจารย์ประจำวิชาไม่อนุมัติในระบบ ต้องการสอบถามขั้นตอนที่ถูกต้อง,การเรียนการสอนและวิชาการ,0,0,1,0,0,0,0,0
รถเมล์มอวิ่งไม่ตรงรอบตารางเวลา ช่วงเวลาเร่งด่วนเช้าไม่มีรถวิ่ง นิสิตไปเรียนไม่ทัน,การเดินทางและระบบขนส่ง,0,0,0,0,0,0,1,0
รถชัตเติลบัส มพ. ขับเบียดรถมอเตอร์ไซค์ของนิสิตล้มตรงทางโค้ง โรงอาหารตึกสงวนเสริมศรี ทำให้การจราจรติดขัดยาวและนิสิตได้รับบาดเจ็บ,"ความปลอดภัยและจราจร, การเดินทางและระบบขนส่ง",0,0,0,0,1,0,1,0
ห้องปฏิบัติการคอมพิวเตอร์ห้อง 2104 คณะเภสัชศาสตร์ ระบบไฟฟ้าขัดข้อง แอร์ดับ และสัญญาณอินเทอร์เน็ต WiFi ใช้งานไม่ได้พร้อมกัน,"อาคารและสิ่งอำนวยความสะดวก, ระบบเครือข่ายและเทคโนโลยี",1,1,0,0,0,0,0,0
ป้ายรอรถเมล์ กองพัฒนานิสิต DSA หลังคารั่ว ฝนตกแล้วน้ำรั่วลงมา เปียกทั้งที่นั่ง รอรถลำบากมาก,การเดินทางและระบบขนส่ง,0,0,0,0,0,0,1,0
รถเมล์มอวิ่งไม่ตรงรอบตารางเวลา ช่วงเวลาเร่งด่วนเช้าไม่มีรถวิ่ง นิสิตไปเรียนไม่ทัน,การเดินทางและระบบขนส่ง,0,0,0,0,0,0,1,0
รถบัส มพ. ไม่ยอมจอดรับผู้โดยสารที่ป้าย คณะบริหารธุรกิจและนิเทศศาสตร์ รถว่างแต่ขับผ่านเลยไป ไม่จอดรับคนที่รอ,การเดินทางและระบบขนส่ง,0,0,0,0,0,0,1,0
โรงอาหารบริเวณ คณะวิทยาศาสตร์ มีถังขยะเศษอาหารเน่าล้น ส่งกลิ่นเหม็นคลุ้งและพบแมลงสาบไต่บนโต๊ะทานข้าว ไม่ถูกสุขอนามัย,"ภูมิทัศน์และความสะอาด, สุขอนามัยและความปลอดภัยทางอาหาร",0,0,0,1,0,0,0,1
ซากนกและสัตว์ตาย ประตู 2 หน้ามอ ส่งกลิ่นเหม็นเน่า แมลงวันตอม อยากให้แม่บ้านช่วยเก็บทำความสะอาด,ภูมิทัศน์และความสะอาด,0,0,0,1,0,0,0,0
ร้านอาหารที่ ตึก ICT อาหารไม่สะอาด พบแมลงสาบตัวเล็กและเส้นผมปนเปื้อนในจานข้าว,สุขอนามัยและความปลอดภัยทางอาหาร,0,0,0,0,0,0,0,1
โรงอาหารบริเวณ ประตู 3 ฝั่งเกษตร มีถังขยะเศษอาหารเน่าล้น ส่งกลิ่นเหม็นคลุ้งและพบแมลงสาบไต่บนโต๊ะทานข้าว ไม่ถูกสุขอนามัย,"ภูมิทัศน์และความสะอาด, สุขอนามัยและความปลอดภัยทางอาหาร",0,0,0,1,0,0,0,1
สุนัขจรจัดฝูงใหญ่ดุมาก อาคารเทคโนโลยีสารสนเทศ วิ่งไล่กวดรถมอเตอร์ไซค์และเห่านิสิตที่เดินผ่านตอนกลางคืน,ความปลอดภัยและจราจร,0,0,0,0,1,0,0,0
ห้องปฏิบัติการคอมพิวเตอร์ห้อง 3402 ตึก EN คณะวิศวกรรมศาสตร์ ระบบไฟฟ้าขัดข้อง แอร์ดับ และสัญญาณอินเทอร์เน็ต WiFi ใช้งานไม่ได้พร้อมกัน,"อาคารและสิ่งอำนวยความสะดวก, ระบบเครือข่ายและเทคโนโลยี",1,1,0,0,0,0,0,0
ร้านค้า ทางเดิน Skywalk ใช้น้ำมันทอดซ้ำจนเป็นสีดำสนิท อาหารมีกลิ่นหืนมาก ส่งผลเสียต่อสุขภาพผู้บริโภค,สุขอนามัยและความปลอดภัยทางอาหาร,0,0,0,0,0,0,0,1
หลอดไฟในห้องน้ำชาย ป้ายรถเมล์หน้า ม. ดับมืดสนิท กระพริบตลอดเวลา ใช้งานไม่ได้,อาคารและสิ่งอำนวยความสะดวก,1,0,0,0,0,0,0,0
รถจักรยานยนต์ขับเร็วและย้อนศรบริเวณ อาคาร PKY สงวนเสริมศรี ขับขี่อันตรายมาก เกือบชนนิสิตข้ามทางม้าลายหลายครั้ง,ความปลอดภัยและจราจร,0,0,0,0,1,0,0,0
ระบบอีเมลมหาวิทยาลัยและ Office 365 ล็อกอินไม่ได้ แจ้งเตือนรหัสผ่านหมดอายุ เข้าใช้งานไม่ได้,ระบบเครือข่ายและเทคโนโลยี,0,1,0,0,0,0,0,0
ห้องปฏิบัติการคอมพิวเตอร์ห้อง 4103 โรงอาหารตึกสงวนเสริมศรี ระบบไฟฟ้าขัดข้อง แอร์ดับ และสัญญาณอินเทอร์เน็ต WiFi ใช้งานไม่ได้พร้อมกัน,"อาคารและสิ่งอำนวยความสะดวก, ระบบเครือข่ายและเทคโนโลยี",1,1,0,0,0,0,0,0
เว็บไซต์ระบบลงทะเบียน Reg UP เกิดขัดข้อง เข้าไม่ได้ ทำให้นิสิตไม่สามารถลงทะเบียนวิชาเรียนและตรวจสอบตารางสอบได้ตามกำหนด,"ระบบเครือข่ายและเทคโนโลยี, การเรียนการสอนและวิชาการ",0,1,1,0,0,0,0,0
เศษกระจกและขยะแก้วแตกเกลื่อนบนพื้น ตึก CE อันตรายมาก กลัวบาดเท้านิสิตและยางรถมอเตอร์ไซค์รั่ว,ภูมิทัศน์และความสะอาด,0,0,0,1,0,0,0,0
ถังขยะบริเวณ อ่างหลวง ม.พะเยา ขยะล้นถัง ส่งกลิ่นเหม็นเน่าเกลื่อนพื้น ไม่มีเจ้าหน้าที่มาเก็บ,ภูมิทัศน์และความสะอาด,0,0,0,1,0,0,0,0
โรงอาหารบริเวณ ประตู 2 หน้ามอ มีถังขยะเศษอาหารเน่าล้น ส่งกลิ่นเหม็นคลุ้งและพบแมลงสาบไต่บนโต๊ะทานข้าว ไม่ถูกสุขอนามัย,"ภูมิทัศน์และความสะอาด, สุขอนามัยและความปลอดภัยทางอาหาร",0,0,0,1,0,0,0,1
หญ้ารกสูงมากบริเวณ โรงอาหารตึกสงวนเสริมศรี มีสัตว์มีพิษและงูเลื้อยออกมา อันตรายต่อนิสิตที่เดินผ่าน,ภูมิทัศน์และความสะอาด,0,0,0,1,0,0,0,0
การยื่นคำร้องขอเทียบโอนหน่วยกิตรายวิชา เอกสารตกค้างที่คณะ ขอให้เจ้าหน้าที่ช่วยติดตามผล,การเรียนการสอนและวิชาการ,0,0,1,0,0,0,0,0
รถเมล์สาย 1 ขับเร็วเฉี่ยวชนสุนัขจรจัดเสียชีวิตบริเวณ คณะวิทยาศาสตร์ เศษซากสัตว์และคราบเลือดขวางถนน อันตรายและส่งกลิ่นเหม็นมาก,"ภูมิทัศน์และความสะอาด, ความปลอดภัยและจราจร, การเดินทางและระบบขนส่ง",0,0,0,1,1,0,1,0
การขอใช้พื้นที่จัดกิจกรรมชมรมและโครงการนิสิต ประตู 2 หน้ามอ ยื่นหนังสือขออนุมัติสถานที่ล่วงหน้า ต้องติดต่อหน่วยงานใด,บริการทั่วไปและสวัสดิการ,0,0,0,0,0,1,0,0
หลอดไฟในห้องน้ำหญิง ป้ายรถเมล์หน้า ม. ดับมืดสนิท กระพริบตลอดเวลา ใช้งานไม่ได้,อาคารและสิ่งอำนวยความสะดวก,1,0,0,0,0,0,0,0
ร้านอาหารที่ ตึก ICT ใช้น้ำมันทอดซ้ำจนดำ และมีเศษแก้วแตกตกอยู่ในถาดอาหาร นิสิตกินแล้วบาดปากและมีอาการท้องเสีย,"ความปลอดภัยและจราจร, สุขอนามัยและความปลอดภัยทางอาหาร",0,0,0,0,1,0,0,1
สัญญาณอินเทอร์เน็ต UP-WiFi คณะบริหารธุรกิจและนิเทศศาสตร์ หลุดบ่อยมาก เชื่อมต่อไม่ได้เลยตั้งแต่ช่วงบ่าย,ระบบเครือข่ายและเทคโนโลยี,0,1,0,0,0,0,0,0
คอมพิวเตอร์ห้องแล็บ 1304 อาคารเรียนรวม CE เปิดไม่ติดหลายเครื่อง เมาส์และคีย์บอร์ดเสีย,ระบบเครือข่ายและเทคโนโลยี,0,1,0,0,0,0,0,0
สายชำระและก๊อกน้ำ ป้ายหอใน แตกชำรุด น้ำรั่วพุ่งนองเต็มพื้นห้องน้ำ,อาคารและสิ่งอำนวยความสะดวก,1,0,0,0,0,0,0,0
การขอใช้พื้นที่จัดกิจกรรมชมรมและโครงการนิสิต คณะนิติศาสตร์ ยื่นหนังสือขออนุมัติสถานที่ล่วงหน้า ต้องติดต่อหน่วยงานใด,บริการทั่วไปและสวัสดิการ,0,0,0,0,0,1,0,0
กิ่งไม้ขนาดใหญ่หักโค่น ป้ายรถเมล์หน้า ม. พาดขวางถนนและทางเท้าหลังพายุฝนตก รถสัญจรลำบาก,ภูมิทัศน์และความสะอาด,0,0,0,1,0,0,0,0
อาหารที่ซื้อจากร้านข้าว อาคาร PKY สงวนเสริมศรี บูดเสียและมีกลิ่นเปรี้ยว กินเข้าไปแล้วท้องเสีย อาหารไม่สดใหม่,สุขอนามัยและความปลอดภัยทางอาหาร,0,0,0,0,0,0,0,1
ไฟส่องสว่างและกลอนประตูห้องน้ำหญิงที่ อาคารเทคโนโลยีสารสนเทศ พังชำรุด ดับสนิท กล้องวงจรปิดไม่ติด เสี่ยงอันตรายต่อความปลอดภัยของนิสิต,"อาคารและสิ่งอำนวยความสะดวก, ความปลอดภัยและจราจร",1,0,0,0,1,0,0,0
รถชัตเติลบัส มพ. ขับเร็วเฉี่ยวชนสุนัขจรจัดเสียชีวิตบริเวณ อาคารเรียนรวม CE เศษซากสัตว์และคราบเลือดขวางถนน อันตรายและส่งกลิ่นเหม็นมาก,"ภูมิทัศน์และความสะอาด, ความปลอดภัยและจราจร, การเดินทางและระบบขนส่ง",0,0,0,1,1,0,1,0
ระบบอีเมลมหาวิทยาลัยและ Office 365 ล็อกอินไม่ได้ แจ้งเตือนรหัสผ่านหมดอายุ เข้าใช้งานไม่ได้,ระบบเครือข่ายและเทคโนโลยี,0,1,0,0,0,0,0,0
ระบบ LMS / D-Learning ม.พะเยา หน้าเว็บค้าง ส่งงานการบ้านและควิซออนไลน์ไม่ทัน,ระบบเครือข่ายและเทคโนโลยี,0,1,0,0,0,0,0,0
ป้ายรอรถเมล์ คณะบริหารธุรกิจและนิเทศศาสตร์ หลังคารั่ว ฝนตกแล้วน้ำรั่วลงมา เปียกทั้งที่นั่ง รอรถลำบากมาก,การเดินทางและระบบขนส่ง,0,0,0,0,0,0,1,0
เว็บไซต์ระบบลงทะเบียน Reg UP เกิดขัดข้อง เข้าไม่ได้ ทำให้นิสิตไม่สามารถลงทะเบียนวิชาเรียนและตรวจสอบตารางสอบได้ตามกำหนด,"ระบบเครือข่ายและเทคโนโลยี, การเรียนการสอนและวิชาการ",0,1,1,0,0,0,0,0
คอมพิวเตอร์ห้องแล็บ 4404 วิทยาลัยการศึกษา เปิดไม่ติดหลายเครื่อง เมาส์และคีย์บอร์ดเสีย,ระบบเครือข่ายและเทคโนโลยี,0,1,0,0,0,0,0,0
รถชัตเติลบัส มพ. ขับเบียดรถมอเตอร์ไซค์ของนิสิตล้มตรงทางโค้ง ประตู 1 ม.พะเยา ทำให้การจราจรติดขัดยาวและนิสิตได้รับบาดเจ็บ,"ความปลอดภัยและจราจร, การเดินทางและระบบขนส่ง",0,0,0,0,1,0,1,0
ร้านอาหารที่ คณะเภสัชศาสตร์ ใช้น้ำมันทอดซ้ำจนดำ และมีเศษแก้วแตกตกอยู่ในถาดอาหาร นิสิตกินแล้วบาดปากและมีอาการท้องเสีย,"ความปลอดภัยและจราจร, สุขอนามัยและความปลอดภัยทางอาหาร",0,0,0,0,1,0,0,1
รถเมล์สาย 1 ขับเบียดรถมอเตอร์ไซค์ของนิสิตล้มตรงทางโค้ง โรงอาหารกลาง ทำให้การจราจรติดขัดยาวและนิสิตได้รับบาดเจ็บ,"ความปลอดภัยและจราจร, การเดินทางและระบบขนส่ง",0,0,0,0,1,0,1,0
พัดลมเพดานและปลั๊กไฟห้อง 1404 กองพัฒนานิสิต DSA ปลั๊กไฟช็อตมีกลิ่นไหม้ พัดลมหมุนช้ามาก,อาคารและสิ่งอำนวยความสะดวก,1,0,0,0,0,0,0,0
ท่อน้ำทิ้งและหลังคาบริเวณ หอพักลุมพินี แตกชำรุด น้ำสกปรกเอ่อล้นพัดพาขยะเกลื่อนพื้น ส่งกลิ่นเหม็นทั่วทางเดิน,"อาคารและสิ่งอำนวยความสะดวก, ภูมิทัศน์และความสะอาด",1,0,0,1,0,0,0,0
ร้านอาหารที่ คณะพยาบาลศาสตร์ ใช้น้ำมันทอดซ้ำจนดำ และมีเศษแก้วแตกตกอยู่ในถาดอาหาร นิสิตกินแล้วบาดปากและมีอาการท้องเสีย,"ความปลอดภัยและจราจร, สุขอนามัยและความปลอดภัยทางอาหาร",0,0,0,0,1,0,0,1
ร้านอาหารที่ ตึก CE ใช้น้ำมันทอดซ้ำจนดำ และมีเศษแก้วแตกตกอยู่ในถาดอาหาร นิสิตกินแล้วบาดปากและมีอาการท้องเสีย,"ความปลอดภัยและจราจร, สุขอนามัยและความปลอดภัยทางอาหาร",0,0,0,0,1,0,0,1
ไฟส่องสว่างและกลอนประตูห้องน้ำหญิงที่ หอใน มพ. พังชำรุด ดับสนิท กล้องวงจรปิดไม่ติด เสี่ยงอันตรายต่อความปลอดภัยของนิสิต,"อาคารและสิ่งอำนวยความสะดวก, ความปลอดภัยและจราจร",1,0,0,0,1,0,0,0
เว็บไซต์ระบบลงทะเบียน Reg UP เกิดขัดข้อง เข้าไม่ได้ ทำให้นิสิตไม่สามารถลงทะเบียนวิชาเรียนและตรวจสอบตารางสอบได้ตามกำหนด,"ระบบเครือข่ายและเทคโนโลยี, การเรียนการสอนและวิชาการ",0,1,1,0,0,0,0,0
ซากนกและสัตว์ตาย ตึก CE ส่งกลิ่นเหม็นเน่า แมลงวันตอม อยากให้แม่บ้านช่วยเก็บทำความสะอาด,ภูมิทัศน์และความสะอาด,0,0,0,1,0,0,0,0
การติดต่อขอเอกสารใบรับรองผลการเรียน (Transcript) ระบบยังไม่อัปเดตเกรดเทอมล่าสุด ต้องการใช้ยื่นสมัครงาน,การเรียนการสอนและวิชาการ,0,0,1,0,0,0,0,0
คนขับรถชัตเติลบัส มพ. สาย 1 (สีม่วง) ขับเร็วและเบรกกระชาก ขับขี่อันตรายมาก ผู้โดยสารยืนทรงตัวไม่อยู่,การเดินทางและระบบขนส่ง,0,0,0,0,0,0,1,0
ตารางสอบปลายภาควิชา 001101 ชนกัน ตารางสอบวิชาบังคับสองวิชาตรงวันและเวลาเดียวกัน ขอทำเรื่องสอบชดเชย,การเรียนการสอนและวิชาการ,0,0,1,0,0,0,0,0
การขอผ่อนผันการเกณฑ์ทหารสำหรับนิสิตชาย ต้องการตรวจสอบรายชื่อและขั้นตอนการยื่นเอกสาร,บริการทั่วไปและสวัสดิการ,0,0,0,0,0,1,0,0
การทำเรื่องขอผ่อนผันและดรอปรายวิชา (Withdraw) อาจารย์ประจำวิชาไม่อนุมัติในระบบ ต้องการสอบถามขั้นตอนที่ถูกต้อง,การเรียนการสอนและวิชาการ,0,0,1,0,0,0,0,0
ห้องปฏิบัติการคอมพิวเตอร์ห้อง 3301 ตึก CE ระบบไฟฟ้าขัดข้อง แอร์ดับ และสัญญาณอินเทอร์เน็ต WiFi ใช้งานไม่ได้พร้อมกัน,"อาคารและสิ่งอำนวยความสะดวก, ระบบเครือข่ายและเทคโนโลยี",1,1,0,0,0,0,0,0
ระบบ LMS / D-Learning ม.พะเยา หน้าเว็บค้าง ส่งงานการบ้านและควิซออนไลน์ไม่ทัน,ระบบเครือข่ายและเทคโนโลยี,0,1,0,0,0,0,0,0
ห้องปฏิบัติการคอมพิวเตอร์ห้อง 1201 คณะบริหารธุรกิจและนิเทศศาสตร์ ระบบไฟฟ้าขัดข้อง แอร์ดับ และสัญญาณอินเทอร์เน็ต WiFi ใช้งานไม่ได้พร้อมกัน,"อาคารและสิ่งอำนวยความสะดวก, ระบบเครือข่ายและเทคโนโลยี",1,1,0,0,0,0,0,0
รถเมล์ มพ. สาย 3 (สีแดง) รอนานมาก รอเกิน 45 นาที รถไม่พอ คนยืนเบียดกันจนล้นป้าย {loc},การเดินทางและระบบขนส่ง,0,0,0,0,0,0,1,0
ห้องปฏิบัติการคอมพิวเตอร์ห้อง 3302 ลานจอดรถตึก PKY ระบบไฟฟ้าขัดข้อง แอร์ดับ และสัญญาณอินเทอร์เน็ต WiFi ใช้งานไม่ได้พร้อมกัน,"อาคารและสิ่งอำนวยความสะดวก, ระบบเครือข่ายและเทคโนโลยี",1,1,0,0,0,0,0,0
รถสองแถวมอ ขับเร็วเฉี่ยวชนสุนัขจรจัดเสียชีวิตบริเวณ ประตู 1 ม.พะเยา เศษซากสัตว์และคราบเลือดขวางถนน อันตรายและส่งกลิ่นเหม็นมาก,"ภูมิทัศน์และความสะอาด, ความปลอดภัยและจราจร, การเดินทางและระบบขนส่ง",0,0,0,1,1,0,1,0
การขอผ่อนผันการเกณฑ์ทหารสำหรับนิสิตชาย ต้องการตรวจสอบรายชื่อและขั้นตอนการยื่นเอกสาร,บริการทั่วไปและสวัสดิการ,0,0,0,0,0,1,0,0
รถเมล์สาย 1 ขับเบียดรถมอเตอร์ไซค์ของนิสิตล้มตรงทางโค้ง คณะพยาบาลศาสตร์ ทำให้การจราจรติดขัดยาวและนิสิตได้รับบาดเจ็บ,"ความปลอดภัยและจราจร, การเดินทางและระบบขนส่ง",0,0,0,0,1,0,1,0
รถจักรยานยนต์ขับเร็วและย้อนศรบริเวณ อาคารเทคโนโลยีสารสนเทศ ขับขี่อันตรายมาก เกือบชนนิสิตข้ามทางม้าลายหลายครั้ง,ความปลอดภัยและจราจร,0,0,0,0,1,0,0,0
รถสองแถวมอ ขับเร็วเฉี่ยวชนสุนัขจรจัดเสียชีวิตบริเวณ คณะแพทยศาสตร์ เศษซากสัตว์และคราบเลือดขวางถนน อันตรายและส่งกลิ่นเหม็นมาก,"ภูมิทัศน์และความสะอาด, ความปลอดภัยและจราจร, การเดินทางและระบบขนส่ง",0,0,0,1,1,0,1,0
คอมพิวเตอร์ห้องแล็บ 2204 วิทยาลัยการศึกษา เปิดไม่ติดหลายเครื่อง เมาส์และคีย์บอร์ดเสีย,ระบบเครือข่ายและเทคโนโลยี,0,1,0,0,0,0,0,0
ร้านอาหารที่ ตึก CE ใช้น้ำมันทอดซ้ำจนดำ และมีเศษแก้วแตกตกอยู่ในถาดอาหาร นิสิตกินแล้วบาดปากและมีอาการท้องเสีย,"ความปลอดภัยและจราจร, สุขอนามัยและความปลอดภัยทางอาหาร",0,0,0,0,1,0,0,1
สุขอนามัยร้านน้ำและตู้กดน้ำดื่ม โรงอาหารกลาง มีตะไคร่น้ำและคราบสกปรกเกาะ ไม่มีการล้างทำความสะอาด,สุขอนามัยและความปลอดภัยทางอาหาร,0,0,0,0,0,0,0,1
ช้อนส้อมและจานชามที่ ตึก EN คณะวิศวกรรมศาสตร์ ล้างไม่สะอาด มีคราบมันและเศษอาหารติดอยู่ อยากให้ตรวจเข้มงวด,สุขอนามัยและความปลอดภัยทางอาหาร,0,0,0,0,0,0,0,1
รถบัส มพ. ไม่ยอมจอดรับผู้โดยสารที่ป้าย ประตู 3 ฝั่งเกษตร รถว่างแต่ขับผ่านเลยไป ไม่จอดรับคนที่รอ,การเดินทางและระบบขนส่ง,0,0,0,0,0,0,1,0
มีคนร้ายขโมยหมวกกันน็อคและของใต้เบาะรถ คณะบริหารธุรกิจและนิเทศศาสตร์ โดนขโมยไปหลายคัน อยากให้ตรวจสอบกล้องวงจรปิด,ความปลอดภัยและจราจร,0,0,0,0,1,0,0,0
มีบุคคลภายนอกน่าสงสัยเดินวนเวียน ทางเดิน Skywalk ท่าทางไม่น่าไว้วางใจ อยากให้ รปภ. ช่วยตรวจสอบ,ความปลอดภัยและจราจร,0,0,0,0,1,0,0,0
การทำบัตรนิสิตใหม่เนื่องจากบัตรเดิมสูญหาย ติดต่อขอออกบัตรใหม่ ต้องเตรียมหลักฐานอะไรบ้างและรับบัตรได้ที่ไหน,บริการทั่วไปและสวัสดิการ,0,0,0,0,0,1,0,0
การทำเรื่องขอผ่อนผันและดรอปรายวิชา (Withdraw) อาจารย์ประจำวิชาไม่อนุมัติในระบบ ต้องการสอบถามขั้นตอนที่ถูกต้อง,การเรียนการสอนและวิชาการ,0,0,1,0,0,0,0,0
ลิฟต์โดยสาร ประตู 2 หน้ามอ ค้างที่ชั้น {floor} ประตูปิดไม่สนิท มีเสียงดังน่ากลัว,อาคารและสิ่งอำนวยความสะดวก,1,0,0,0,0,0,0,0
รถเมล์มอวิ่งไม่ตรงรอบตารางเวลา ช่วงเวลาเร่งด่วนเช้าไม่มีรถวิ่ง นิสิตไปเรียนไม่ทัน,การเดินทางและระบบขนส่ง,0,0,0,0,0,0,1,0
สวัสดิการประกันอุบัติเหตุสำหรับนิสิต ประสบอุบัติเหตุเข้ารับการรักษาที่โรงพยาบาล ต้องการทำเรื่องเบิกเคลมประกัน,บริการทั่วไปและสวัสดิการ,0,0,0,0,0,1,0,0
ห้องปฏิบัติการคอมพิวเตอร์ห้อง 2204 หอพักลุมพินี ระบบไฟฟ้าขัดข้อง แอร์ดับ และสัญญาณอินเทอร์เน็ต WiFi ใช้งานไม่ได้พร้อมกัน,"อาคารและสิ่งอำนวยความสะดวก, ระบบเครือข่ายและเทคโนโลยี",1,1,0,0,0,0,0,0
ป้ายรอรถเมล์ หอใน มพ. หลังคารั่ว ฝนตกแล้วน้ำรั่วลงมา เปียกทั้งที่นั่ง รอรถลำบากมาก,การเดินทางและระบบขนส่ง,0,0,0,0,0,0,1,0
สวัสดิการประกันอุบัติเหตุสำหรับนิสิต ประสบอุบัติเหตุเข้ารับการรักษาที่โรงพยาบาล ต้องการทำเรื่องเบิกเคลมประกัน,บริการทั่วไปและสวัสดิการ,0,0,0,0,0,1,0,0
ร้านค้า ตึก EN คณะวิศวกรรมศาสตร์ ใช้น้ำมันทอดซ้ำจนเป็นสีดำสนิท อาหารมีกลิ่นหืนมาก ส่งผลเสียต่อสุขภาพผู้บริโภค,สุขอนามัยและความปลอดภัยทางอาหาร,0,0,0,0,0,0,0,1
คราบโคลนและเศษดินหลังฝนตกหนัก ประตู 2 หน้ามอ ลื่นมาก ถนนเฉอะแฉะ เสี่ยงเกิดอุบัติเหตุลื่นล้ม,ภูมิทัศน์และความสะอาด,0,0,0,1,0,0,0,0
ไฟส่องสว่างและกลอนประตูห้องน้ำหญิงที่ โรงอาหารกลาง พังชำรุด ดับสนิท กล้องวงจรปิดไม่ติด เสี่ยงอันตรายต่อความปลอดภัยของนิสิต,"อาคารและสิ่งอำนวยความสะดวก, ความปลอดภัยและจราจร",1,0,0,0,1,0,0,0
เครื่องปรับอากาศห้อง 1102 ป้ายรถเมล์หน้า ม. มีน้ำรั่วหยดและไม่เย็นเลย เสียงดังมาก รบกวนเวลาเรียน,อาคารและสิ่งอำนวยความสะดวก,1,0,0,0,0,0,0,0
คนขับรถชัตเติลบัส มพ. สาย 1 (สีม่วง) ขับเร็วและเบรกกระชาก ขับขี่อันตรายมาก ผู้โดยสารยืนทรงตัวไม่อยู่,การเดินทางและระบบขนส่ง,0,0,0,0,0,0,1,0
กิ่งไม้ขนาดใหญ่หักโค่น อาคาร PKY สงวนเสริมศรี พาดขวางถนนและทางเท้าหลังพายุฝนตก รถสัญจรลำบาก,ภูมิทัศน์และความสะอาด,0,0,0,1,0,0,0,0
ลิฟต์โดยสาร อ่างหลวง ม.พะเยา ค้างที่ชั้น {floor} ประตูปิดไม่สนิท มีเสียงดังน่ากลัว,อาคารและสิ่งอำนวยความสะดวก,1,0,0,0,0,0,0,0
ระบบเครือข่ายอินเทอร์เน็ต LAN ประตู 1 ม.พะเยา สายแลนชำรุด สัญญาณไม่เข้าคอมพิวเตอร์,ระบบเครือข่ายและเทคโนโลยี,0,1,0,0,0,0,0,0
ถังขยะบริเวณ คณะศิลปศาสตร์ ขยะล้นถัง ส่งกลิ่นเหม็นเน่าเกลื่อนพื้น ไม่มีเจ้าหน้าที่มาเก็บ,ภูมิทัศน์และความสะอาด,0,0,0,1,0,0,0,0
ลืมกระเป๋าสตางค์และ iPad ไว้ที่ โรงอาหารตึกสงวนเสริมศรี ขอดูกล้องวงจรปิดย้อนหลังเพื่อติดตามทรัพย์สินสูญหาย,ความปลอดภัยและจราจร,0,0,0,0,1,0,0,0
ระบบเว็บลงทะเบียนเรียน REG UP เข้าใช้งานไม่ได้ ขึ้น 504 Gateway Timeout ช่วงเปิดจองวิชาศึกษาทั่วไป,ระบบเครือข่ายและเทคโนโลยี,0,1,0,0,0,0,0,0
ซากนกและสัตว์ตาย ตึก ICT ส่งกลิ่นเหม็นเน่า แมลงวันตอม อยากให้แม่บ้านช่วยเก็บทำความสะอาด,ภูมิทัศน์และความสะอาด,0,0,0,1,0,0,0,0
เว็บไซต์ระบบลงทะเบียน Reg UP เกิดขัดข้อง เข้าไม่ได้ ทำให้นิสิตไม่สามารถลงทะเบียนวิชาเรียนและตรวจสอบตารางสอบได้ตามกำหนด,"ระบบเครือข่ายและเทคโนโลยี, การเรียนการสอนและวิชาการ",0,1,1,0,0,0,0,0
รถบัส มพ. ไม่ยอมจอดรับผู้โดยสารที่ป้าย ลานจอดรถตึก PKY รถว่างแต่ขับผ่านเลยไป ไม่จอดรับคนที่รอ,การเดินทางและระบบขนส่ง,0,0,0,0,0,0,1,0
สุขอนามัยร้านน้ำและตู้กดน้ำดื่ม อาคาร PKY สงวนเสริมศรี มีตะไคร่น้ำและคราบสกปรกเกาะ ไม่มีการล้างทำความสะอาด,สุขอนามัยและความปลอดภัยทางอาหาร,0,0,0,0,0,0,0,1
กิ่งไม้ขนาดใหญ่หักโค่น โรงอาหารตึกสงวนเสริมศรี พาดขวางถนนและทางเท้าหลังพายุฝนตก รถสัญจรลำบาก,ภูมิทัศน์และความสะอาด,0,0,0,1,0,0,0,0
ห้องปฏิบัติการคอมพิวเตอร์ห้อง 3402 วิทยาลัยการศึกษา ระบบไฟฟ้าขัดข้อง แอร์ดับ และสัญญาณอินเทอร์เน็ต WiFi ใช้งานไม่ได้พร้อมกัน,"อาคารและสิ่งอำนวยความสะดวก, ระบบเครือข่ายและเทคโนโลยี",1,1,0,0,0,0,0,0
ร้านค้า คณะเภสัชศาสตร์ ใช้น้ำมันทอดซ้ำจนเป็นสีดำสนิท อาหารมีกลิ่นหืนมาก ส่งผลเสียต่อสุขภาพผู้บริโภค,สุขอนามัยและความปลอดภัยทางอาหาร,0,0,0,0,0,0,0,1
การยื่นคำร้องขอเทียบโอนหน่วยกิตรายวิชา เอกสารตกค้างที่คณะ ขอให้เจ้าหน้าที่ช่วยติดตามผล,การเรียนการสอนและวิชาการ,0,0,1,0,0,0,0,0
การยื่นคำร้องขอเทียบโอนหน่วยกิตรายวิชา เอกสารตกค้างที่คณะ ขอให้เจ้าหน้าที่ช่วยติดตามผล,การเรียนการสอนและวิชาการ,0,0,1,0,0,0,0,0
รถเมล์สาย 1 ขับเร็วเฉี่ยวชนสุนัขจรจัดเสียชีวิตบริเวณ ลานจอดรถตึก PKY เศษซากสัตว์และคราบเลือดขวางถนน อันตรายและส่งกลิ่นเหม็นมาก,"ภูมิทัศน์และความสะอาด, ความปลอดภัยและจราจร, การเดินทางและระบบขนส่ง",0,0,0,1,1,0,1,0
มีคนร้ายขโมยหมวกกันน็อคและของใต้เบาะรถ คณะบริหารธุรกิจและนิเทศศาสตร์ โดนขโมยไปหลายคัน อยากให้ตรวจสอบกล้องวงจรปิด,ความปลอดภัยและจราจร,0,0,0,0,1,0,0,0
ห้องปฏิบัติการคอมพิวเตอร์ห้อง 3104 โรงอาหารกลาง ระบบไฟฟ้าขัดข้อง แอร์ดับ และสัญญาณอินเทอร์เน็ต WiFi ใช้งานไม่ได้พร้อมกัน,"อาคารและสิ่งอำนวยความสะดวก, ระบบเครือข่ายและเทคโนโลยี",1,1,0,0,0,0,0,0
หญ้ารกสูงมากบริเวณ อาคารเทคโนโลยีสารสนเทศ มีสัตว์มีพิษและงูเลื้อยออกมา อันตรายต่อนิสิตที่เดินผ่าน,ภูมิทัศน์และความสะอาด,0,0,0,1,0,0,0,0
กลอนประตูล็อคห้องน้ำ โรงอาหารตึกสงวนเสริมศรี พังหัก ล็อคประตูไม่อยู่ ปิดไม่ได้,อาคารและสิ่งอำนวยความสะดวก,1,0,0,0,0,0,0,0
ห้องปฏิบัติการคอมพิวเตอร์ห้อง 1403 กองพัฒนานิสิต DSA ระบบไฟฟ้าขัดข้อง แอร์ดับ และสัญญาณอินเทอร์เน็ต WiFi ใช้งานไม่ได้พร้อมกัน,"อาคารและสิ่งอำนวยความสะดวก, ระบบเครือข่ายและเทคโนโลยี",1,1,0,0,0,0,0,0
ป้ายรอรถเมล์ ประตู 2 หน้ามอ หลังคารั่ว ฝนตกแล้วน้ำรั่วลงมา เปียกทั้งที่นั่ง รอรถลำบากมาก,การเดินทางและระบบขนส่ง,0,0,0,0,0,0,1,0
ร้านอาหารที่ ประตู 1 ม.พะเยา อาหารไม่สะอาด พบแมลงสาบตัวเล็กและเส้นผมปนเปื้อนในจานข้าว,สุขอนามัยและความปลอดภัยทางอาหาร,0,0,0,0,0,0,0,1
รถจักรยานยนต์ขับเร็วและย้อนศรบริเวณ อาคารเทคโนโลยีสารสนเทศ ขับขี่อันตรายมาก เกือบชนนิสิตข้ามทางม้าลายหลายครั้ง,ความปลอดภัยและจราจร,0,0,0,0,1,0,0,0
ตารางสอบปลายภาควิชา GEN001 ชนกัน ตารางสอบวิชาบังคับสองวิชาตรงวันและเวลาเดียวกัน ขอทำเรื่องสอบชดเชย,การเรียนการสอนและวิชาการ,0,0,1,0,0,0,0,0
รถชัตเติลบัส มพ. ขับเร็วเฉี่ยวชนสุนัขจรจัดเสียชีวิตบริเวณ วิทยาลัยการศึกษา เศษซากสัตว์และคราบเลือดขวางถนน อันตรายและส่งกลิ่นเหม็นมาก,"ภูมิทัศน์และความสะอาด, ความปลอดภัยและจราจร, การเดินทางและระบบขนส่ง",0,0,0,1,1,0,1,0
การทำเรื่องขอผ่อนผันและดรอปรายวิชา (Withdraw) อาจารย์ประจำวิชาไม่อนุมัติในระบบ ต้องการสอบถามขั้นตอนที่ถูกต้อง,การเรียนการสอนและวิชาการ,0,0,1,0,0,0,0,0
พัดลมเพดานและปลั๊กไฟห้อง 1102 อาคารเทคโนโลยีสารสนเทศ ปลั๊กไฟช็อตมีกลิ่นไหม้ พัดลมหมุนช้ามาก,อาคารและสิ่งอำนวยความสะดวก,1,0,0,0,0,0,0,0
ลืมกระเป๋าสตางค์และ iPad ไว้ที่ ป้ายรถเมล์หน้า ม. ขอดูกล้องวงจรปิดย้อนหลังเพื่อติดตามทรัพย์สินสูญหาย,ความปลอดภัยและจราจร,0,0,0,0,1,0,0,0
สุขอนามัยร้านน้ำและตู้กดน้ำดื่ม ตึก ICT มีตะไคร่น้ำและคราบสกปรกเกาะ ไม่มีการล้างทำความสะอาด,สุขอนามัยและความปลอดภัยทางอาหาร,0,0,0,0,0,0,0,1
ห้องปฏิบัติการคอมพิวเตอร์ห้อง 3402 กองพัฒนานิสิต DSA ระบบไฟฟ้าขัดข้อง แอร์ดับ และสัญญาณอินเทอร์เน็ต WiFi ใช้งานไม่ได้พร้อมกัน,"อาคารและสิ่งอำนวยความสะดวก, ระบบเครือข่ายและเทคโนโลยี",1,1,0,0,0,0,0,0
กลอนประตูล็อคห้องน้ำ อาคารเรียนรวม CE พังหัก ล็อคประตูไม่อยู่ ปิดไม่ได้,อาคารและสิ่งอำนวยความสะดวก,1,0,0,0,0,0,0,0
ซากนกและสัตว์ตาย คณะเกษตรศาสตร์ ส่งกลิ่นเหม็นเน่า แมลงวันตอม อยากให้แม่บ้านช่วยเก็บทำความสะอาด,ภูมิทัศน์และความสะอาด,0,0,0,1,0,0,0,0
รถบัส มพ. ไม่ยอมจอดรับผู้โดยสารที่ป้าย สนามกีฬาในร่ม รถว่างแต่ขับผ่านเลยไป ไม่จอดรับคนที่รอ,การเดินทางและระบบขนส่ง,0,0,0,0,0,0,1,0
ร้านอาหารที่ คณะบริหารธุรกิจและนิเทศศาสตร์ ใช้น้ำมันทอดซ้ำจนดำ และมีเศษแก้วแตกตกอยู่ในถาดอาหาร นิสิตกินแล้วบาดปากและมีอาการท้องเสีย,"ความปลอดภัยและจราจร, สุขอนามัยและความปลอดภัยทางอาหาร",0,0,0,0,1,0,0,1
การทำบัตรนิสิตใหม่เนื่องจากบัตรเดิมสูญหาย ติดต่อขอออกบัตรใหม่ ต้องเตรียมหลักฐานอะไรบ้างและรับบัตรได้ที่ไหน,บริการทั่วไปและสวัสดิการ,0,0,0,0,0,1,0,0
การประกาศคะแนนสอบกลางภาควิชา CHM103 คะแนนในระบบไม่ตรงกับที่อาจารย์แจ้ง ขอตรวจสอบความถูกต้อง,การเรียนการสอนและวิชาการ,0,0,1,0,0,0,0,0
อินเทอร์เน็ต WiFi หอพัก วิทยาลัยการศึกษา ช้ามาก ความเร็วตก หมุนไม่หยุด ทำงานวิจัยไม่ได้,ระบบเครือข่ายและเทคโนโลยี,0,1,0,0,0,0,0,0
โรงอาหารบริเวณ ตึก CE มีถังขยะเศษอาหารเน่าล้น ส่งกลิ่นเหม็นคลุ้งและพบแมลงสาบไต่บนโต๊ะทานข้าว ไม่ถูกสุขอนามัย,"ภูมิทัศน์และความสะอาด, สุขอนามัยและความปลอดภัยทางอาหาร",0,0,0,1,0,0,0,1
มีคนร้ายขโมยหมวกกันน็อคและของใต้เบาะรถ ป้ายหอใน โดนขโมยไปหลายคัน อยากให้ตรวจสอบกล้องวงจรปิด,ความปลอดภัยและจราจร,0,0,0,0,1,0,0,0
หญ้ารกสูงมากบริเวณ คณะพยาบาลศาสตร์ มีสัตว์มีพิษและงูเลื้อยออกมา อันตรายต่อนิสิตที่เดินผ่าน,ภูมิทัศน์และความสะอาด,0,0,0,1,0,0,0,0
การทำเรื่องขอผ่อนผันและดรอปรายวิชา (Withdraw) อาจารย์ประจำวิชาไม่อนุมัติในระบบ ต้องการสอบถามขั้นตอนที่ถูกต้อง,การเรียนการสอนและวิชาการ,0,0,1,0,0,0,0,0
เว็บไซต์ระบบลงทะเบียน Reg UP เกิดขัดข้อง เข้าไม่ได้ ทำให้นิสิตไม่สามารถลงทะเบียนวิชาเรียนและตรวจสอบตารางสอบได้ตามกำหนด,"ระบบเครือข่ายและเทคโนโลยี, การเรียนการสอนและวิชาการ",0,1,1,0,0,0,0,0
การขอเปิดรายวิชาเพิ่มเติมสำหรับนิสิตชั้นปีที่ 4 วิชาเอกเต็ม ต้องการขอขยายจำนวนรับเพิ่มเพื่อไม่ให้จบช้า,การเรียนการสอนและวิชาการ,0,0,1,0,0,0,0,0
ร้านอาหารที่ กองพัฒนานิสิต DSA ใช้น้ำมันทอดซ้ำจนดำ และมีเศษแก้วแตกตกอยู่ในถาดอาหาร นิสิตกินแล้วบาดปากและมีอาการท้องเสีย,"ความปลอดภัยและจราจร, สุขอนามัยและความปลอดภัยทางอาหาร",0,0,0,0,1,0,0,1
ร้านอาหารที่ อ่างหลวง ม.พะเยา ใช้น้ำมันทอดซ้ำจนดำ และมีเศษแก้วแตกตกอยู่ในถาดอาหาร นิสิตกินแล้วบาดปากและมีอาการท้องเสีย,"ความปลอดภัยและจราจร, สุขอนามัยและความปลอดภัยทางอาหาร",0,0,0,0,1,0,0,1
ไฟส่องสว่างทางเดิน อาคาร PKY สงวนเสริมศรี ดับมืดสนิท ทางเปลี่ยวมาก เสี่ยงต่อการเกิดอาชญากรรมและชิงทรัพย์,ความปลอดภัยและจราจร,0,0,0,0,1,0,0,0
ร้านอาหารที่ ตึก ICT อาหารไม่สะอาด พบแมลงสาบตัวเล็กและเส้นผมปนเปื้อนในจานข้าว,สุขอนามัยและความปลอดภัยทางอาหาร,0,0,0,0,0,0,0,1
คนขับรถชัตเติลบัส มพ. สาย 2 (สีเขียว) ขับเร็วและเบรกกระชาก ขับขี่อันตรายมาก ผู้โดยสารยืนทรงตัวไม่อยู่,การเดินทางและระบบขนส่ง,0,0,0,0,0,0,1,0
เว็บไซต์ระบบลงทะเบียน Reg UP เกิดขัดข้อง เข้าไม่ได้ ทำให้นิสิตไม่สามารถลงทะเบียนวิชาเรียนและตรวจสอบตารางสอบได้ตามกำหนด,"ระบบเครือข่ายและเทคโนโลยี, การเรียนการสอนและวิชาการ",0,1,1,0,0,0,0,0
มีบุคคลภายนอกน่าสงสัยเดินวนเวียน อาคารเทคโนโลยีสารสนเทศ ท่าทางไม่น่าไว้วางใจ อยากให้ รปภ. ช่วยตรวจสอบ,ความปลอดภัยและจราจร,0,0,0,0,1,0,0,0
เศษกระจกและขยะแก้วแตกเกลื่อนบนพื้น กองพัฒนานิสิต DSA อันตรายมาก กลัวบาดเท้านิสิตและยางรถมอเตอร์ไซค์รั่ว,ภูมิทัศน์และความสะอาด,0,0,0,1,0,0,0,0
ห้องปฏิบัติการคอมพิวเตอร์ห้อง 3403 หอพักลุมพินี ระบบไฟฟ้าขัดข้อง แอร์ดับ และสัญญาณอินเทอร์เน็ต WiFi ใช้งานไม่ได้พร้อมกัน,"อาคารและสิ่งอำนวยความสะดวก, ระบบเครือข่ายและเทคโนโลยี",1,1,0,0,0,0,0,0
การยื่นคำร้องขอเทียบโอนหน่วยกิตรายวิชา เอกสารตกค้างที่คณะ ขอให้เจ้าหน้าที่ช่วยติดตามผล,การเรียนการสอนและวิชาการ,0,0,1,0,0,0,0,0
รถเมล์ มพ. สาย 3 (สีแดง) รอนานมาก รอเกิน 45 นาที รถไม่พอ คนยืนเบียดกันจนล้นป้าย {loc},การเดินทางและระบบขนส่ง,0,0,0,0,0,0,1,0
ลืมกระเป๋าสตางค์และ iPad ไว้ที่ ป้ายหอใน ขอดูกล้องวงจรปิดย้อนหลังเพื่อติดตามทรัพย์สินสูญหาย,ความปลอดภัยและจราจร,0,0,0,0,1,0,0,0
ป้ายรอรถเมล์ ประตู 2 หน้ามอ หลังคารั่ว ฝนตกแล้วน้ำรั่วลงมา เปียกทั้งที่นั่ง รอรถลำบากมาก,การเดินทางและระบบขนส่ง,0,0,0,0,0,0,1,0
ร้านอาหารที่ กองพัฒนานิสิต DSA อาหารไม่สะอาด พบแมลงสาบตัวเล็กและเส้นผมปนเปื้อนในจานข้าว,สุขอนามัยและความปลอดภัยทางอาหาร,0,0,0,0,0,0,0,1
การทำบัตรนิสิตใหม่เนื่องจากบัตรเดิมสูญหาย ติดต่อขอออกบัตรใหม่ ต้องเตรียมหลักฐานอะไรบ้างและรับบัตรได้ที่ไหน,บริการทั่วไปและสวัสดิการ,0,0,0,0,0,1,0,0
เว็บไซต์ระบบลงทะเบียน Reg UP เกิดขัดข้อง เข้าไม่ได้ ทำให้นิสิตไม่สามารถลงทะเบียนวิชาเรียนและตรวจสอบตารางสอบได้ตามกำหนด,"ระบบเครือข่ายและเทคโนโลยี, การเรียนการสอนและวิชาการ",0,1,1,0,0,0,0,0
คนขับรถชัตเติลบัส มพ. สาย 3 (สีแดง) ขับเร็วและเบรกกระชาก ขับขี่อันตรายมาก ผู้โดยสารยืนทรงตัวไม่อยู่,การเดินทางและระบบขนส่ง,0,0,0,0,0,0,1,0
โรงอาหารบริเวณ คณะวิทยาศาสตร์ มีถังขยะเศษอาหารเน่าล้น ส่งกลิ่นเหม็นคลุ้งและพบแมลงสาบไต่บนโต๊ะทานข้าว ไม่ถูกสุขอนามัย,"ภูมิทัศน์และความสะอาด, สุขอนามัยและความปลอดภัยทางอาหาร",0,0,0,1,0,0,0,1
ช้อนส้อมและจานชามที่ ทางเดิน Skywalk ล้างไม่สะอาด มีคราบมันและเศษอาหารติดอยู่ อยากให้ตรวจเข้มงวด,สุขอนามัยและความปลอดภัยทางอาหาร,0,0,0,0,0,0,0,1
สวัสดิการประกันอุบัติเหตุสำหรับนิสิต ประสบอุบัติเหตุเข้ารับการรักษาที่โรงพยาบาล ต้องการทำเรื่องเบิกเคลมประกัน,บริการทั่วไปและสวัสดิการ,0,0,0,0,0,1,0,0
รถบัส มพ. ไม่ยอมจอดรับผู้โดยสารที่ป้าย ตึก EN คณะวิศวกรรมศาสตร์ รถว่างแต่ขับผ่านเลยไป ไม่จอดรับคนที่รอ,การเดินทางและระบบขนส่ง,0,0,0,0,0,0,1,0
ไฟส่องสว่างและกลอนประตูห้องน้ำหญิงที่ ทางเดิน Skywalk พังชำรุด ดับสนิท กล้องวงจรปิดไม่ติด เสี่ยงอันตรายต่อความปลอดภัยของนิสิต,"อาคารและสิ่งอำนวยความสะดวก, ความปลอดภัยและจราจร",1,0,0,0,1,0,0,0
เครื่องปรับอากาศห้อง 3102 ป้ายหอใน มีน้ำรั่วหยดและไม่เย็นเลย เสียงดังมาก รบกวนเวลาเรียน,อาคารและสิ่งอำนวยความสะดวก,1,0,0,0,0,0,0,0
รถเมล์ มพ. สาย 3 (สีแดง) รอนานมาก รอเกิน 45 นาที รถไม่พอ คนยืนเบียดกันจนล้นป้าย {loc},การเดินทางและระบบขนส่ง,0,0,0,0,0,0,1,0
กระจกหน้าต่างห้องบรรยาย 2304 ป้ายรถเมล์หน้า ม. แตกชำรุด ลมพัดเศษกระจกอาจตกใส่คนข้างล่าง,อาคารและสิ่งอำนวยความสะดวก,1,0,0,0,0,0,0,0
รถบัส มพ. ไม่ยอมจอดรับผู้โดยสารที่ป้าย ทางเดิน Skywalk รถว่างแต่ขับผ่านเลยไป ไม่จอดรับคนที่รอ,การเดินทางและระบบขนส่ง,0,0,0,0,0,0,1,0
กิ่งไม้ขนาดใหญ่หักโค่น ทางเดิน Skywalk พาดขวางถนนและทางเท้าหลังพายุฝนตก รถสัญจรลำบาก,ภูมิทัศน์และความสะอาด,0,0,0,1,0,0,0,0
โรงอาหารบริเวณ วิทยาลัยการศึกษา มีถังขยะเศษอาหารเน่าล้น ส่งกลิ่นเหม็นคลุ้งและพบแมลงสาบไต่บนโต๊ะทานข้าว ไม่ถูกสุขอนามัย,"ภูมิทัศน์และความสะอาด, สุขอนามัยและความปลอดภัยทางอาหาร",0,0,0,1,0,0,0,1
เว็บไซต์ระบบลงทะเบียน Reg UP เกิดขัดข้อง เข้าไม่ได้ ทำให้นิสิตไม่สามารถลงทะเบียนวิชาเรียนและตรวจสอบตารางสอบได้ตามกำหนด,"ระบบเครือข่ายและเทคโนโลยี, การเรียนการสอนและวิชาการ",0,1,1,0,0,0,0,0
ระบบเช็คชื่อสแกนใบหน้า / สแกนบัตรนิสิต วิทยาลัยการศึกษา ระบบค้าง ไม่บันทึกการเข้าเรียน,ระบบเครือข่ายและเทคโนโลยี,0,1,0,0,0,0,0,0
เศษกระจกและขยะแก้วแตกเกลื่อนบนพื้น ป้ายหอใน อันตรายมาก กลัวบาดเท้านิสิตและยางรถมอเตอร์ไซค์รั่ว,ภูมิทัศน์และความสะอาด,0,0,0,1,0,0,0,0
รถชัตเติลบัส มพ. ขับเร็วเฉี่ยวชนสุนัขจรจัดเสียชีวิตบริเวณ คณะบริหารธุรกิจและนิเทศศาสตร์ เศษซากสัตว์และคราบเลือดขวางถนน อันตรายและส่งกลิ่นเหม็นมาก,"ภูมิทัศน์และความสะอาด, ความปลอดภัยและจราจร, การเดินทางและระบบขนส่ง",0,0,0,1,1,0,1,0
รถสองแถวมอ ขับเบียดรถมอเตอร์ไซค์ของนิสิตล้มตรงทางโค้ง คณะศิลปศาสตร์ ทำให้การจราจรติดขัดยาวและนิสิตได้รับบาดเจ็บ,"ความปลอดภัยและจราจร, การเดินทางและระบบขนส่ง",0,0,0,0,1,0,1,0
กลอนประตูล็อคห้องน้ำ คณะเภสัชศาสตร์ พังหัก ล็อคประตูไม่อยู่ ปิดไม่ได้,อาคารและสิ่งอำนวยความสะดวก,1,0,0,0,0,0,0,0
คอมพิวเตอร์ห้องแล็บ 4104 อาคาร PKY สงวนเสริมศรี เปิดไม่ติดหลายเครื่อง เมาส์และคีย์บอร์ดเสีย,ระบบเครือข่ายและเทคโนโลยี,0,1,0,0,0,0,0,0
หลอดไฟในห้องน้ำชาย ลานจอดรถตึก PKY ดับมืดสนิท กระพริบตลอดเวลา ใช้งานไม่ได้,อาคารและสิ่งอำนวยความสะดวก,1,0,0,0,0,0,0,0
รถบัส มพ. ไม่ยอมจอดรับผู้โดยสารที่ป้าย ป้ายหอใน รถว่างแต่ขับผ่านเลยไป ไม่จอดรับคนที่รอ,การเดินทางและระบบขนส่ง,0,0,0,0,0,0,1,0
หลอดไฟในห้องน้ำหญิง ประตู 2 หน้ามอ ดับมืดสนิท กระพริบตลอดเวลา ใช้งานไม่ได้,อาคารและสิ่งอำนวยความสะดวก,1,0,0,0,0,0,0,0
การยื่นเรื่องขอทุนการศึกษาสำหรับนิสิตขาดแคลนทุนทรัพย์ ต้องการทราบกำหนดการและเอกสารที่ต้องใช้ส่งกองพัฒนานิสิต,บริการทั่วไปและสวัสดิการ,0,0,0,0,0,1,0,0
อาหารที่ซื้อจากร้านข้าว ป้ายหอใน บูดเสียและมีกลิ่นเปรี้ยว กินเข้าไปแล้วท้องเสีย อาหารไม่สดใหม่,สุขอนามัยและความปลอดภัยทางอาหาร,0,0,0,0,0,0,0,1
รถเมล์มอวิ่งไม่ตรงรอบตารางเวลา ช่วงเวลาเร่งด่วนเช้าไม่มีรถวิ่ง นิสิตไปเรียนไม่ทัน,การเดินทางและระบบขนส่ง,0,0,0,0,0,0,1,0
การทำบัตรนิสิตใหม่เนื่องจากบัตรเดิมสูญหาย ติดต่อขอออกบัตรใหม่ ต้องเตรียมหลักฐานอะไรบ้างและรับบัตรได้ที่ไหน,บริการทั่วไปและสวัสดิการ,0,0,0,0,0,1,0,0
รถบัส มพ. ไม่ยอมจอดรับผู้โดยสารที่ป้าย โรงอาหารกลาง รถว่างแต่ขับผ่านเลยไป ไม่จอดรับคนที่รอ,การเดินทางและระบบขนส่ง,0,0,0,0,0,0,1,0
เศษกระจกและขยะแก้วแตกเกลื่อนบนพื้น อ่างหลวง ม.พะเยา อันตรายมาก กลัวบาดเท้านิสิตและยางรถมอเตอร์ไซค์รั่ว,ภูมิทัศน์และความสะอาด,0,0,0,1,0,0,0,0
ซากนกและสัตว์ตาย คณะแพทยศาสตร์ ส่งกลิ่นเหม็นเน่า แมลงวันตอม อยากให้แม่บ้านช่วยเก็บทำความสะอาด,ภูมิทัศน์และความสะอาด,0,0,0,1,0,0,0,0
รถชัตเติลบัส มพ. ขับเร็วเฉี่ยวชนสุนัขจรจัดเสียชีวิตบริเวณ สนามกีฬาในร่ม เศษซากสัตว์และคราบเลือดขวางถนน อันตรายและส่งกลิ่นเหม็นมาก,"ภูมิทัศน์และความสะอาด, ความปลอดภัยและจราจร, การเดินทางและระบบขนส่ง",0,0,0,1,1,0,1,0
ช้อนส้อมและจานชามที่ ประตู 2 หน้ามอ ล้างไม่สะอาด มีคราบมันและเศษอาหารติดอยู่ อยากให้ตรวจเข้มงวด,สุขอนามัยและความปลอดภัยทางอาหาร,0,0,0,0,0,0,0,1
เว็บไซต์ระบบลงทะเบียน Reg UP เกิดขัดข้อง เข้าไม่ได้ ทำให้นิสิตไม่สามารถลงทะเบียนวิชาเรียนและตรวจสอบตารางสอบได้ตามกำหนด,"ระบบเครือข่ายและเทคโนโลยี, การเรียนการสอนและวิชาการ",0,1,1,0,0,0,0,0
ไฟส่องสว่างและกลอนประตูห้องน้ำหญิงที่ ตึก CE พังชำรุด ดับสนิท กล้องวงจรปิดไม่ติด เสี่ยงอันตรายต่อความปลอดภัยของนิสิต,"อาคารและสิ่งอำนวยความสะดวก, ความปลอดภัยและจราจร",1,0,0,0,1,0,0,0
รถจักรยานยนต์ขับเร็วและย้อนศรบริเวณ ประตู 2 หน้ามอ ขับขี่อันตรายมาก เกือบชนนิสิตข้ามทางม้าลายหลายครั้ง,ความปลอดภัยและจราจร,0,0,0,0,1,0,0,0
ป้ายรอรถเมล์ คณะแพทยศาสตร์ หลังคารั่ว ฝนตกแล้วน้ำรั่วลงมา เปียกทั้งที่นั่ง รอรถลำบากมาก,การเดินทางและระบบขนส่ง,0,0,0,0,0,0,1,0
การทำบัตรนิสิตใหม่เนื่องจากบัตรเดิมสูญหาย ติดต่อขอออกบัตรใหม่ ต้องเตรียมหลักฐานอะไรบ้างและรับบัตรได้ที่ไหน,บริการทั่วไปและสวัสดิการ,0,0,0,0,0,1,0,0
การยื่นเรื่องขอทุนการศึกษาสำหรับนิสิตขาดแคลนทุนทรัพย์ ต้องการทราบกำหนดการและเอกสารที่ต้องใช้ส่งกองพัฒนานิสิต,บริการทั่วไปและสวัสดิการ,0,0,0,0,0,1,0,0
กลอนประตูล็อคห้องน้ำ อาคาร PKY สงวนเสริมศรี พังหัก ล็อคประตูไม่อยู่ ปิดไม่ได้,อาคารและสิ่งอำนวยความสะดวก,1,0,0,0,0,0,0,0
ท่อน้ำทิ้งและหลังคาบริเวณ ป้ายหอใน แตกชำรุด น้ำสกปรกเอ่อล้นพัดพาขยะเกลื่อนพื้น ส่งกลิ่นเหม็นทั่วทางเดิน,"อาคารและสิ่งอำนวยความสะดวก, ภูมิทัศน์และความสะอาด",1,0,0,1,0,0,0,0
เว็บไซต์ระบบลงทะเบียน Reg UP เกิดขัดข้อง เข้าไม่ได้ ทำให้นิสิตไม่สามารถลงทะเบียนวิชาเรียนและตรวจสอบตารางสอบได้ตามกำหนด,"ระบบเครือข่ายและเทคโนโลยี, การเรียนการสอนและวิชาการ",0,1,1,0,0,0,0,0
รถเมล์สาย 1 ขับเร็วเฉี่ยวชนสุนัขจรจัดเสียชีวิตบริเวณ ป้ายหอใน เศษซากสัตว์และคราบเลือดขวางถนน อันตรายและส่งกลิ่นเหม็นมาก,"ภูมิทัศน์และความสะอาด, ความปลอดภัยและจราจร, การเดินทางและระบบขนส่ง",0,0,0,1,1,0,1,0
การทำบัตรนิสิตใหม่เนื่องจากบัตรเดิมสูญหาย ติดต่อขอออกบัตรใหม่ ต้องเตรียมหลักฐานอะไรบ้างและรับบัตรได้ที่ไหน,บริการทั่วไปและสวัสดิการ,0,0,0,0,0,1,0,0
รถเมล์มอวิ่งไม่ตรงรอบตารางเวลา ช่วงเวลาเร่งด่วนเช้าไม่มีรถวิ่ง นิสิตไปเรียนไม่ทัน,การเดินทางและระบบขนส่ง,0,0,0,0,0,0,1,0
การประกาศคะแนนสอบกลางภาควิชา ENG102 คะแนนในระบบไม่ตรงกับที่อาจารย์แจ้ง ขอตรวจสอบความถูกต้อง,การเรียนการสอนและวิชาการ,0,0,1,0,0,0,0,0
ลิฟต์โดยสาร ป้ายหอใน ค้างที่ชั้น {floor} ประตูปิดไม่สนิท มีเสียงดังน่ากลัว,อาคารและสิ่งอำนวยความสะดวก,1,0,0,0,0,0,0,0
ไฟส่องสว่างและกลอนประตูห้องน้ำหญิงที่ ตึก CE พังชำรุด ดับสนิท กล้องวงจรปิดไม่ติด เสี่ยงอันตรายต่อความปลอดภัยของนิสิต,"อาคารและสิ่งอำนวยความสะดวก, ความปลอดภัยและจราจร",1,0,0,0,1,0,0,0
ร้านค้า ป้ายหอใน ใช้น้ำมันทอดซ้ำจนเป็นสีดำสนิท อาหารมีกลิ่นหืนมาก ส่งผลเสียต่อสุขภาพผู้บริโภค,สุขอนามัยและความปลอดภัยทางอาหาร,0,0,0,0,0,0,0,1
รถสองแถวมอ ขับเบียดรถมอเตอร์ไซค์ของนิสิตล้มตรงทางโค้ง คณะนิติศาสตร์ ทำให้การจราจรติดขัดยาวและนิสิตได้รับบาดเจ็บ,"ความปลอดภัยและจราจร, การเดินทางและระบบขนส่ง",0,0,0,0,1,0,1,0
ระบบเครือข่ายอินเทอร์เน็ต LAN กองพัฒนานิสิต DSA สายแลนชำรุด สัญญาณไม่เข้าคอมพิวเตอร์,ระบบเครือข่ายและเทคโนโลยี,0,1,0,0,0,0,0,0
ร้านอาหารที่ หอใน มพ. ใช้น้ำมันทอดซ้ำจนดำ และมีเศษแก้วแตกตกอยู่ในถาดอาหาร นิสิตกินแล้วบาดปากและมีอาการท้องเสีย,"ความปลอดภัยและจราจร, สุขอนามัยและความปลอดภัยทางอาหาร",0,0,0,0,1,0,0,1
ไฟส่องสว่างทางเดิน ประตู 2 หน้ามอ ดับมืดสนิท ทางเปลี่ยวมาก เสี่ยงต่อการเกิดอาชญากรรมและชิงทรัพย์,ความปลอดภัยและจราจร,0,0,0,0,1,0,0,0
ระบบเว็บลงทะเบียนเรียน REG UP เข้าใช้งานไม่ได้ ขึ้น 504 Gateway Timeout ช่วงเปิดจองวิชาศึกษาทั่วไป,ระบบเครือข่ายและเทคโนโลยี,0,1,0,0,0,0,0,0
ไฟส่องสว่างและกลอนประตูห้องน้ำหญิงที่ คณะวิทยาศาสตร์ พังชำรุด ดับสนิท กล้องวงจรปิดไม่ติด เสี่ยงอันตรายต่อความปลอดภัยของนิสิต,"อาคารและสิ่งอำนวยความสะดวก, ความปลอดภัยและจราจร",1,0,0,0,1,0,0,0
ระบบเช็คชื่อสแกนใบหน้า / สแกนบัตรนิสิต อ่างหลวง ม.พะเยา ระบบค้าง ไม่บันทึกการเข้าเรียน,ระบบเครือข่ายและเทคโนโลยี,0,1,0,0,0,0,0,0
กระจกหน้าต่างห้องบรรยาย 4102 ป้ายรถเมล์หน้า ม. แตกชำรุด ลมพัดเศษกระจกอาจตกใส่คนข้างล่าง,อาคารและสิ่งอำนวยความสะดวก,1,0,0,0,0,0,0,0
การยื่นคำร้องขอเทียบโอนหน่วยกิตรายวิชา เอกสารตกค้างที่คณะ ขอให้เจ้าหน้าที่ช่วยติดตามผล,การเรียนการสอนและวิชาการ,0,0,1,0,0,0,0,0
การยื่นเรื่องขอทุนการศึกษาสำหรับนิสิตขาดแคลนทุนทรัพย์ ต้องการทราบกำหนดการและเอกสารที่ต้องใช้ส่งกองพัฒนานิสิต,บริการทั่วไปและสวัสดิการ,0,0,0,0,0,1,0,0
ระบบ LMS / D-Learning ม.พะเยา หน้าเว็บค้าง ส่งงานการบ้านและควิซออนไลน์ไม่ทัน,ระบบเครือข่ายและเทคโนโลยี,0,1,0,0,0,0,0,0
คราบโคลนและเศษดินหลังฝนตกหนัก คณะพยาบาลศาสตร์ ลื่นมาก ถนนเฉอะแฉะ เสี่ยงเกิดอุบัติเหตุลื่นล้ม,ภูมิทัศน์และความสะอาด,0,0,0,1,0,0,0,0
โรงอาหารบริเวณ อาคาร PKY สงวนเสริมศรี มีถังขยะเศษอาหารเน่าล้น ส่งกลิ่นเหม็นคลุ้งและพบแมลงสาบไต่บนโต๊ะทานข้าว ไม่ถูกสุขอนามัย,"ภูมิทัศน์และความสะอาด, สุขอนามัยและความปลอดภัยทางอาหาร",0,0,0,1,0,0,0,1
คราบโคลนและเศษดินหลังฝนตกหนัก คณะเกษตรศาสตร์ ลื่นมาก ถนนเฉอะแฉะ เสี่ยงเกิดอุบัติเหตุลื่นล้ม,ภูมิทัศน์และความสะอาด,0,0,0,1,0,0,0,0
ตารางสอบปลายภาควิชา ICT204 ชนกัน ตารางสอบวิชาบังคับสองวิชาตรงวันและเวลาเดียวกัน ขอทำเรื่องสอบชดเชย,การเรียนการสอนและวิชาการ,0,0,1,0,0,0,0,0
รถเมล์มอวิ่งไม่ตรงรอบตารางเวลา ช่วงเวลาเร่งด่วนเช้าไม่มีรถวิ่ง นิสิตไปเรียนไม่ทัน,การเดินทางและระบบขนส่ง,0,0,0,0,0,0,1,0
มีคนร้ายขโมยหมวกกันน็อคและของใต้เบาะรถ อ่างหลวง ม.พะเยา โดนขโมยไปหลายคัน อยากให้ตรวจสอบกล้องวงจรปิด,ความปลอดภัยและจราจร,0,0,0,0,1,0,0,0
ช้อนส้อมและจานชามที่ คณะแพทยศาสตร์ ล้างไม่สะอาด มีคราบมันและเศษอาหารติดอยู่ อยากให้ตรวจเข้มงวด,สุขอนามัยและความปลอดภัยทางอาหาร,0,0,0,0,0,0,0,1
รถสองแถวมอ ขับเร็วเฉี่ยวชนสุนัขจรจัดเสียชีวิตบริเวณ ป้ายรถเมล์หน้า ม. เศษซากสัตว์และคราบเลือดขวางถนน อันตรายและส่งกลิ่นเหม็นมาก,"ภูมิทัศน์และความสะอาด, ความปลอดภัยและจราจร, การเดินทางและระบบขนส่ง",0,0,0,1,1,0,1,0
หลอดไฟในห้องน้ำรวม ตึก ICT ดับมืดสนิท กระพริบตลอดเวลา ใช้งานไม่ได้,อาคารและสิ่งอำนวยความสะดวก,1,0,0,0,0,0,0,0
การยื่นคำร้องขอเทียบโอนหน่วยกิตรายวิชา เอกสารตกค้างที่คณะ ขอให้เจ้าหน้าที่ช่วยติดตามผล,การเรียนการสอนและวิชาการ,0,0,1,0,0,0,0,0
รถจักรยานยนต์ขับเร็วและย้อนศรบริเวณ ลานจอดรถตึก PKY ขับขี่อันตรายมาก เกือบชนนิสิตข้ามทางม้าลายหลายครั้ง,ความปลอดภัยและจราจร,0,0,0,0,1,0,0,0
ลิฟต์โดยสาร ตึก CE ค้างที่ชั้น {floor} ประตูปิดไม่สนิท มีเสียงดังน่ากลัว,อาคารและสิ่งอำนวยความสะดวก,1,0,0,0,0,0,0,0
สายชำระและก๊อกน้ำ คณะนิติศาสตร์ แตกชำรุด น้ำรั่วพุ่งนองเต็มพื้นห้องน้ำ,อาคารและสิ่งอำนวยความสะดวก,1,0,0,0,0,0,0,0
การยื่นเรื่องขอทุนการศึกษาสำหรับนิสิตขาดแคลนทุนทรัพย์ ต้องการทราบกำหนดการและเอกสารที่ต้องใช้ส่งกองพัฒนานิสิต,บริการทั่วไปและสวัสดิการ,0,0,0,0,0,1,0,0
มีบุคคลภายนอกน่าสงสัยเดินวนเวียน คณะแพทยศาสตร์ ท่าทางไม่น่าไว้วางใจ อยากให้ รปภ. ช่วยตรวจสอบ,ความปลอดภัยและจราจร,0,0,0,0,1,0,0,0
ห้องปฏิบัติการคอมพิวเตอร์ห้อง 4204 ตึก EN คณะวิศวกรรมศาสตร์ ระบบไฟฟ้าขัดข้อง แอร์ดับ และสัญญาณอินเทอร์เน็ต WiFi ใช้งานไม่ได้พร้อมกัน,"อาคารและสิ่งอำนวยความสะดวก, ระบบเครือข่ายและเทคโนโลยี",1,1,0,0,0,0,0,0
การขอผ่อนผันการเกณฑ์ทหารสำหรับนิสิตชาย ต้องการตรวจสอบรายชื่อและขั้นตอนการยื่นเอกสาร,บริการทั่วไปและสวัสดิการ,0,0,0,0,0,1,0,0
การขอใช้พื้นที่จัดกิจกรรมชมรมและโครงการนิสิต ตึก CE ยื่นหนังสือขออนุมัติสถานที่ล่วงหน้า ต้องติดต่อหน่วยงานใด,บริการทั่วไปและสวัสดิการ,0,0,0,0,0,1,0,0
รถชัตเติลบัส มพ. ขับเร็วเฉี่ยวชนสุนัขจรจัดเสียชีวิตบริเวณ อ่างหลวง ม.พะเยา เศษซากสัตว์และคราบเลือดขวางถนน อันตรายและส่งกลิ่นเหม็นมาก,"ภูมิทัศน์และความสะอาด, ความปลอดภัยและจราจร, การเดินทางและระบบขนส่ง",0,0,0,1,1,0,1,0
ร้านอาหารที่ ทางเดิน Skywalk ใช้น้ำมันทอดซ้ำจนดำ และมีเศษแก้วแตกตกอยู่ในถาดอาหาร นิสิตกินแล้วบาดปากและมีอาการท้องเสีย,"ความปลอดภัยและจราจร, สุขอนามัยและความปลอดภัยทางอาหาร",0,0,0,0,1,0,0,1
เว็บไซต์ระบบลงทะเบียน Reg UP เกิดขัดข้อง เข้าไม่ได้ ทำให้นิสิตไม่สามารถลงทะเบียนวิชาเรียนและตรวจสอบตารางสอบได้ตามกำหนด,"ระบบเครือข่ายและเทคโนโลยี, การเรียนการสอนและวิชาการ",0,1,1,0,0,0,0,0
รถเมล์มอวิ่งไม่ตรงรอบตารางเวลา ช่วงเวลาเร่งด่วนเช้าไม่มีรถวิ่ง นิสิตไปเรียนไม่ทัน,การเดินทางและระบบขนส่ง,0,0,0,0,0,0,1,0
มีคนร้ายขโมยหมวกกันน็อคและของใต้เบาะรถ คณะบริหารธุรกิจและนิเทศศาสตร์ โดนขโมยไปหลายคัน อยากให้ตรวจสอบกล้องวงจรปิด,ความปลอดภัยและจราจร,0,0,0,0,1,0,0,0
การประกาศคะแนนสอบกลางภาควิชา MED201 คะแนนในระบบไม่ตรงกับที่อาจารย์แจ้ง ขอตรวจสอบความถูกต้อง,การเรียนการสอนและวิชาการ,0,0,1,0,0,0,0,0
เว็บไซต์ระบบลงทะเบียน Reg UP เกิดขัดข้อง เข้าไม่ได้ ทำให้นิสิตไม่สามารถลงทะเบียนวิชาเรียนและตรวจสอบตารางสอบได้ตามกำหนด,"ระบบเครือข่ายและเทคโนโลยี, การเรียนการสอนและวิชาการ",0,1,1,0,0,0,0,0
ร้านอาหารที่ ตึก EN คณะวิศวกรรมศาสตร์ อาหารไม่สะอาด พบแมลงสาบตัวเล็กและเส้นผมปนเปื้อนในจานข้าว,สุขอนามัยและความปลอดภัยทางอาหาร,0,0,0,0,0,0,0,1
เศษกระจกและขยะแก้วแตกเกลื่อนบนพื้น ลานจอดรถตึก PKY อันตรายมาก กลัวบาดเท้านิสิตและยางรถมอเตอร์ไซค์รั่ว,ภูมิทัศน์และความสะอาด,0,0,0,1,0,0,0,0
เว็บไซต์ระบบลงทะเบียน Reg UP เกิดขัดข้อง เข้าไม่ได้ ทำให้นิสิตไม่สามารถลงทะเบียนวิชาเรียนและตรวจสอบตารางสอบได้ตามกำหนด,"ระบบเครือข่ายและเทคโนโลยี, การเรียนการสอนและวิชาการ",0,1,1,0,0,0,0,0
สุขอนามัยร้านน้ำและตู้กดน้ำดื่ม ลานจอดรถตึก PKY มีตะไคร่น้ำและคราบสกปรกเกาะ ไม่มีการล้างทำความสะอาด,สุขอนามัยและความปลอดภัยทางอาหาร,0,0,0,0,0,0,0,1
รถชัตเติลบัส มพ. ขับเบียดรถมอเตอร์ไซค์ของนิสิตล้มตรงทางโค้ง อ่างหลวง ม.พะเยา ทำให้การจราจรติดขัดยาวและนิสิตได้รับบาดเจ็บ,"ความปลอดภัยและจราจร, การเดินทางและระบบขนส่ง",0,0,0,0,1,0,1,0
การขอผ่อนผันการเกณฑ์ทหารสำหรับนิสิตชาย ต้องการตรวจสอบรายชื่อและขั้นตอนการยื่นเอกสาร,บริการทั่วไปและสวัสดิการ,0,0,0,0,0,1,0,0
มีบุคคลภายนอกน่าสงสัยเดินวนเวียน ตึก ICT ท่าทางไม่น่าไว้วางใจ อยากให้ รปภ. ช่วยตรวจสอบ,ความปลอดภัยและจราจร,0,0,0,0,1,0,0,0
ไฟส่องสว่างและกลอนประตูห้องน้ำหญิงที่ ลานจอดรถตึก PKY พังชำรุด ดับสนิท กล้องวงจรปิดไม่ติด เสี่ยงอันตรายต่อความปลอดภัยของนิสิต,"อาคารและสิ่งอำนวยความสะดวก, ความปลอดภัยและจราจร",1,0,0,0,1,0,0,0
ไฟส่องสว่างและกลอนประตูห้องน้ำหญิงที่ อาคารเรียนรวม CE พังชำรุด ดับสนิท กล้องวงจรปิดไม่ติด เสี่ยงอันตรายต่อความปลอดภัยของนิสิต,"อาคารและสิ่งอำนวยความสะดวก, ความปลอดภัยและจราจร",1,0,0,0,1,0,0,0
รถจักรยานยนต์ขับเร็วและย้อนศรบริเวณ วิทยาลัยการศึกษา ขับขี่อันตรายมาก เกือบชนนิสิตข้ามทางม้าลายหลายครั้ง,ความปลอดภัยและจราจร,0,0,0,0,1,0,0,0
อาหารที่ซื้อจากร้านข้าว ประตู 1 ม.พะเยา บูดเสียและมีกลิ่นเปรี้ยว กินเข้าไปแล้วท้องเสีย อาหารไม่สดใหม่,สุขอนามัยและความปลอดภัยทางอาหาร,0,0,0,0,0,0,0,1
รถจักรยานยนต์ขับเร็วและย้อนศรบริเวณ ตึก EN คณะวิศวกรรมศาสตร์ ขับขี่อันตรายมาก เกือบชนนิสิตข้ามทางม้าลายหลายครั้ง,ความปลอดภัยและจราจร,0,0,0,0,1,0,0,0
ห้องปฏิบัติการคอมพิวเตอร์ห้อง 1403 ตึก CE ระบบไฟฟ้าขัดข้อง แอร์ดับ และสัญญาณอินเทอร์เน็ต WiFi ใช้งานไม่ได้พร้อมกัน,"อาคารและสิ่งอำนวยความสะดวก, ระบบเครือข่ายและเทคโนโลยี",1,1,0,0,0,0,0,0
เศษกระจกและขยะแก้วแตกเกลื่อนบนพื้น ประตู 2 หน้ามอ อันตรายมาก กลัวบาดเท้านิสิตและยางรถมอเตอร์ไซค์รั่ว,ภูมิทัศน์และความสะอาด,0,0,0,1,0,0,0,0
ช้อนส้อมและจานชามที่ ตึก EN คณะวิศวกรรมศาสตร์ ล้างไม่สะอาด มีคราบมันและเศษอาหารติดอยู่ อยากให้ตรวจเข้มงวด,สุขอนามัยและความปลอดภัยทางอาหาร,0,0,0,0,0,0,0,1
หญ้ารกสูงมากบริเวณ ป้ายหอใน มีสัตว์มีพิษและงูเลื้อยออกมา อันตรายต่อนิสิตที่เดินผ่าน,ภูมิทัศน์และความสะอาด,0,0,0,1,0,0,0,0
ห้องปฏิบัติการคอมพิวเตอร์ห้อง 2403 ประตู 3 ฝั่งเกษตร ระบบไฟฟ้าขัดข้อง แอร์ดับ และสัญญาณอินเทอร์เน็ต WiFi ใช้งานไม่ได้พร้อมกัน,"อาคารและสิ่งอำนวยความสะดวก, ระบบเครือข่ายและเทคโนโลยี",1,1,0,0,0,0,0,0
คนขับรถชัตเติลบัส มพ. สาย 4 (สีน้ำเงิน) ขับเร็วและเบรกกระชาก ขับขี่อันตรายมาก ผู้โดยสารยืนทรงตัวไม่อยู่,การเดินทางและระบบขนส่ง,0,0,0,0,0,0,1,0
คอมพิวเตอร์ห้องแล็บ 1303 ตึก CE เปิดไม่ติดหลายเครื่อง เมาส์และคีย์บอร์ดเสีย,ระบบเครือข่ายและเทคโนโลยี,0,1,0,0,0,0,0,0
สุนัขจรจัดฝูงใหญ่ดุมาก โรงอาหารกลาง วิ่งไล่กวดรถมอเตอร์ไซค์และเห่านิสิตที่เดินผ่านตอนกลางคืน,ความปลอดภัยและจราจร,0,0,0,0,1,0,0,0
การยื่นคำร้องขอเทียบโอนหน่วยกิตรายวิชา เอกสารตกค้างที่คณะ ขอให้เจ้าหน้าที่ช่วยติดตามผล,การเรียนการสอนและวิชาการ,0,0,1,0,0,0,0,0
เครื่องปรับอากาศห้อง 4303 กองพัฒนานิสิต DSA มีน้ำรั่วหยดและไม่เย็นเลย เสียงดังมาก รบกวนเวลาเรียน,อาคารและสิ่งอำนวยความสะดวก,1,0,0,0,0,0,0,0
คนขับรถชัตเติลบัส มพ. สาย 1 (สีม่วง) ขับเร็วและเบรกกระชาก ขับขี่อันตรายมาก ผู้โดยสารยืนทรงตัวไม่อยู่,การเดินทางและระบบขนส่ง,0,0,0,0,0,0,1,0
รถบัส มพ. ไม่ยอมจอดรับผู้โดยสารที่ป้าย โรงอาหารกลาง รถว่างแต่ขับผ่านเลยไป ไม่จอดรับคนที่รอ,การเดินทางและระบบขนส่ง,0,0,0,0,0,0,1,0
ระบบเครือข่ายอินเทอร์เน็ต LAN ประตู 1 ม.พะเยา สายแลนชำรุด สัญญาณไม่เข้าคอมพิวเตอร์,ระบบเครือข่ายและเทคโนโลยี,0,1,0,0,0,0,0,0
ระบบเว็บลงทะเบียนเรียน REG UP เข้าใช้งานไม่ได้ ขึ้น 504 Gateway Timeout ช่วงเปิดจองวิชาศึกษาทั่วไป,ระบบเครือข่ายและเทคโนโลยี,0,1,0,0,0,0,0,0
ไฟส่องสว่างและกลอนประตูห้องน้ำหญิงที่ ประตู 3 ฝั่งเกษตร พังชำรุด ดับสนิท กล้องวงจรปิดไม่ติด เสี่ยงอันตรายต่อความปลอดภัยของนิสิต,"อาคารและสิ่งอำนวยความสะดวก, ความปลอดภัยและจราจร",1,0,0,0,1,0,0,0
โรงอาหารบริเวณ หอพักลุมพินี มีถังขยะเศษอาหารเน่าล้น ส่งกลิ่นเหม็นคลุ้งและพบแมลงสาบไต่บนโต๊ะทานข้าว ไม่ถูกสุขอนามัย,"ภูมิทัศน์และความสะอาด, สุขอนามัยและความปลอดภัยทางอาหาร",0,0,0,1,0,0,0,1
การประกาศคะแนนสอบกลางภาควิชา GEN001 คะแนนในระบบไม่ตรงกับที่อาจารย์แจ้ง ขอตรวจสอบความถูกต้อง,การเรียนการสอนและวิชาการ,0,0,1,0,0,0,0,0
การขอเปิดรายวิชาเพิ่มเติมสำหรับนิสิตชั้นปีที่ 4 วิชาเอกเต็ม ต้องการขอขยายจำนวนรับเพิ่มเพื่อไม่ให้จบช้า,การเรียนการสอนและวิชาการ,0,0,1,0,0,0,0,0
ระบบ LMS / D-Learning ม.พะเยา หน้าเว็บค้าง ส่งงานการบ้านและควิซออนไลน์ไม่ทัน,ระบบเครือข่ายและเทคโนโลยี,0,1,0,0,0,0,0,0
สวัสดิการประกันอุบัติเหตุสำหรับนิสิต ประสบอุบัติเหตุเข้ารับการรักษาที่โรงพยาบาล ต้องการทำเรื่องเบิกเคลมประกัน,บริการทั่วไปและสวัสดิการ,0,0,0,0,0,1,0,0
หญ้ารกสูงมากบริเวณ ลานจอดรถตึก PKY มีสัตว์มีพิษและงูเลื้อยออกมา อันตรายต่อนิสิตที่เดินผ่าน,ภูมิทัศน์และความสะอาด,0,0,0,1,0,0,0,0
ระบบ LMS / D-Learning ม.พะเยา หน้าเว็บค้าง ส่งงานการบ้านและควิซออนไลน์ไม่ทัน,ระบบเครือข่ายและเทคโนโลยี,0,1,0,0,0,0,0,0
ร้านอาหารที่ ป้ายหอใน ใช้น้ำมันทอดซ้ำจนดำ และมีเศษแก้วแตกตกอยู่ในถาดอาหาร นิสิตกินแล้วบาดปากและมีอาการท้องเสีย,"ความปลอดภัยและจราจร, สุขอนามัยและความปลอดภัยทางอาหาร",0,0,0,0,1,0,0,1
สุนัขจรจัดฝูงใหญ่ดุมาก สนามกีฬาในร่ม วิ่งไล่กวดรถมอเตอร์ไซค์และเห่านิสิตที่เดินผ่านตอนกลางคืน,ความปลอดภัยและจราจร,0,0,0,0,1,0,0,0
โรงอาหารบริเวณ ตึก EN คณะวิศวกรรมศาสตร์ มีถังขยะเศษอาหารเน่าล้น ส่งกลิ่นเหม็นคลุ้งและพบแมลงสาบไต่บนโต๊ะทานข้าว ไม่ถูกสุขอนามัย,"ภูมิทัศน์และความสะอาด, สุขอนามัยและความปลอดภัยทางอาหาร",0,0,0,1,0,0,0,1
ห้องปฏิบัติการคอมพิวเตอร์ห้อง 3402 ประตู 1 ม.พะเยา ระบบไฟฟ้าขัดข้อง แอร์ดับ และสัญญาณอินเทอร์เน็ต WiFi ใช้งานไม่ได้พร้อมกัน,"อาคารและสิ่งอำนวยความสะดวก, ระบบเครือข่ายและเทคโนโลยี",1,1,0,0,0,0,0,0
ช้อนส้อมและจานชามที่ ตึก EN คณะวิศวกรรมศาสตร์ ล้างไม่สะอาด มีคราบมันและเศษอาหารติดอยู่ อยากให้ตรวจเข้มงวด,สุขอนามัยและความปลอดภัยทางอาหาร,0,0,0,0,0,0,0,1
รถสองแถวมอ ขับเร็วเฉี่ยวชนสุนัขจรจัดเสียชีวิตบริเวณ กองพัฒนานิสิต DSA เศษซากสัตว์และคราบเลือดขวางถนน อันตรายและส่งกลิ่นเหม็นมาก,"ภูมิทัศน์และความสะอาด, ความปลอดภัยและจราจร, การเดินทางและระบบขนส่ง",0,0,0,1,1,0,1,0
รถเมล์มอวิ่งไม่ตรงรอบตารางเวลา ช่วงเวลาเร่งด่วนเช้าไม่มีรถวิ่ง นิสิตไปเรียนไม่ทัน,การเดินทางและระบบขนส่ง,0,0,0,0,0,0,1,0
คนขับรถชัตเติลบัส มพ. สาย 3 (สีแดง) ขับเร็วและเบรกกระชาก ขับขี่อันตรายมาก ผู้โดยสารยืนทรงตัวไม่อยู่,การเดินทางและระบบขนส่ง,0,0,0,0,0,0,1,0
กระจกหน้าต่างห้องบรรยาย 1302 ตึก ICT แตกชำรุด ลมพัดเศษกระจกอาจตกใส่คนข้างล่าง,อาคารและสิ่งอำนวยความสะดวก,1,0,0,0,0,0,0,0
ท่อน้ำทิ้งและหลังคาบริเวณ คณะนิติศาสตร์ แตกชำรุด น้ำสกปรกเอ่อล้นพัดพาขยะเกลื่อนพื้น ส่งกลิ่นเหม็นทั่วทางเดิน,"อาคารและสิ่งอำนวยความสะดวก, ภูมิทัศน์และความสะอาด",1,0,0,1,0,0,0,0
การขอใช้พื้นที่จัดกิจกรรมชมรมและโครงการนิสิต สนามกีฬาในร่ม ยื่นหนังสือขออนุมัติสถานที่ล่วงหน้า ต้องติดต่อหน่วยงานใด,บริการทั่วไปและสวัสดิการ,0,0,0,0,0,1,0,0
การขอใช้พื้นที่จัดกิจกรรมชมรมและโครงการนิสิต โรงอาหารกลาง ยื่นหนังสือขออนุมัติสถานที่ล่วงหน้า ต้องติดต่อหน่วยงานใด,บริการทั่วไปและสวัสดิการ,0,0,0,0,0,1,0,0
ไฟส่องสว่างทางเดิน คณะแพทยศาสตร์ ดับมืดสนิท ทางเปลี่ยวมาก เสี่ยงต่อการเกิดอาชญากรรมและชิงทรัพย์,ความปลอดภัยและจราจร,0,0,0,0,1,0,0,0
การติดต่อขอเอกสารใบรับรองผลการเรียน (Transcript) ระบบยังไม่อัปเดตเกรดเทอมล่าสุด ต้องการใช้ยื่นสมัครงาน,การเรียนการสอนและวิชาการ,0,0,1,0,0,0,0,0
การทำบัตรนิสิตใหม่เนื่องจากบัตรเดิมสูญหาย ติดต่อขอออกบัตรใหม่ ต้องเตรียมหลักฐานอะไรบ้างและรับบัตรได้ที่ไหน,บริการทั่วไปและสวัสดิการ,0,0,0,0,0,1,0,0
การยื่นคำร้องขอเทียบโอนหน่วยกิตรายวิชา เอกสารตกค้างที่คณะ ขอให้เจ้าหน้าที่ช่วยติดตามผล,การเรียนการสอนและวิชาการ,0,0,1,0,0,0,0,0
ระบบอีเมลมหาวิทยาลัยและ Office 365 ล็อกอินไม่ได้ แจ้งเตือนรหัสผ่านหมดอายุ เข้าใช้งานไม่ได้,ระบบเครือข่ายและเทคโนโลยี,0,1,0,0,0,0,0,0
มีคนร้ายขโมยหมวกกันน็อคและของใต้เบาะรถ หอพักลุมพินี โดนขโมยไปหลายคัน อยากให้ตรวจสอบกล้องวงจรปิด,ความปลอดภัยและจราจร,0,0,0,0,1,0,0,0
รถชัตเติลบัส มพ. ขับเบียดรถมอเตอร์ไซค์ของนิสิตล้มตรงทางโค้ง ประตู 2 หน้ามอ ทำให้การจราจรติดขัดยาวและนิสิตได้รับบาดเจ็บ,"ความปลอดภัยและจราจร, การเดินทางและระบบขนส่ง",0,0,0,0,1,0,1,0
โปรเจกเตอร์และจอแสดงผลห้อง 2403 ตึก ICT เปิดไม่ติด ภาพกระพริบ ลำโพงไมค์ไม่ดัง อาจารย์สอนไม่ได้,อาคารและสิ่งอำนวยความสะดวก,1,0,0,0,0,0,0,0
สุนัขจรจัดฝูงใหญ่ดุมาก คณะนิติศาสตร์ วิ่งไล่กวดรถมอเตอร์ไซค์และเห่านิสิตที่เดินผ่านตอนกลางคืน,ความปลอดภัยและจราจร,0,0,0,0,1,0,0,0
หลอดไฟในห้องน้ำชาย อ่างหลวง ม.พะเยา ดับมืดสนิท กระพริบตลอดเวลา ใช้งานไม่ได้,อาคารและสิ่งอำนวยความสะดวก,1,0,0,0,0,0,0,0
ท่อน้ำทิ้งและหลังคาบริเวณ คณะศิลปศาสตร์ แตกชำรุด น้ำสกปรกเอ่อล้นพัดพาขยะเกลื่อนพื้น ส่งกลิ่นเหม็นทั่วทางเดิน,"อาคารและสิ่งอำนวยความสะดวก, ภูมิทัศน์และความสะอาด",1,0,0,1,0,0,0,0
สวัสดิการประกันอุบัติเหตุสำหรับนิสิต ประสบอุบัติเหตุเข้ารับการรักษาที่โรงพยาบาล ต้องการทำเรื่องเบิกเคลมประกัน,บริการทั่วไปและสวัสดิการ,0,0,0,0,0,1,0,0
ไฟส่องสว่างและกลอนประตูห้องน้ำหญิงที่ ป้ายหอใน พังชำรุด ดับสนิท กล้องวงจรปิดไม่ติด เสี่ยงอันตรายต่อความปลอดภัยของนิสิต,"อาคารและสิ่งอำนวยความสะดวก, ความปลอดภัยและจราจร",1,0,0,0,1,0,0,0
รถจักรยานยนต์ขับเร็วและย้อนศรบริเวณ อาคารเทคโนโลยีสารสนเทศ ขับขี่อันตรายมาก เกือบชนนิสิตข้ามทางม้าลายหลายครั้ง,ความปลอดภัยและจราจร,0,0,0,0,1,0,0,0
ไฟส่องสว่างและกลอนประตูห้องน้ำหญิงที่ อาคาร PKY สงวนเสริมศรี พังชำรุด ดับสนิท กล้องวงจรปิดไม่ติด เสี่ยงอันตรายต่อความปลอดภัยของนิสิต,"อาคารและสิ่งอำนวยความสะดวก, ความปลอดภัยและจราจร",1,0,0,0,1,0,0,0
ไฟส่องสว่างและกลอนประตูห้องน้ำหญิงที่ คณะเกษตรศาสตร์ พังชำรุด ดับสนิท กล้องวงจรปิดไม่ติด เสี่ยงอันตรายต่อความปลอดภัยของนิสิต,"อาคารและสิ่งอำนวยความสะดวก, ความปลอดภัยและจราจร",1,0,0,0,1,0,0,0
มีคนร้ายขโมยหมวกกันน็อคและของใต้เบาะรถ ประตู 3 ฝั่งเกษตร โดนขโมยไปหลายคัน อยากให้ตรวจสอบกล้องวงจรปิด,ความปลอดภัยและจราจร,0,0,0,0,1,0,0,0
อาหารที่ซื้อจากร้านข้าว คณะศิลปศาสตร์ บูดเสียและมีกลิ่นเปรี้ยว กินเข้าไปแล้วท้องเสีย อาหารไม่สดใหม่,สุขอนามัยและความปลอดภัยทางอาหาร,0,0,0,0,0,0,0,1
ห้องปฏิบัติการคอมพิวเตอร์ห้อง 4401 อาคาร PKY สงวนเสริมศรี ระบบไฟฟ้าขัดข้อง แอร์ดับ และสัญญาณอินเทอร์เน็ต WiFi ใช้งานไม่ได้พร้อมกัน,"อาคารและสิ่งอำนวยความสะดวก, ระบบเครือข่ายและเทคโนโลยี",1,1,0,0,0,0,0,0
การขอผ่อนผันการเกณฑ์ทหารสำหรับนิสิตชาย ต้องการตรวจสอบรายชื่อและขั้นตอนการยื่นเอกสาร,บริการทั่วไปและสวัสดิการ,0,0,0,0,0,1,0,0
เว็บไซต์ระบบลงทะเบียน Reg UP เกิดขัดข้อง เข้าไม่ได้ ทำให้นิสิตไม่สามารถลงทะเบียนวิชาเรียนและตรวจสอบตารางสอบได้ตามกำหนด,"ระบบเครือข่ายและเทคโนโลยี, การเรียนการสอนและวิชาการ",0,1,1,0,0,0,0,0
รถเมล์สาย 1 ขับเร็วเฉี่ยวชนสุนัขจรจัดเสียชีวิตบริเวณ คณะบริหารธุรกิจและนิเทศศาสตร์ เศษซากสัตว์และคราบเลือดขวางถนน อันตรายและส่งกลิ่นเหม็นมาก,"ภูมิทัศน์และความสะอาด, ความปลอดภัยและจราจร, การเดินทางและระบบขนส่ง",0,0,0,1,1,0,1,0
ไฟส่องสว่างและกลอนประตูห้องน้ำหญิงที่ ประตู 1 ม.พะเยา พังชำรุด ดับสนิท กล้องวงจรปิดไม่ติด เสี่ยงอันตรายต่อความปลอดภัยของนิสิต,"อาคารและสิ่งอำนวยความสะดวก, ความปลอดภัยและจราจร",1,0,0,0,1,0,0,0
ระบบ LMS / D-Learning ม.พะเยา หน้าเว็บค้าง ส่งงานการบ้านและควิซออนไลน์ไม่ทัน,ระบบเครือข่ายและเทคโนโลยี,0,1,0,0,0,0,0,0
การประกาศคะแนนสอบกลางภาควิชา ENG102 คะแนนในระบบไม่ตรงกับที่อาจารย์แจ้ง ขอตรวจสอบความถูกต้อง,การเรียนการสอนและวิชาการ,0,0,1,0,0,0,0,0
การขอใช้พื้นที่จัดกิจกรรมชมรมและโครงการนิสิต คณะนิติศาสตร์ ยื่นหนังสือขออนุมัติสถานที่ล่วงหน้า ต้องติดต่อหน่วยงานใด,บริการทั่วไปและสวัสดิการ,0,0,0,0,0,1,0,0
โรงอาหารบริเวณ กองพัฒนานิสิต DSA มีถังขยะเศษอาหารเน่าล้น ส่งกลิ่นเหม็นคลุ้งและพบแมลงสาบไต่บนโต๊ะทานข้าว ไม่ถูกสุขอนามัย,"ภูมิทัศน์และความสะอาด, สุขอนามัยและความปลอดภัยทางอาหาร",0,0,0,1,0,0,0,1
ถังขยะบริเวณ สนามกีฬาในร่ม ขยะล้นถัง ส่งกลิ่นเหม็นเน่าเกลื่อนพื้น ไม่มีเจ้าหน้าที่มาเก็บ,ภูมิทัศน์และความสะอาด,0,0,0,1,0,0,0,0
กลอนประตูล็อคห้องน้ำ อาคารเทคโนโลยีสารสนเทศ พังหัก ล็อคประตูไม่อยู่ ปิดไม่ได้,อาคารและสิ่งอำนวยความสะดวก,1,0,0,0,0,0,0,0
ช้อนส้อมและจานชามที่ ประตู 2 หน้ามอ ล้างไม่สะอาด มีคราบมันและเศษอาหารติดอยู่ อยากให้ตรวจเข้มงวด,สุขอนามัยและความปลอดภัยทางอาหาร,0,0,0,0,0,0,0,1
ร้านค้า หอใน มพ. ใช้น้ำมันทอดซ้ำจนเป็นสีดำสนิท อาหารมีกลิ่นหืนมาก ส่งผลเสียต่อสุขภาพผู้บริโภค,สุขอนามัยและความปลอดภัยทางอาหาร,0,0,0,0,0,0,0,1
ร้านอาหารที่ สนามกีฬาในร่ม ใช้น้ำมันทอดซ้ำจนดำ และมีเศษแก้วแตกตกอยู่ในถาดอาหาร นิสิตกินแล้วบาดปากและมีอาการท้องเสีย,"ความปลอดภัยและจราจร, สุขอนามัยและความปลอดภัยทางอาหาร",0,0,0,0,1,0,0,1
การขอใช้พื้นที่จัดกิจกรรมชมรมและโครงการนิสิต ทางเดิน Skywalk ยื่นหนังสือขออนุมัติสถานที่ล่วงหน้า ต้องติดต่อหน่วยงานใด,บริการทั่วไปและสวัสดิการ,0,0,0,0,0,1,0,0
ซากนกและสัตว์ตาย ป้ายหอใน ส่งกลิ่นเหม็นเน่า แมลงวันตอม อยากให้แม่บ้านช่วยเก็บทำความสะอาด,ภูมิทัศน์และความสะอาด,0,0,0,1,0,0,0,0
การยื่นเรื่องขอทุนการศึกษาสำหรับนิสิตขาดแคลนทุนทรัพย์ ต้องการทราบกำหนดการและเอกสารที่ต้องใช้ส่งกองพัฒนานิสิต,บริการทั่วไปและสวัสดิการ,0,0,0,0,0,1,0,0
สุนัขจรจัดฝูงใหญ่ดุมาก ลานจอดรถตึก PKY วิ่งไล่กวดรถมอเตอร์ไซค์และเห่านิสิตที่เดินผ่านตอนกลางคืน,ความปลอดภัยและจราจร,0,0,0,0,1,0,0,0
การยื่นคำร้องขอเทียบโอนหน่วยกิตรายวิชา เอกสารตกค้างที่คณะ ขอให้เจ้าหน้าที่ช่วยติดตามผล,การเรียนการสอนและวิชาการ,0,0,1,0,0,0,0,0
ร้านค้า คณะวิทยาศาสตร์ ใช้น้ำมันทอดซ้ำจนเป็นสีดำสนิท อาหารมีกลิ่นหืนมาก ส่งผลเสียต่อสุขภาพผู้บริโภค,สุขอนามัยและความปลอดภัยทางอาหาร,0,0,0,0,0,0,0,1
รถสองแถวมอ ขับเร็วเฉี่ยวชนสุนัขจรจัดเสียชีวิตบริเวณ ตึก ICT เศษซากสัตว์และคราบเลือดขวางถนน อันตรายและส่งกลิ่นเหม็นมาก,"ภูมิทัศน์และความสะอาด, ความปลอดภัยและจราจร, การเดินทางและระบบขนส่ง",0,0,0,1,1,0,1,0
คอมพิวเตอร์ห้องแล็บ 4104 ตึก ICT เปิดไม่ติดหลายเครื่อง เมาส์และคีย์บอร์ดเสีย,ระบบเครือข่ายและเทคโนโลยี,0,1,0,0,0,0,0,0
โรงอาหารบริเวณ ประตู 1 ม.พะเยา มีถังขยะเศษอาหารเน่าล้น ส่งกลิ่นเหม็นคลุ้งและพบแมลงสาบไต่บนโต๊ะทานข้าว ไม่ถูกสุขอนามัย,"ภูมิทัศน์และความสะอาด, สุขอนามัยและความปลอดภัยทางอาหาร",0,0,0,1,0,0,0,1
หญ้ารกสูงมากบริเวณ ตึก EN คณะวิศวกรรมศาสตร์ มีสัตว์มีพิษและงูเลื้อยออกมา อันตรายต่อนิสิตที่เดินผ่าน,ภูมิทัศน์และความสะอาด,0,0,0,1,0,0,0,0
ลิฟต์โดยสาร วิทยาลัยการศึกษา ค้างที่ชั้น {floor} ประตูปิดไม่สนิท มีเสียงดังน่ากลัว,อาคารและสิ่งอำนวยความสะดวก,1,0,0,0,0,0,0,0
มีบุคคลภายนอกน่าสงสัยเดินวนเวียน ตึก EN คณะวิศวกรรมศาสตร์ ท่าทางไม่น่าไว้วางใจ อยากให้ รปภ. ช่วยตรวจสอบ,ความปลอดภัยและจราจร,0,0,0,0,1,0,0,0
เว็บไซต์ระบบลงทะเบียน Reg UP เกิดขัดข้อง เข้าไม่ได้ ทำให้นิสิตไม่สามารถลงทะเบียนวิชาเรียนและตรวจสอบตารางสอบได้ตามกำหนด,"ระบบเครือข่ายและเทคโนโลยี, การเรียนการสอนและวิชาการ",0,1,1,0,0,0,0,0
โปรเจกเตอร์และจอแสดงผลห้อง 1403 ตึก CE เปิดไม่ติด ภาพกระพริบ ลำโพงไมค์ไม่ดัง อาจารย์สอนไม่ได้,อาคารและสิ่งอำนวยความสะดวก,1,0,0,0,0,0,0,0
อาหารที่ซื้อจากร้านข้าว โรงอาหารตึกสงวนเสริมศรี บูดเสียและมีกลิ่นเปรี้ยว กินเข้าไปแล้วท้องเสีย อาหารไม่สดใหม่,สุขอนามัยและความปลอดภัยทางอาหาร,0,0,0,0,0,0,0,1
ระบบเช็คชื่อสแกนใบหน้า / สแกนบัตรนิสิต ตึก CE ระบบค้าง ไม่บันทึกการเข้าเรียน,ระบบเครือข่ายและเทคโนโลยี,0,1,0,0,0,0,0,0
การขอผ่อนผันการเกณฑ์ทหารสำหรับนิสิตชาย ต้องการตรวจสอบรายชื่อและขั้นตอนการยื่นเอกสาร,บริการทั่วไปและสวัสดิการ,0,0,0,0,0,1,0,0
การยื่นเรื่องขอทุนการศึกษาสำหรับนิสิตขาดแคลนทุนทรัพย์ ต้องการทราบกำหนดการและเอกสารที่ต้องใช้ส่งกองพัฒนานิสิต,บริการทั่วไปและสวัสดิการ,0,0,0,0,0,1,0,0
มีคนร้ายขโมยหมวกกันน็อคและของใต้เบาะรถ คณะศิลปศาสตร์ โดนขโมยไปหลายคัน อยากให้ตรวจสอบกล้องวงจรปิด,ความปลอดภัยและจราจร,0,0,0,0,1,0,0,0
โรงอาหารบริเวณ อาคารเทคโนโลยีสารสนเทศ มีถังขยะเศษอาหารเน่าล้น ส่งกลิ่นเหม็นคลุ้งและพบแมลงสาบไต่บนโต๊ะทานข้าว ไม่ถูกสุขอนามัย,"ภูมิทัศน์และความสะอาด, สุขอนามัยและความปลอดภัยทางอาหาร",0,0,0,1,0,0,0,1
รถเมล์สาย 1 ขับเบียดรถมอเตอร์ไซค์ของนิสิตล้มตรงทางโค้ง อ่างหลวง ม.พะเยา ทำให้การจราจรติดขัดยาวและนิสิตได้รับบาดเจ็บ,"ความปลอดภัยและจราจร, การเดินทางและระบบขนส่ง",0,0,0,0,1,0,1,0
ห้องปฏิบัติการคอมพิวเตอร์ห้อง 2201 คณะแพทยศาสตร์ ระบบไฟฟ้าขัดข้อง แอร์ดับ และสัญญาณอินเทอร์เน็ต WiFi ใช้งานไม่ได้พร้อมกัน,"อาคารและสิ่งอำนวยความสะดวก, ระบบเครือข่ายและเทคโนโลยี",1,1,0,0,0,0,0,0
ท่อน้ำทิ้งและหลังคาบริเวณ วิทยาลัยการศึกษา แตกชำรุด น้ำสกปรกเอ่อล้นพัดพาขยะเกลื่อนพื้น ส่งกลิ่นเหม็นทั่วทางเดิน,"อาคารและสิ่งอำนวยความสะดวก, ภูมิทัศน์และความสะอาด",1,0,0,1,0,0,0,0
มีบุคคลภายนอกน่าสงสัยเดินวนเวียน คณะแพทยศาสตร์ ท่าทางไม่น่าไว้วางใจ อยากให้ รปภ. ช่วยตรวจสอบ,ความปลอดภัยและจราจร,0,0,0,0,1,0,0,0
สุนัขจรจัดฝูงใหญ่ดุมาก คณะนิติศาสตร์ วิ่งไล่กวดรถมอเตอร์ไซค์และเห่านิสิตที่เดินผ่านตอนกลางคืน,ความปลอดภัยและจราจร,0,0,0,0,1,0,0,0
ห้องปฏิบัติการคอมพิวเตอร์ห้อง 3304 กองพัฒนานิสิต DSA ระบบไฟฟ้าขัดข้อง แอร์ดับ และสัญญาณอินเทอร์เน็ต WiFi ใช้งานไม่ได้พร้อมกัน,"อาคารและสิ่งอำนวยความสะดวก, ระบบเครือข่ายและเทคโนโลยี",1,1,0,0,0,0,0,0
การขอใช้พื้นที่จัดกิจกรรมชมรมและโครงการนิสิต ตึก ICT ยื่นหนังสือขออนุมัติสถานที่ล่วงหน้า ต้องติดต่อหน่วยงานใด,บริการทั่วไปและสวัสดิการ,0,0,0,0,0,1,0,0
ซากนกและสัตว์ตาย คณะบริหารธุรกิจและนิเทศศาสตร์ ส่งกลิ่นเหม็นเน่า แมลงวันตอม อยากให้แม่บ้านช่วยเก็บทำความสะอาด,ภูมิทัศน์และความสะอาด,0,0,0,1,0,0,0,0
สุขอนามัยร้านน้ำและตู้กดน้ำดื่ม คณะศิลปศาสตร์ มีตะไคร่น้ำและคราบสกปรกเกาะ ไม่มีการล้างทำความสะอาด,สุขอนามัยและความปลอดภัยทางอาหาร,0,0,0,0,0,0,0,1
ร้านค้า อาคาร PKY สงวนเสริมศรี ใช้น้ำมันทอดซ้ำจนเป็นสีดำสนิท อาหารมีกลิ่นหืนมาก ส่งผลเสียต่อสุขภาพผู้บริโภค,สุขอนามัยและความปลอดภัยทางอาหาร,0,0,0,0,0,0,0,1
รถเมล์ มพ. สาย 3 (สีแดง) รอนานมาก รอเกิน 45 นาที รถไม่พอ คนยืนเบียดกันจนล้นป้าย {loc},การเดินทางและระบบขนส่ง,0,0,0,0,0,0,1,0
หญ้ารกสูงมากบริเวณ อ่างหลวง ม.พะเยา มีสัตว์มีพิษและงูเลื้อยออกมา อันตรายต่อนิสิตที่เดินผ่าน,ภูมิทัศน์และความสะอาด,0,0,0,1,0,0,0,0
หญ้ารกสูงมากบริเวณ หอใน มพ. มีสัตว์มีพิษและงูเลื้อยออกมา อันตรายต่อนิสิตที่เดินผ่าน,ภูมิทัศน์และความสะอาด,0,0,0,1,0,0,0,0
ไฟส่องสว่างและกลอนประตูห้องน้ำหญิงที่ โรงอาหารตึกสงวนเสริมศรี พังชำรุด ดับสนิท กล้องวงจรปิดไม่ติด เสี่ยงอันตรายต่อความปลอดภัยของนิสิต,"อาคารและสิ่งอำนวยความสะดวก, ความปลอดภัยและจราจร",1,0,0,0,1,0,0,0
ตารางสอบปลายภาควิชา ICT204 ชนกัน ตารางสอบวิชาบังคับสองวิชาตรงวันและเวลาเดียวกัน ขอทำเรื่องสอบชดเชย,การเรียนการสอนและวิชาการ,0,0,1,0,0,0,0,0
มีคนร้ายขโมยหมวกกันน็อคและของใต้เบาะรถ อาคารเทคโนโลยีสารสนเทศ โดนขโมยไปหลายคัน อยากให้ตรวจสอบกล้องวงจรปิด,ความปลอดภัยและจราจร,0,0,0,0,1,0,0,0
การขอเปิดรายวิชาเพิ่มเติมสำหรับนิสิตชั้นปีที่ 2 วิชาเอกเต็ม ต้องการขอขยายจำนวนรับเพิ่มเพื่อไม่ให้จบช้า,การเรียนการสอนและวิชาการ,0,0,1,0,0,0,0,0
การติดต่อขอเอกสารใบรับรองผลการเรียน (Transcript) ระบบยังไม่อัปเดตเกรดเทอมล่าสุด ต้องการใช้ยื่นสมัครงาน,การเรียนการสอนและวิชาการ,0,0,1,0,0,0,0,0
รถเมล์สาย 1 ขับเบียดรถมอเตอร์ไซค์ของนิสิตล้มตรงทางโค้ง หอใน มพ. ทำให้การจราจรติดขัดยาวและนิสิตได้รับบาดเจ็บ,"ความปลอดภัยและจราจร, การเดินทางและระบบขนส่ง",0,0,0,0,1,0,1,0
กิ่งไม้ขนาดใหญ่หักโค่น ประตู 2 หน้ามอ พาดขวางถนนและทางเท้าหลังพายุฝนตก รถสัญจรลำบาก,ภูมิทัศน์และความสะอาด,0,0,0,1,0,0,0,0
การทำบัตรนิสิตใหม่เนื่องจากบัตรเดิมสูญหาย ติดต่อขอออกบัตรใหม่ ต้องเตรียมหลักฐานอะไรบ้างและรับบัตรได้ที่ไหน,บริการทั่วไปและสวัสดิการ,0,0,0,0,0,1,0,0
ลืมกระเป๋าสตางค์และ iPad ไว้ที่ ประตู 2 หน้ามอ ขอดูกล้องวงจรปิดย้อนหลังเพื่อติดตามทรัพย์สินสูญหาย,ความปลอดภัยและจราจร,0,0,0,0,1,0,0,0
โปรเจกเตอร์และจอแสดงผลห้อง 2302 ป้ายรถเมล์หน้า ม. เปิดไม่ติด ภาพกระพริบ ลำโพงไมค์ไม่ดัง อาจารย์สอนไม่ได้,อาคารและสิ่งอำนวยความสะดวก,1,0,0,0,0,0,0,0
การขอผ่อนผันการเกณฑ์ทหารสำหรับนิสิตชาย ต้องการตรวจสอบรายชื่อและขั้นตอนการยื่นเอกสาร,บริการทั่วไปและสวัสดิการ,0,0,0,0,0,1,0,0
การขอเปิดรายวิชาเพิ่มเติมสำหรับนิสิตชั้นปีที่ 2 วิชาเอกเต็ม ต้องการขอขยายจำนวนรับเพิ่มเพื่อไม่ให้จบช้า,การเรียนการสอนและวิชาการ,0,0,1,0,0,0,0,0
สุขอนามัยร้านน้ำและตู้กดน้ำดื่ม ลานจอดรถตึก PKY มีตะไคร่น้ำและคราบสกปรกเกาะ ไม่มีการล้างทำความสะอาด,สุขอนามัยและความปลอดภัยทางอาหาร,0,0,0,0,0,0,0,1
รถเมล์ มพ. สาย 1 (สีม่วง) รอนานมาก รอเกิน 45 นาที รถไม่พอ คนยืนเบียดกันจนล้นป้าย {loc},การเดินทางและระบบขนส่ง,0,0,0,0,0,0,1,0
คนขับรถชัตเติลบัส มพ. สาย 1 (สีม่วง) ขับเร็วและเบรกกระชาก ขับขี่อันตรายมาก ผู้โดยสารยืนทรงตัวไม่อยู่,การเดินทางและระบบขนส่ง,0,0,0,0,0,0,1,0
รถเมล์สาย 1 ขับเบียดรถมอเตอร์ไซค์ของนิสิตล้มตรงทางโค้ง คณะวิทยาศาสตร์ ทำให้การจราจรติดขัดยาวและนิสิตได้รับบาดเจ็บ,"ความปลอดภัยและจราจร, การเดินทางและระบบขนส่ง",0,0,0,0,1,0,1,0
รถสองแถวมอ ขับเบียดรถมอเตอร์ไซค์ของนิสิตล้มตรงทางโค้ง ป้ายรถเมล์หน้า ม. ทำให้การจราจรติดขัดยาวและนิสิตได้รับบาดเจ็บ,"ความปลอดภัยและจราจร, การเดินทางและระบบขนส่ง",0,0,0,0,1,0,1,0
คอมพิวเตอร์ห้องแล็บ 1202 คณะเกษตรศาสตร์ เปิดไม่ติดหลายเครื่อง เมาส์และคีย์บอร์ดเสีย,ระบบเครือข่ายและเทคโนโลยี,0,1,0,0,0,0,0,0
ร้านค้า โรงอาหารตึกสงวนเสริมศรี ใช้น้ำมันทอดซ้ำจนเป็นสีดำสนิท อาหารมีกลิ่นหืนมาก ส่งผลเสียต่อสุขภาพผู้บริโภค,สุขอนามัยและความปลอดภัยทางอาหาร,0,0,0,0,0,0,0,1
ระบบ LMS / D-Learning ม.พะเยา หน้าเว็บค้าง ส่งงานการบ้านและควิซออนไลน์ไม่ทัน,ระบบเครือข่ายและเทคโนโลยี,0,1,0,0,0,0,0,0
ห้องปฏิบัติการคอมพิวเตอร์ห้อง 4103 ตึก EN คณะวิศวกรรมศาสตร์ ระบบไฟฟ้าขัดข้อง แอร์ดับ และสัญญาณอินเทอร์เน็ต WiFi ใช้งานไม่ได้พร้อมกัน,"อาคารและสิ่งอำนวยความสะดวก, ระบบเครือข่ายและเทคโนโลยี",1,1,0,0,0,0,0,0
การทำเรื่องขอผ่อนผันและดรอปรายวิชา (Withdraw) อาจารย์ประจำวิชาไม่อนุมัติในระบบ ต้องการสอบถามขั้นตอนที่ถูกต้อง,การเรียนการสอนและวิชาการ,0,0,1,0,0,0,0,0
รถสองแถวมอ ขับเบียดรถมอเตอร์ไซค์ของนิสิตล้มตรงทางโค้ง คณะนิติศาสตร์ ทำให้การจราจรติดขัดยาวและนิสิตได้รับบาดเจ็บ,"ความปลอดภัยและจราจร, การเดินทางและระบบขนส่ง",0,0,0,0,1,0,1,0
การขอใช้พื้นที่จัดกิจกรรมชมรมและโครงการนิสิต คณะเภสัชศาสตร์ ยื่นหนังสือขออนุมัติสถานที่ล่วงหน้า ต้องติดต่อหน่วยงานใด,บริการทั่วไปและสวัสดิการ,0,0,0,0,0,1,0,0
กระจกหน้าต่างห้องบรรยาย 4301 โรงอาหารตึกสงวนเสริมศรี แตกชำรุด ลมพัดเศษกระจกอาจตกใส่คนข้างล่าง,อาคารและสิ่งอำนวยความสะดวก,1,0,0,0,0,0,0,0
พัดลมเพดานและปลั๊กไฟห้อง 4302 คณะพยาบาลศาสตร์ ปลั๊กไฟช็อตมีกลิ่นไหม้ พัดลมหมุนช้ามาก,อาคารและสิ่งอำนวยความสะดวก,1,0,0,0,0,0,0,0
ไฟส่องสว่างและกลอนประตูห้องน้ำหญิงที่ โรงอาหารกลาง พังชำรุด ดับสนิท กล้องวงจรปิดไม่ติด เสี่ยงอันตรายต่อความปลอดภัยของนิสิต,"อาคารและสิ่งอำนวยความสะดวก, ความปลอดภัยและจราจร",1,0,0,0,1,0,0,0
รถสองแถวมอ ขับเบียดรถมอเตอร์ไซค์ของนิสิตล้มตรงทางโค้ง โรงอาหารกลาง ทำให้การจราจรติดขัดยาวและนิสิตได้รับบาดเจ็บ,"ความปลอดภัยและจราจร, การเดินทางและระบบขนส่ง",0,0,0,0,1,0,1,0
กิ่งไม้ขนาดใหญ่หักโค่น อาคาร PKY สงวนเสริมศรี พาดขวางถนนและทางเท้าหลังพายุฝนตก รถสัญจรลำบาก,ภูมิทัศน์และความสะอาด,0,0,0,1,0,0,0,0
ช้อนส้อมและจานชามที่ ตึก CE ล้างไม่สะอาด มีคราบมันและเศษอาหารติดอยู่ อยากให้ตรวจเข้มงวด,สุขอนามัยและความปลอดภัยทางอาหาร,0,0,0,0,0,0,0,1
เว็บไซต์ระบบลงทะเบียน Reg UP เกิดขัดข้อง เข้าไม่ได้ ทำให้นิสิตไม่สามารถลงทะเบียนวิชาเรียนและตรวจสอบตารางสอบได้ตามกำหนด,"ระบบเครือข่ายและเทคโนโลยี, การเรียนการสอนและวิชาการ",0,1,1,0,0,0,0,0
ร้านค้า ประตู 3 ฝั่งเกษตร ใช้น้ำมันทอดซ้ำจนเป็นสีดำสนิท อาหารมีกลิ่นหืนมาก ส่งผลเสียต่อสุขภาพผู้บริโภค,สุขอนามัยและความปลอดภัยทางอาหาร,0,0,0,0,0,0,0,1
ตารางสอบปลายภาควิชา MED201 ชนกัน ตารางสอบวิชาบังคับสองวิชาตรงวันและเวลาเดียวกัน ขอทำเรื่องสอบชดเชย,การเรียนการสอนและวิชาการ,0,0,1,0,0,0,0,0
ตารางสอบปลายภาควิชา GEN001 ชนกัน ตารางสอบวิชาบังคับสองวิชาตรงวันและเวลาเดียวกัน ขอทำเรื่องสอบชดเชย,การเรียนการสอนและวิชาการ,0,0,1,0,0,0,0,0
พัดลมเพดานและปลั๊กไฟห้อง 2402 โรงอาหารกลาง ปลั๊กไฟช็อตมีกลิ่นไหม้ พัดลมหมุนช้ามาก,อาคารและสิ่งอำนวยความสะดวก,1,0,0,0,0,0,0,0
รถเมล์มอวิ่งไม่ตรงรอบตารางเวลา ช่วงเวลาเร่งด่วนเช้าไม่มีรถวิ่ง นิสิตไปเรียนไม่ทัน,การเดินทางและระบบขนส่ง,0,0,0,0,0,0,1,0
โรงอาหารบริเวณ อ่างหลวง ม.พะเยา มีถังขยะเศษอาหารเน่าล้น ส่งกลิ่นเหม็นคลุ้งและพบแมลงสาบไต่บนโต๊ะทานข้าว ไม่ถูกสุขอนามัย,"ภูมิทัศน์และความสะอาด, สุขอนามัยและความปลอดภัยทางอาหาร",0,0,0,1,0,0,0,1
ห้องปฏิบัติการคอมพิวเตอร์ห้อง 1304 ตึก CE ระบบไฟฟ้าขัดข้อง แอร์ดับ และสัญญาณอินเทอร์เน็ต WiFi ใช้งานไม่ได้พร้อมกัน,"อาคารและสิ่งอำนวยความสะดวก, ระบบเครือข่ายและเทคโนโลยี",1,1,0,0,0,0,0,0
ซากนกและสัตว์ตาย กองพัฒนานิสิต DSA ส่งกลิ่นเหม็นเน่า แมลงวันตอม อยากให้แม่บ้านช่วยเก็บทำความสะอาด,ภูมิทัศน์และความสะอาด,0,0,0,1,0,0,0,0
ถังขยะบริเวณ ตึก EN คณะวิศวกรรมศาสตร์ ขยะล้นถัง ส่งกลิ่นเหม็นเน่าเกลื่อนพื้น ไม่มีเจ้าหน้าที่มาเก็บ,ภูมิทัศน์และความสะอาด,0,0,0,1,0,0,0,0
การขอเปิดรายวิชาเพิ่มเติมสำหรับนิสิตชั้นปีที่ 1 วิชาเอกเต็ม ต้องการขอขยายจำนวนรับเพิ่มเพื่อไม่ให้จบช้า,การเรียนการสอนและวิชาการ,0,0,1,0,0,0,0,0
พัดลมเพดานและปลั๊กไฟห้อง 1204 กองพัฒนานิสิต DSA ปลั๊กไฟช็อตมีกลิ่นไหม้ พัดลมหมุนช้ามาก,อาคารและสิ่งอำนวยความสะดวก,1,0,0,0,0,0,0,0
หญ้ารกสูงมากบริเวณ ป้ายหอใน มีสัตว์มีพิษและงูเลื้อยออกมา อันตรายต่อนิสิตที่เดินผ่าน,ภูมิทัศน์และความสะอาด,0,0,0,1,0,0,0,0
ลืมกระเป๋าสตางค์และ iPad ไว้ที่ คณะนิติศาสตร์ ขอดูกล้องวงจรปิดย้อนหลังเพื่อติดตามทรัพย์สินสูญหาย,ความปลอดภัยและจราจร,0,0,0,0,1,0,0,0
รถเมล์มอวิ่งไม่ตรงรอบตารางเวลา ช่วงเวลาเร่งด่วนเช้าไม่มีรถวิ่ง นิสิตไปเรียนไม่ทัน,การเดินทางและระบบขนส่ง,0,0,0,0,0,0,1,0
รถชัตเติลบัส มพ. ขับเร็วเฉี่ยวชนสุนัขจรจัดเสียชีวิตบริเวณ ตึก CE เศษซากสัตว์และคราบเลือดขวางถนน อันตรายและส่งกลิ่นเหม็นมาก,"ภูมิทัศน์และความสะอาด, ความปลอดภัยและจราจร, การเดินทางและระบบขนส่ง",0,0,0,1,1,0,1,0
ช้อนส้อมและจานชามที่ คณะนิติศาสตร์ ล้างไม่สะอาด มีคราบมันและเศษอาหารติดอยู่ อยากให้ตรวจเข้มงวด,สุขอนามัยและความปลอดภัยทางอาหาร,0,0,0,0,0,0,0,1
เศษกระจกและขยะแก้วแตกเกลื่อนบนพื้น อ่างหลวง ม.พะเยา อันตรายมาก กลัวบาดเท้านิสิตและยางรถมอเตอร์ไซค์รั่ว,ภูมิทัศน์และความสะอาด,0,0,0,1,0,0,0,0
คอมพิวเตอร์ห้องแล็บ 4102 ตึก EN คณะวิศวกรรมศาสตร์ เปิดไม่ติดหลายเครื่อง เมาส์และคีย์บอร์ดเสีย,ระบบเครือข่ายและเทคโนโลยี,0,1,0,0,0,0,0,0
รถสองแถวมอ ขับเร็วเฉี่ยวชนสุนัขจรจัดเสียชีวิตบริเวณ วิทยาลัยการศึกษา เศษซากสัตว์และคราบเลือดขวางถนน อันตรายและส่งกลิ่นเหม็นมาก,"ภูมิทัศน์และความสะอาด, ความปลอดภัยและจราจร, การเดินทางและระบบขนส่ง",0,0,0,1,1,0,1,0
ท่อน้ำทิ้งและหลังคาบริเวณ ลานจอดรถตึก PKY แตกชำรุด น้ำสกปรกเอ่อล้นพัดพาขยะเกลื่อนพื้น ส่งกลิ่นเหม็นทั่วทางเดิน,"อาคารและสิ่งอำนวยความสะดวก, ภูมิทัศน์และความสะอาด",1,0,0,1,0,0,0,0
ห้องปฏิบัติการคอมพิวเตอร์ห้อง 1303 หอใน มพ. ระบบไฟฟ้าขัดข้อง แอร์ดับ และสัญญาณอินเทอร์เน็ต WiFi ใช้งานไม่ได้พร้อมกัน,"อาคารและสิ่งอำนวยความสะดวก, ระบบเครือข่ายและเทคโนโลยี",1,1,0,0,0,0,0,0
การยื่นคำร้องขอเทียบโอนหน่วยกิตรายวิชา เอกสารตกค้างที่คณะ ขอให้เจ้าหน้าที่ช่วยติดตามผล,การเรียนการสอนและวิชาการ,0,0,1,0,0,0,0,0
รถสองแถวมอ ขับเร็วเฉี่ยวชนสุนัขจรจัดเสียชีวิตบริเวณ วิทยาลัยการศึกษา เศษซากสัตว์และคราบเลือดขวางถนน อันตรายและส่งกลิ่นเหม็นมาก,"ภูมิทัศน์และความสะอาด, ความปลอดภัยและจราจร, การเดินทางและระบบขนส่ง",0,0,0,1,1,0,1,0
ร้านอาหารที่ คณะแพทยศาสตร์ อาหารไม่สะอาด พบแมลงสาบตัวเล็กและเส้นผมปนเปื้อนในจานข้าว,สุขอนามัยและความปลอดภัยทางอาหาร,0,0,0,0,0,0,0,1
การทำเรื่องขอผ่อนผันและดรอปรายวิชา (Withdraw) อาจารย์ประจำวิชาไม่อนุมัติในระบบ ต้องการสอบถามขั้นตอนที่ถูกต้อง,การเรียนการสอนและวิชาการ,0,0,1,0,0,0,0,0
ไฟส่องสว่างทางเดิน คณะนิติศาสตร์ ดับมืดสนิท ทางเปลี่ยวมาก เสี่ยงต่อการเกิดอาชญากรรมและชิงทรัพย์,ความปลอดภัยและจราจร,0,0,0,0,1,0,0,0
ระบบอีเมลมหาวิทยาลัยและ Office 365 ล็อกอินไม่ได้ แจ้งเตือนรหัสผ่านหมดอายุ เข้าใช้งานไม่ได้,ระบบเครือข่ายและเทคโนโลยี,0,1,0,0,0,0,0,0
ห้องปฏิบัติการคอมพิวเตอร์ห้อง 2301 กองพัฒนานิสิต DSA ระบบไฟฟ้าขัดข้อง แอร์ดับ และสัญญาณอินเทอร์เน็ต WiFi ใช้งานไม่ได้พร้อมกัน,"อาคารและสิ่งอำนวยความสะดวก, ระบบเครือข่ายและเทคโนโลยี",1,1,0,0,0,0,0,0
หญ้ารกสูงมากบริเวณ ป้ายรถเมล์หน้า ม. มีสัตว์มีพิษและงูเลื้อยออกมา อันตรายต่อนิสิตที่เดินผ่าน,ภูมิทัศน์และความสะอาด,0,0,0,1,0,0,0,0
การขอผ่อนผันการเกณฑ์ทหารสำหรับนิสิตชาย ต้องการตรวจสอบรายชื่อและขั้นตอนการยื่นเอกสาร,บริการทั่วไปและสวัสดิการ,0,0,0,0,0,1,0,0
ร้านอาหารที่ ป้ายรถเมล์หน้า ม. ใช้น้ำมันทอดซ้ำจนดำ และมีเศษแก้วแตกตกอยู่ในถาดอาหาร นิสิตกินแล้วบาดปากและมีอาการท้องเสีย,"ความปลอดภัยและจราจร, สุขอนามัยและความปลอดภัยทางอาหาร",0,0,0,0,1,0,0,1
ระบบ LMS / D-Learning ม.พะเยา หน้าเว็บค้าง ส่งงานการบ้านและควิซออนไลน์ไม่ทัน,ระบบเครือข่ายและเทคโนโลยี,0,1,0,0,0,0,0,0
กระจกหน้าต่างห้องบรรยาย 3302 ประตู 1 ม.พะเยา แตกชำรุด ลมพัดเศษกระจกอาจตกใส่คนข้างล่าง,อาคารและสิ่งอำนวยความสะดวก,1,0,0,0,0,0,0,0
กลอนประตูล็อคห้องน้ำ อาคารเรียนรวม CE พังหัก ล็อคประตูไม่อยู่ ปิดไม่ได้,อาคารและสิ่งอำนวยความสะดวก,1,0,0,0,0,0,0,0
ร้านค้า ประตู 1 ม.พะเยา ใช้น้ำมันทอดซ้ำจนเป็นสีดำสนิท อาหารมีกลิ่นหืนมาก ส่งผลเสียต่อสุขภาพผู้บริโภค,สุขอนามัยและความปลอดภัยทางอาหาร,0,0,0,0,0,0,0,1
การยื่นคำร้องขอเทียบโอนหน่วยกิตรายวิชา เอกสารตกค้างที่คณะ ขอให้เจ้าหน้าที่ช่วยติดตามผล,การเรียนการสอนและวิชาการ,0,0,1,0,0,0,0,0
ร้านอาหารที่ โรงอาหารตึกสงวนเสริมศรี ใช้น้ำมันทอดซ้ำจนดำ และมีเศษแก้วแตกตกอยู่ในถาดอาหาร นิสิตกินแล้วบาดปากและมีอาการท้องเสีย,"ความปลอดภัยและจราจร, สุขอนามัยและความปลอดภัยทางอาหาร",0,0,0,0,1,0,0,1
การขอเปิดรายวิชาเพิ่มเติมสำหรับนิสิตชั้นปีที่ 4 วิชาเอกเต็ม ต้องการขอขยายจำนวนรับเพิ่มเพื่อไม่ให้จบช้า,การเรียนการสอนและวิชาการ,0,0,1,0,0,0,0,0
ซากนกและสัตว์ตาย อาคารเทคโนโลยีสารสนเทศ ส่งกลิ่นเหม็นเน่า แมลงวันตอม อยากให้แม่บ้านช่วยเก็บทำความสะอาด,ภูมิทัศน์และความสะอาด,0,0,0,1,0,0,0,0
รถเมล์สาย 1 ขับเบียดรถมอเตอร์ไซค์ของนิสิตล้มตรงทางโค้ง คณะศิลปศาสตร์ ทำให้การจราจรติดขัดยาวและนิสิตได้รับบาดเจ็บ,"ความปลอดภัยและจราจร, การเดินทางและระบบขนส่ง",0,0,0,0,1,0,1,0
สุขอนามัยร้านน้ำและตู้กดน้ำดื่ม ประตู 3 ฝั่งเกษตร มีตะไคร่น้ำและคราบสกปรกเกาะ ไม่มีการล้างทำความสะอาด,สุขอนามัยและความปลอดภัยทางอาหาร,0,0,0,0,0,0,0,1
หลอดไฟในห้องน้ำชาย อาคารเทคโนโลยีสารสนเทศ ดับมืดสนิท กระพริบตลอดเวลา ใช้งานไม่ได้,อาคารและสิ่งอำนวยความสะดวก,1,0,0,0,0,0,0,0
ท่อน้ำทิ้งและหลังคาบริเวณ ทางเดิน Skywalk แตกชำรุด น้ำสกปรกเอ่อล้นพัดพาขยะเกลื่อนพื้น ส่งกลิ่นเหม็นทั่วทางเดิน,"อาคารและสิ่งอำนวยความสะดวก, ภูมิทัศน์และความสะอาด",1,0,0,1,0,0,0,0
เครื่องปรับอากาศห้อง 3201 ประตู 2 หน้ามอ มีน้ำรั่วหยดและไม่เย็นเลย เสียงดังมาก รบกวนเวลาเรียน,อาคารและสิ่งอำนวยความสะดวก,1,0,0,0,0,0,0,0
รถชัตเติลบัส มพ. ขับเบียดรถมอเตอร์ไซค์ของนิสิตล้มตรงทางโค้ง คณะเกษตรศาสตร์ ทำให้การจราจรติดขัดยาวและนิสิตได้รับบาดเจ็บ,"ความปลอดภัยและจราจร, การเดินทางและระบบขนส่ง",0,0,0,0,1,0,1,0
การทำบัตรนิสิตใหม่เนื่องจากบัตรเดิมสูญหาย ติดต่อขอออกบัตรใหม่ ต้องเตรียมหลักฐานอะไรบ้างและรับบัตรได้ที่ไหน,บริการทั่วไปและสวัสดิการ,0,0,0,0,0,1,0,0
ร้านอาหารที่ ประตู 2 หน้ามอ ใช้น้ำมันทอดซ้ำจนดำ และมีเศษแก้วแตกตกอยู่ในถาดอาหาร นิสิตกินแล้วบาดปากและมีอาการท้องเสีย,"ความปลอดภัยและจราจร, สุขอนามัยและความปลอดภัยทางอาหาร",0,0,0,0,1,0,0,1
ช้อนส้อมและจานชามที่ คณะศิลปศาสตร์ ล้างไม่สะอาด มีคราบมันและเศษอาหารติดอยู่ อยากให้ตรวจเข้มงวด,สุขอนามัยและความปลอดภัยทางอาหาร,0,0,0,0,0,0,0,1
สวัสดิการประกันอุบัติเหตุสำหรับนิสิต ประสบอุบัติเหตุเข้ารับการรักษาที่โรงพยาบาล ต้องการทำเรื่องเบิกเคลมประกัน,บริการทั่วไปและสวัสดิการ,0,0,0,0,0,1,0,0
มีบุคคลภายนอกน่าสงสัยเดินวนเวียน อาคารเทคโนโลยีสารสนเทศ ท่าทางไม่น่าไว้วางใจ อยากให้ รปภ. ช่วยตรวจสอบ,ความปลอดภัยและจราจร,0,0,0,0,1,0,0,0
การทำบัตรนิสิตใหม่เนื่องจากบัตรเดิมสูญหาย ติดต่อขอออกบัตรใหม่ ต้องเตรียมหลักฐานอะไรบ้างและรับบัตรได้ที่ไหน,บริการทั่วไปและสวัสดิการ,0,0,0,0,0,1,0,0
รถเมล์มอวิ่งไม่ตรงรอบตารางเวลา ช่วงเวลาเร่งด่วนเช้าไม่มีรถวิ่ง นิสิตไปเรียนไม่ทัน,การเดินทางและระบบขนส่ง,0,0,0,0,0,0,1,0
ร้านอาหารที่ อาคารเทคโนโลยีสารสนเทศ อาหารไม่สะอาด พบแมลงสาบตัวเล็กและเส้นผมปนเปื้อนในจานข้าว,สุขอนามัยและความปลอดภัยทางอาหาร,0,0,0,0,0,0,0,1
ไฟส่องสว่างและกลอนประตูห้องน้ำหญิงที่ ประตู 3 ฝั่งเกษตร พังชำรุด ดับสนิท กล้องวงจรปิดไม่ติด เสี่ยงอันตรายต่อความปลอดภัยของนิสิต,"อาคารและสิ่งอำนวยความสะดวก, ความปลอดภัยและจราจร",1,0,0,0,1,0,0,0
คราบโคลนและเศษดินหลังฝนตกหนัก คณะเภสัชศาสตร์ ลื่นมาก ถนนเฉอะแฉะ เสี่ยงเกิดอุบัติเหตุลื่นล้ม,ภูมิทัศน์และความสะอาด,0,0,0,1,0,0,0,0
รถชัตเติลบัส มพ. ขับเร็วเฉี่ยวชนสุนัขจรจัดเสียชีวิตบริเวณ ตึก ICT เศษซากสัตว์และคราบเลือดขวางถนน อันตรายและส่งกลิ่นเหม็นมาก,"ภูมิทัศน์และความสะอาด, ความปลอดภัยและจราจร, การเดินทางและระบบขนส่ง",0,0,0,1,1,0,1,0
การขอใช้พื้นที่จัดกิจกรรมชมรมและโครงการนิสิต คณะวิทยาศาสตร์ ยื่นหนังสือขออนุมัติสถานที่ล่วงหน้า ต้องติดต่อหน่วยงานใด,บริการทั่วไปและสวัสดิการ,0,0,0,0,0,1,0,0
ร้านอาหารที่ ป้ายรถเมล์หน้า ม. ใช้น้ำมันทอดซ้ำจนดำ และมีเศษแก้วแตกตกอยู่ในถาดอาหาร นิสิตกินแล้วบาดปากและมีอาการท้องเสีย,"ความปลอดภัยและจราจร, สุขอนามัยและความปลอดภัยทางอาหาร",0,0,0,0,1,0,0,1
ถังขยะบริเวณ โรงอาหารกลาง ขยะล้นถัง ส่งกลิ่นเหม็นเน่าเกลื่อนพื้น ไม่มีเจ้าหน้าที่มาเก็บ,ภูมิทัศน์และความสะอาด,0,0,0,1,0,0,0,0
เว็บไซต์ระบบลงทะเบียน Reg UP เกิดขัดข้อง เข้าไม่ได้ ทำให้นิสิตไม่สามารถลงทะเบียนวิชาเรียนและตรวจสอบตารางสอบได้ตามกำหนด,"ระบบเครือข่ายและเทคโนโลยี, การเรียนการสอนและวิชาการ",0,1,1,0,0,0,0,0
ท่อน้ำทิ้งและหลังคาบริเวณ อาคาร PKY สงวนเสริมศรี แตกชำรุด น้ำสกปรกเอ่อล้นพัดพาขยะเกลื่อนพื้น ส่งกลิ่นเหม็นทั่วทางเดิน,"อาคารและสิ่งอำนวยความสะดวก, ภูมิทัศน์และความสะอาด",1,0,0,1,0,0,0,0
ซากนกและสัตว์ตาย คณะนิติศาสตร์ ส่งกลิ่นเหม็นเน่า แมลงวันตอม อยากให้แม่บ้านช่วยเก็บทำความสะอาด,ภูมิทัศน์และความสะอาด,0,0,0,1,0,0,0,0
ระบบเช็คชื่อสแกนใบหน้า / สแกนบัตรนิสิต ประตู 1 ม.พะเยา ระบบค้าง ไม่บันทึกการเข้าเรียน,ระบบเครือข่ายและเทคโนโลยี,0,1,0,0,0,0,0,0
ช้อนส้อมและจานชามที่ หอพักลุมพินี ล้างไม่สะอาด มีคราบมันและเศษอาหารติดอยู่ อยากให้ตรวจเข้มงวด,สุขอนามัยและความปลอดภัยทางอาหาร,0,0,0,0,0,0,0,1
รถจักรยานยนต์ขับเร็วและย้อนศรบริเวณ คณะเภสัชศาสตร์ ขับขี่อันตรายมาก เกือบชนนิสิตข้ามทางม้าลายหลายครั้ง,ความปลอดภัยและจราจร,0,0,0,0,1,0,0,0
ร้านค้า คณะวิทยาศาสตร์ ใช้น้ำมันทอดซ้ำจนเป็นสีดำสนิท อาหารมีกลิ่นหืนมาก ส่งผลเสียต่อสุขภาพผู้บริโภค,สุขอนามัยและความปลอดภัยทางอาหาร,0,0,0,0,0,0,0,1
กิ่งไม้ขนาดใหญ่หักโค่น คณะศิลปศาสตร์ พาดขวางถนนและทางเท้าหลังพายุฝนตก รถสัญจรลำบาก,ภูมิทัศน์และความสะอาด,0,0,0,1,0,0,0,0
ป้ายรอรถเมล์ หอพักลุมพินี หลังคารั่ว ฝนตกแล้วน้ำรั่วลงมา เปียกทั้งที่นั่ง รอรถลำบากมาก,การเดินทางและระบบขนส่ง,0,0,0,0,0,0,1,0
ร้านอาหารที่ ป้ายหอใน ใช้น้ำมันทอดซ้ำจนดำ และมีเศษแก้วแตกตกอยู่ในถาดอาหาร นิสิตกินแล้วบาดปากและมีอาการท้องเสีย,"ความปลอดภัยและจราจร, สุขอนามัยและความปลอดภัยทางอาหาร",0,0,0,0,1,0,0,1
การทำเรื่องขอผ่อนผันและดรอปรายวิชา (Withdraw) อาจารย์ประจำวิชาไม่อนุมัติในระบบ ต้องการสอบถามขั้นตอนที่ถูกต้อง,การเรียนการสอนและวิชาการ,0,0,1,0,0,0,0,0
ท่อน้ำทิ้งและหลังคาบริเวณ วิทยาลัยการศึกษา แตกชำรุด น้ำสกปรกเอ่อล้นพัดพาขยะเกลื่อนพื้น ส่งกลิ่นเหม็นทั่วทางเดิน,"อาคารและสิ่งอำนวยความสะดวก, ภูมิทัศน์และความสะอาด",1,0,0,1,0,0,0,0
ห้องปฏิบัติการคอมพิวเตอร์ห้อง 4301 คณะบริหารธุรกิจและนิเทศศาสตร์ ระบบไฟฟ้าขัดข้อง แอร์ดับ และสัญญาณอินเทอร์เน็ต WiFi ใช้งานไม่ได้พร้อมกัน,"อาคารและสิ่งอำนวยความสะดวก, ระบบเครือข่ายและเทคโนโลยี",1,1,0,0,0,0,0,0
ท่อน้ำทิ้งและหลังคาบริเวณ คณะแพทยศาสตร์ แตกชำรุด น้ำสกปรกเอ่อล้นพัดพาขยะเกลื่อนพื้น ส่งกลิ่นเหม็นทั่วทางเดิน,"อาคารและสิ่งอำนวยความสะดวก, ภูมิทัศน์และความสะอาด",1,0,0,1,0,0,0,0
ระบบอีเมลมหาวิทยาลัยและ Office 365 ล็อกอินไม่ได้ แจ้งเตือนรหัสผ่านหมดอายุ เข้าใช้งานไม่ได้,ระบบเครือข่ายและเทคโนโลยี,0,1,0,0,0,0,0,0
การยื่นเรื่องขอทุนการศึกษาสำหรับนิสิตขาดแคลนทุนทรัพย์ ต้องการทราบกำหนดการและเอกสารที่ต้องใช้ส่งกองพัฒนานิสิต,บริการทั่วไปและสวัสดิการ,0,0,0,0,0,1,0,0
รถบัส มพ. ไม่ยอมจอดรับผู้โดยสารที่ป้าย ทางเดิน Skywalk รถว่างแต่ขับผ่านเลยไป ไม่จอดรับคนที่รอ,การเดินทางและระบบขนส่ง,0,0,0,0,0,0,1,0
เศษกระจกและขยะแก้วแตกเกลื่อนบนพื้น สนามกีฬาในร่ม อันตรายมาก กลัวบาดเท้านิสิตและยางรถมอเตอร์ไซค์รั่ว,ภูมิทัศน์และความสะอาด,0,0,0,1,0,0,0,0
เว็บไซต์ระบบลงทะเบียน Reg UP เกิดขัดข้อง เข้าไม่ได้ ทำให้นิสิตไม่สามารถลงทะเบียนวิชาเรียนและตรวจสอบตารางสอบได้ตามกำหนด,"ระบบเครือข่ายและเทคโนโลยี, การเรียนการสอนและวิชาการ",0,1,1,0,0,0,0,0
การประกาศคะแนนสอบกลางภาควิชา LAW101 คะแนนในระบบไม่ตรงกับที่อาจารย์แจ้ง ขอตรวจสอบความถูกต้อง,การเรียนการสอนและวิชาการ,0,0,1,0,0,0,0,0
ร้านอาหารที่ ตึก EN คณะวิศวกรรมศาสตร์ ใช้น้ำมันทอดซ้ำจนดำ และมีเศษแก้วแตกตกอยู่ในถาดอาหาร นิสิตกินแล้วบาดปากและมีอาการท้องเสีย,"ความปลอดภัยและจราจร, สุขอนามัยและความปลอดภัยทางอาหาร",0,0,0,0,1,0,0,1
ร้านอาหารที่ ตึก ICT ใช้น้ำมันทอดซ้ำจนดำ และมีเศษแก้วแตกตกอยู่ในถาดอาหาร นิสิตกินแล้วบาดปากและมีอาการท้องเสีย,"ความปลอดภัยและจราจร, สุขอนามัยและความปลอดภัยทางอาหาร",0,0,0,0,1,0,0,1
ห้องปฏิบัติการคอมพิวเตอร์ห้อง 2302 ประตู 2 หน้ามอ ระบบไฟฟ้าขัดข้อง แอร์ดับ และสัญญาณอินเทอร์เน็ต WiFi ใช้งานไม่ได้พร้อมกัน,"อาคารและสิ่งอำนวยความสะดวก, ระบบเครือข่ายและเทคโนโลยี",1,1,0,0,0,0,0,0
ร้านค้า อาคารเทคโนโลยีสารสนเทศ ใช้น้ำมันทอดซ้ำจนเป็นสีดำสนิท อาหารมีกลิ่นหืนมาก ส่งผลเสียต่อสุขภาพผู้บริโภค,สุขอนามัยและความปลอดภัยทางอาหาร,0,0,0,0,0,0,0,1
ร้านค้า คณะนิติศาสตร์ ใช้น้ำมันทอดซ้ำจนเป็นสีดำสนิท อาหารมีกลิ่นหืนมาก ส่งผลเสียต่อสุขภาพผู้บริโภค,สุขอนามัยและความปลอดภัยทางอาหาร,0,0,0,0,0,0,0,1
ห้องปฏิบัติการคอมพิวเตอร์ห้อง 3202 ตึก EN คณะวิศวกรรมศาสตร์ ระบบไฟฟ้าขัดข้อง แอร์ดับ และสัญญาณอินเทอร์เน็ต WiFi ใช้งานไม่ได้พร้อมกัน,"อาคารและสิ่งอำนวยความสะดวก, ระบบเครือข่ายและเทคโนโลยี",1,1,0,0,0,0,0,0
อาหารที่ซื้อจากร้านข้าว กองพัฒนานิสิต DSA บูดเสียและมีกลิ่นเปรี้ยว กินเข้าไปแล้วท้องเสีย อาหารไม่สดใหม่,สุขอนามัยและความปลอดภัยทางอาหาร,0,0,0,0,0,0,0,1
ลิฟต์โดยสาร ลานจอดรถตึก PKY ค้างที่ชั้น {floor} ประตูปิดไม่สนิท มีเสียงดังน่ากลัว,อาคารและสิ่งอำนวยความสะดวก,1,0,0,0,0,0,0,0
รถเมล์สาย 1 ขับเบียดรถมอเตอร์ไซค์ของนิสิตล้มตรงทางโค้ง สนามกีฬาในร่ม ทำให้การจราจรติดขัดยาวและนิสิตได้รับบาดเจ็บ,"ความปลอดภัยและจราจร, การเดินทางและระบบขนส่ง",0,0,0,0,1,0,1,0
รถเมล์สาย 1 ขับเร็วเฉี่ยวชนสุนัขจรจัดเสียชีวิตบริเวณ โรงอาหารกลาง เศษซากสัตว์และคราบเลือดขวางถนน อันตรายและส่งกลิ่นเหม็นมาก,"ภูมิทัศน์และความสะอาด, ความปลอดภัยและจราจร, การเดินทางและระบบขนส่ง",0,0,0,1,1,0,1,0
การประกาศคะแนนสอบกลางภาควิชา GEN001 คะแนนในระบบไม่ตรงกับที่อาจารย์แจ้ง ขอตรวจสอบความถูกต้อง,การเรียนการสอนและวิชาการ,0,0,1,0,0,0,0,0
ห้องปฏิบัติการคอมพิวเตอร์ห้อง 3203 ป้ายรถเมล์หน้า ม. ระบบไฟฟ้าขัดข้อง แอร์ดับ และสัญญาณอินเทอร์เน็ต WiFi ใช้งานไม่ได้พร้อมกัน,"อาคารและสิ่งอำนวยความสะดวก, ระบบเครือข่ายและเทคโนโลยี",1,1,0,0,0,0,0,0
เครื่องปรับอากาศห้อง 1303 ป้ายหอใน มีน้ำรั่วหยดและไม่เย็นเลย เสียงดังมาก รบกวนเวลาเรียน,อาคารและสิ่งอำนวยความสะดวก,1,0,0,0,0,0,0,0
หญ้ารกสูงมากบริเวณ สนามกีฬาในร่ม มีสัตว์มีพิษและงูเลื้อยออกมา อันตรายต่อนิสิตที่เดินผ่าน,ภูมิทัศน์และความสะอาด,0,0,0,1,0,0,0,0
ร้านค้า คณะเกษตรศาสตร์ ใช้น้ำมันทอดซ้ำจนเป็นสีดำสนิท อาหารมีกลิ่นหืนมาก ส่งผลเสียต่อสุขภาพผู้บริโภค,สุขอนามัยและความปลอดภัยทางอาหาร,0,0,0,0,0,0,0,1
มีคนร้ายขโมยหมวกกันน็อคและของใต้เบาะรถ ตึก CE โดนขโมยไปหลายคัน อยากให้ตรวจสอบกล้องวงจรปิด,ความปลอดภัยและจราจร,0,0,0,0,1,0,0,0
โปรเจกเตอร์และจอแสดงผลห้อง 2101 อาคารเทคโนโลยีสารสนเทศ เปิดไม่ติด ภาพกระพริบ ลำโพงไมค์ไม่ดัง อาจารย์สอนไม่ได้,อาคารและสิ่งอำนวยความสะดวก,1,0,0,0,0,0,0,0
การยื่นคำร้องขอเทียบโอนหน่วยกิตรายวิชา เอกสารตกค้างที่คณะ ขอให้เจ้าหน้าที่ช่วยติดตามผล,การเรียนการสอนและวิชาการ,0,0,1,0,0,0,0,0
ถังขยะบริเวณ คณะศิลปศาสตร์ ขยะล้นถัง ส่งกลิ่นเหม็นเน่าเกลื่อนพื้น ไม่มีเจ้าหน้าที่มาเก็บ,ภูมิทัศน์และความสะอาด,0,0,0,1,0,0,0,0
ไฟส่องสว่างทางเดิน คณะเภสัชศาสตร์ ดับมืดสนิท ทางเปลี่ยวมาก เสี่ยงต่อการเกิดอาชญากรรมและชิงทรัพย์,ความปลอดภัยและจราจร,0,0,0,0,1,0,0,0
ระบบเช็คชื่อสแกนใบหน้า / สแกนบัตรนิสิต สนามกีฬาในร่ม ระบบค้าง ไม่บันทึกการเข้าเรียน,ระบบเครือข่ายและเทคโนโลยี,0,1,0,0,0,0,0,0
การยื่นคำร้องขอเทียบโอนหน่วยกิตรายวิชา เอกสารตกค้างที่คณะ ขอให้เจ้าหน้าที่ช่วยติดตามผล,การเรียนการสอนและวิชาการ,0,0,1,0,0,0,0,0
การประกาศคะแนนสอบกลางภาควิชา LAW101 คะแนนในระบบไม่ตรงกับที่อาจารย์แจ้ง ขอตรวจสอบความถูกต้อง,การเรียนการสอนและวิชาการ,0,0,1,0,0,0,0,0
คอมพิวเตอร์ห้องแล็บ 3303 วิทยาลัยการศึกษา เปิดไม่ติดหลายเครื่อง เมาส์และคีย์บอร์ดเสีย,ระบบเครือข่ายและเทคโนโลยี,0,1,0,0,0,0,0,0
มีบุคคลภายนอกน่าสงสัยเดินวนเวียน คณะแพทยศาสตร์ ท่าทางไม่น่าไว้วางใจ อยากให้ รปภ. ช่วยตรวจสอบ,ความปลอดภัยและจราจร,0,0,0,0,1,0,0,0
มีคนร้ายขโมยหมวกกันน็อคและของใต้เบาะรถ ประตู 1 ม.พะเยา โดนขโมยไปหลายคัน อยากให้ตรวจสอบกล้องวงจรปิด,ความปลอดภัยและจราจร,0,0,0,0,1,0,0,0
ป้ายรอรถเมล์ ป้ายหอใน หลังคารั่ว ฝนตกแล้วน้ำรั่วลงมา เปียกทั้งที่นั่ง รอรถลำบากมาก,การเดินทางและระบบขนส่ง,0,0,0,0,0,0,1,0
ท่อน้ำทิ้งและหลังคาบริเวณ อ่างหลวง ม.พะเยา แตกชำรุด น้ำสกปรกเอ่อล้นพัดพาขยะเกลื่อนพื้น ส่งกลิ่นเหม็นทั่วทางเดิน,"อาคารและสิ่งอำนวยความสะดวก, ภูมิทัศน์และความสะอาด",1,0,0,1,0,0,0,0
อาหารที่ซื้อจากร้านข้าว โรงอาหารกลาง บูดเสียและมีกลิ่นเปรี้ยว กินเข้าไปแล้วท้องเสีย อาหารไม่สดใหม่,สุขอนามัยและความปลอดภัยทางอาหาร,0,0,0,0,0,0,0,1
ตารางสอบปลายภาควิชา MED201 ชนกัน ตารางสอบวิชาบังคับสองวิชาตรงวันและเวลาเดียวกัน ขอทำเรื่องสอบชดเชย,การเรียนการสอนและวิชาการ,0,0,1,0,0,0,0,0
ร้านค้า คณะบริหารธุรกิจและนิเทศศาสตร์ ใช้น้ำมันทอดซ้ำจนเป็นสีดำสนิท อาหารมีกลิ่นหืนมาก ส่งผลเสียต่อสุขภาพผู้บริโภค,สุขอนามัยและความปลอดภัยทางอาหาร,0,0,0,0,0,0,0,1
คนขับรถชัตเติลบัส มพ. สาย 3 (สีแดง) ขับเร็วและเบรกกระชาก ขับขี่อันตรายมาก ผู้โดยสารยืนทรงตัวไม่อยู่,การเดินทางและระบบขนส่ง,0,0,0,0,0,0,1,0
ถังขยะบริเวณ ตึก EN คณะวิศวกรรมศาสตร์ ขยะล้นถัง ส่งกลิ่นเหม็นเน่าเกลื่อนพื้น ไม่มีเจ้าหน้าที่มาเก็บ,ภูมิทัศน์และความสะอาด,0,0,0,1,0,0,0,0
ร้านอาหารที่ อาคาร PKY สงวนเสริมศรี ใช้น้ำมันทอดซ้ำจนดำ และมีเศษแก้วแตกตกอยู่ในถาดอาหาร นิสิตกินแล้วบาดปากและมีอาการท้องเสีย,"ความปลอดภัยและจราจร, สุขอนามัยและความปลอดภัยทางอาหาร",0,0,0,0,1,0,0,1
อินเทอร์เน็ต WiFi หอพัก ป้ายรถเมล์หน้า ม. ช้ามาก ความเร็วตก หมุนไม่หยุด ทำงานวิจัยไม่ได้,ระบบเครือข่ายและเทคโนโลยี,0,1,0,0,0,0,0,0
การทำบัตรนิสิตใหม่เนื่องจากบัตรเดิมสูญหาย ติดต่อขอออกบัตรใหม่ ต้องเตรียมหลักฐานอะไรบ้างและรับบัตรได้ที่ไหน,บริการทั่วไปและสวัสดิการ,0,0,0,0,0,1,0,0
รถเมล์สาย 1 ขับเร็วเฉี่ยวชนสุนัขจรจัดเสียชีวิตบริเวณ ประตู 1 ม.พะเยา เศษซากสัตว์และคราบเลือดขวางถนน อันตรายและส่งกลิ่นเหม็นมาก,"ภูมิทัศน์และความสะอาด, ความปลอดภัยและจราจร, การเดินทางและระบบขนส่ง",0,0,0,1,1,0,1,0
โรงอาหารบริเวณ ป้ายรถเมล์หน้า ม. มีถังขยะเศษอาหารเน่าล้น ส่งกลิ่นเหม็นคลุ้งและพบแมลงสาบไต่บนโต๊ะทานข้าว ไม่ถูกสุขอนามัย,"ภูมิทัศน์และความสะอาด, สุขอนามัยและความปลอดภัยทางอาหาร",0,0,0,1,0,0,0,1
ห้องปฏิบัติการคอมพิวเตอร์ห้อง 2203 ป้ายรถเมล์หน้า ม. ระบบไฟฟ้าขัดข้อง แอร์ดับ และสัญญาณอินเทอร์เน็ต WiFi ใช้งานไม่ได้พร้อมกัน,"อาคารและสิ่งอำนวยความสะดวก, ระบบเครือข่ายและเทคโนโลยี",1,1,0,0,0,0,0,0
ห้องปฏิบัติการคอมพิวเตอร์ห้อง 4301 โรงอาหารตึกสงวนเสริมศรี ระบบไฟฟ้าขัดข้อง แอร์ดับ และสัญญาณอินเทอร์เน็ต WiFi ใช้งานไม่ได้พร้อมกัน,"อาคารและสิ่งอำนวยความสะดวก, ระบบเครือข่ายและเทคโนโลยี",1,1,0,0,0,0,0,0
คอมพิวเตอร์ห้องแล็บ 2102 หอใน มพ. เปิดไม่ติดหลายเครื่อง เมาส์และคีย์บอร์ดเสีย,ระบบเครือข่ายและเทคโนโลยี,0,1,0,0,0,0,0,0
ไฟส่องสว่างและกลอนประตูห้องน้ำหญิงที่ คณะวิทยาศาสตร์ พังชำรุด ดับสนิท กล้องวงจรปิดไม่ติด เสี่ยงอันตรายต่อความปลอดภัยของนิสิต,"อาคารและสิ่งอำนวยความสะดวก, ความปลอดภัยและจราจร",1,0,0,0,1,0,0,0
ระบบเว็บลงทะเบียนเรียน REG UP เข้าใช้งานไม่ได้ ขึ้น 504 Gateway Timeout ช่วงเปิดจองวิชาศึกษาทั่วไป,ระบบเครือข่ายและเทคโนโลยี,0,1,0,0,0,0,0,0
ตารางสอบปลายภาควิชา GEN001 ชนกัน ตารางสอบวิชาบังคับสองวิชาตรงวันและเวลาเดียวกัน ขอทำเรื่องสอบชดเชย,การเรียนการสอนและวิชาการ,0,0,1,0,0,0,0,0
กระจกหน้าต่างห้องบรรยาย 4304 ตึก CE แตกชำรุด ลมพัดเศษกระจกอาจตกใส่คนข้างล่าง,อาคารและสิ่งอำนวยความสะดวก,1,0,0,0,0,0,0,0
ช้อนส้อมและจานชามที่ หอใน มพ. ล้างไม่สะอาด มีคราบมันและเศษอาหารติดอยู่ อยากให้ตรวจเข้มงวด,สุขอนามัยและความปลอดภัยทางอาหาร,0,0,0,0,0,0,0,1
ร้านอาหารที่ คณะพยาบาลศาสตร์ อาหารไม่สะอาด พบแมลงสาบตัวเล็กและเส้นผมปนเปื้อนในจานข้าว,สุขอนามัยและความปลอดภัยทางอาหาร,0,0,0,0,0,0,0,1
การยื่นคำร้องขอเทียบโอนหน่วยกิตรายวิชา เอกสารตกค้างที่คณะ ขอให้เจ้าหน้าที่ช่วยติดตามผล,การเรียนการสอนและวิชาการ,0,0,1,0,0,0,0,0
กิ่งไม้ขนาดใหญ่หักโค่น คณะเกษตรศาสตร์ พาดขวางถนนและทางเท้าหลังพายุฝนตก รถสัญจรลำบาก,ภูมิทัศน์และความสะอาด,0,0,0,1,0,0,0,0
สายชำระและก๊อกน้ำ โรงอาหารกลาง แตกชำรุด น้ำรั่วพุ่งนองเต็มพื้นห้องน้ำ,อาคารและสิ่งอำนวยความสะดวก,1,0,0,0,0,0,0,0
หลอดไฟในห้องน้ำชาย วิทยาลัยการศึกษา ดับมืดสนิท กระพริบตลอดเวลา ใช้งานไม่ได้,อาคารและสิ่งอำนวยความสะดวก,1,0,0,0,0,0,0,0
มีบุคคลภายนอกน่าสงสัยเดินวนเวียน ลานจอดรถตึก PKY ท่าทางไม่น่าไว้วางใจ อยากให้ รปภ. ช่วยตรวจสอบ,ความปลอดภัยและจราจร,0,0,0,0,1,0,0,0
สายชำระและก๊อกน้ำ คณะพยาบาลศาสตร์ แตกชำรุด น้ำรั่วพุ่งนองเต็มพื้นห้องน้ำ,อาคารและสิ่งอำนวยความสะดวก,1,0,0,0,0,0,0,0
รถชัตเติลบัส มพ. ขับเร็วเฉี่ยวชนสุนัขจรจัดเสียชีวิตบริเวณ คณะศิลปศาสตร์ เศษซากสัตว์และคราบเลือดขวางถนน อันตรายและส่งกลิ่นเหม็นมาก,"ภูมิทัศน์และความสะอาด, ความปลอดภัยและจราจร, การเดินทางและระบบขนส่ง",0,0,0,1,1,0,1,0
การติดต่อขอเอกสารใบรับรองผลการเรียน (Transcript) ระบบยังไม่อัปเดตเกรดเทอมล่าสุด ต้องการใช้ยื่นสมัครงาน,การเรียนการสอนและวิชาการ,0,0,1,0,0,0,0,0
ตารางสอบปลายภาควิชา MED201 ชนกัน ตารางสอบวิชาบังคับสองวิชาตรงวันและเวลาเดียวกัน ขอทำเรื่องสอบชดเชย,การเรียนการสอนและวิชาการ,0,0,1,0,0,0,0,0
ลืมกระเป๋าสตางค์และ iPad ไว้ที่ คณะศิลปศาสตร์ ขอดูกล้องวงจรปิดย้อนหลังเพื่อติดตามทรัพย์สินสูญหาย,ความปลอดภัยและจราจร,0,0,0,0,1,0,0,0
ห้องปฏิบัติการคอมพิวเตอร์ห้อง 1302 ป้ายหอใน ระบบไฟฟ้าขัดข้อง แอร์ดับ และสัญญาณอินเทอร์เน็ต WiFi ใช้งานไม่ได้พร้อมกัน,"อาคารและสิ่งอำนวยความสะดวก, ระบบเครือข่ายและเทคโนโลยี",1,1,0,0,0,0,0,0
ไฟส่องสว่างและกลอนประตูห้องน้ำหญิงที่ ลานจอดรถตึก PKY พังชำรุด ดับสนิท กล้องวงจรปิดไม่ติด เสี่ยงอันตรายต่อความปลอดภัยของนิสิต,"อาคารและสิ่งอำนวยความสะดวก, ความปลอดภัยและจราจร",1,0,0,0,1,0,0,0
มีคนร้ายขโมยหมวกกันน็อคและของใต้เบาะรถ กองพัฒนานิสิต DSA โดนขโมยไปหลายคัน อยากให้ตรวจสอบกล้องวงจรปิด,ความปลอดภัยและจราจร,0,0,0,0,1,0,0,0
กระจกหน้าต่างห้องบรรยาย 2104 อาคารเทคโนโลยีสารสนเทศ แตกชำรุด ลมพัดเศษกระจกอาจตกใส่คนข้างล่าง,อาคารและสิ่งอำนวยความสะดวก,1,0,0,0,0,0,0,0
กลอนประตูล็อคห้องน้ำ ลานจอดรถตึก PKY พังหัก ล็อคประตูไม่อยู่ ปิดไม่ได้,อาคารและสิ่งอำนวยความสะดวก,1,0,0,0,0,0,0,0
ป้ายรอรถเมล์ วิทยาลัยการศึกษา หลังคารั่ว ฝนตกแล้วน้ำรั่วลงมา เปียกทั้งที่นั่ง รอรถลำบากมาก,การเดินทางและระบบขนส่ง,0,0,0,0,0,0,1,0
หลอดไฟในห้องน้ำชาย วิทยาลัยการศึกษา ดับมืดสนิท กระพริบตลอดเวลา ใช้งานไม่ได้,อาคารและสิ่งอำนวยความสะดวก,1,0,0,0,0,0,0,0
สวัสดิการประกันอุบัติเหตุสำหรับนิสิต ประสบอุบัติเหตุเข้ารับการรักษาที่โรงพยาบาล ต้องการทำเรื่องเบิกเคลมประกัน,บริการทั่วไปและสวัสดิการ,0,0,0,0,0,1,0,0
เศษกระจกและขยะแก้วแตกเกลื่อนบนพื้น คณะวิทยาศาสตร์ อันตรายมาก กลัวบาดเท้านิสิตและยางรถมอเตอร์ไซค์รั่ว,ภูมิทัศน์และความสะอาด,0,0,0,1,0,0,0,0
โรงอาหารบริเวณ ป้ายหอใน มีถังขยะเศษอาหารเน่าล้น ส่งกลิ่นเหม็นคลุ้งและพบแมลงสาบไต่บนโต๊ะทานข้าว ไม่ถูกสุขอนามัย,"ภูมิทัศน์และความสะอาด, สุขอนามัยและความปลอดภัยทางอาหาร",0,0,0,1,0,0,0,1
ลืมกระเป๋าสตางค์และ iPad ไว้ที่ ป้ายรถเมล์หน้า ม. ขอดูกล้องวงจรปิดย้อนหลังเพื่อติดตามทรัพย์สินสูญหาย,ความปลอดภัยและจราจร,0,0,0,0,1,0,0,0
ระบบเว็บลงทะเบียนเรียน REG UP เข้าใช้งานไม่ได้ ขึ้น 504 Gateway Timeout ช่วงเปิดจองวิชาศึกษาทั่วไป,ระบบเครือข่ายและเทคโนโลยี,0,1,0,0,0,0,0,0
ร้านอาหารที่ ป้ายรถเมล์หน้า ม. ใช้น้ำมันทอดซ้ำจนดำ และมีเศษแก้วแตกตกอยู่ในถาดอาหาร นิสิตกินแล้วบาดปากและมีอาการท้องเสีย,"ความปลอดภัยและจราจร, สุขอนามัยและความปลอดภัยทางอาหาร",0,0,0,0,1,0,0,1
ห้องปฏิบัติการคอมพิวเตอร์ห้อง 1301 อาคารเรียนรวม CE ระบบไฟฟ้าขัดข้อง แอร์ดับ และสัญญาณอินเทอร์เน็ต WiFi ใช้งานไม่ได้พร้อมกัน,"อาคารและสิ่งอำนวยความสะดวก, ระบบเครือข่ายและเทคโนโลยี",1,1,0,0,0,0,0,0
ร้านอาหารที่ อาคาร PKY สงวนเสริมศรี อาหารไม่สะอาด พบแมลงสาบตัวเล็กและเส้นผมปนเปื้อนในจานข้าว,สุขอนามัยและความปลอดภัยทางอาหาร,0,0,0,0,0,0,0,1
ช้อนส้อมและจานชามที่ โรงอาหารตึกสงวนเสริมศรี ล้างไม่สะอาด มีคราบมันและเศษอาหารติดอยู่ อยากให้ตรวจเข้มงวด,สุขอนามัยและความปลอดภัยทางอาหาร,0,0,0,0,0,0,0,1
รถเมล์มอวิ่งไม่ตรงรอบตารางเวลา ช่วงเวลาเร่งด่วนเช้าไม่มีรถวิ่ง นิสิตไปเรียนไม่ทัน,การเดินทางและระบบขนส่ง,0,0,0,0,0,0,1,0
สุขอนามัยร้านน้ำและตู้กดน้ำดื่ม หอใน มพ. มีตะไคร่น้ำและคราบสกปรกเกาะ ไม่มีการล้างทำความสะอาด,สุขอนามัยและความปลอดภัยทางอาหาร,0,0,0,0,0,0,0,1
พัดลมเพดานและปลั๊กไฟห้อง 4202 หอพักลุมพินี ปลั๊กไฟช็อตมีกลิ่นไหม้ พัดลมหมุนช้ามาก,อาคารและสิ่งอำนวยความสะดวก,1,0,0,0,0,0,0,0
ไฟส่องสว่างและกลอนประตูห้องน้ำหญิงที่ หอใน มพ. พังชำรุด ดับสนิท กล้องวงจรปิดไม่ติด เสี่ยงอันตรายต่อความปลอดภัยของนิสิต,"อาคารและสิ่งอำนวยความสะดวก, ความปลอดภัยและจราจร",1,0,0,0,1,0,0,0
การยื่นเรื่องขอทุนการศึกษาสำหรับนิสิตขาดแคลนทุนทรัพย์ ต้องการทราบกำหนดการและเอกสารที่ต้องใช้ส่งกองพัฒนานิสิต,บริการทั่วไปและสวัสดิการ,0,0,0,0,0,1,0,0
ท่อน้ำทิ้งและหลังคาบริเวณ วิทยาลัยการศึกษา แตกชำรุด น้ำสกปรกเอ่อล้นพัดพาขยะเกลื่อนพื้น ส่งกลิ่นเหม็นทั่วทางเดิน,"อาคารและสิ่งอำนวยความสะดวก, ภูมิทัศน์และความสะอาด",1,0,0,1,0,0,0,0
รถเมล์ มพ. สาย 1 (สีม่วง) รอนานมาก รอเกิน 45 นาที รถไม่พอ คนยืนเบียดกันจนล้นป้าย {loc},การเดินทางและระบบขนส่ง,0,0,0,0,0,0,1,0
ท่อน้ำทิ้งและหลังคาบริเวณ กองพัฒนานิสิต DSA แตกชำรุด น้ำสกปรกเอ่อล้นพัดพาขยะเกลื่อนพื้น ส่งกลิ่นเหม็นทั่วทางเดิน,"อาคารและสิ่งอำนวยความสะดวก, ภูมิทัศน์และความสะอาด",1,0,0,1,0,0,0,0
ลิฟต์โดยสาร โรงอาหารตึกสงวนเสริมศรี ค้างที่ชั้น {floor} ประตูปิดไม่สนิท มีเสียงดังน่ากลัว,อาคารและสิ่งอำนวยความสะดวก,1,0,0,0,0,0,0,0
รถสองแถวมอ ขับเร็วเฉี่ยวชนสุนัขจรจัดเสียชีวิตบริเวณ คณะศิลปศาสตร์ เศษซากสัตว์และคราบเลือดขวางถนน อันตรายและส่งกลิ่นเหม็นมาก,"ภูมิทัศน์และความสะอาด, ความปลอดภัยและจราจร, การเดินทางและระบบขนส่ง",0,0,0,1,1,0,1,0
การขอเปิดรายวิชาเพิ่มเติมสำหรับนิสิตชั้นปีที่ 1 วิชาเอกเต็ม ต้องการขอขยายจำนวนรับเพิ่มเพื่อไม่ให้จบช้า,การเรียนการสอนและวิชาการ,0,0,1,0,0,0,0,0
ตารางสอบปลายภาควิชา MED201 ชนกัน ตารางสอบวิชาบังคับสองวิชาตรงวันและเวลาเดียวกัน ขอทำเรื่องสอบชดเชย,การเรียนการสอนและวิชาการ,0,0,1,0,0,0,0,0
ไฟส่องสว่างทางเดิน คณะพยาบาลศาสตร์ ดับมืดสนิท ทางเปลี่ยวมาก เสี่ยงต่อการเกิดอาชญากรรมและชิงทรัพย์,ความปลอดภัยและจราจร,0,0,0,0,1,0,0,0
สวัสดิการประกันอุบัติเหตุสำหรับนิสิต ประสบอุบัติเหตุเข้ารับการรักษาที่โรงพยาบาล ต้องการทำเรื่องเบิกเคลมประกัน,บริการทั่วไปและสวัสดิการ,0,0,0,0,0,1,0,0
อินเทอร์เน็ต WiFi หอพัก ตึก ICT ช้ามาก ความเร็วตก หมุนไม่หยุด ทำงานวิจัยไม่ได้,ระบบเครือข่ายและเทคโนโลยี,0,1,0,0,0,0,0,0
ซากนกและสัตว์ตาย คณะศิลปศาสตร์ ส่งกลิ่นเหม็นเน่า แมลงวันตอม อยากให้แม่บ้านช่วยเก็บทำความสะอาด,ภูมิทัศน์และความสะอาด,0,0,0,1,0,0,0,0
ร้านค้า คณะศิลปศาสตร์ ใช้น้ำมันทอดซ้ำจนเป็นสีดำสนิท อาหารมีกลิ่นหืนมาก ส่งผลเสียต่อสุขภาพผู้บริโภค,สุขอนามัยและความปลอดภัยทางอาหาร,0,0,0,0,0,0,0,1
ท่อน้ำทิ้งและหลังคาบริเวณ ลานจอดรถตึก PKY แตกชำรุด น้ำสกปรกเอ่อล้นพัดพาขยะเกลื่อนพื้น ส่งกลิ่นเหม็นทั่วทางเดิน,"อาคารและสิ่งอำนวยความสะดวก, ภูมิทัศน์และความสะอาด",1,0,0,1,0,0,0,0
ร้านอาหารที่ หอพักลุมพินี ใช้น้ำมันทอดซ้ำจนดำ และมีเศษแก้วแตกตกอยู่ในถาดอาหาร นิสิตกินแล้วบาดปากและมีอาการท้องเสีย,"ความปลอดภัยและจราจร, สุขอนามัยและความปลอดภัยทางอาหาร",0,0,0,0,1,0,0,1
ร้านค้า คณะเกษตรศาสตร์ ใช้น้ำมันทอดซ้ำจนเป็นสีดำสนิท อาหารมีกลิ่นหืนมาก ส่งผลเสียต่อสุขภาพผู้บริโภค,สุขอนามัยและความปลอดภัยทางอาหาร,0,0,0,0,0,0,0,1
โปรเจกเตอร์และจอแสดงผลห้อง 3401 คณะเภสัชศาสตร์ เปิดไม่ติด ภาพกระพริบ ลำโพงไมค์ไม่ดัง อาจารย์สอนไม่ได้,อาคารและสิ่งอำนวยความสะดวก,1,0,0,0,0,0,0,0
คอมพิวเตอร์ห้องแล็บ 4102 คณะเกษตรศาสตร์ เปิดไม่ติดหลายเครื่อง เมาส์และคีย์บอร์ดเสีย,ระบบเครือข่ายและเทคโนโลยี,0,1,0,0,0,0,0,0
รถชัตเติลบัส มพ. ขับเบียดรถมอเตอร์ไซค์ของนิสิตล้มตรงทางโค้ง โรงอาหารตึกสงวนเสริมศรี ทำให้การจราจรติดขัดยาวและนิสิตได้รับบาดเจ็บ,"ความปลอดภัยและจราจร, การเดินทางและระบบขนส่ง",0,0,0,0,1,0,1,0
โรงอาหารบริเวณ ตึก ICT มีถังขยะเศษอาหารเน่าล้น ส่งกลิ่นเหม็นคลุ้งและพบแมลงสาบไต่บนโต๊ะทานข้าว ไม่ถูกสุขอนามัย,"ภูมิทัศน์และความสะอาด, สุขอนามัยและความปลอดภัยทางอาหาร",0,0,0,1,0,0,0,1
ป้ายรอรถเมล์ หอพักลุมพินี หลังคารั่ว ฝนตกแล้วน้ำรั่วลงมา เปียกทั้งที่นั่ง รอรถลำบากมาก,การเดินทางและระบบขนส่ง,0,0,0,0,0,0,1,0
อินเทอร์เน็ต WiFi หอพัก ลานจอดรถตึก PKY ช้ามาก ความเร็วตก หมุนไม่หยุด ทำงานวิจัยไม่ได้,ระบบเครือข่ายและเทคโนโลยี,0,1,0,0,0,0,0,0
ซากนกและสัตว์ตาย ประตู 2 หน้ามอ ส่งกลิ่นเหม็นเน่า แมลงวันตอม อยากให้แม่บ้านช่วยเก็บทำความสะอาด,ภูมิทัศน์และความสะอาด,0,0,0,1,0,0,0,0
ตารางสอบปลายภาควิชา CHM103 ชนกัน ตารางสอบวิชาบังคับสองวิชาตรงวันและเวลาเดียวกัน ขอทำเรื่องสอบชดเชย,การเรียนการสอนและวิชาการ,0,0,1,0,0,0,0,0
ระบบอีเมลมหาวิทยาลัยและ Office 365 ล็อกอินไม่ได้ แจ้งเตือนรหัสผ่านหมดอายุ เข้าใช้งานไม่ได้,ระบบเครือข่ายและเทคโนโลยี,0,1,0,0,0,0,0,0
ช้อนส้อมและจานชามที่ สนามกีฬาในร่ม ล้างไม่สะอาด มีคราบมันและเศษอาหารติดอยู่ อยากให้ตรวจเข้มงวด,สุขอนามัยและความปลอดภัยทางอาหาร,0,0,0,0,0,0,0,1
เครื่องปรับอากาศห้อง 1201 ตึก EN คณะวิศวกรรมศาสตร์ มีน้ำรั่วหยดและไม่เย็นเลย เสียงดังมาก รบกวนเวลาเรียน,อาคารและสิ่งอำนวยความสะดวก,1,0,0,0,0,0,0,0
ระบบเครือข่ายอินเทอร์เน็ต LAN หอใน มพ. สายแลนชำรุด สัญญาณไม่เข้าคอมพิวเตอร์,ระบบเครือข่ายและเทคโนโลยี,0,1,0,0,0,0,0,0
อินเทอร์เน็ต WiFi หอพัก อาคารเทคโนโลยีสารสนเทศ ช้ามาก ความเร็วตก หมุนไม่หยุด ทำงานวิจัยไม่ได้,ระบบเครือข่ายและเทคโนโลยี,0,1,0,0,0,0,0,0
คราบโคลนและเศษดินหลังฝนตกหนัก สนามกีฬาในร่ม ลื่นมาก ถนนเฉอะแฉะ เสี่ยงเกิดอุบัติเหตุลื่นล้ม,ภูมิทัศน์และความสะอาด,0,0,0,1,0,0,0,0
การขอผ่อนผันการเกณฑ์ทหารสำหรับนิสิตชาย ต้องการตรวจสอบรายชื่อและขั้นตอนการยื่นเอกสาร,บริการทั่วไปและสวัสดิการ,0,0,0,0,0,1,0,0
ระบบเว็บลงทะเบียนเรียน REG UP เข้าใช้งานไม่ได้ ขึ้น 504 Gateway Timeout ช่วงเปิดจองวิชาศึกษาทั่วไป,ระบบเครือข่ายและเทคโนโลยี,0,1,0,0,0,0,0,0
การทำบัตรนิสิตใหม่เนื่องจากบัตรเดิมสูญหาย ติดต่อขอออกบัตรใหม่ ต้องเตรียมหลักฐานอะไรบ้างและรับบัตรได้ที่ไหน,บริการทั่วไปและสวัสดิการ,0,0,0,0,0,1,0,0
ร้านอาหารที่ คณะวิทยาศาสตร์ ใช้น้ำมันทอดซ้ำจนดำ และมีเศษแก้วแตกตกอยู่ในถาดอาหาร นิสิตกินแล้วบาดปากและมีอาการท้องเสีย,"ความปลอดภัยและจราจร, สุขอนามัยและความปลอดภัยทางอาหาร",0,0,0,0,1,0,0,1
การยื่นคำร้องขอเทียบโอนหน่วยกิตรายวิชา เอกสารตกค้างที่คณะ ขอให้เจ้าหน้าที่ช่วยติดตามผล,การเรียนการสอนและวิชาการ,0,0,1,0,0,0,0,0
ช้อนส้อมและจานชามที่ หอใน มพ. ล้างไม่สะอาด มีคราบมันและเศษอาหารติดอยู่ อยากให้ตรวจเข้มงวด,สุขอนามัยและความปลอดภัยทางอาหาร,0,0,0,0,0,0,0,1
รถบัส มพ. ไม่ยอมจอดรับผู้โดยสารที่ป้าย ประตู 3 ฝั่งเกษตร รถว่างแต่ขับผ่านเลยไป ไม่จอดรับคนที่รอ,การเดินทางและระบบขนส่ง,0,0,0,0,0,0,1,0
กระจกหน้าต่างห้องบรรยาย 4304 ตึก EN คณะวิศวกรรมศาสตร์ แตกชำรุด ลมพัดเศษกระจกอาจตกใส่คนข้างล่าง,อาคารและสิ่งอำนวยความสะดวก,1,0,0,0,0,0,0,0
หลอดไฟในห้องน้ำรวม คณะเภสัชศาสตร์ ดับมืดสนิท กระพริบตลอดเวลา ใช้งานไม่ได้,อาคารและสิ่งอำนวยความสะดวก,1,0,0,0,0,0,0,0
โรงอาหารบริเวณ คณะนิติศาสตร์ มีถังขยะเศษอาหารเน่าล้น ส่งกลิ่นเหม็นคลุ้งและพบแมลงสาบไต่บนโต๊ะทานข้าว ไม่ถูกสุขอนามัย,"ภูมิทัศน์และความสะอาด, สุขอนามัยและความปลอดภัยทางอาหาร",0,0,0,1,0,0,0,1
การขอผ่อนผันการเกณฑ์ทหารสำหรับนิสิตชาย ต้องการตรวจสอบรายชื่อและขั้นตอนการยื่นเอกสาร,บริการทั่วไปและสวัสดิการ,0,0,0,0,0,1,0,0
สวัสดิการประกันอุบัติเหตุสำหรับนิสิต ประสบอุบัติเหตุเข้ารับการรักษาที่โรงพยาบาล ต้องการทำเรื่องเบิกเคลมประกัน,บริการทั่วไปและสวัสดิการ,0,0,0,0,0,1,0,0
เว็บไซต์ระบบลงทะเบียน Reg UP เกิดขัดข้อง เข้าไม่ได้ ทำให้นิสิตไม่สามารถลงทะเบียนวิชาเรียนและตรวจสอบตารางสอบได้ตามกำหนด,"ระบบเครือข่ายและเทคโนโลยี, การเรียนการสอนและวิชาการ",0,1,1,0,0,0,0,0
ช้อนส้อมและจานชามที่ คณะบริหารธุรกิจและนิเทศศาสตร์ ล้างไม่สะอาด มีคราบมันและเศษอาหารติดอยู่ อยากให้ตรวจเข้มงวด,สุขอนามัยและความปลอดภัยทางอาหาร,0,0,0,0,0,0,0,1
ร้านอาหารที่ หอใน มพ. ใช้น้ำมันทอดซ้ำจนดำ และมีเศษแก้วแตกตกอยู่ในถาดอาหาร นิสิตกินแล้วบาดปากและมีอาการท้องเสีย,"ความปลอดภัยและจราจร, สุขอนามัยและความปลอดภัยทางอาหาร",0,0,0,0,1,0,0,1
อินเทอร์เน็ต WiFi หอพัก กองพัฒนานิสิต DSA ช้ามาก ความเร็วตก หมุนไม่หยุด ทำงานวิจัยไม่ได้,ระบบเครือข่ายและเทคโนโลยี,0,1,0,0,0,0,0,0
ท่อน้ำทิ้งและหลังคาบริเวณ ทางเดิน Skywalk แตกชำรุด น้ำสกปรกเอ่อล้นพัดพาขยะเกลื่อนพื้น ส่งกลิ่นเหม็นทั่วทางเดิน,"อาคารและสิ่งอำนวยความสะดวก, ภูมิทัศน์และความสะอาด",1,0,0,1,0,0,0,0
ระบบเว็บลงทะเบียนเรียน REG UP เข้าใช้งานไม่ได้ ขึ้น 504 Gateway Timeout ช่วงเปิดจองวิชาศึกษาทั่วไป,ระบบเครือข่ายและเทคโนโลยี,0,1,0,0,0,0,0,0
การขอเปิดรายวิชาเพิ่มเติมสำหรับนิสิตชั้นปีที่ 1 วิชาเอกเต็ม ต้องการขอขยายจำนวนรับเพิ่มเพื่อไม่ให้จบช้า,การเรียนการสอนและวิชาการ,0,0,1,0,0,0,0,0
พัดลมเพดานและปลั๊กไฟห้อง 4302 กองพัฒนานิสิต DSA ปลั๊กไฟช็อตมีกลิ่นไหม้ พัดลมหมุนช้ามาก,อาคารและสิ่งอำนวยความสะดวก,1,0,0,0,0,0,0,0
หลอดไฟในห้องน้ำหญิง คณะบริหารธุรกิจและนิเทศศาสตร์ ดับมืดสนิท กระพริบตลอดเวลา ใช้งานไม่ได้,อาคารและสิ่งอำนวยความสะดวก,1,0,0,0,0,0,0,0
รถจักรยานยนต์ขับเร็วและย้อนศรบริเวณ สนามกีฬาในร่ม ขับขี่อันตรายมาก เกือบชนนิสิตข้ามทางม้าลายหลายครั้ง,ความปลอดภัยและจราจร,0,0,0,0,1,0,0,0
การทำเรื่องขอผ่อนผันและดรอปรายวิชา (Withdraw) อาจารย์ประจำวิชาไม่อนุมัติในระบบ ต้องการสอบถามขั้นตอนที่ถูกต้อง,การเรียนการสอนและวิชาการ,0,0,1,0,0,0,0,0
ไฟส่องสว่างและกลอนประตูห้องน้ำหญิงที่ คณะแพทยศาสตร์ พังชำรุด ดับสนิท กล้องวงจรปิดไม่ติด เสี่ยงอันตรายต่อความปลอดภัยของนิสิต,"อาคารและสิ่งอำนวยความสะดวก, ความปลอดภัยและจราจร",1,0,0,0,1,0,0,0
ไฟส่องสว่างและกลอนประตูห้องน้ำหญิงที่ หอใน มพ. พังชำรุด ดับสนิท กล้องวงจรปิดไม่ติด เสี่ยงอันตรายต่อความปลอดภัยของนิสิต,"อาคารและสิ่งอำนวยความสะดวก, ความปลอดภัยและจราจร",1,0,0,0,1,0,0,0
