pair_id,sentence1,sentence2,is_duplicate,similarity_score,category
1,ช่วยตรวจสอบหน่อยครับ ลืมกระเป๋าสตางค์ไว้ที่ ตึก CE มีใครเก็บได้บ้างครับ,ช่วยตรวจสอบหน่อยครับ ตามหาของหาย ลืมไอแพดไว้ที่ อาคารเรียนรวม ช่วยดูกล้องให้ที ปล่อยไว้นานแล้ว,1,0.94,หมวดบริการทั่วไป / อื่นๆ
2,ขอร้องเรียนค่ะ ประตูห้องน้ำชาย หอพักนิสิต UP DORM ลูกบิดพัง ล็อคไม่ได้ ขอบคุณครับ,ช่วยตรวจสอบหน่อยครับ ลูกบิดประตูห้องน้ำ หอพักนิสิต UP DORM หลุด ล็อคไม่ได้ช่วยซ่อมที รบกวนเจ้าหน้าที่แก้ไขด่วนครับ,1,0.81,หมวดอาคารและสิ่งอำนวยความสะดวก
3,แอดมินครับ บัตรนิสิตหาย ต้องการทำบัตรใหม่ต้องเตรียมอะไรบ้าง ปล่อยไว้นานแล้ว,ด่วนมาก! ทำบัตรประจำตัวนิสิตใหม่ ติดต่อสำนักทะเบียนห้องไหนครับ เป็นแบบนี้มาหลายวันแล้วครับ,1,0.93,หมวดบริการทั่วไป / อื่นๆ
4,แจ้งเรื่องครับ: เศษขยะเกลื่อนกลาดรอบโต๊ะม้าหินอ่อน ลานจอดรถหน้ามอ ขอบคุณครับ,ขอร้องเรียนค่ะ บริเวณที่นั่งเล่น หอพักนิสิต UP DORM ขยะเต็มโต๊ะ ไม่มีคนกวาด ปล่อยไว้นานแล้ว,0,0.4,หมวดภูมิทัศน์และความสะอาด (ต่างประเด็น)
5,เข้าใช้งานระบบ UP Pass ไม่ได้ ล็อกอินแล้วเด้งออก รบกวนเจ้าหน้าที่แก้ไขด่วนครับ,นิสิตเดือดร้อนมากค่ะ วิชาบังคับเซคเต็มทุกเซค ขอเปิดเพิ่มอีกเซคได้ไหมครับ ขอบคุณครับ,0,0.08,ต่างหมวดหมู่
6,ช่วยประสานงานทีครับ พบสุนัขจรจัดดุวิ่งไล่กวดนิสิตบริเวณ ลานจอดรถหน้ามอ ขอบคุณครับ,ด่วนมาก! กล้อง CCTV ตรง ตึก PKY ใช้งานไม่ได้ อยากขอเปิดดูของหาย รบกวนเจ้าหน้าที่แก้ไขด่วนครับ,0,0.42,หมวดความปลอดภัยและจราจร (ต่างประเด็น)
7,แอดมินครับ อินเทอร์เน็ตที่ หอพักนิสิต UP DORM ใช้งานไม่ได้เลย สัญญาณกากบาท ขอบคุณครับ,ด่วนมาก! รถเมล์มอสาย 3 ขับปาดซ้ายปาดขวา เบรกแรง กลัวอันตราย ปล่อยไว้นานแล้ว,0,0.07,ต่างหมวดหมู่
8,ช่วยประสานงานทีครับ คนขับรถเมล์ มพ. สาย 2 ขับเร็วและหวาดเสียวมาก ขอบคุณครับ,แอดมินครับ รถเมล์มอสาย 2 ขับปาดซ้ายปาดขวา เบรกแรง กลัวอันตราย ช่วยตรวจสอบทีครับ,1,0.93,หมวดการเดินทางและระบบขนส่ง
9,แอดมินครับ สัญญาณ WiFi UP-WiFi ที่ ตึก ICT หลุดบ่อยมาก ช้ามาก,ช่วยประสานงานทีครับ เน็ต UP-WiFi ที่ ตึกเทคโนโลยีสารสนเทศและการสื่อสาร ช้ามาก สัญญาณหลุดตลอดเวลา ขอบคุณครับ,1,0.9,หมวดเทคโนโลยีสารสนเทศ
10,ขอร้องเรียนค่ะ ขอเปิดเซคชั่นเพิ่มวิชาศึกษาทั่วไป นิสิตยังลงไม่ครบ รบกวนเจ้าหน้าที่แก้ไขด่วนครับ,ด่วนมาก! วิชาบังคับเซคเต็มทุกเซค ขอเปิดเพิ่มอีกเซคได้ไหมครับ รบกวนเจ้าหน้าที่แก้ไขด่วนครับ,1,0.85,หมวดการเรียนการสอนและวิชาการ
11,ด่วนมาก! สอบถามเรื่องการยื่นกู้ กยศ. และส่งเอกสารทุนการศึกษา ขอบคุณครับ,ช่วยตรวจสอบหน่อยครับ เอกสารทุนการศึกษา มพ. ส่งได้ถึงวันไหนครับ ขอบคุณครับ,0,0.26,หมวดบริการทั่วไป / อื่นๆ (ต่างประเด็น)
12,ขอร้องเรียนค่ะ ห้องน้ำชั้น 2 ตึกสงวนเสริมศรี น้ำไม่ไหล ชักโครกกดไม่ลง รบกวนเจ้าหน้าที่แก้ไขด่วนครับ,ช่วยประสานงานทีครับ ฝนตกแล้วน้ำรั่วลงมาจากเพดาน ตึก CE พื้นลื่นมาก รบกวนเจ้าหน้าที่แก้ไขด่วนครับ,0,0.23,หมวดอาคารและสิ่งอำนวยความสะดวก (ต่างประเด็น)
13,แจ้งเรื่องครับ: อินเทอร์เน็ตที่ ตึกคณะบริหาร ใช้งานไม่ได้เลย สัญญาณกากบาท ช่วยตรวจสอบทีครับ,รบกวนเจ้าหน้าที่ครับ เน็ตตึก อาคารเรียนบริหาร ดับทั้งตึก เชื่อมต่อสัญญาณไม่ได้ ช่วยตรวจสอบทีครับ,1,0.81,หมวดเทคโนโลยีสารสนเทศ
14,ช่วยประสานงานทีครับ หญ้าขึ้นสูงรกมากข้างทางเดินไป ลานจอดรถหน้ามอ กลัวงู รบกวนเจ้าหน้าที่แก้ไขด่วนครับ,แจ้งเรื่องครับ: บริเวณทางเดินไป ลานจอดรถหน้ามอ หญ้ารกมาก ช่วยตัดหญ้าทีครับ เดือดร้อนมากค่ะ ขอบคุณค่ะ,1,0.81,หมวดภูมิทัศน์และความสะอาด
15,ด่วนมาก! ระบบลงทะเบียนเรียน Reg ล่ม เข้าสู่ระบบไม่ได้ตั้งแต่เช้า ช่วยตรวจสอบทีครับ,ช่วยประสานงานทีครับ เว็บ reg.up.ac.th ล่ม กดเลือกวิชาไม่ได้เลยครับ รบกวนเจ้าหน้าที่แก้ไขด่วนครับ,0,0.36,หมวดเทคโนโลยีสารสนเทศ (ต่างประเด็น)
16,ช่วยประสานงานทีครับ หลอดไฟในห้องเรียน CE05 ลานจอดรถหน้ามอ ขาด มืดมาก เป็นแบบนี้มาหลายวันแล้วครับ,ช่วยประสานงานทีครับ รถมอเตอร์ไซค์ชนกันบริเวณ ตึกคณะนิติศาสตร์ มีผู้ได้รับบาดเจ็บ ช่วยตรวจสอบทีครับ,0,0.08,ต่างหมวดหมู่
17,แอดมินครับ กล้องวงจรปิดบริเวณ หอพักนิสิต UP DORM ดับ เสียมาหลายวัน ช่วยตรวจสอบทีครับ,ขอร้องเรียนค่ะ กล้อง CCTV ตรง โซนหอพัก มพ. ใช้งานไม่ได้ อยากขอเปิดดูของหาย ปล่อยไว้นานแล้ว,1,0.94,หมวดความปลอดภัยและจราจร
18,ช่วยประสานงานทีครับ พบสุนัขจรจัดดุวิ่งไล่กวดนิสิตบริเวณ ตึกวิทย์ ช่วยตรวจสอบทีครับ,แอดมินครับ รถมอเตอร์ไซค์ชนกันบริเวณ หอสมุด มีผู้ได้รับบาดเจ็บ ช่วยตรวจสอบทีครับ,0,0.27,หมวดความปลอดภัยและจราจร (ต่างประเด็น)
19,แจ้งเรื่องครับ: แอร์ห้อง CE07 ตึกคณะนิติศาสตร์ เสีย ไม่เย็นเลย ร้อนมาก ปล่อยไว้นานแล้ว,ช่วยตรวจสอบหน่อยครับ หอสมุด ชั้น 1 ห้องน้ำน้ำหยุดไหล สกปรกมาก ช่วยตรวจสอบทีครับ,0,0.36,หมวดอาคารและสิ่งอำนวยความสะดวก (ต่างประเด็น)
20,ขอร้องเรียนค่ะ แอร์ห้อง 1305 ตึกคณะบริหาร เสีย ไม่เย็นเลย ร้อนมาก เดือดร้อนมากค่ะ ขอบคุณค่ะ,ด่วนมาก! อ่างล้างหน้า ตึกคณะบริหาร ท่อน้ำแตก น้ำนองเต็มพื้น รบกวนเจ้าหน้าที่แก้ไขด่วนครับ,0,0.31,หมวดอาคารและสิ่งอำนวยความสะดวก (ต่างประเด็น)
21,ป้ายรถเมล์บริเวณ ตึกวิทย์ ไม่มีหลังคาบังแดดบังฝน ช่วยตรวจสอบทีครับ,ขอร้องเรียนค่ะ จอดมอเตอร์ไซค์ไว้ที่ ตึก PKY หมวกกันน็อคโดนขโมยไปครับ ปล่อยไว้นานแล้ว,0,0.17,ต่างหมวดหมู่
22,ช่วยประสานงานทีครับ ก๊อกน้ำอ่างล้างมือ ตึก ICT หัก น้ำพุ่งกระเด็น ช่วยตรวจสอบทีครับ,นิสิตเดือดร้อนมากค่ะ นิสิตต่อคิวรอรถเมล์ตรง ลานจอดรถหน้ามอ ยาวล้นออกมานอกฟุตบาท รบกวนเจ้าหน้าที่แก้ไขด่วนครับ,0,0.18,ต่างหมวดหมู่
23,แอดมินครับ เศษขยะเกลื่อนกลาดรอบโต๊ะม้าหินอ่อน ตึกสงวนเสริมศรี,ช่วยประสานงานทีครับ บริเวณที่นั่งเล่น อาคารสงวน ขยะเต็มโต๊ะ ไม่มีคนกวาด รบกวนเจ้าหน้าที่แก้ไขด่วนครับ,1,0.83,หมวดภูมิทัศน์และความสะอาด
24,รบกวนเจ้าหน้าที่ครับ สัญญาณ WiFi UP-WiFi ที่ ตึก ICT หลุดบ่อยมาก ช้ามาก รบกวนเจ้าหน้าที่แก้ไขด่วนครับ,ด่วนมาก! วิชาบังคับเซคเต็มทุกเซค ขอเปิดเพิ่มอีกเซคได้ไหมครับ เดือดร้อนมากค่ะ ขอบคุณค่ะ,0,0.14,ต่างหมวดหมู่
25,แจ้งเรื่องครับ: เข้าใช้งานระบบ UP Pass ไม่ได้ ล็อกอินแล้วเด้งออก ช่วยตรวจสอบทีครับ,แจ้งเรื่องครับ: ตารางเรียนชนกันครับ เข้าระบบแล้วเลือกเวลาทับซ้อนกัน ช่วยตรวจสอบทีครับ,0,0.16,ต่างหมวดหมู่
26,ช่วยตรวจสอบหน่อยครับ ต้องการขอดรอปรายวิชา ติดต่อทำเรื่องที่ไหนครับ เป็นแบบนี้มาหลายวันแล้วครับ,ช่วยประสานงานทีครับ ยื่นคำร้องขอถอนรายวิชาล่าช้า ต้องให้อาจารย์ท่านไหนเซ็น,1,0.88,หมวดการเรียนการสอนและวิชาการ
27,รถเมล์ มพ. สาย 2 รอนานเกิน 45 นาทีแล้วไม่มา ปล่อยไว้นานแล้ว,นิสิตเดือดร้อนมากค่ะ รอรถเมล์มอสาย 2 นานมาก รถขาดช่วง นิสิตไปเรียนไม่ทัน ช่วยตรวจสอบทีครับ,1,0.9,หมวดการเดินทางและระบบขนส่ง
28,ช่วยประสานงานทีครับ ปลั๊กไฟห้อง 1305 ตึก ICT ช็อต มีควันขึ้น รบกวนเจ้าหน้าที่แก้ไขด่วนครับ,ด่วนมาก! อาคาร ICT ห้อง 1305 ปลั๊กไฟระเบิด เสียบชาร์จไม่ได้ ปล่อยไว้นานแล้ว,1,0.91,หมวดอาคารและสิ่งอำนวยความสะดวก
29,ขอร้องเรียนค่ะ มีซากสัตว์ตายส่งกลิ่นเหม็นเน่าที่ ตึกสงวนเสริมศรี ช่วยตรวจสอบทีครับ,ขอร้องเรียนค่ะ พบซากนกตายบริเวณ อาคารสงวน เริ่มส่งกลิ่น ช่วยส่งแม่บ้านมาเก็บที เดือดร้อนมากค่ะ ขอบคุณค่ะ,1,0.93,หมวดภูมิทัศน์และความสะอาด
30,นิสิตเดือดร้อนมากค่ะ ขอใบรับรองสถานภาพนิสิตภาษาอังกฤษ ใช้เวลากี่วันได้ ช่วยตรวจสอบทีครับ,ยื่นขอหนังสือรับรองการเป็นนิสิตผ่านช่องทางออนไลน์ยังไง เดือดร้อนมากค่ะ ขอบคุณค่ะ,1,0.94,หมวดบริการทั่วไป / อื่นๆ
31,ด่วนมาก! เข้าใช้งานระบบ UP Pass ไม่ได้ ล็อกอินแล้วเด้งออก,รบกวนเจ้าหน้าที่ครับ เข้าอีเมลมหาวิทยาลัยไม่ได้ จำรหัสผ่านไม่ได้ครับ,0,0.24,หมวดเทคโนโลยีสารสนเทศ (ต่างประเด็น)
32,ลืมกระเป๋าสตางค์ไว้ที่ ลานจอดรถหน้ามอ มีใครเก็บได้บ้างครับ เดือดร้อนมากค่ะ ขอบคุณค่ะ,ทำบัตรประจำตัวนิสิตใหม่ ติดต่อสำนักทะเบียนห้องไหนครับ ปล่อยไว้นานแล้ว,0,0.22,หมวดบริการทั่วไป / อื่นๆ (ต่างประเด็น)
33,แจ้งเรื่องครับ: สอบถามเรื่องการยื่นกู้ กยศ. และส่งเอกสารทุนการศึกษา ขอบคุณครับ,ด่วนมาก! เอกสารทุนการศึกษา มพ. ส่งได้ถึงวันไหนครับ เป็นแบบนี้มาหลายวันแล้วครับ,1,0.92,หมวดบริการทั่วไป / อื่นๆ
34,ด่วนมาก! ตารางเรียนวิชาบังคับชนกันสองวิชา แก้ไขยังไงได้บ้าง เป็นแบบนี้มาหลายวันแล้วครับ,รถมอเตอร์ไซค์ชนกันบริเวณ หอพักนิสิต UP DORM มีผู้ได้รับบาดเจ็บ เดือดร้อนมากค่ะ ขอบคุณค่ะ,0,0.03,ต่างหมวดหมู่
35,ช่วยตรวจสอบหน่อยครับ ตารางสอบปลายภาคชนกันในวันเดียวกันสองวิชา เป็นแบบนี้มาหลายวันแล้วครับ,ขอร้องเรียนค่ะ ยื่นคำร้องขอถอนรายวิชาล่าช้า ต้องให้อาจารย์ท่านไหนเซ็น ปล่อยไว้นานแล้ว,0,0.32,หมวดการเรียนการสอนและวิชาการ (ต่างประเด็น)
36,แจ้งเรื่องครับ: ห้องน้ำหญิง หอสมุด สกปรกมาก ไม่มีแม่บ้านดูแล รบกวนเจ้าหน้าที่แก้ไขด่วนครับ,รบกวนเจ้าหน้าที่ครับ ขยะล้นถังขยะตรง หอสมุด เหม็นมาก ไม่มีใครมาเก็บ ช่วยตรวจสอบทีครับ,0,0.3,หมวดภูมิทัศน์และความสะอาด (ต่างประเด็น)
37,นิสิตเดือดร้อนมากค่ะ ระบบบันทึกเกรดมีปัญหา เกรดยังไม่ออกสักวิชา ช่วยตรวจสอบทีครับ,ช่วยตรวจสอบหน่อยครับ ทำบัตรประจำตัวนิสิตใหม่ ติดต่อสำนักทะเบียนห้องไหนครับ เป็นแบบนี้มาหลายวันแล้วครับ,0,0.09,ต่างหมวดหมู่
38,แอดมินครับ อาจารย์ไม่เข้าสอนตามตารางเรียนและไม่แจ้งล่วงหน้า ช่วยตรวจสอบทีครับ,แอดมินครับ ยื่นคำร้องขอถอนรายวิชาล่าช้า ต้องให้อาจารย์ท่านไหนเซ็น ปล่อยไว้นานแล้ว,0,0.22,หมวดการเรียนการสอนและวิชาการ (ต่างประเด็น)
39,ด่วนมาก! ตารางเรียนวิชาบังคับชนกันสองวิชา แก้ไขยังไงได้บ้าง,ด่วนมาก! ยื่นคำร้องขอถอนรายวิชาล่าช้า ต้องให้อาจารย์ท่านไหนเซ็น ช่วยตรวจสอบทีครับ,0,0.2,หมวดการเรียนการสอนและวิชาการ (ต่างประเด็น)
40,รบกวนเจ้าหน้าที่ครับ หญ้าขึ้นสูงรกมากข้างทางเดินไป หอพักนิสิต UP DORM กลัวงู เดือดร้อนมากค่ะ ขอบคุณค่ะ,ช่วยตรวจสอบหน่อยครับ พบซากนกตายบริเวณ หอสมุด เริ่มส่งกลิ่น ช่วยส่งแม่บ้านมาเก็บที ช่วยตรวจสอบทีครับ,0,0.23,หมวดภูมิทัศน์และความสะอาด (ต่างประเด็น)
41,ช่วยตรวจสอบหน่อยครับ ตารางเรียนวิชาบังคับชนกันสองวิชา แก้ไขยังไงได้บ้าง เป็นแบบนี้มาหลายวันแล้วครับ,รบกวนเจ้าหน้าที่ครับ หมาจรจัดตรง ตึก CE ดุมาก เห่าและวิ่งไล่รถมอเตอร์ไซค์ เป็นแบบนี้มาหลายวันแล้วครับ,0,0.06,ต่างหมวดหมู่
42,ขอร้องเรียนค่ะ ตารางเรียนวิชาบังคับชนกันสองวิชา แก้ไขยังไงได้บ้าง รบกวนเจ้าหน้าที่แก้ไขด่วนครับ,ขอร้องเรียนค่ะ ห้อง 3202 หอพักนิสิต UP DORM แอร์พัง มีแต่ลมร้อน นั่งเรียนไม่ได้,0,0.2,ต่างหมวดหมู่
43,ขอนับชั่วโมงกิจกรรมจิตอาสา กดยื่นในระบบแล้วยังไม่อนุมัติ เดือดร้อนมากค่ะ ขอบคุณค่ะ,ขอร้องเรียนค่ะ เอกสารทุนการศึกษา มพ. ส่งได้ถึงวันไหนครับ ขอบคุณครับ,0,0.25,หมวดบริการทั่วไป / อื่นๆ (ต่างประเด็น)
44,ขอร้องเรียนค่ะ ต้องการขอดรอปรายวิชา ติดต่อทำเรื่องที่ไหนครับ,แอดมินครับ ยื่นคำร้องขอถอนรายวิชาล่าช้า ต้องให้อาจารย์ท่านไหนเซ็น เดือดร้อนมากค่ะ ขอบคุณค่ะ,1,0.87,หมวดการเรียนการสอนและวิชาการ
45,แอดมินครับ ตารางเรียนวิชาบังคับชนกันสองวิชา แก้ไขยังไงได้บ้าง เป็นแบบนี้มาหลายวันแล้วครับ,ช่วยตรวจสอบหน่อยครับ เน็ตตึก ตึก ICT ดับทั้งตึก เชื่อมต่อสัญญาณไม่ได้,0,0.16,ต่างหมวดหมู่
46,ช่วยประสานงานทีครับ หญ้าขึ้นสูงรกมากข้างทางเดินไป ตึกคณะนิติศาสตร์ กลัวงู,เข้าอีเมลมหาวิทยาลัยไม่ได้ จำรหัสผ่านไม่ได้ครับ เดือดร้อนมากค่ะ ขอบคุณค่ะ,0,0.06,ต่างหมวดหมู่
47,ช่วยประสานงานทีครับ มีซากสัตว์ตายส่งกลิ่นเหม็นเน่าที่ หอสมุด เดือดร้อนมากค่ะ ขอบคุณค่ะ,ช่วยประสานงานทีครับ ทำบัตรประจำตัวนิสิตใหม่ ติดต่อสำนักทะเบียนห้องไหนครับ เดือดร้อนมากค่ะ ขอบคุณค่ะ,0,0.15,ต่างหมวดหมู่
48,ด่วนมาก! หลอดไฟในห้องเรียน CE07 ตึกคณะบริหาร ขาด มืดมาก,เข้าอีเมลมหาวิทยาลัยไม่ได้ จำรหัสผ่านไม่ได้ครับ รบกวนเจ้าหน้าที่แก้ไขด่วนครับ,0,0.12,ต่างหมวดหมู่
49,ช่วยตรวจสอบหน่อยครับ หลังคารั่วตรงทางเดิน ตึก ICT น้ำเจิ่งนอง ขอบคุณครับ,รบกวนเจ้าหน้าที่ครับ เข้าอีเมลมหาวิทยาลัยไม่ได้ จำรหัสผ่านไม่ได้ครับ ช่วยตรวจสอบทีครับ,0,0.13,ต่างหมวดหมู่
50,แอดมินครับ ก๊อกน้ำอ่างล้างมือ ตึกวิทย์ หัก น้ำพุ่งกระเด็น,ขอร้องเรียนค่ะ ตึกคณะนิติศาสตร์ ห้อง 3101 ปลั๊กไฟระเบิด เสียบชาร์จไม่ได้ เป็นแบบนี้มาหลายวันแล้วครับ,0,0.2,หมวดอาคารและสิ่งอำนวยความสะดวก (ต่างประเด็น)
51,ช่วยตรวจสอบหน่อยครับ ห้องน้ำชั้น 2 ตึกสงวนเสริมศรี น้ำไม่ไหล ชักโครกกดไม่ลง ช่วยตรวจสอบทีครับ,ช่วยตรวจสอบหน่อยครับ โรงอาหารสงวน ชั้น 2 ห้องน้ำน้ำหยุดไหล สกปรกมาก ช่วยตรวจสอบทีครับ,1,0.93,หมวดอาคารและสิ่งอำนวยความสะดวก
52,ช่วยตรวจสอบหน่อยครับ ระบบบันทึกเกรดมีปัญหา เกรดยังไม่ออกสักวิชา เดือดร้อนมากค่ะ ขอบคุณค่ะ,ด่วนมาก! ประกาศเกรดยังไม่ขึ้นในระบบเลยครับ ติดต่อฝ่ายทะเบียนไม่ได้ เดือดร้อนมากค่ะ ขอบคุณค่ะ,1,0.79,หมวดการเรียนการสอนและวิชาการ
53,นิสิตเดือดร้อนมากค่ะ ระบบบันทึกเกรดมีปัญหา เกรดยังไม่ออกสักวิชา,ช่วยตรวจสอบหน่อยครับ ยื่นคำร้องขอถอนรายวิชาล่าช้า ต้องให้อาจารย์ท่านไหนเซ็น เป็นแบบนี้มาหลายวันแล้วครับ,0,0.34,หมวดการเรียนการสอนและวิชาการ (ต่างประเด็น)
54,กล้องวงจรปิดบริเวณ ตึกคณะบริหาร ดับ เสียมาหลายวัน ปล่อยไว้นานแล้ว,ขอร้องเรียนค่ะ รถมอเตอร์ไซค์ชนกันบริเวณ หอสมุด มีผู้ได้รับบาดเจ็บ ช่วยตรวจสอบทีครับ,0,0.23,หมวดความปลอดภัยและจราจร (ต่างประเด็น)
55,แอดมินครับ หมวกกันน็อคหายที่ลานจอดรถ ตึกสงวนเสริมศรี รบกวนเจ้าหน้าที่แก้ไขด่วนครับ,แจ้งเรื่องครับ: กล้อง CCTV ตรง ตึกสงวนเสริมศรี ใช้งานไม่ได้ อยากขอเปิดดูของหาย รบกวนเจ้าหน้าที่แก้ไขด่วนครับ,0,0.22,หมวดความปลอดภัยและจราจร (ต่างประเด็น)
56,แอดมินครับ ตารางเรียนวิชาบังคับชนกันสองวิชา แก้ไขยังไงได้บ้าง ปล่อยไว้นานแล้ว,ช่วยตรวจสอบหน่อยครับ ยื่นคำร้องขอถอนรายวิชาล่าช้า ต้องให้อาจารย์ท่านไหนเซ็น ขอบคุณครับ,0,0.22,หมวดการเรียนการสอนและวิชาการ (ต่างประเด็น)
57,ด่วนมาก! ลิฟต์ ตึก PKY ประตูค้าง เปิดไม่ออก,ช่วยตรวจสอบหน่อยครับ ลิฟต์โดยสารที่ อาคารภักดี ชำรุด กดแล้วไม่ขยับ ประตูเปิดไม่ได้ เดือดร้อนมากค่ะ ขอบคุณค่ะ,1,0.94,หมวดอาคารและสิ่งอำนวยความสะดวก
58,ด่วนมาก! ป้ายรถเมล์บริเวณ ตึก ICT ไม่มีหลังคาบังแดดบังฝน,ด่วนมาก! เน็ต UP-WiFi ที่ หอสมุด ช้ามาก สัญญาณหลุดตลอดเวลา เดือดร้อนมากค่ะ ขอบคุณค่ะ,0,0.19,ต่างหมวดหมู่
59,นิสิตเดือดร้อนมากค่ะ ประตูห้องน้ำชาย ตึกคณะนิติศาสตร์ ลูกบิดพัง ล็อคไม่ได้ รบกวนเจ้าหน้าที่แก้ไขด่วนครับ,ช่วยตรวจสอบหน่อยครับ หอพักนิสิต UP DORM ห้อง 1101 ปลั๊กไฟระเบิด เสียบชาร์จไม่ได้ ช่วยตรวจสอบทีครับ,0,0.4,หมวดอาคารและสิ่งอำนวยความสะดวก (ต่างประเด็น)
60,แจ้งเรื่องครับ: รถเมล์ มพ. สาย มอ รอนานเกิน 45 นาทีแล้วไม่มา ปล่อยไว้นานแล้ว,มีต้นไม้ล้มทับทางเดินข้าง ตึก PKY สัญจรลำบากมาก ขอบคุณครับ,0,0.12,ต่างหมวดหมู่
61,ด่วนมาก! ป้ายรถเมล์บริเวณ ตึก ICT ไม่มีหลังคาบังแดดบังฝน ช่วยตรวจสอบทีครับ,บริเวณที่นั่งเล่น ลานจอดรถหน้ามอ ขยะเต็มโต๊ะ ไม่มีคนกวาด ช่วยตรวจสอบทีครับ,0,0.13,ต่างหมวดหมู่
62,แจ้งเรื่องครับ: มีรถจอดซ้อนคันขวางทางออกตรง ตึก CE ปล่อยไว้นานแล้ว,รบกวนเจ้าหน้าที่ครับ รถยนต์จอดขวางทางเลี้ยวบริเวณ อาคารเรียนรวม CE ขับผ่านไม่ได้เลย,1,0.98,หมวดความปลอดภัยและจราจร
63,นิสิตเดือดร้อนมากค่ะ ระบบบันทึกเกรดมีปัญหา เกรดยังไม่ออกสักวิชา ปล่อยไว้นานแล้ว,ช่วยตรวจสอบหน่อยครับ ประกาศเกรดยังไม่ขึ้นในระบบเลยครับ ติดต่อฝ่ายทะเบียนไม่ได้ ปล่อยไว้นานแล้ว,1,0.91,หมวดการเรียนการสอนและวิชาการ
64,ช่วยประสานงานทีครับ รถเมล์ มพ. ไม่จอดรับนิสิตที่ป้าย ตึก CE ช่วยตรวจสอบทีครับ,ช่วยประสานงานทีครับ นิสิตต่อคิวรอรถเมล์ตรง ตึกคณะนิติศาสตร์ ยาวล้นออกมานอกฟุตบาท ช่วยตรวจสอบทีครับ,0,0.32,หมวดการเดินทางและระบบขนส่ง (ต่างประเด็น)
65,ช่วยประสานงานทีครับ อาจารย์ไม่เข้าสอนตามตารางเรียนและไม่แจ้งล่วงหน้า ขอบคุณครับ,แจ้งเรื่องครับ: วิชาบังคับเซคเต็มทุกเซค ขอเปิดเพิ่มอีกเซคได้ไหมครับ เป็นแบบนี้มาหลายวันแล้วครับ,0,0.3,หมวดการเรียนการสอนและวิชาการ (ต่างประเด็น)
66,ช่วยตรวจสอบหน่อยครับ ระบบลงทะเบียนเรียน Reg ล่ม เข้าสู่ระบบไม่ได้ตั้งแต่เช้า ขอบคุณครับ,ช่วยประสานงานทีครับ เว็บ reg.up.ac.th ล่ม กดเลือกวิชาไม่ได้เลยครับ เป็นแบบนี้มาหลายวันแล้วครับ,1,0.98,หมวดเทคโนโลยีสารสนเทศ
67,แจ้งเรื่องครับ: มีซากสัตว์ตายส่งกลิ่นเหม็นเน่าที่ ตึกคณะนิติศาสตร์ เดือดร้อนมากค่ะ ขอบคุณค่ะ,ขอร้องเรียนค่ะ ชั่วโมงกิจกรรมสะสมไม่ขึ้นในระบบ UP Pass ติดต่อใคร,0,0.16,ต่างหมวดหมู่
68,ด่วนมาก! ไฟกิ่งส่องสว่างทางเดินไป ตึก PKY ดับ มืดและเปลี่ยวมาก ขอบคุณครับ,ช่วยตรวจสอบหน่อยครับ เสาไฟทางเดินตรง อาคารภักดี ไม่ติด มืดมากกลัวอันตราย ปล่อยไว้นานแล้ว,1,0.88,หมวดความปลอดภัยและจราจร
69,แอดมินครับ ลืมรหัสผ่าน UP Mail ขอยื่นรีเซ็ตรหัสผ่านเมลองค์กร ช่วยตรวจสอบทีครับ,เข้าอีเมลมหาวิทยาลัยไม่ได้ จำรหัสผ่านไม่ได้ครับ ปล่อยไว้นานแล้ว,1,0.92,หมวดเทคโนโลยีสารสนเทศ
70,ช่วยตรวจสอบหน่อยครับ ระบบบันทึกเกรดมีปัญหา เกรดยังไม่ออกสักวิชา,ประกาศเกรดยังไม่ขึ้นในระบบเลยครับ ติดต่อฝ่ายทะเบียนไม่ได้ เดือดร้อนมากค่ะ ขอบคุณค่ะ,1,0.87,หมวดการเรียนการสอนและวิชาการ
71,ด่วนมาก! ตารางเรียนวิชาบังคับชนกันสองวิชา แก้ไขยังไงได้บ้าง เป็นแบบนี้มาหลายวันแล้วครับ,รบกวนเจ้าหน้าที่ครับ ตารางเรียนชนกันครับ เข้าระบบแล้วเลือกเวลาทับซ้อนกัน ปล่อยไว้นานแล้ว,1,0.91,หมวดการเรียนการสอนและวิชาการ
72,รบกวนเจ้าหน้าที่ครับ ลิฟต์ ตึกคณะนิติศาสตร์ ประตูค้าง เปิดไม่ออก เดือดร้อนมากค่ะ ขอบคุณค่ะ,แจ้งเรื่องครับ: ตึก PKY ชั้น 3 ห้องน้ำน้ำหยุดไหล สกปรกมาก ปล่อยไว้นานแล้ว,0,0.34,หมวดอาคารและสิ่งอำนวยความสะดวก (ต่างประเด็น)
73,แอดมินครับ ต้องการขอดรอปรายวิชา ติดต่อทำเรื่องที่ไหนครับ เป็นแบบนี้มาหลายวันแล้วครับ,ด่วนมาก! ยื่นคำร้องขอถอนรายวิชาล่าช้า ต้องให้อาจารย์ท่านไหนเซ็น ขอบคุณครับ,1,0.86,หมวดการเรียนการสอนและวิชาการ
74,นิสิตเดือดร้อนมากค่ะ ตารางสอบปลายภาคชนกันในวันเดียวกันสองวิชา ช่วยตรวจสอบทีครับ,ช่วยประสานงานทีครับ วันสอบปลายภาคเวลาตรงกันสองรายวิชา ขอสอบชดเชยได้ไหม ช่วยตรวจสอบทีครับ,1,0.85,หมวดการเรียนการสอนและวิชาการ
75,ช่วยประสานงานทีครับ ห้องน้ำหญิง ตึกวิทย์ สกปรกมาก ไม่มีแม่บ้านดูแล เดือดร้อนมากค่ะ ขอบคุณค่ะ,รบกวนเจ้าหน้าที่ครับ ตึกวิทยาศาสตร์ ห้องน้ำสกปรก พื้นแฉะและส่งกลิ่นเหม็น เดือดร้อนมากค่ะ ขอบคุณค่ะ,1,0.83,หมวดภูมิทัศน์และความสะอาด
76,นิสิตเดือดร้อนมากค่ะ ประตูห้องน้ำชาย ตึก CE ลูกบิดพัง ล็อคไม่ได้ รบกวนเจ้าหน้าที่แก้ไขด่วนครับ,ขอร้องเรียนค่ะ ลูกบิดประตูห้องน้ำ อาคารเรียนรวม หลุด ล็อคไม่ได้ช่วยซ่อมที ขอบคุณครับ,1,0.91,หมวดอาคารและสิ่งอำนวยความสะดวก
77,ขอร้องเรียนค่ะ หญ้าขึ้นสูงรกมากข้างทางเดินไป ตึก ICT กลัวงู ปล่อยไว้นานแล้ว,แจ้งเรื่องครับ: บริเวณทางเดินไป ตึกเทคโนโลยีสารสนเทศและการสื่อสาร หญ้ารกมาก ช่วยตัดหญ้าทีครับ เดือดร้อนมากค่ะ ขอบคุณค่ะ,1,0.79,หมวดภูมิทัศน์และความสะอาด
78,ช่วยประสานงานทีครับ ก๊อกน้ำอ่างล้างมือ ตึกคณะบริหาร หัก น้ำพุ่งกระเด็น ปล่อยไว้นานแล้ว,แจ้งเรื่องครับ: อ่างล้างหน้า คณะวิทยาการจัดการ ท่อน้ำแตก น้ำนองเต็มพื้น รบกวนเจ้าหน้าที่แก้ไขด่วนครับ,1,0.98,หมวดอาคารและสิ่งอำนวยความสะดวก
79,ด่วนมาก! เกิดอุบัติเหตุรถเฉี่ยวชนกันตรงทางแยก ตึกคณะนิติศาสตร์ เป็นแบบนี้มาหลายวันแล้วครับ,รถมอเตอร์ไซค์ชนกันบริเวณ อาคารเรียนนิติศาสตร์ มีผู้ได้รับบาดเจ็บ เดือดร้อนมากค่ะ ขอบคุณค่ะ,1,0.93,หมวดความปลอดภัยและจราจร
80,แจ้งเรื่องครับ: อาจารย์ไม่เข้าสอนตามตารางเรียนและไม่แจ้งล่วงหน้า ปล่อยไว้นานแล้ว,ช่วยตรวจสอบหน่อยครับ บริเวณทางเดินไป ลานจอดรถหน้ามอ หญ้ารกมาก ช่วยตัดหญ้าทีครับ เป็นแบบนี้มาหลายวันแล้วครับ,0,0.18,ต่างหมวดหมู่
81,คิวต่อแถวรอรถเมล์มอที่ ตึกคณะนิติศาสตร์ แน่นมาก รถมีไม่เพียงพอ ช่วยตรวจสอบทีครับ,ช่วยตรวจสอบหน่อยครับ หมาจรจัดตรง หอสมุด ดุมาก เห่าและวิ่งไล่รถมอเตอร์ไซค์ เดือดร้อนมากค่ะ ขอบคุณค่ะ,0,0.13,ต่างหมวดหมู่
82,ด่วนมาก! สอบถามเรื่องการยื่นกู้ กยศ. และส่งเอกสารทุนการศึกษา ปล่อยไว้นานแล้ว,แจ้งเรื่องครับ: เอกสารทุนการศึกษา มพ. ส่งได้ถึงวันไหนครับ ขอบคุณครับ,1,0.8,หมวดบริการทั่วไป / อื่นๆ
83,ช่วยประสานงานทีครับ บัตรนิสิตหาย ต้องการทำบัตรใหม่ต้องเตรียมอะไรบ้าง ปล่อยไว้นานแล้ว,แอดมินครับ ทำบัตรประจำตัวนิสิตใหม่ ติดต่อสำนักทะเบียนห้องไหนครับ รบกวนเจ้าหน้าที่แก้ไขด่วนครับ,1,0.81,หมวดบริการทั่วไป / อื่นๆ
84,แอดมินครับ กิ่งไม้ขนาดใหญ่หักหล่นขวางถนนตรง ตึกคณะบริหาร ช่วยตรวจสอบทีครับ,แจ้งเรื่องครับ: มีต้นไม้ล้มทับทางเดินข้าง คณะวิทยาการจัดการ สัญจรลำบากมาก ช่วยตรวจสอบทีครับ,1,0.85,หมวดภูมิทัศน์และความสะอาด
85,แอดมินครับ ห้องน้ำหญิง ตึกสงวนเสริมศรี สกปรกมาก ไม่มีแม่บ้านดูแล รบกวนเจ้าหน้าที่แก้ไขด่วนครับ,ตึกสงวนเสริมศรี ห้องน้ำสกปรก พื้นแฉะและส่งกลิ่นเหม็น ขอบคุณครับ,1,0.95,หมวดภูมิทัศน์และความสะอาด
86,ขอร้องเรียนค่ะ ลืมกระเป๋าสตางค์ไว้ที่ ตึก CE มีใครเก็บได้บ้างครับ เป็นแบบนี้มาหลายวันแล้วครับ,แจ้งเรื่องครับ: ตามหาของหาย ลืมไอแพดไว้ที่ ตึก CE ช่วยดูกล้องให้ที ปล่อยไว้นานแล้ว,1,0.86,หมวดบริการทั่วไป / อื่นๆ
87,นิสิตเดือดร้อนมากค่ะ บัตรนิสิตหาย ต้องการทำบัตรใหม่ต้องเตรียมอะไรบ้าง รบกวนเจ้าหน้าที่แก้ไขด่วนครับ,ช่วยตรวจสอบหน่อยครับ เน็ต UP-WiFi ที่ ตึกสงวนเสริมศรี ช้ามาก สัญญาณหลุดตลอดเวลา ปล่อยไว้นานแล้ว,0,0.12,ต่างหมวดหมู่
88,แจ้งเรื่องครับ: ไฟกิ่งส่องสว่างทางเดินไป หอสมุด ดับ มืดและเปลี่ยวมาก ปล่อยไว้นานแล้ว,แจ้งเรื่องครับ: รถมอเตอร์ไซค์ชนกันบริเวณ ลานจอดรถหน้ามอ มีผู้ได้รับบาดเจ็บ รบกวนเจ้าหน้าที่แก้ไขด่วนครับ,0,0.23,หมวดความปลอดภัยและจราจร (ต่างประเด็น)
89,ด่วนมาก! ประตูห้องน้ำชาย ตึกวิทย์ ลูกบิดพัง ล็อคไม่ได้ เป็นแบบนี้มาหลายวันแล้วครับ,ด่วนมาก! ลูกบิดประตูห้องน้ำ ตึกวิทยาศาสตร์ หลุด ล็อคไม่ได้ช่วยซ่อมที ขอบคุณครับ,1,0.97,หมวดอาคารและสิ่งอำนวยความสะดวก
90,แอดมินครับ ก๊อกน้ำอ่างล้างมือ ตึก PKY หัก น้ำพุ่งกระเด็น เป็นแบบนี้มาหลายวันแล้วครับ,รบกวนเจ้าหน้าที่ครับ อ่างล้างหน้า ตึกพัชรกิตติยาภา ท่อน้ำแตก น้ำนองเต็มพื้น เป็นแบบนี้มาหลายวันแล้วครับ,1,0.85,หมวดอาคารและสิ่งอำนวยความสะดวก
91,ตารางสอบปลายภาคชนกันในวันเดียวกันสองวิชา ช่วยตรวจสอบทีครับ,ขอร้องเรียนค่ะ วันสอบปลายภาคเวลาตรงกันสองรายวิชา ขอสอบชดเชยได้ไหม,1,0.88,หมวดการเรียนการสอนและวิชาการ
92,ช่วยประสานงานทีครับ กล้องวงจรปิดบริเวณ ตึกสงวนเสริมศรี ดับ เสียมาหลายวัน ช่วยตรวจสอบทีครับ,รบกวนเจ้าหน้าที่ครับ รถเมล์มอสาย 1 ขับปาดซ้ายปาดขวา เบรกแรง กลัวอันตราย ช่วยตรวจสอบทีครับ,0,0.16,ต่างหมวดหมู่
93,ช่วยตรวจสอบหน่อยครับ ปลั๊กไฟห้อง 2201 ตึก PKY ช็อต มีควันขึ้น ช่วยตรวจสอบทีครับ,ช่วยประสานงานทีครับ ฝนตกแล้วน้ำรั่วลงมาจากเพดาน ตึกคณะนิติศาสตร์ พื้นลื่นมาก รบกวนเจ้าหน้าที่แก้ไขด่วนครับ,0,0.41,หมวดอาคารและสิ่งอำนวยความสะดวก (ต่างประเด็น)
94,กล้องวงจรปิดบริเวณ ตึก CE ดับ เสียมาหลายวัน ช่วยตรวจสอบทีครับ,ช่วยประสานงานทีครับ กล้อง CCTV ตรง หอพักนิสิต UP DORM ใช้งานไม่ได้ อยากขอเปิดดูของหาย รบกวนเจ้าหน้าที่แก้ไขด่วนครับ,0,0.3,หมวดความปลอดภัยและจราจร (ต่างประเด็น)
95,หญ้าขึ้นสูงรกมากข้างทางเดินไป ตึก CE กลัวงู ปล่อยไว้นานแล้ว,แจ้งเรื่องครับ: ตึกสงวนเสริมศรี ห้องน้ำสกปรก พื้นแฉะและส่งกลิ่นเหม็น ปล่อยไว้นานแล้ว,0,0.23,หมวดภูมิทัศน์และความสะอาด (ต่างประเด็น)
96,ช่วยตรวจสอบหน่อยครับ บัตรนิสิตหาย ต้องการทำบัตรใหม่ต้องเตรียมอะไรบ้าง,รบกวนเจ้าหน้าที่ครับ ทำบัตรประจำตัวนิสิตใหม่ ติดต่อสำนักทะเบียนห้องไหนครับ รบกวนเจ้าหน้าที่แก้ไขด่วนครับ,1,0.85,หมวดบริการทั่วไป / อื่นๆ
97,ช่วยประสานงานทีครับ ระบบบันทึกเกรดมีปัญหา เกรดยังไม่ออกสักวิชา ขอบคุณครับ,รบกวนเจ้าหน้าที่ครับ ประกาศเกรดยังไม่ขึ้นในระบบเลยครับ ติดต่อฝ่ายทะเบียนไม่ได้ ช่วยตรวจสอบทีครับ,1,0.79,หมวดการเรียนการสอนและวิชาการ
98,ช่วยตรวจสอบหน่อยครับ ต้องการขอดรอปรายวิชา ติดต่อทำเรื่องที่ไหนครับ รบกวนเจ้าหน้าที่แก้ไขด่วนครับ,ช่วยตรวจสอบหน่อยครับ ตารางเรียนชนกันครับ เข้าระบบแล้วเลือกเวลาทับซ้อนกัน เป็นแบบนี้มาหลายวันแล้วครับ,0,0.31,หมวดการเรียนการสอนและวิชาการ (ต่างประเด็น)
99,นิสิตเดือดร้อนมากค่ะ กล้องวงจรปิดบริเวณ หอพักนิสิต UP DORM ดับ เสียมาหลายวัน ขอบคุณครับ,ขอร้องเรียนค่ะ กล้อง CCTV ตรง หอพักในมอ ใช้งานไม่ได้ อยากขอเปิดดูของหาย เป็นแบบนี้มาหลายวันแล้วครับ,1,0.85,หมวดความปลอดภัยและจราจร
100,ช่วยตรวจสอบหน่อยครับ หมวกกันน็อคหายที่ลานจอดรถ ตึก ICT เป็นแบบนี้มาหลายวันแล้วครับ,รบกวนเจ้าหน้าที่ครับ เสาไฟทางเดินตรง หอพักนิสิต UP DORM ไม่ติด มืดมากกลัวอันตราย เป็นแบบนี้มาหลายวันแล้วครับ,0,0.33,หมวดความปลอดภัยและจราจร (ต่างประเด็น)
101,พบสุนัขจรจัดดุวิ่งไล่กวดนิสิตบริเวณ ตึกคณะนิติศาสตร์ เดือดร้อนมากค่ะ ขอบคุณค่ะ,ขอร้องเรียนค่ะ กล้อง CCTV ตรง ลานจอดรถหน้ามอ ใช้งานไม่ได้ อยากขอเปิดดูของหาย ขอบคุณครับ,0,0.35,หมวดความปลอดภัยและจราจร (ต่างประเด็น)
102,ด่วนมาก! รถเมล์ มพ. สาย 1 รอนานเกิน 45 นาทีแล้วไม่มา ช่วยตรวจสอบทีครับ,ขอร้องเรียนค่ะ รอรถเมล์มอสาย 1 นานมาก รถขาดช่วง นิสิตไปเรียนไม่ทัน รบกวนเจ้าหน้าที่แก้ไขด่วนครับ,1,0.86,หมวดการเดินทางและระบบขนส่ง
103,แจ้งเรื่องครับ: ต้องการขอดรอปรายวิชา ติดต่อทำเรื่องที่ไหนครับ ปล่อยไว้นานแล้ว,ขอร้องเรียนค่ะ ทำบัตรประจำตัวนิสิตใหม่ ติดต่อสำนักทะเบียนห้องไหนครับ ขอบคุณครับ,0,0.06,ต่างหมวดหมู่
104,ด่วนมาก! ลิฟต์ ตึกคณะนิติศาสตร์ ประตูค้าง เปิดไม่ออก เดือดร้อนมากค่ะ ขอบคุณค่ะ,นิสิตเดือดร้อนมากค่ะ ประกาศเกรดยังไม่ขึ้นในระบบเลยครับ ติดต่อฝ่ายทะเบียนไม่ได้,0,0.2,ต่างหมวดหมู่
105,แจ้งเรื่องครับ: ปลั๊กไฟห้อง CE07 หอสมุด ช็อต มีควันขึ้น ขอบคุณครับ,หอสมุด ห้อง CE07 ปลั๊กไฟระเบิด เสียบชาร์จไม่ได้ ขอบคุณครับ,1,0.94,หมวดอาคารและสิ่งอำนวยความสะดวก
106,รบกวนเจ้าหน้าที่ครับ หมวกกันน็อคหายที่ลานจอดรถ ลานจอดรถหน้ามอ ขอบคุณครับ,ด่วนมาก! จอดมอเตอร์ไซค์ไว้ที่ ตึก ICT หมวกกันน็อคโดนขโมยไปครับ เดือดร้อนมากค่ะ ขอบคุณค่ะ,0,0.38,หมวดความปลอดภัยและจราจร (ต่างประเด็น)
107,รบกวนเจ้าหน้าที่ครับ มีรถจอดซ้อนคันขวางทางออกตรง ตึกคณะบริหาร รบกวนเจ้าหน้าที่แก้ไขด่วนครับ,นิสิตเดือดร้อนมากค่ะ ขยะล้นถังขยะตรง ตึก ICT เหม็นมาก ไม่มีใครมาเก็บ,0,0.03,ต่างหมวดหมู่
108,แอดมินครับ ปลั๊กไฟห้อง CE01 หอสมุด ช็อต มีควันขึ้น ขอบคุณครับ,ช่วยตรวจสอบหน่อยครับ ฝนตกแล้วน้ำรั่วลงมาจากเพดาน ตึกคณะนิติศาสตร์ พื้นลื่นมาก ช่วยตรวจสอบทีครับ,0,0.2,หมวดอาคารและสิ่งอำนวยความสะดวก (ต่างประเด็น)
109,ช่วยตรวจสอบหน่อยครับ ประตูห้องน้ำชาย ตึก ICT ลูกบิดพัง ล็อคไม่ได้ ขอบคุณครับ,แจ้งเรื่องครับ: ประกาศเกรดยังไม่ขึ้นในระบบเลยครับ ติดต่อฝ่ายทะเบียนไม่ได้ ปล่อยไว้นานแล้ว,0,0.07,ต่างหมวดหมู่
110,ขอร้องเรียนค่ะ ขอใบรับรองสถานภาพนิสิตภาษาอังกฤษ ใช้เวลากี่วันได้ เดือดร้อนมากค่ะ ขอบคุณค่ะ,แอดมินครับ ห้อง PKY02 ตึก ICT แอร์พัง มีแต่ลมร้อน นั่งเรียนไม่ได้ ขอบคุณครับ,0,0.03,ต่างหมวดหมู่
111,แจ้งเรื่องครับ: สัญญาณ WiFi UP-WiFi ที่ หอพักนิสิต UP DORM หลุดบ่อยมาก ช้ามาก ขอบคุณครับ,นิสิตเดือดร้อนมากค่ะ ตึกคณะบริหาร ห้องน้ำสกปรก พื้นแฉะและส่งกลิ่นเหม็น รบกวนเจ้าหน้าที่แก้ไขด่วนครับ,0,0.13,ต่างหมวดหมู่
112,แจ้งเรื่องครับ: ลืมรหัสผ่าน UP Mail ขอยื่นรีเซ็ตรหัสผ่านเมลองค์กร รบกวนเจ้าหน้าที่แก้ไขด่วนครับ,ขอร้องเรียนค่ะ เข้าอีเมลมหาวิทยาลัยไม่ได้ จำรหัสผ่านไม่ได้ครับ ขอบคุณครับ,1,0.9,หมวดเทคโนโลยีสารสนเทศ
113,นิสิตเดือดร้อนมากค่ะ ตารางสอบปลายภาคชนกันในวันเดียวกันสองวิชา ช่วยตรวจสอบทีครับ,ช่วยประสานงานทีครับ วันสอบปลายภาคเวลาตรงกันสองรายวิชา ขอสอบชดเชยได้ไหม ขอบคุณครับ,1,0.9,หมวดการเรียนการสอนและวิชาการ
114,รบกวนเจ้าหน้าที่ครับ ถังขยะบริเวณ ตึกสงวนเสริมศรี ล้น ส่งกลิ่นเหม็นรบกวน ปล่อยไว้นานแล้ว,รบกวนเจ้าหน้าที่ครับ ขยะล้นถังขยะตรง อาคารสงวน เหม็นมาก ไม่มีใครมาเก็บ,1,0.9,หมวดภูมิทัศน์และความสะอาด
115,แจ้งเรื่องครับ: รถเมล์ มพ. ไม่จอดรับนิสิตที่ป้าย หอพักนิสิต UP DORM รบกวนเจ้าหน้าที่แก้ไขด่วนครับ,แจ้งเรื่องครับ: ป้าย หอพักในมอ รถเมล์มอขับเลยไป ไม่ยอมจอดรับผู้โดยสาร เดือดร้อนมากค่ะ ขอบคุณค่ะ,1,0.92,หมวดการเดินทางและระบบขนส่ง
116,รบกวนเจ้าหน้าที่ครับ หมวกกันน็อคหายที่ลานจอดรถ ตึก CE รบกวนเจ้าหน้าที่แก้ไขด่วนครับ,นิสิตเดือดร้อนมากค่ะ หมาจรจัดตรง ตึก ICT ดุมาก เห่าและวิ่งไล่รถมอเตอร์ไซค์ ช่วยตรวจสอบทีครับ,0,0.31,หมวดความปลอดภัยและจราจร (ต่างประเด็น)
117,แจ้งเรื่องครับ: อินเทอร์เน็ตที่ หอพักนิสิต UP DORM ใช้งานไม่ได้เลย สัญญาณกากบาท เป็นแบบนี้มาหลายวันแล้วครับ,นิสิตเดือดร้อนมากค่ะ แอปพลิเคชัน UP Pass เข้าไม่ได้ ขึ้น error ตลอดเวลา ขอบคุณครับ,0,0.34,หมวดเทคโนโลยีสารสนเทศ (ต่างประเด็น)
118,นิสิตเดือดร้อนมากค่ะ เศษขยะเกลื่อนกลาดรอบโต๊ะม้าหินอ่อน หอพักนิสิต UP DORM ขอบคุณครับ,แจ้งเรื่องครับ: ตึกคณะบริหาร ชั้น 1 ห้องน้ำน้ำหยุดไหล สกปรกมาก เดือดร้อนมากค่ะ ขอบคุณค่ะ,0,0.18,ต่างหมวดหมู่
119,แจ้งเรื่องครับ: เกิดอุบัติเหตุรถเฉี่ยวชนกันตรงทางแยก ตึกคณะบริหาร เดือดร้อนมากค่ะ ขอบคุณค่ะ,ขอร้องเรียนค่ะ ยื่นคำร้องขอถอนรายวิชาล่าช้า ต้องให้อาจารย์ท่านไหนเซ็น,0,0.16,ต่างหมวดหมู่
120,ขอร้องเรียนค่ะ มีซากสัตว์ตายส่งกลิ่นเหม็นเน่าที่ ตึก CE เป็นแบบนี้มาหลายวันแล้วครับ,ช่วยประสานงานทีครับ มีต้นไม้ล้มทับทางเดินข้าง ตึกคณะนิติศาสตร์ สัญจรลำบากมาก เดือดร้อนมากค่ะ ขอบคุณค่ะ,0,0.24,หมวดภูมิทัศน์และความสะอาด (ต่างประเด็น)
121,ด่วนมาก! สัญญาณ WiFi UP-WiFi ที่ ตึกวิทย์ หลุดบ่อยมาก ช้ามาก เป็นแบบนี้มาหลายวันแล้วครับ,แอดมินครับ เว็บ reg.up.ac.th ล่ม กดเลือกวิชาไม่ได้เลยครับ เป็นแบบนี้มาหลายวันแล้วครับ,0,0.26,หมวดเทคโนโลยีสารสนเทศ (ต่างประเด็น)
122,นิสิตเดือดร้อนมากค่ะ แอร์ห้อง PKY02 หอสมุด เสีย ไม่เย็นเลย ร้อนมาก รบกวนเจ้าหน้าที่แก้ไขด่วนครับ,ช่วยประสานงานทีครับ ลูกบิดประตูห้องน้ำ ตึกสงวนเสริมศรี หลุด ล็อคไม่ได้ช่วยซ่อมที ขอบคุณครับ,0,0.25,หมวดอาคารและสิ่งอำนวยความสะดวก (ต่างประเด็น)
123,ไฟกิ่งส่องสว่างทางเดินไป ตึก PKY ดับ มืดและเปลี่ยวมาก ช่วยตรวจสอบทีครับ,นิสิตเดือดร้อนมากค่ะ เสาไฟทางเดินตรง อาคารภักดี ไม่ติด มืดมากกลัวอันตราย ช่วยตรวจสอบทีครับ,1,0.97,หมวดความปลอดภัยและจราจร
124,ขอร้องเรียนค่ะ สอบถามเรื่องการยื่นกู้ กยศ. และส่งเอกสารทุนการศึกษา ปล่อยไว้นานแล้ว,ด่วนมาก! ตามหาของหาย ลืมไอแพดไว้ที่ หอสมุด ช่วยดูกล้องให้ที ช่วยตรวจสอบทีครับ,0,0.28,หมวดบริการทั่วไป / อื่นๆ (ต่างประเด็น)
125,ด่วนมาก! ไฟกิ่งส่องสว่างทางเดินไป หอสมุด ดับ มืดและเปลี่ยวมาก ปล่อยไว้นานแล้ว,ช่วยตรวจสอบหน่อยครับ ลิฟต์โดยสารที่ ตึกคณะบริหาร ชำรุด กดแล้วไม่ขยับ ประตูเปิดไม่ได้ ช่วยตรวจสอบทีครับ,0,0.03,ต่างหมวดหมู่
126,ช่วยประสานงานทีครับ ตารางสอบปลายภาคชนกันในวันเดียวกันสองวิชา เดือดร้อนมากค่ะ ขอบคุณค่ะ,ช่วยตรวจสอบหน่อยครับ วันสอบปลายภาคเวลาตรงกันสองรายวิชา ขอสอบชดเชยได้ไหม เป็นแบบนี้มาหลายวันแล้วครับ,1,0.94,หมวดการเรียนการสอนและวิชาการ
127,นิสิตเดือดร้อนมากค่ะ ถังขยะบริเวณ หอพักนิสิต UP DORM ล้น ส่งกลิ่นเหม็นรบกวน ขอบคุณครับ,ด่วนมาก! ขยะล้นถังขยะตรง หอใน เหม็นมาก ไม่มีใครมาเก็บ ปล่อยไว้นานแล้ว,1,0.83,หมวดภูมิทัศน์และความสะอาด
128,ด่วนมาก! ขอนับชั่วโมงกิจกรรมจิตอาสา กดยื่นในระบบแล้วยังไม่อนุมัติ เดือดร้อนมากค่ะ ขอบคุณค่ะ,รบกวนเจ้าหน้าที่ครับ เอกสารทุนการศึกษา มพ. ส่งได้ถึงวันไหนครับ ขอบคุณครับ,0,0.42,หมวดบริการทั่วไป / อื่นๆ (ต่างประเด็น)
129,แจ้งเรื่องครับ: ไฟกิ่งส่องสว่างทางเดินไป ตึก ICT ดับ มืดและเปลี่ยวมาก รบกวนเจ้าหน้าที่แก้ไขด่วนครับ,แอดมินครับ เสาไฟทางเดินตรง ตึก ICT ไม่ติด มืดมากกลัวอันตราย เป็นแบบนี้มาหลายวันแล้วครับ,1,0.84,หมวดความปลอดภัยและจราจร
130,นิสิตเดือดร้อนมากค่ะ ขอใบรับรองสถานภาพนิสิตภาษาอังกฤษ ใช้เวลากี่วันได้ ปล่อยไว้นานแล้ว,แอดมินครับ เอกสารทุนการศึกษา มพ. ส่งได้ถึงวันไหนครับ เดือดร้อนมากค่ะ ขอบคุณค่ะ,0,0.24,หมวดบริการทั่วไป / อื่นๆ (ต่างประเด็น)
131,ระบบลงทะเบียนเรียน Reg ล่ม เข้าสู่ระบบไม่ได้ตั้งแต่เช้า,ช่วยตรวจสอบหน่อยครับ เว็บ reg.up.ac.th ล่ม กดเลือกวิชาไม่ได้เลยครับ ช่วยตรวจสอบทีครับ,1,0.96,หมวดเทคโนโลยีสารสนเทศ
132,นิสิตเดือดร้อนมากค่ะ ระบบบันทึกเกรดมีปัญหา เกรดยังไม่ออกสักวิชา เป็นแบบนี้มาหลายวันแล้วครับ,นิสิตเดือดร้อนมากค่ะ วิชาบังคับเซคเต็มทุกเซค ขอเปิดเพิ่มอีกเซคได้ไหมครับ ช่วยตรวจสอบทีครับ,0,0.34,หมวดการเรียนการสอนและวิชาการ (ต่างประเด็น)
133,แอดมินครับ เศษขยะเกลื่อนกลาดรอบโต๊ะม้าหินอ่อน ตึกสงวนเสริมศรี ปล่อยไว้นานแล้ว,รบกวนเจ้าหน้าที่ครับ บริเวณที่นั่งเล่น โรงอาหารสงวน ขยะเต็มโต๊ะ ไม่มีคนกวาด เป็นแบบนี้มาหลายวันแล้วครับ,1,0.81,หมวดภูมิทัศน์และความสะอาด
134,รบกวนเจ้าหน้าที่ครับ กล้องวงจรปิดบริเวณ ตึก CE ดับ เสียมาหลายวัน เดือดร้อนมากค่ะ ขอบคุณค่ะ,รบกวนเจ้าหน้าที่ครับ กล้อง CCTV ตรง อาคารเรียนรวม ใช้งานไม่ได้ อยากขอเปิดดูของหาย ปล่อยไว้นานแล้ว,1,0.81,หมวดความปลอดภัยและจราจร
135,นิสิตเดือดร้อนมากค่ะ ถังขยะบริเวณ ตึก PKY ล้น ส่งกลิ่นเหม็นรบกวน ปล่อยไว้นานแล้ว,นิสิตเดือดร้อนมากค่ะ หมาจรจัดตรง ตึก PKY ดุมาก เห่าและวิ่งไล่รถมอเตอร์ไซค์ เป็นแบบนี้มาหลายวันแล้วครับ,0,0.06,ต่างหมวดหมู่
136,รบกวนเจ้าหน้าที่ครับ ลืมกระเป๋าสตางค์ไว้ที่ ตึกสงวนเสริมศรี มีใครเก็บได้บ้างครับ รบกวนเจ้าหน้าที่แก้ไขด่วนครับ,แจ้งเรื่องครับ: ตามหาของหาย ลืมไอแพดไว้ที่ โรงอาหารสงวน ช่วยดูกล้องให้ที เป็นแบบนี้มาหลายวันแล้วครับ,1,0.94,หมวดบริการทั่วไป / อื่นๆ
137,รถเมล์ มพ. ไม่จอดรับนิสิตที่ป้าย ตึกคณะนิติศาสตร์ ขอบคุณครับ,ช่วยตรวจสอบหน่อยครับ ป้าย ตึกนิติ รถเมล์มอขับเลยไป ไม่ยอมจอดรับผู้โดยสาร ขอบคุณครับ,1,0.89,หมวดการเดินทางและระบบขนส่ง
138,ขอร้องเรียนค่ะ หลังคารั่วตรงทางเดิน ตึกสงวนเสริมศรี น้ำเจิ่งนอง ปล่อยไว้นานแล้ว,หอสมุด ชั้น 1 ห้องน้ำน้ำหยุดไหล สกปรกมาก เป็นแบบนี้มาหลายวันแล้วครับ,0,0.22,หมวดอาคารและสิ่งอำนวยความสะดวก (ต่างประเด็น)
139,สัญญาณ WiFi UP-WiFi ที่ ตึกสงวนเสริมศรี หลุดบ่อยมาก ช้ามาก,ด่วนมาก! เว็บ reg.up.ac.th ล่ม กดเลือกวิชาไม่ได้เลยครับ รบกวนเจ้าหน้าที่แก้ไขด่วนครับ,0,0.3,หมวดเทคโนโลยีสารสนเทศ (ต่างประเด็น)
140,ช่วยตรวจสอบหน่อยครับ สัญญาณ WiFi UP-WiFi ที่ ตึกคณะบริหาร หลุดบ่อยมาก ช้ามาก เดือดร้อนมากค่ะ ขอบคุณค่ะ,แอดมินครับ เน็ต UP-WiFi ที่ ตึกบิสิเนส ช้ามาก สัญญาณหลุดตลอดเวลา รบกวนเจ้าหน้าที่แก้ไขด่วนครับ,1,0.78,หมวดเทคโนโลยีสารสนเทศ
141,ด่วนมาก! ประตูห้องน้ำชาย หอพักนิสิต UP DORM ลูกบิดพัง ล็อคไม่ได้ ขอบคุณครับ,รบกวนเจ้าหน้าที่ครับ ลูกบิดประตูห้องน้ำ ตึก CE หลุด ล็อคไม่ได้ช่วยซ่อมที ปล่อยไว้นานแล้ว,0,0.32,หมวดอาคารและสิ่งอำนวยความสะดวก (ต่างประเด็น)
142,แอร์ห้อง 3202 หอพักนิสิต UP DORM เสีย ไม่เย็นเลย ร้อนมาก ขอบคุณครับ,ขอร้องเรียนค่ะ ห้อง 3202 หอพักนิสิต UP DORM แอร์พัง มีแต่ลมร้อน นั่งเรียนไม่ได้ ช่วยตรวจสอบทีครับ,1,0.88,หมวดอาคารและสิ่งอำนวยความสะดวก
143,นิสิตเดือดร้อนมากค่ะ ก๊อกน้ำอ่างล้างมือ ตึก ICT หัก น้ำพุ่งกระเด็น ช่วยตรวจสอบทีครับ,แจ้งเรื่องครับ: อ่างล้างหน้า ตึกเทคโนโลยีสารสนเทศและการสื่อสาร ท่อน้ำแตก น้ำนองเต็มพื้น เป็นแบบนี้มาหลายวันแล้วครับ,1,0.81,หมวดอาคารและสิ่งอำนวยความสะดวก
144,ด่วนมาก! พบสุนัขจรจัดดุวิ่งไล่กวดนิสิตบริเวณ ลานจอดรถหน้ามอ ปล่อยไว้นานแล้ว,กล้อง CCTV ตรง ตึกวิทย์ ใช้งานไม่ได้ อยากขอเปิดดูของหาย ช่วยตรวจสอบทีครับ,0,0.2,หมวดความปลอดภัยและจราจร (ต่างประเด็น)
145,แจ้งเรื่องครับ: รถเมล์ มพ. สาย 2 รอนานเกิน 45 นาทีแล้วไม่มา เดือดร้อนมากค่ะ ขอบคุณค่ะ,แจ้งเรื่องครับ: รถเมล์มอสาย 3 ขับปาดซ้ายปาดขวา เบรกแรง กลัวอันตราย รบกวนเจ้าหน้าที่แก้ไขด่วนครับ,0,0.41,หมวดการเดินทางและระบบขนส่ง (ต่างประเด็น)
146,แอดมินครับ ระบบลงทะเบียนเรียน Reg ล่ม เข้าสู่ระบบไม่ได้ตั้งแต่เช้า,แอดมินครับ แอปพลิเคชัน UP Pass เข้าไม่ได้ ขึ้น error ตลอดเวลา ปล่อยไว้นานแล้ว,0,0.21,หมวดเทคโนโลยีสารสนเทศ (ต่างประเด็น)
147,แอดมินครับ ต้องการขอดรอปรายวิชา ติดต่อทำเรื่องที่ไหนครับ,ด่วนมาก! ยื่นคำร้องขอถอนรายวิชาล่าช้า ต้องให้อาจารย์ท่านไหนเซ็น รบกวนเจ้าหน้าที่แก้ไขด่วนครับ,1,0.89,หมวดการเรียนการสอนและวิชาการ
148,ระบบลงทะเบียนเรียน Reg ล่ม เข้าสู่ระบบไม่ได้ตั้งแต่เช้า รบกวนเจ้าหน้าที่แก้ไขด่วนครับ,เข้าอีเมลมหาวิทยาลัยไม่ได้ จำรหัสผ่านไม่ได้ครับ ช่วยตรวจสอบทีครับ,0,0.2,หมวดเทคโนโลยีสารสนเทศ (ต่างประเด็น)
149,แจ้งเรื่องครับ: บัตรนิสิตหาย ต้องการทำบัตรใหม่ต้องเตรียมอะไรบ้าง ช่วยตรวจสอบทีครับ,ช่วยตรวจสอบหน่อยครับ ชั่วโมงกิจกรรมสะสมไม่ขึ้นในระบบ UP Pass ติดต่อใคร ช่วยตรวจสอบทีครับ,0,0.23,หมวดบริการทั่วไป / อื่นๆ (ต่างประเด็น)
150,รบกวนเจ้าหน้าที่ครับ แอร์ห้อง 1101 หอพักนิสิต UP DORM เสีย ไม่เย็นเลย ร้อนมาก ปล่อยไว้นานแล้ว,แจ้งเรื่องครับ: ห้อง 1101 โซนหอพัก มพ. แอร์พัง มีแต่ลมร้อน นั่งเรียนไม่ได้ ขอบคุณครับ,1,0.94,หมวดอาคารและสิ่งอำนวยความสะดวก
151,แอดมินครับ ขอนับชั่วโมงกิจกรรมจิตอาสา กดยื่นในระบบแล้วยังไม่อนุมัติ ปล่อยไว้นานแล้ว,ช่วยประสานงานทีครับ จุดรอรถเมล์มอตรง หอพักนิสิต UP DORM ฝนตกเปียกหมด ไม่มีศาลาพักคอย เป็นแบบนี้มาหลายวันแล้วครับ,0,0.04,ต่างหมวดหมู่
152,ขอร้องเรียนค่ะ ระบบลงทะเบียนเรียน Reg ล่ม เข้าสู่ระบบไม่ได้ตั้งแต่เช้า รบกวนเจ้าหน้าที่แก้ไขด่วนครับ,ช่วยประสานงานทีครับ เน็ตตึก ตึก ICT ดับทั้งตึก เชื่อมต่อสัญญาณไม่ได้ เป็นแบบนี้มาหลายวันแล้วครับ,0,0.21,หมวดเทคโนโลยีสารสนเทศ (ต่างประเด็น)
153,ด่วนมาก! สอบถามเรื่องการยื่นกู้ กยศ. และส่งเอกสารทุนการศึกษา ช่วยตรวจสอบทีครับ,แอดมินครับ ขยะล้นถังขยะตรง ตึก PKY เหม็นมาก ไม่มีใครมาเก็บ เป็นแบบนี้มาหลายวันแล้วครับ,0,0.2,ต่างหมวดหมู่
154,ขอร้องเรียนค่ะ อาจารย์ไม่เข้าสอนตามตารางเรียนและไม่แจ้งล่วงหน้า ปล่อยไว้นานแล้ว,แจ้งเรื่องครับ: คลาสเรียนวันนี้อาจารย์ไม่มาสอน นิสิตมารอเต็มห้อง เดือดร้อนมากค่ะ ขอบคุณค่ะ,1,0.85,หมวดการเรียนการสอนและวิชาการ
155,ด่วนมาก! ตารางเรียนวิชาบังคับชนกันสองวิชา แก้ไขยังไงได้บ้าง,ด่วนมาก! ตารางเรียนชนกันครับ เข้าระบบแล้วเลือกเวลาทับซ้อนกัน ปล่อยไว้นานแล้ว,1,0.83,หมวดการเรียนการสอนและวิชาการ
156,ขอนับชั่วโมงกิจกรรมจิตอาสา กดยื่นในระบบแล้วยังไม่อนุมัติ ขอบคุณครับ,รบกวนเจ้าหน้าที่ครับ นิสิตต่อคิวรอรถเมล์ตรง หอสมุด ยาวล้นออกมานอกฟุตบาท ขอบคุณครับ,0,0.13,ต่างหมวดหมู่
157,ด่วนมาก! คิวต่อแถวรอรถเมล์มอที่ ตึกคณะบริหาร แน่นมาก รถมีไม่เพียงพอ เป็นแบบนี้มาหลายวันแล้วครับ,ช่วยประสานงานทีครับ นิสิตต่อคิวรอรถเมล์ตรง ตึกคณะบริหาร ยาวล้นออกมานอกฟุตบาท ช่วยตรวจสอบทีครับ,1,0.86,หมวดการเดินทางและระบบขนส่ง
158,ช่วยประสานงานทีครับ ป้ายรถเมล์บริเวณ ตึก CE ไม่มีหลังคาบังแดดบังฝน รบกวนเจ้าหน้าที่แก้ไขด่วนครับ,ช่วยประสานงานทีครับ รอรถเมล์มอสาย 3 นานมาก รถขาดช่วง นิสิตไปเรียนไม่ทัน รบกวนเจ้าหน้าที่แก้ไขด่วนครับ,0,0.29,หมวดการเดินทางและระบบขนส่ง (ต่างประเด็น)
159,รบกวนเจ้าหน้าที่ครับ คิวต่อแถวรอรถเมล์มอที่ ลานจอดรถหน้ามอ แน่นมาก รถมีไม่เพียงพอ,ช่วยประสานงานทีครับ นิสิตต่อคิวรอรถเมล์ตรง ประตูทางเข้าหน้ามอ ยาวล้นออกมานอกฟุตบาท ช่วยตรวจสอบทีครับ,1,0.92,หมวดการเดินทางและระบบขนส่ง
160,แจ้งเรื่องครับ: ระบบบันทึกเกรดมีปัญหา เกรดยังไม่ออกสักวิชา รบกวนเจ้าหน้าที่แก้ไขด่วนครับ,ช่วยตรวจสอบหน่อยครับ ประกาศเกรดยังไม่ขึ้นในระบบเลยครับ ติดต่อฝ่ายทะเบียนไม่ได้ เป็นแบบนี้มาหลายวันแล้วครับ,1,0.92,หมวดการเรียนการสอนและวิชาการ
161,รบกวนเจ้าหน้าที่ครับ อาจารย์ไม่เข้าสอนตามตารางเรียนและไม่แจ้งล่วงหน้า เดือดร้อนมากค่ะ ขอบคุณค่ะ,จอดมอเตอร์ไซค์ไว้ที่ ตึก CE หมวกกันน็อคโดนขโมยไปครับ เป็นแบบนี้มาหลายวันแล้วครับ,0,0.09,ต่างหมวดหมู่
162,นิสิตเดือดร้อนมากค่ะ หญ้าขึ้นสูงรกมากข้างทางเดินไป หอสมุด กลัวงู รบกวนเจ้าหน้าที่แก้ไขด่วนครับ,นิสิตเดือดร้อนมากค่ะ ตึกคณะบริหาร ห้องน้ำสกปรก พื้นแฉะและส่งกลิ่นเหม็น ช่วยตรวจสอบทีครับ,0,0.32,หมวดภูมิทัศน์และความสะอาด (ต่างประเด็น)
163,นิสิตเดือดร้อนมากค่ะ ขอนับชั่วโมงกิจกรรมจิตอาสา กดยื่นในระบบแล้วยังไม่อนุมัติ เดือดร้อนมากค่ะ ขอบคุณค่ะ,ช่วยตรวจสอบหน่อยครับ ชั่วโมงกิจกรรมสะสมไม่ขึ้นในระบบ UP Pass ติดต่อใคร ขอบคุณครับ,1,0.85,หมวดบริการทั่วไป / อื่นๆ
164,ขอร้องเรียนค่ะ เข้าใช้งานระบบ UP Pass ไม่ได้ ล็อกอินแล้วเด้งออก,ช่วยประสานงานทีครับ แอปพลิเคชัน UP Pass เข้าไม่ได้ ขึ้น error ตลอดเวลา รบกวนเจ้าหน้าที่แก้ไขด่วนครับ,1,0.92,หมวดเทคโนโลยีสารสนเทศ
165,ถังขยะบริเวณ ตึกคณะบริหาร ล้น ส่งกลิ่นเหม็นรบกวน ขอบคุณครับ,ช่วยตรวจสอบหน่อยครับ ขยะล้นถังขยะตรง คณะวิทยาการจัดการ เหม็นมาก ไม่มีใครมาเก็บ ปล่อยไว้นานแล้ว,1,0.95,หมวดภูมิทัศน์และความสะอาด
166,นิสิตเดือดร้อนมากค่ะ สอบถามเรื่องการยื่นกู้ กยศ. และส่งเอกสารทุนการศึกษา,นิสิตเดือดร้อนมากค่ะ เอกสารทุนการศึกษา มพ. ส่งได้ถึงวันไหนครับ ช่วยตรวจสอบทีครับ,1,0.94,หมวดบริการทั่วไป / อื่นๆ
167,รบกวนเจ้าหน้าที่ครับ สัญญาณ WiFi UP-WiFi ที่ หอสมุด หลุดบ่อยมาก ช้ามาก รบกวนเจ้าหน้าที่แก้ไขด่วนครับ,ขอร้องเรียนค่ะ เข้าอีเมลมหาวิทยาลัยไม่ได้ จำรหัสผ่านไม่ได้ครับ ช่วยตรวจสอบทีครับ,0,0.39,หมวดเทคโนโลยีสารสนเทศ (ต่างประเด็น)
168,ด่วนมาก! ป้ายรถเมล์บริเวณ ตึกวิทย์ ไม่มีหลังคาบังแดดบังฝน เดือดร้อนมากค่ะ ขอบคุณค่ะ,ขอร้องเรียนค่ะ จุดรอรถเมล์มอตรง คณะวิทยาศาสตร์ ฝนตกเปียกหมด ไม่มีศาลาพักคอย ขอบคุณครับ,1,0.9,หมวดการเดินทางและระบบขนส่ง
169,พบสุนัขจรจัดดุวิ่งไล่กวดนิสิตบริเวณ ตึกวิทย์ ปล่อยไว้นานแล้ว,แจ้งเรื่องครับ: เสาไฟทางเดินตรง ตึกสงวนเสริมศรี ไม่ติด มืดมากกลัวอันตราย เดือดร้อนมากค่ะ ขอบคุณค่ะ,0,0.41,หมวดความปลอดภัยและจราจร (ต่างประเด็น)
170,แอดมินครับ บัตรนิสิตหาย ต้องการทำบัตรใหม่ต้องเตรียมอะไรบ้าง ปล่อยไว้นานแล้ว,แอดมินครับ ชั่วโมงกิจกรรมสะสมไม่ขึ้นในระบบ UP Pass ติดต่อใคร,0,0.37,หมวดบริการทั่วไป / อื่นๆ (ต่างประเด็น)
171,นิสิตเดือดร้อนมากค่ะ ต้องการขอดรอปรายวิชา ติดต่อทำเรื่องที่ไหนครับ รบกวนเจ้าหน้าที่แก้ไขด่วนครับ,แอดมินครับ ประกาศเกรดยังไม่ขึ้นในระบบเลยครับ ติดต่อฝ่ายทะเบียนไม่ได้ ช่วยตรวจสอบทีครับ,0,0.24,หมวดการเรียนการสอนและวิชาการ (ต่างประเด็น)
172,ขอร้องเรียนค่ะ ประตูห้องน้ำชาย ตึก ICT ลูกบิดพัง ล็อคไม่ได้ เป็นแบบนี้มาหลายวันแล้วครับ,นิสิตเดือดร้อนมากค่ะ ลูกบิดประตูห้องน้ำ คณะไอซีที หลุด ล็อคไม่ได้ช่วยซ่อมที รบกวนเจ้าหน้าที่แก้ไขด่วนครับ,1,0.97,หมวดอาคารและสิ่งอำนวยความสะดวก
173,ขอร้องเรียนค่ะ หมวกกันน็อคหายที่ลานจอดรถ ตึก ICT เดือดร้อนมากค่ะ ขอบคุณค่ะ,จอดมอเตอร์ไซค์ไว้ที่ คณะไอซีที หมวกกันน็อคโดนขโมยไปครับ เดือดร้อนมากค่ะ ขอบคุณค่ะ,1,0.86,หมวดความปลอดภัยและจราจร
174,ช่วยประสานงานทีครับ ไฟกิ่งส่องสว่างทางเดินไป ตึกคณะบริหาร ดับ มืดและเปลี่ยวมาก ปล่อยไว้นานแล้ว,นิสิตเดือดร้อนมากค่ะ จอดมอเตอร์ไซค์ไว้ที่ ตึกคณะนิติศาสตร์ หมวกกันน็อคโดนขโมยไปครับ,0,0.37,หมวดความปลอดภัยและจราจร (ต่างประเด็น)
175,รบกวนเจ้าหน้าที่ครับ ระบบลงทะเบียนเรียน Reg ล่ม เข้าสู่ระบบไม่ได้ตั้งแต่เช้า เป็นแบบนี้มาหลายวันแล้วครับ,แอดมินครับ เว็บ reg.up.ac.th ล่ม กดเลือกวิชาไม่ได้เลยครับ ขอบคุณครับ,1,0.98,หมวดเทคโนโลยีสารสนเทศ
176,ด่วนมาก! ลืมกระเป๋าสตางค์ไว้ที่ ตึกคณะนิติศาสตร์ มีใครเก็บได้บ้างครับ ช่วยตรวจสอบทีครับ,ตามหาของหาย ลืมไอแพดไว้ที่ อาคารเรียนนิติศาสตร์ ช่วยดูกล้องให้ที,1,0.89,หมวดบริการทั่วไป / อื่นๆ
177,ช่วยประสานงานทีครับ เข้าใช้งานระบบ UP Pass ไม่ได้ ล็อกอินแล้วเด้งออก ขอบคุณครับ,ขอร้องเรียนค่ะ เข้าอีเมลมหาวิทยาลัยไม่ได้ จำรหัสผ่านไม่ได้ครับ ช่วยตรวจสอบทีครับ,0,0.39,หมวดเทคโนโลยีสารสนเทศ (ต่างประเด็น)
178,หลอดไฟในห้องเรียน CE05 ตึก CE ขาด มืดมาก ช่วยตรวจสอบทีครับ,ไฟเพดานห้อง CE05 ตึก CE ดับ มองกระดานไม่เห็น รบกวนเจ้าหน้าที่แก้ไขด่วนครับ,1,0.83,หมวดอาคารและสิ่งอำนวยความสะดวก
179,นิสิตเดือดร้อนมากค่ะ ต้องการขอดรอปรายวิชา ติดต่อทำเรื่องที่ไหนครับ เป็นแบบนี้มาหลายวันแล้วครับ,แจ้งเรื่องครับ: ยื่นคำร้องขอถอนรายวิชาล่าช้า ต้องให้อาจารย์ท่านไหนเซ็น เป็นแบบนี้มาหลายวันแล้วครับ,0,0.32,หมวดการเรียนการสอนและวิชาการ (ต่างประเด็น)
180,แอดมินครับ ปลั๊กไฟห้อง 3202 ตึก PKY ช็อต มีควันขึ้น ขอบคุณครับ,แอดมินครับ ตึก PKY ห้อง 3202 ปลั๊กไฟระเบิด เสียบชาร์จไม่ได้,1,0.96,หมวดอาคารและสิ่งอำนวยความสะดวก
181,ป้ายรถเมล์บริเวณ ลานจอดรถหน้ามอ ไม่มีหลังคาบังแดดบังฝน รบกวนเจ้าหน้าที่แก้ไขด่วนครับ,จุดรอรถเมล์มอตรง ลานจอดรถหน้ามอ ฝนตกเปียกหมด ไม่มีศาลาพักคอย เป็นแบบนี้มาหลายวันแล้วครับ,1,0.8,หมวดการเดินทางและระบบขนส่ง
182,ขอร้องเรียนค่ะ เกิดอุบัติเหตุรถเฉี่ยวชนกันตรงทางแยก ตึกสงวนเสริมศรี รบกวนเจ้าหน้าที่แก้ไขด่วนครับ,รถมอเตอร์ไซค์ชนกันบริเวณ โรงอาหารสงวน มีผู้ได้รับบาดเจ็บ เดือดร้อนมากค่ะ ขอบคุณค่ะ,1,0.83,หมวดความปลอดภัยและจราจร
183,แอดมินครับ หลังคารั่วตรงทางเดิน หอพักนิสิต UP DORM น้ำเจิ่งนอง ขอบคุณครับ,นิสิตเดือดร้อนมากค่ะ ยื่นขอหนังสือรับรองการเป็นนิสิตผ่านช่องทางออนไลน์ยังไง ปล่อยไว้นานแล้ว,0,0.06,ต่างหมวดหมู่
184,แจ้งเรื่องครับ: คิวต่อแถวรอรถเมล์มอที่ ตึกสงวนเสริมศรี แน่นมาก รถมีไม่เพียงพอ เป็นแบบนี้มาหลายวันแล้วครับ,นิสิตเดือดร้อนมากค่ะ นิสิตต่อคิวรอรถเมล์ตรง ลานจอดรถหน้ามอ ยาวล้นออกมานอกฟุตบาท ปล่อยไว้นานแล้ว,0,0.34,หมวดการเดินทางและระบบขนส่ง (ต่างประเด็น)
185,ช่วยตรวจสอบหน่อยครับ ขอเปิดเซคชั่นเพิ่มวิชาศึกษาทั่วไป นิสิตยังลงไม่ครบ รบกวนเจ้าหน้าที่แก้ไขด่วนครับ,รบกวนเจ้าหน้าที่ครับ เว็บ reg.up.ac.th ล่ม กดเลือกวิชาไม่ได้เลยครับ เดือดร้อนมากค่ะ ขอบคุณค่ะ,0,0.06,ต่างหมวดหมู่
186,ช่วยประสานงานทีครับ หลอดไฟในห้องเรียน CE05 ตึกวิทย์ ขาด มืดมาก รบกวนเจ้าหน้าที่แก้ไขด่วนครับ,แอดมินครับ บริเวณที่นั่งเล่น ตึกสงวนเสริมศรี ขยะเต็มโต๊ะ ไม่มีคนกวาด เดือดร้อนมากค่ะ ขอบคุณค่ะ,0,0.09,ต่างหมวดหมู่
187,นิสิตเดือดร้อนมากค่ะ บัตรนิสิตหาย ต้องการทำบัตรใหม่ต้องเตรียมอะไรบ้าง เป็นแบบนี้มาหลายวันแล้วครับ,รบกวนเจ้าหน้าที่ครับ ทำบัตรประจำตัวนิสิตใหม่ ติดต่อสำนักทะเบียนห้องไหนครับ ปล่อยไว้นานแล้ว,0,0.3,หมวดบริการทั่วไป / อื่นๆ (ต่างประเด็น)
188,ด่วนมาก! ขอใบรับรองสถานภาพนิสิตภาษาอังกฤษ ใช้เวลากี่วันได้ ช่วยตรวจสอบทีครับ,ยื่นขอหนังสือรับรองการเป็นนิสิตผ่านช่องทางออนไลน์ยังไง ขอบคุณครับ,0,0.32,หมวดบริการทั่วไป / อื่นๆ (ต่างประเด็น)
189,บัตรนิสิตหาย ต้องการทำบัตรใหม่ต้องเตรียมอะไรบ้าง เป็นแบบนี้มาหลายวันแล้วครับ,แจ้งเรื่องครับ: ไฟเพดานห้อง CE05 หอสมุด ดับ มองกระดานไม่เห็น,0,0.12,ต่างหมวดหมู่
190,นิสิตเดือดร้อนมากค่ะ สัญญาณ WiFi UP-WiFi ที่ หอสมุด หลุดบ่อยมาก ช้ามาก,ขอร้องเรียนค่ะ เน็ต UP-WiFi ที่ สำนักบรรณสาร ช้ามาก สัญญาณหลุดตลอดเวลา เป็นแบบนี้มาหลายวันแล้วครับ,1,0.95,หมวดเทคโนโลยีสารสนเทศ
191,ขอร้องเรียนค่ะ แอร์ห้อง 2203 ตึกวิทย์ เสีย ไม่เย็นเลย ร้อนมาก ขอบคุณครับ,แอดมินครับ ห้อง 2203 คณะวิทยาศาสตร์ แอร์พัง มีแต่ลมร้อน นั่งเรียนไม่ได้ ปล่อยไว้นานแล้ว,1,0.92,หมวดอาคารและสิ่งอำนวยความสะดวก
192,แอดมินครับ แอร์ห้อง 1101 ตึก ICT เสีย ไม่เย็นเลย ร้อนมาก เป็นแบบนี้มาหลายวันแล้วครับ,แจ้งเรื่องครับ: ห้อง 1101 ตึก ICT แอร์พัง มีแต่ลมร้อน นั่งเรียนไม่ได้ ช่วยตรวจสอบทีครับ,1,0.96,หมวดอาคารและสิ่งอำนวยความสะดวก
193,ขอร้องเรียนค่ะ พบสุนัขจรจัดดุวิ่งไล่กวดนิสิตบริเวณ หอพักนิสิต UP DORM เดือดร้อนมากค่ะ ขอบคุณค่ะ,ช่วยประสานงานทีครับ จุดรอรถเมล์มอตรง หอสมุด ฝนตกเปียกหมด ไม่มีศาลาพักคอย เดือดร้อนมากค่ะ ขอบคุณค่ะ,0,0.17,ต่างหมวดหมู่
194,รบกวนเจ้าหน้าที่ครับ คิวต่อแถวรอรถเมล์มอที่ ตึกคณะบริหาร แน่นมาก รถมีไม่เพียงพอ เดือดร้อนมากค่ะ ขอบคุณค่ะ,แจ้งเรื่องครับ: นิสิตต่อคิวรอรถเมล์ตรง ตึกบิสิเนส ยาวล้นออกมานอกฟุตบาท รบกวนเจ้าหน้าที่แก้ไขด่วนครับ,1,0.78,หมวดการเดินทางและระบบขนส่ง
195,แอดมินครับ ขอใบรับรองสถานภาพนิสิตภาษาอังกฤษ ใช้เวลากี่วันได้ เดือดร้อนมากค่ะ ขอบคุณค่ะ,ช่วยตรวจสอบหน่อยครับ ยื่นขอหนังสือรับรองการเป็นนิสิตผ่านช่องทางออนไลน์ยังไง ขอบคุณครับ,1,0.8,หมวดบริการทั่วไป / อื่นๆ
196,ด่วนมาก! กิ่งไม้ขนาดใหญ่หักหล่นขวางถนนตรง หอสมุด เป็นแบบนี้มาหลายวันแล้วครับ,มีต้นไม้ล้มทับทางเดินข้าง อาคารหอสมุด สัญจรลำบากมาก ปล่อยไว้นานแล้ว,1,0.96,หมวดภูมิทัศน์และความสะอาด
197,แจ้งเรื่องครับ: อาจารย์ไม่เข้าสอนตามตารางเรียนและไม่แจ้งล่วงหน้า เดือดร้อนมากค่ะ ขอบคุณค่ะ,ขอร้องเรียนค่ะ คลาสเรียนวันนี้อาจารย์ไม่มาสอน นิสิตมารอเต็มห้อง รบกวนเจ้าหน้าที่แก้ไขด่วนครับ,1,0.91,หมวดการเรียนการสอนและวิชาการ
198,กิ่งไม้ขนาดใหญ่หักหล่นขวางถนนตรง ตึก PKY,รบกวนเจ้าหน้าที่ครับ ขยะล้นถังขยะตรง ตึกคณะนิติศาสตร์ เหม็นมาก ไม่มีใครมาเก็บ ปล่อยไว้นานแล้ว,0,0.36,หมวดภูมิทัศน์และความสะอาด (ต่างประเด็น)
199,อินเทอร์เน็ตที่ หอสมุด ใช้งานไม่ได้เลย สัญญาณกากบาท ช่วยตรวจสอบทีครับ,ช่วยตรวจสอบหน่อยครับ เอกสารทุนการศึกษา มพ. ส่งได้ถึงวันไหนครับ ช่วยตรวจสอบทีครับ,0,0.02,ต่างหมวดหมู่
200,นิสิตเดือดร้อนมากค่ะ หญ้าขึ้นสูงรกมากข้างทางเดินไป ตึกคณะบริหาร กลัวงู เดือดร้อนมากค่ะ ขอบคุณค่ะ,รบกวนเจ้าหน้าที่ครับ ตามหาของหาย ลืมไอแพดไว้ที่ หอพักนิสิต UP DORM ช่วยดูกล้องให้ที รบกวนเจ้าหน้าที่แก้ไขด่วนครับ,0,0.03,ต่างหมวดหมู่
201,ช่วยตรวจสอบหน่อยครับ อินเทอร์เน็ตที่ ลานจอดรถหน้ามอ ใช้งานไม่ได้เลย สัญญาณกากบาท,ขอร้องเรียนค่ะ เน็ตตึก ประตูทางเข้าหน้ามอ ดับทั้งตึก เชื่อมต่อสัญญาณไม่ได้ เดือดร้อนมากค่ะ ขอบคุณค่ะ,1,0.82,หมวดเทคโนโลยีสารสนเทศ
202,แจ้งเรื่องครับ: มีซากสัตว์ตายส่งกลิ่นเหม็นเน่าที่ ตึกคณะนิติศาสตร์ เป็นแบบนี้มาหลายวันแล้วครับ,แอดมินครับ บริเวณที่นั่งเล่น ลานจอดรถหน้ามอ ขยะเต็มโต๊ะ ไม่มีคนกวาด ปล่อยไว้นานแล้ว,0,0.38,หมวดภูมิทัศน์และความสะอาด (ต่างประเด็น)
203,รถเมล์ มพ. ไม่จอดรับนิสิตที่ป้าย ลานจอดรถหน้ามอ เดือดร้อนมากค่ะ ขอบคุณค่ะ,ช่วยประสานงานทีครับ ป้าย ประตู 1 ม.พะเยา รถเมล์มอขับเลยไป ไม่ยอมจอดรับผู้โดยสาร,1,0.91,หมวดการเดินทางและระบบขนส่ง
204,ขอร้องเรียนค่ะ ขอเปิดเซคชั่นเพิ่มวิชาศึกษาทั่วไป นิสิตยังลงไม่ครบ ขอบคุณครับ,วิชาบังคับเซคเต็มทุกเซค ขอเปิดเพิ่มอีกเซคได้ไหมครับ ช่วยตรวจสอบทีครับ,1,0.81,หมวดการเรียนการสอนและวิชาการ
205,ขอร้องเรียนค่ะ ลืมรหัสผ่าน UP Mail ขอยื่นรีเซ็ตรหัสผ่านเมลองค์กร ช่วยตรวจสอบทีครับ,นิสิตเดือดร้อนมากค่ะ เข้าอีเมลมหาวิทยาลัยไม่ได้ จำรหัสผ่านไม่ได้ครับ ขอบคุณครับ,1,0.86,หมวดเทคโนโลยีสารสนเทศ
206,แอดมินครับ ปลั๊กไฟห้อง 3101 ตึก PKY ช็อต มีควันขึ้น เดือดร้อนมากค่ะ ขอบคุณค่ะ,ช่วยประสานงานทีครับ วิชาบังคับเซคเต็มทุกเซค ขอเปิดเพิ่มอีกเซคได้ไหมครับ ขอบคุณครับ,0,0.08,ต่างหมวดหมู่
207,ด่วนมาก! หลังคารั่วตรงทางเดิน ตึกคณะนิติศาสตร์ น้ำเจิ่งนอง ช่วยตรวจสอบทีครับ,แจ้งเรื่องครับ: ฝนตกแล้วน้ำรั่วลงมาจากเพดาน ตึกนิติ พื้นลื่นมาก เป็นแบบนี้มาหลายวันแล้วครับ,1,0.96,หมวดอาคารและสิ่งอำนวยความสะดวก
208,ช่วยตรวจสอบหน่อยครับ ลืมกระเป๋าสตางค์ไว้ที่ ตึกสงวนเสริมศรี มีใครเก็บได้บ้างครับ เดือดร้อนมากค่ะ ขอบคุณค่ะ,แอดมินครับ รถยนต์จอดขวางทางเลี้ยวบริเวณ ตึก PKY ขับผ่านไม่ได้เลย ขอบคุณครับ,0,0.05,ต่างหมวดหมู่
209,นิสิตเดือดร้อนมากค่ะ ป้ายรถเมล์บริเวณ ตึก CE ไม่มีหลังคาบังแดดบังฝน ช่วยตรวจสอบทีครับ,แจ้งเรื่องครับ: จุดรอรถเมล์มอตรง ตึก CE ฝนตกเปียกหมด ไม่มีศาลาพักคอย รบกวนเจ้าหน้าที่แก้ไขด่วนครับ,1,0.88,หมวดการเดินทางและระบบขนส่ง
210,ช่วยตรวจสอบหน่อยครับ คนขับรถเมล์ มพ. สาย 1 ขับเร็วและหวาดเสียวมาก เป็นแบบนี้มาหลายวันแล้วครับ,แอดมินครับ รถเมล์มอสาย 1 ขับปาดซ้ายปาดขวา เบรกแรง กลัวอันตราย เดือดร้อนมากค่ะ ขอบคุณค่ะ,1,0.9,หมวดการเดินทางและระบบขนส่ง
211,แจ้งเรื่องครับ: แอร์ห้อง 3202 ตึกคณะบริหาร เสีย ไม่เย็นเลย ร้อนมาก รบกวนเจ้าหน้าที่แก้ไขด่วนครับ,ด่วนมาก! ตึกวิทย์ ชั้น 4 ห้องน้ำน้ำหยุดไหล สกปรกมาก ช่วยตรวจสอบทีครับ,0,0.3,หมวดอาคารและสิ่งอำนวยความสะดวก (ต่างประเด็น)
212,ช่วยตรวจสอบหน่อยครับ กิ่งไม้ขนาดใหญ่หักหล่นขวางถนนตรง ลานจอดรถหน้ามอ,ขอร้องเรียนค่ะ พบซากนกตายบริเวณ ตึกวิทย์ เริ่มส่งกลิ่น ช่วยส่งแม่บ้านมาเก็บที รบกวนเจ้าหน้าที่แก้ไขด่วนครับ,0,0.31,หมวดภูมิทัศน์และความสะอาด (ต่างประเด็น)
213,ขอร้องเรียนค่ะ สัญญาณ WiFi UP-WiFi ที่ ตึก PKY หลุดบ่อยมาก ช้ามาก ขอบคุณครับ,ด่วนมาก! เน็ต UP-WiFi ที่ ตึกภักดี ช้ามาก สัญญาณหลุดตลอดเวลา ขอบคุณครับ,1,0.82,หมวดเทคโนโลยีสารสนเทศ
214,ช่วยประสานงานทีครับ เศษขยะเกลื่อนกลาดรอบโต๊ะม้าหินอ่อน ตึก PKY รบกวนเจ้าหน้าที่แก้ไขด่วนครับ,นิสิตเดือดร้อนมากค่ะ บริเวณที่นั่งเล่น ตึก PKY ขยะเต็มโต๊ะ ไม่มีคนกวาด ปล่อยไว้นานแล้ว,1,0.81,หมวดภูมิทัศน์และความสะอาด
215,ขอนับชั่วโมงกิจกรรมจิตอาสา กดยื่นในระบบแล้วยังไม่อนุมัติ ปล่อยไว้นานแล้ว,แจ้งเรื่องครับ: ชั่วโมงกิจกรรมสะสมไม่ขึ้นในระบบ UP Pass ติดต่อใคร รบกวนเจ้าหน้าที่แก้ไขด่วนครับ,1,0.83,หมวดบริการทั่วไป / อื่นๆ
216,ด่วนมาก! ลืมรหัสผ่าน UP Mail ขอยื่นรีเซ็ตรหัสผ่านเมลองค์กร รบกวนเจ้าหน้าที่แก้ไขด่วนครับ,ขอร้องเรียนค่ะ ประกาศเกรดยังไม่ขึ้นในระบบเลยครับ ติดต่อฝ่ายทะเบียนไม่ได้ รบกวนเจ้าหน้าที่แก้ไขด่วนครับ,0,0.05,ต่างหมวดหมู่
217,นิสิตเดือดร้อนมากค่ะ ต้องการขอดรอปรายวิชา ติดต่อทำเรื่องที่ไหนครับ ช่วยตรวจสอบทีครับ,นิสิตเดือดร้อนมากค่ะ ยื่นคำร้องขอถอนรายวิชาล่าช้า ต้องให้อาจารย์ท่านไหนเซ็น เดือดร้อนมากค่ะ ขอบคุณค่ะ,1,0.87,หมวดการเรียนการสอนและวิชาการ
218,หลังคารั่วตรงทางเดิน หอพักนิสิต UP DORM น้ำเจิ่งนอง,ขอร้องเรียนค่ะ ฝนตกแล้วน้ำรั่วลงมาจากเพดาน ลานจอดรถหน้ามอ พื้นลื่นมาก ช่วยตรวจสอบทีครับ,0,0.37,หมวดอาคารและสิ่งอำนวยความสะดวก (ต่างประเด็น)
219,ช่วยตรวจสอบหน่อยครับ ลืมรหัสผ่าน UP Mail ขอยื่นรีเซ็ตรหัสผ่านเมลองค์กร ขอบคุณครับ,เน็ต UP-WiFi ที่ หอสมุด ช้ามาก สัญญาณหลุดตลอดเวลา เดือดร้อนมากค่ะ ขอบคุณค่ะ,0,0.22,หมวดเทคโนโลยีสารสนเทศ (ต่างประเด็น)
220,รบกวนเจ้าหน้าที่ครับ คิวต่อแถวรอรถเมล์มอที่ หอสมุด แน่นมาก รถมีไม่เพียงพอ ช่วยตรวจสอบทีครับ,นิสิตเดือดร้อนมากค่ะ นิสิตต่อคิวรอรถเมล์ตรง ห้องสมุดกลาง ยาวล้นออกมานอกฟุตบาท รบกวนเจ้าหน้าที่แก้ไขด่วนครับ,1,0.9,หมวดการเดินทางและระบบขนส่ง
221,แอดมินครับ หญ้าขึ้นสูงรกมากข้างทางเดินไป ตึกคณะบริหาร กลัวงู ช่วยตรวจสอบทีครับ,ช่วยประสานงานทีครับ บริเวณที่นั่งเล่น หอพักนิสิต UP DORM ขยะเต็มโต๊ะ ไม่มีคนกวาด ปล่อยไว้นานแล้ว,0,0.41,หมวดภูมิทัศน์และความสะอาด (ต่างประเด็น)
222,แอดมินครับ ลืมกระเป๋าสตางค์ไว้ที่ ตึก PKY มีใครเก็บได้บ้างครับ ช่วยตรวจสอบทีครับ,ช่วยประสานงานทีครับ ตามหาของหาย ลืมไอแพดไว้ที่ ตึกภักดี ช่วยดูกล้องให้ที เดือดร้อนมากค่ะ ขอบคุณค่ะ,1,0.81,หมวดบริการทั่วไป / อื่นๆ
223,ก๊อกน้ำอ่างล้างมือ ตึก CE หัก น้ำพุ่งกระเด็น เป็นแบบนี้มาหลายวันแล้วครับ,ด่วนมาก! อ่างล้างหน้า ตึก CE ท่อน้ำแตก น้ำนองเต็มพื้น ปล่อยไว้นานแล้ว,1,0.81,หมวดอาคารและสิ่งอำนวยความสะดวก
224,แอดมินครับ ประตูห้องน้ำชาย หอพักนิสิต UP DORM ลูกบิดพัง ล็อคไม่ได้ ขอบคุณครับ,นิสิตเดือดร้อนมากค่ะ จุดรอรถเมล์มอตรง ตึกสงวนเสริมศรี ฝนตกเปียกหมด ไม่มีศาลาพักคอย เดือดร้อนมากค่ะ ขอบคุณค่ะ,0,0.08,ต่างหมวดหมู่
225,แจ้งเรื่องครับ: ขอนับชั่วโมงกิจกรรมจิตอาสา กดยื่นในระบบแล้วยังไม่อนุมัติ ปล่อยไว้นานแล้ว,แจ้งเรื่องครับ: ชั่วโมงกิจกรรมสะสมไม่ขึ้นในระบบ UP Pass ติดต่อใคร,0,0.27,หมวดบริการทั่วไป / อื่นๆ (ต่างประเด็น)
226,ขอร้องเรียนค่ะ ถังขยะบริเวณ ตึก PKY ล้น ส่งกลิ่นเหม็นรบกวน เป็นแบบนี้มาหลายวันแล้วครับ,บริเวณทางเดินไป หอพักนิสิต UP DORM หญ้ารกมาก ช่วยตัดหญ้าทีครับ เดือดร้อนมากค่ะ ขอบคุณค่ะ,0,0.28,หมวดภูมิทัศน์และความสะอาด (ต่างประเด็น)
227,ด่วนมาก! ต้องการขอดรอปรายวิชา ติดต่อทำเรื่องที่ไหนครับ ช่วยตรวจสอบทีครับ,ด่วนมาก! ยื่นคำร้องขอถอนรายวิชาล่าช้า ต้องให้อาจารย์ท่านไหนเซ็น,1,0.86,หมวดการเรียนการสอนและวิชาการ
228,ช่วยประสานงานทีครับ ลืมรหัสผ่าน UP Mail ขอยื่นรีเซ็ตรหัสผ่านเมลองค์กร,แอดมินครับ วันสอบปลายภาคเวลาตรงกันสองรายวิชา ขอสอบชดเชยได้ไหม ช่วยตรวจสอบทีครับ,0,0.03,ต่างหมวดหมู่
229,ขอร้องเรียนค่ะ คนขับรถเมล์ มพ. สาย 1 ขับเร็วและหวาดเสียวมาก รบกวนเจ้าหน้าที่แก้ไขด่วนครับ,ช่วยประสานงานทีครับ นิสิตต่อคิวรอรถเมล์ตรง หอสมุด ยาวล้นออกมานอกฟุตบาท ช่วยตรวจสอบทีครับ,0,0.37,หมวดการเดินทางและระบบขนส่ง (ต่างประเด็น)
230,รบกวนเจ้าหน้าที่ครับ ระบบลงทะเบียนเรียน Reg ล่ม เข้าสู่ระบบไม่ได้ตั้งแต่เช้า,ช่วยตรวจสอบหน่อยครับ เว็บ reg.up.ac.th ล่ม กดเลือกวิชาไม่ได้เลยครับ,1,0.89,หมวดเทคโนโลยีสารสนเทศ
231,ช่วยประสานงานทีครับ เข้าใช้งานระบบ UP Pass ไม่ได้ ล็อกอินแล้วเด้งออก,ช่วยตรวจสอบหน่อยครับ แอปพลิเคชัน UP Pass เข้าไม่ได้ ขึ้น error ตลอดเวลา ช่วยตรวจสอบทีครับ,1,0.97,หมวดเทคโนโลยีสารสนเทศ
232,นิสิตเดือดร้อนมากค่ะ ก๊อกน้ำอ่างล้างมือ ตึกคณะนิติศาสตร์ หัก น้ำพุ่งกระเด็น เดือดร้อนมากค่ะ ขอบคุณค่ะ,ขอร้องเรียนค่ะ อ่างล้างหน้า ตึกวิทย์ ท่อน้ำแตก น้ำนองเต็มพื้น ช่วยตรวจสอบทีครับ,0,0.39,หมวดอาคารและสิ่งอำนวยความสะดวก (ต่างประเด็น)
233,ช่วยประสานงานทีครับ ห้องน้ำหญิง ตึกคณะนิติศาสตร์ สกปรกมาก ไม่มีแม่บ้านดูแล เดือดร้อนมากค่ะ ขอบคุณค่ะ,ด่วนมาก! พบซากนกตายบริเวณ ตึก PKY เริ่มส่งกลิ่น ช่วยส่งแม่บ้านมาเก็บที เดือดร้อนมากค่ะ ขอบคุณค่ะ,0,0.37,หมวดภูมิทัศน์และความสะอาด (ต่างประเด็น)
234,ช่วยตรวจสอบหน่อยครับ แอร์ห้อง 3202 ตึกวิทย์ เสีย ไม่เย็นเลย ร้อนมาก เดือดร้อนมากค่ะ ขอบคุณค่ะ,ช่วยตรวจสอบหน่อยครับ ห้อง 3202 ตึกวิทยาศาสตร์ แอร์พัง มีแต่ลมร้อน นั่งเรียนไม่ได้ ปล่อยไว้นานแล้ว,1,0.87,หมวดอาคารและสิ่งอำนวยความสะดวก
235,รถเมล์ มพ. ไม่จอดรับนิสิตที่ป้าย ตึก PKY ช่วยตรวจสอบทีครับ,ช่วยตรวจสอบหน่อยครับ รอรถเมล์มอสาย 2 นานมาก รถขาดช่วง นิสิตไปเรียนไม่ทัน ขอบคุณครับ,0,0.36,หมวดการเดินทางและระบบขนส่ง (ต่างประเด็น)
236,ช่วยประสานงานทีครับ มีรถจอดซ้อนคันขวางทางออกตรง ลานจอดรถหน้ามอ เดือดร้อนมากค่ะ ขอบคุณค่ะ,นิสิตเดือดร้อนมากค่ะ รถยนต์จอดขวางทางเลี้ยวบริเวณ ประตูทางเข้าหน้ามอ ขับผ่านไม่ได้เลย เดือดร้อนมากค่ะ ขอบคุณค่ะ,1,0.81,หมวดความปลอดภัยและจราจร
237,ช่วยประสานงานทีครับ รถเมล์ มพ. ไม่จอดรับนิสิตที่ป้าย ลานจอดรถหน้ามอ รบกวนเจ้าหน้าที่แก้ไขด่วนครับ,นิสิตเดือดร้อนมากค่ะ บริเวณทางเดินไป ตึกคณะบริหาร หญ้ารกมาก ช่วยตัดหญ้าทีครับ เดือดร้อนมากค่ะ ขอบคุณค่ะ,0,0.06,ต่างหมวดหมู่
238,ด่วนมาก! มีรถจอดซ้อนคันขวางทางออกตรง ตึกคณะบริหาร เดือดร้อนมากค่ะ ขอบคุณค่ะ,นิสิตเดือดร้อนมากค่ะ วิชาบังคับเซคเต็มทุกเซค ขอเปิดเพิ่มอีกเซคได้ไหมครับ เป็นแบบนี้มาหลายวันแล้วครับ,0,0.15,ต่างหมวดหมู่
239,ช่วยประสานงานทีครับ คิวต่อแถวรอรถเมล์มอที่ ตึกคณะบริหาร แน่นมาก รถมีไม่เพียงพอ ขอบคุณครับ,แจ้งเรื่องครับ: นิสิตต่อคิวรอรถเมล์ตรง ตึกบิสิเนส ยาวล้นออกมานอกฟุตบาท ปล่อยไว้นานแล้ว,1,0.87,หมวดการเดินทางและระบบขนส่ง
240,ด่วนมาก! รถเมล์ มพ. ไม่จอดรับนิสิตที่ป้าย ตึก ICT เดือดร้อนมากค่ะ ขอบคุณค่ะ,รบกวนเจ้าหน้าที่ครับ ป้าย คณะไอซีที รถเมล์มอขับเลยไป ไม่ยอมจอดรับผู้โดยสาร ขอบคุณครับ,1,0.89,หมวดการเดินทางและระบบขนส่ง
241,ด่วนมาก! ระบบลงทะเบียนเรียน Reg ล่ม เข้าสู่ระบบไม่ได้ตั้งแต่เช้า เดือดร้อนมากค่ะ ขอบคุณค่ะ,แอดมินครับ เว็บ reg.up.ac.th ล่ม กดเลือกวิชาไม่ได้เลยครับ เดือดร้อนมากค่ะ ขอบคุณค่ะ,0,0.33,หมวดเทคโนโลยีสารสนเทศ (ต่างประเด็น)
242,แจ้งเรื่องครับ: ขอนับชั่วโมงกิจกรรมจิตอาสา กดยื่นในระบบแล้วยังไม่อนุมัติ ปล่อยไว้นานแล้ว,แอดมินครับ ชั่วโมงกิจกรรมสะสมไม่ขึ้นในระบบ UP Pass ติดต่อใคร รบกวนเจ้าหน้าที่แก้ไขด่วนครับ,1,0.84,หมวดบริการทั่วไป / อื่นๆ
243,แอดมินครับ บัตรนิสิตหาย ต้องการทำบัตรใหม่ต้องเตรียมอะไรบ้าง เป็นแบบนี้มาหลายวันแล้วครับ,แอดมินครับ ไฟเพดานห้อง 1101 ตึก CE ดับ มองกระดานไม่เห็น ช่วยตรวจสอบทีครับ,0,0.06,ต่างหมวดหมู่
244,ระบบลงทะเบียนเรียน Reg ล่ม เข้าสู่ระบบไม่ได้ตั้งแต่เช้า,วิชาบังคับเซคเต็มทุกเซค ขอเปิดเพิ่มอีกเซคได้ไหมครับ ช่วยตรวจสอบทีครับ,0,0.02,ต่างหมวดหมู่
245,รบกวนเจ้าหน้าที่ครับ อินเทอร์เน็ตที่ ตึก CE ใช้งานไม่ได้เลย สัญญาณกากบาท,ด่วนมาก! เน็ตตึก อาคารเรียนรวม ดับทั้งตึก เชื่อมต่อสัญญาณไม่ได้ เป็นแบบนี้มาหลายวันแล้วครับ,1,0.87,หมวดเทคโนโลยีสารสนเทศ
246,รบกวนเจ้าหน้าที่ครับ หญ้าขึ้นสูงรกมากข้างทางเดินไป ตึกคณะนิติศาสตร์ กลัวงู ปล่อยไว้นานแล้ว,แอดมินครับ บริเวณทางเดินไป อาคารเรียนนิติศาสตร์ หญ้ารกมาก ช่วยตัดหญ้าทีครับ ขอบคุณครับ,1,0.88,หมวดภูมิทัศน์และความสะอาด
247,แอดมินครับ ถังขยะบริเวณ หอพักนิสิต UP DORM ล้น ส่งกลิ่นเหม็นรบกวน,นิสิตเดือดร้อนมากค่ะ ฝนตกแล้วน้ำรั่วลงมาจากเพดาน ตึก PKY พื้นลื่นมาก ช่วยตรวจสอบทีครับ,0,0.04,ต่างหมวดหมู่
248,ช่วยประสานงานทีครับ ถังขยะบริเวณ ตึกคณะบริหาร ล้น ส่งกลิ่นเหม็นรบกวน,รบกวนเจ้าหน้าที่ครับ ชั่วโมงกิจกรรมสะสมไม่ขึ้นในระบบ UP Pass ติดต่อใคร,0,0.14,ต่างหมวดหมู่
249,ขอร้องเรียนค่ะ ขอนับชั่วโมงกิจกรรมจิตอาสา กดยื่นในระบบแล้วยังไม่อนุมัติ,ขอร้องเรียนค่ะ ทำบัตรประจำตัวนิสิตใหม่ ติดต่อสำนักทะเบียนห้องไหนครับ,0,0.31,หมวดบริการทั่วไป / อื่นๆ (ต่างประเด็น)
250,แอดมินครับ สอบถามเรื่องการยื่นกู้ กยศ. และส่งเอกสารทุนการศึกษา เป็นแบบนี้มาหลายวันแล้วครับ,ช่วยประสานงานทีครับ เอกสารทุนการศึกษา มพ. ส่งได้ถึงวันไหนครับ,1,0.83,หมวดบริการทั่วไป / อื่นๆ
251,นิสิตเดือดร้อนมากค่ะ ห้องน้ำหญิง ตึกคณะบริหาร สกปรกมาก ไม่มีแม่บ้านดูแล เป็นแบบนี้มาหลายวันแล้วครับ,นิสิตเดือดร้อนมากค่ะ คณะวิทยาการจัดการ ห้องน้ำสกปรก พื้นแฉะและส่งกลิ่นเหม็น ปล่อยไว้นานแล้ว,1,0.95,หมวดภูมิทัศน์และความสะอาด
252,ด่วนมาก! สัญญาณ WiFi UP-WiFi ที่ ตึกคณะบริหาร หลุดบ่อยมาก ช้ามาก เป็นแบบนี้มาหลายวันแล้วครับ,เน็ตตึก ตึก PKY ดับทั้งตึก เชื่อมต่อสัญญาณไม่ได้,0,0.29,หมวดเทคโนโลยีสารสนเทศ (ต่างประเด็น)
253,แอดมินครับ หลังคารั่วตรงทางเดิน ตึก CE น้ำเจิ่งนอง เดือดร้อนมากค่ะ ขอบคุณค่ะ,รบกวนเจ้าหน้าที่ครับ ตารางเรียนชนกันครับ เข้าระบบแล้วเลือกเวลาทับซ้อนกัน,0,0.15,ต่างหมวดหมู่
254,อินเทอร์เน็ตที่ หอพักนิสิต UP DORM ใช้งานไม่ได้เลย สัญญาณกากบาท รบกวนเจ้าหน้าที่แก้ไขด่วนครับ,ด่วนมาก! แอปพลิเคชัน UP Pass เข้าไม่ได้ ขึ้น error ตลอดเวลา รบกวนเจ้าหน้าที่แก้ไขด่วนครับ,0,0.34,หมวดเทคโนโลยีสารสนเทศ (ต่างประเด็น)
255,ช่วยตรวจสอบหน่อยครับ หญ้าขึ้นสูงรกมากข้างทางเดินไป ตึกคณะนิติศาสตร์ กลัวงู,ด่วนมาก! จุดรอรถเมล์มอตรง หอสมุด ฝนตกเปียกหมด ไม่มีศาลาพักคอย ขอบคุณครับ,0,0.16,ต่างหมวดหมู่
256,ด่วนมาก! เกิดอุบัติเหตุรถเฉี่ยวชนกันตรงทางแยก ตึกวิทย์,แจ้งเรื่องครับ: รถมอเตอร์ไซค์ชนกันบริเวณ อาคารคณะวิทย์ มีผู้ได้รับบาดเจ็บ เป็นแบบนี้มาหลายวันแล้วครับ,1,0.85,หมวดความปลอดภัยและจราจร
257,แจ้งเรื่องครับ: ระบบบันทึกเกรดมีปัญหา เกรดยังไม่ออกสักวิชา เดือดร้อนมากค่ะ ขอบคุณค่ะ,แจ้งเรื่องครับ: ประกาศเกรดยังไม่ขึ้นในระบบเลยครับ ติดต่อฝ่ายทะเบียนไม่ได้ ช่วยตรวจสอบทีครับ,1,0.79,หมวดการเรียนการสอนและวิชาการ
258,ด่วนมาก! ขอนับชั่วโมงกิจกรรมจิตอาสา กดยื่นในระบบแล้วยังไม่อนุมัติ ช่วยตรวจสอบทีครับ,ชั่วโมงกิจกรรมสะสมไม่ขึ้นในระบบ UP Pass ติดต่อใคร ปล่อยไว้นานแล้ว,1,0.8,หมวดบริการทั่วไป / อื่นๆ
259,ช่วยตรวจสอบหน่อยครับ ไฟกิ่งส่องสว่างทางเดินไป ตึกคณะบริหาร ดับ มืดและเปลี่ยวมาก เดือดร้อนมากค่ะ ขอบคุณค่ะ,แจ้งเรื่องครับ: ตามหาของหาย ลืมไอแพดไว้ที่ หอพักนิสิต UP DORM ช่วยดูกล้องให้ที,0,0.03,ต่างหมวดหมู่
260,ขอร้องเรียนค่ะ มีรถจอดซ้อนคันขวางทางออกตรง หอพักนิสิต UP DORM ช่วยตรวจสอบทีครับ,นิสิตเดือดร้อนมากค่ะ รถยนต์จอดขวางทางเลี้ยวบริเวณ หอพักในมอ ขับผ่านไม่ได้เลย รบกวนเจ้าหน้าที่แก้ไขด่วนครับ,1,0.89,หมวดความปลอดภัยและจราจร
261,แอดมินครับ คนขับรถเมล์ มพ. สาย 2 ขับเร็วและหวาดเสียวมาก ขอบคุณครับ,ช่วยประสานงานทีครับ คลาสเรียนวันนี้อาจารย์ไม่มาสอน นิสิตมารอเต็มห้อง รบกวนเจ้าหน้าที่แก้ไขด่วนครับ,0,0.05,ต่างหมวดหมู่
262,ขอร้องเรียนค่ะ พบสุนัขจรจัดดุวิ่งไล่กวดนิสิตบริเวณ ตึกคณะบริหาร ขอบคุณครับ,นิสิตเดือดร้อนมากค่ะ หมาจรจัดตรง อาคารเรียนบริหาร ดุมาก เห่าและวิ่งไล่รถมอเตอร์ไซค์,1,0.87,หมวดความปลอดภัยและจราจร
263,ช่วยประสานงานทีครับ กล้องวงจรปิดบริเวณ ตึกสงวนเสริมศรี ดับ เสียมาหลายวัน เป็นแบบนี้มาหลายวันแล้วครับ,ช่วยประสานงานทีครับ ชั่วโมงกิจกรรมสะสมไม่ขึ้นในระบบ UP Pass ติดต่อใคร ช่วยตรวจสอบทีครับ,0,0.16,ต่างหมวดหมู่
264,ช่วยประสานงานทีครับ รถเมล์ มพ. สาย 1 รอนานเกิน 45 นาทีแล้วไม่มา ขอบคุณครับ,ด่วนมาก! รอรถเมล์มอสาย 1 นานมาก รถขาดช่วง นิสิตไปเรียนไม่ทัน ปล่อยไว้นานแล้ว,1,0.84,หมวดการเดินทางและระบบขนส่ง
265,รบกวนเจ้าหน้าที่ครับ กิ่งไม้ขนาดใหญ่หักหล่นขวางถนนตรง ตึก ICT,ช่วยประสานงานทีครับ มีต้นไม้ล้มทับทางเดินข้าง ตึกเทคโนโลยีสารสนเทศและการสื่อสาร สัญจรลำบากมาก ขอบคุณครับ,1,0.86,หมวดภูมิทัศน์และความสะอาด
266,ช่วยตรวจสอบหน่อยครับ เกิดอุบัติเหตุรถเฉี่ยวชนกันตรงทางแยก ลานจอดรถหน้ามอ เป็นแบบนี้มาหลายวันแล้วครับ,ช่วยตรวจสอบหน่อยครับ ตึก PKY ห้อง PKY02 ปลั๊กไฟระเบิด เสียบชาร์จไม่ได้ ช่วยตรวจสอบทีครับ,0,0.19,ต่างหมวดหมู่
267,ขอร้องเรียนค่ะ แอร์ห้อง 2203 หอสมุด เสีย ไม่เย็นเลย ร้อนมาก เป็นแบบนี้มาหลายวันแล้วครับ,นิสิตเดือดร้อนมากค่ะ รถเมล์มอสาย 3 ขับปาดซ้ายปาดขวา เบรกแรง กลัวอันตราย เป็นแบบนี้มาหลายวันแล้วครับ,0,0.18,ต่างหมวดหมู่
268,สัญญาณ WiFi UP-WiFi ที่ ตึกสงวนเสริมศรี หลุดบ่อยมาก ช้ามาก รบกวนเจ้าหน้าที่แก้ไขด่วนครับ,ด่วนมาก! เน็ต UP-WiFi ที่ โรงอาหารสงวน ช้ามาก สัญญาณหลุดตลอดเวลา ปล่อยไว้นานแล้ว,1,0.96,หมวดเทคโนโลยีสารสนเทศ
269,ด่วนมาก! ลิฟต์ ตึก ICT ประตูค้าง เปิดไม่ออก ช่วยตรวจสอบทีครับ,แอดมินครับ ลานจอดรถหน้ามอ ห้อง 2201 ปลั๊กไฟระเบิด เสียบชาร์จไม่ได้,0,0.29,หมวดอาคารและสิ่งอำนวยความสะดวก (ต่างประเด็น)
270,แอดมินครับ หลังคารั่วตรงทางเดิน หอสมุด น้ำเจิ่งนอง,ช่วยตรวจสอบหน่อยครับ วันสอบปลายภาคเวลาตรงกันสองรายวิชา ขอสอบชดเชยได้ไหม ช่วยตรวจสอบทีครับ,0,0.19,ต่างหมวดหมู่
271,แอดมินครับ ห้องน้ำชั้น 4 ตึกวิทย์ น้ำไม่ไหล ชักโครกกดไม่ลง รบกวนเจ้าหน้าที่แก้ไขด่วนครับ,รบกวนเจ้าหน้าที่ครับ จอดมอเตอร์ไซค์ไว้ที่ ตึก ICT หมวกกันน็อคโดนขโมยไปครับ ขอบคุณครับ,0,0.17,ต่างหมวดหมู่
272,แอดมินครับ บัตรนิสิตหาย ต้องการทำบัตรใหม่ต้องเตรียมอะไรบ้าง,แจ้งเรื่องครับ: ทำบัตรประจำตัวนิสิตใหม่ ติดต่อสำนักทะเบียนห้องไหนครับ เป็นแบบนี้มาหลายวันแล้วครับ,1,0.97,หมวดบริการทั่วไป / อื่นๆ
273,ด่วนมาก! คิวต่อแถวรอรถเมล์มอที่ ตึก CE แน่นมาก รถมีไม่เพียงพอ ช่วยตรวจสอบทีครับ,แอดมินครับ ป้าย ตึกวิทย์ รถเมล์มอขับเลยไป ไม่ยอมจอดรับผู้โดยสาร เดือดร้อนมากค่ะ ขอบคุณค่ะ,0,0.32,หมวดการเดินทางและระบบขนส่ง (ต่างประเด็น)
274,รบกวนเจ้าหน้าที่ครับ พบสุนัขจรจัดดุวิ่งไล่กวดนิสิตบริเวณ ตึกวิทย์ ขอบคุณครับ,ด่วนมาก! หมาจรจัดตรง อาคารคณะวิทย์ ดุมาก เห่าและวิ่งไล่รถมอเตอร์ไซค์ ช่วยตรวจสอบทีครับ,1,0.84,หมวดความปลอดภัยและจราจร
275,หลังคารั่วตรงทางเดิน ตึกคณะนิติศาสตร์ น้ำเจิ่งนอง ขอบคุณครับ,ด่วนมาก! ฝนตกแล้วน้ำรั่วลงมาจากเพดาน ตึกนิติ พื้นลื่นมาก ขอบคุณครับ,1,0.93,หมวดอาคารและสิ่งอำนวยความสะดวก
276,ช่วยตรวจสอบหน่อยครับ ตารางเรียนวิชาบังคับชนกันสองวิชา แก้ไขยังไงได้บ้าง รบกวนเจ้าหน้าที่แก้ไขด่วนครับ,ประกาศเกรดยังไม่ขึ้นในระบบเลยครับ ติดต่อฝ่ายทะเบียนไม่ได้ ช่วยตรวจสอบทีครับ,0,0.37,หมวดการเรียนการสอนและวิชาการ (ต่างประเด็น)
277,แจ้งเรื่องครับ: ระบบบันทึกเกรดมีปัญหา เกรดยังไม่ออกสักวิชา,นิสิตเดือดร้อนมากค่ะ วิชาบังคับเซคเต็มทุกเซค ขอเปิดเพิ่มอีกเซคได้ไหมครับ,0,0.29,หมวดการเรียนการสอนและวิชาการ (ต่างประเด็น)
278,แจ้งเรื่องครับ: หลอดไฟในห้องเรียน 1201 หอสมุด ขาด มืดมาก ขอบคุณครับ,ขอร้องเรียนค่ะ ห้อง CE01 ตึกสงวนเสริมศรี แอร์พัง มีแต่ลมร้อน นั่งเรียนไม่ได้ ขอบคุณครับ,0,0.18,หมวดอาคารและสิ่งอำนวยความสะดวก (ต่างประเด็น)
279,ขอร้องเรียนค่ะ หญ้าขึ้นสูงรกมากข้างทางเดินไป ตึก PKY กลัวงู เป็นแบบนี้มาหลายวันแล้วครับ,ช่วยประสานงานทีครับ มีต้นไม้ล้มทับทางเดินข้าง ตึก PKY สัญจรลำบากมาก ขอบคุณครับ,0,0.2,หมวดภูมิทัศน์และความสะอาด (ต่างประเด็น)
280,ขอร้องเรียนค่ะ หมวกกันน็อคหายที่ลานจอดรถ หอพักนิสิต UP DORM,ช่วยตรวจสอบหน่อยครับ นิสิตต่อคิวรอรถเมล์ตรง ตึก ICT ยาวล้นออกมานอกฟุตบาท เป็นแบบนี้มาหลายวันแล้วครับ,0,0.06,ต่างหมวดหมู่
281,ลืมกระเป๋าสตางค์ไว้ที่ ตึกคณะนิติศาสตร์ มีใครเก็บได้บ้างครับ เดือดร้อนมากค่ะ ขอบคุณค่ะ,ขอร้องเรียนค่ะ กล้อง CCTV ตรง ลานจอดรถหน้ามอ ใช้งานไม่ได้ อยากขอเปิดดูของหาย,0,0.11,ต่างหมวดหมู่
282,ด่วนมาก! ขอใบรับรองสถานภาพนิสิตภาษาอังกฤษ ใช้เวลากี่วันได้ รบกวนเจ้าหน้าที่แก้ไขด่วนครับ,รบกวนเจ้าหน้าที่ครับ ยื่นขอหนังสือรับรองการเป็นนิสิตผ่านช่องทางออนไลน์ยังไง,1,0.87,หมวดบริการทั่วไป / อื่นๆ
283,ช่วยประสานงานทีครับ หลอดไฟในห้องเรียน 1201 ตึกคณะนิติศาสตร์ ขาด มืดมาก เดือดร้อนมากค่ะ ขอบคุณค่ะ,ไฟเพดานห้อง 1201 ตึกนิติ ดับ มองกระดานไม่เห็น ช่วยตรวจสอบทีครับ,1,0.87,หมวดอาคารและสิ่งอำนวยความสะดวก
284,ขอร้องเรียนค่ะ ขอเปิดเซคชั่นเพิ่มวิชาศึกษาทั่วไป นิสิตยังลงไม่ครบ ช่วยตรวจสอบทีครับ,ช่วยตรวจสอบหน่อยครับ วิชาบังคับเซคเต็มทุกเซค ขอเปิดเพิ่มอีกเซคได้ไหมครับ ขอบคุณครับ,1,0.93,หมวดการเรียนการสอนและวิชาการ
285,แจ้งเรื่องครับ: ขอใบรับรองสถานภาพนิสิตภาษาอังกฤษ ใช้เวลากี่วันได้ ปล่อยไว้นานแล้ว,แจ้งเรื่องครับ: ยื่นขอหนังสือรับรองการเป็นนิสิตผ่านช่องทางออนไลน์ยังไง ขอบคุณครับ,1,0.9,หมวดบริการทั่วไป / อื่นๆ
286,นิสิตเดือดร้อนมากค่ะ ระบบลงทะเบียนเรียน Reg ล่ม เข้าสู่ระบบไม่ได้ตั้งแต่เช้า ขอบคุณครับ,ขอร้องเรียนค่ะ แอปพลิเคชัน UP Pass เข้าไม่ได้ ขึ้น error ตลอดเวลา รบกวนเจ้าหน้าที่แก้ไขด่วนครับ,0,0.28,หมวดเทคโนโลยีสารสนเทศ (ต่างประเด็น)
287,รบกวนเจ้าหน้าที่ครับ มีซากสัตว์ตายส่งกลิ่นเหม็นเน่าที่ หอพักนิสิต UP DORM เป็นแบบนี้มาหลายวันแล้วครับ,ขอร้องเรียนค่ะ พบซากนกตายบริเวณ หอใน เริ่มส่งกลิ่น ช่วยส่งแม่บ้านมาเก็บที ช่วยตรวจสอบทีครับ,1,0.85,หมวดภูมิทัศน์และความสะอาด
288,ตารางสอบปลายภาคชนกันในวันเดียวกันสองวิชา ปล่อยไว้นานแล้ว,นิสิตเดือดร้อนมากค่ะ วันสอบปลายภาคเวลาตรงกันสองรายวิชา ขอสอบชดเชยได้ไหม เดือดร้อนมากค่ะ ขอบคุณค่ะ,1,0.91,หมวดการเรียนการสอนและวิชาการ
289,ป้ายรถเมล์บริเวณ ตึก ICT ไม่มีหลังคาบังแดดบังฝน รบกวนเจ้าหน้าที่แก้ไขด่วนครับ,ขอร้องเรียนค่ะ ตึก PKY ห้อง PKY01 ปลั๊กไฟระเบิด เสียบชาร์จไม่ได้ ช่วยตรวจสอบทีครับ,0,0.07,ต่างหมวดหมู่
290,รบกวนเจ้าหน้าที่ครับ มีซากสัตว์ตายส่งกลิ่นเหม็นเน่าที่ ตึกสงวนเสริมศรี เป็นแบบนี้มาหลายวันแล้วครับ,รบกวนเจ้าหน้าที่ครับ ตึกคณะนิติศาสตร์ ห้องน้ำสกปรก พื้นแฉะและส่งกลิ่นเหม็น เป็นแบบนี้มาหลายวันแล้วครับ,0,0.2,หมวดภูมิทัศน์และความสะอาด (ต่างประเด็น)
291,ด่วนมาก! อินเทอร์เน็ตที่ หอพักนิสิต UP DORM ใช้งานไม่ได้เลย สัญญาณกากบาท เดือดร้อนมากค่ะ ขอบคุณค่ะ,เน็ตตึก หอใน ดับทั้งตึก เชื่อมต่อสัญญาณไม่ได้ เดือดร้อนมากค่ะ ขอบคุณค่ะ,1,0.95,หมวดเทคโนโลยีสารสนเทศ
292,แจ้งเรื่องครับ: รถเมล์ มพ. ไม่จอดรับนิสิตที่ป้าย ตึกคณะนิติศาสตร์ ปล่อยไว้นานแล้ว,รบกวนเจ้าหน้าที่ครับ ป้าย อาคารเรียนนิติศาสตร์ รถเมล์มอขับเลยไป ไม่ยอมจอดรับผู้โดยสาร,1,0.93,หมวดการเดินทางและระบบขนส่ง
293,รบกวนเจ้าหน้าที่ครับ ระบบบันทึกเกรดมีปัญหา เกรดยังไม่ออกสักวิชา รบกวนเจ้าหน้าที่แก้ไขด่วนครับ,นิสิตเดือดร้อนมากค่ะ ประกาศเกรดยังไม่ขึ้นในระบบเลยครับ ติดต่อฝ่ายทะเบียนไม่ได้ ขอบคุณครับ,1,0.97,หมวดการเรียนการสอนและวิชาการ
294,แจ้งเรื่องครับ: ระบบบันทึกเกรดมีปัญหา เกรดยังไม่ออกสักวิชา ปล่อยไว้นานแล้ว,ช่วยประสานงานทีครับ ประกาศเกรดยังไม่ขึ้นในระบบเลยครับ ติดต่อฝ่ายทะเบียนไม่ได้ ขอบคุณครับ,1,0.96,หมวดการเรียนการสอนและวิชาการ
295,นิสิตเดือดร้อนมากค่ะ หมวกกันน็อคหายที่ลานจอดรถ ตึก CE,รบกวนเจ้าหน้าที่ครับ จอดมอเตอร์ไซค์ไว้ที่ ตึก CE หมวกกันน็อคโดนขโมยไปครับ รบกวนเจ้าหน้าที่แก้ไขด่วนครับ,1,0.81,หมวดความปลอดภัยและจราจร
296,ด่วนมาก! กิ่งไม้ขนาดใหญ่หักหล่นขวางถนนตรง ตึก ICT ขอบคุณครับ,ช่วยตรวจสอบหน่อยครับ มีต้นไม้ล้มทับทางเดินข้าง ตึกเทคโนโลยีสารสนเทศและการสื่อสาร สัญจรลำบากมาก,1,0.92,หมวดภูมิทัศน์และความสะอาด
297,ช่วยประสานงานทีครับ คนขับรถเมล์ มพ. สาย 1 ขับเร็วและหวาดเสียวมาก เดือดร้อนมากค่ะ ขอบคุณค่ะ,ช่วยตรวจสอบหน่อยครับ ไฟเพดานห้อง 1305 ตึก PKY ดับ มองกระดานไม่เห็น รบกวนเจ้าหน้าที่แก้ไขด่วนครับ,0,0.04,ต่างหมวดหมู่
298,แอดมินครับ พบสุนัขจรจัดดุวิ่งไล่กวดนิสิตบริเวณ ตึก PKY รบกวนเจ้าหน้าที่แก้ไขด่วนครับ,นิสิตเดือดร้อนมากค่ะ กล้อง CCTV ตรง ตึก ICT ใช้งานไม่ได้ อยากขอเปิดดูของหาย เดือดร้อนมากค่ะ ขอบคุณค่ะ,0,0.28,หมวดความปลอดภัยและจราจร (ต่างประเด็น)
299,แจ้งเรื่องครับ: ขอเปิดเซคชั่นเพิ่มวิชาศึกษาทั่วไป นิสิตยังลงไม่ครบ ปล่อยไว้นานแล้ว,รบกวนเจ้าหน้าที่ครับ วิชาบังคับเซคเต็มทุกเซค ขอเปิดเพิ่มอีกเซคได้ไหมครับ เดือดร้อนมากค่ะ ขอบคุณค่ะ,1,0.9,หมวดการเรียนการสอนและวิชาการ
300,หญ้าขึ้นสูงรกมากข้างทางเดินไป ตึก CE กลัวงู รบกวนเจ้าหน้าที่แก้ไขด่วนครับ,ช่วยประสานงานทีครับ รถเมล์มอสาย 2 ขับปาดซ้ายปาดขวา เบรกแรง กลัวอันตราย เป็นแบบนี้มาหลายวันแล้วครับ,0,0.06,ต่างหมวดหมู่
301,แจ้งเรื่องครับ: อินเทอร์เน็ตที่ หอสมุด ใช้งานไม่ได้เลย สัญญาณกากบาท เดือดร้อนมากค่ะ ขอบคุณค่ะ,รบกวนเจ้าหน้าที่ครับ เว็บ reg.up.ac.th ล่ม กดเลือกวิชาไม่ได้เลยครับ เป็นแบบนี้มาหลายวันแล้วครับ,0,0.39,หมวดเทคโนโลยีสารสนเทศ (ต่างประเด็น)
302,บัตรนิสิตหาย ต้องการทำบัตรใหม่ต้องเตรียมอะไรบ้าง เป็นแบบนี้มาหลายวันแล้วครับ,แจ้งเรื่องครับ: ห้อง CE07 ตึก PKY แอร์พัง มีแต่ลมร้อน นั่งเรียนไม่ได้ ช่วยตรวจสอบทีครับ,0,0.04,ต่างหมวดหมู่
303,แอดมินครับ เกิดอุบัติเหตุรถเฉี่ยวชนกันตรงทางแยก ตึกวิทย์,ขอร้องเรียนค่ะ รถมอเตอร์ไซค์ชนกันบริเวณ อาคารคณะวิทย์ มีผู้ได้รับบาดเจ็บ ปล่อยไว้นานแล้ว,1,0.96,หมวดความปลอดภัยและจราจร
304,ช่วยตรวจสอบหน่อยครับ ถังขยะบริเวณ ลานจอดรถหน้ามอ ล้น ส่งกลิ่นเหม็นรบกวน ขอบคุณครับ,ขอร้องเรียนค่ะ ขยะล้นถังขยะตรง ลานจอดรถหน้ามอ เหม็นมาก ไม่มีใครมาเก็บ เดือดร้อนมากค่ะ ขอบคุณค่ะ,1,0.85,หมวดภูมิทัศน์และความสะอาด
305,รบกวนเจ้าหน้าที่ครับ เข้าใช้งานระบบ UP Pass ไม่ได้ ล็อกอินแล้วเด้งออก เดือดร้อนมากค่ะ ขอบคุณค่ะ,เน็ต UP-WiFi ที่ ตึก CE ช้ามาก สัญญาณหลุดตลอดเวลา รบกวนเจ้าหน้าที่แก้ไขด่วนครับ,0,0.29,หมวดเทคโนโลยีสารสนเทศ (ต่างประเด็น)
306,พบสุนัขจรจัดดุวิ่งไล่กวดนิสิตบริเวณ ตึก PKY ขอบคุณครับ,รบกวนเจ้าหน้าที่ครับ บริเวณทางเดินไป ลานจอดรถหน้ามอ หญ้ารกมาก ช่วยตัดหญ้าทีครับ ปล่อยไว้นานแล้ว,0,0.15,ต่างหมวดหมู่
307,ช่วยตรวจสอบหน่อยครับ รถเมล์ มพ. ไม่จอดรับนิสิตที่ป้าย ตึกวิทย์ ขอบคุณครับ,นิสิตเดือดร้อนมากค่ะ หมาจรจัดตรง ตึกสงวนเสริมศรี ดุมาก เห่าและวิ่งไล่รถมอเตอร์ไซค์ ช่วยตรวจสอบทีครับ,0,0.02,ต่างหมวดหมู่
308,นิสิตเดือดร้อนมากค่ะ ป้ายรถเมล์บริเวณ ลานจอดรถหน้ามอ ไม่มีหลังคาบังแดดบังฝน,แจ้งเรื่องครับ: จุดรอรถเมล์มอตรง ลานจอดรถหน้ามอ ฝนตกเปียกหมด ไม่มีศาลาพักคอย ช่วยตรวจสอบทีครับ,1,0.8,หมวดการเดินทางและระบบขนส่ง
309,ด่วนมาก! เข้าใช้งานระบบ UP Pass ไม่ได้ ล็อกอินแล้วเด้งออก ปล่อยไว้นานแล้ว,ด่วนมาก! แอปพลิเคชัน UP Pass เข้าไม่ได้ ขึ้น error ตลอดเวลา เดือดร้อนมากค่ะ ขอบคุณค่ะ,1,0.97,หมวดเทคโนโลยีสารสนเทศ
310,ด่วนมาก! สัญญาณ WiFi UP-WiFi ที่ หอสมุด หลุดบ่อยมาก ช้ามาก ช่วยตรวจสอบทีครับ,เน็ต UP-WiFi ที่ หอสมุด ช้ามาก สัญญาณหลุดตลอดเวลา เดือดร้อนมากค่ะ ขอบคุณค่ะ,1,0.8,หมวดเทคโนโลยีสารสนเทศ
311,ช่วยประสานงานทีครับ เกิดอุบัติเหตุรถเฉี่ยวชนกันตรงทางแยก ตึก ICT รบกวนเจ้าหน้าที่แก้ไขด่วนครับ,ขอร้องเรียนค่ะ ไฟเพดานห้อง 1201 หอพักนิสิต UP DORM ดับ มองกระดานไม่เห็น เดือดร้อนมากค่ะ ขอบคุณค่ะ,0,0.19,ต่างหมวดหมู่
312,ช่วยตรวจสอบหน่อยครับ พบสุนัขจรจัดดุวิ่งไล่กวดนิสิตบริเวณ ตึกวิทย์ รบกวนเจ้าหน้าที่แก้ไขด่วนครับ,แอดมินครับ หมาจรจัดตรง อาคารคณะวิทย์ ดุมาก เห่าและวิ่งไล่รถมอเตอร์ไซค์ รบกวนเจ้าหน้าที่แก้ไขด่วนครับ,1,0.83,หมวดความปลอดภัยและจราจร
313,หมวกกันน็อคหายที่ลานจอดรถ ตึกคณะบริหาร ขอบคุณครับ,ด่วนมาก! หมาจรจัดตรง ตึก CE ดุมาก เห่าและวิ่งไล่รถมอเตอร์ไซค์,0,0.31,หมวดความปลอดภัยและจราจร (ต่างประเด็น)
314,อินเทอร์เน็ตที่ ตึกคณะบริหาร ใช้งานไม่ได้เลย สัญญาณกากบาท ช่วยตรวจสอบทีครับ,แอดมินครับ ตึก PKY ห้อง 2201 ปลั๊กไฟระเบิด เสียบชาร์จไม่ได้ ขอบคุณครับ,0,0.09,ต่างหมวดหมู่
315,แอดมินครับ ห้องน้ำชั้น 4 ตึก PKY น้ำไม่ไหล ชักโครกกดไม่ลง เป็นแบบนี้มาหลายวันแล้วครับ,แอดมินครับ ลูกบิดประตูห้องน้ำ ตึกวิทย์ หลุด ล็อคไม่ได้ช่วยซ่อมที เป็นแบบนี้มาหลายวันแล้วครับ,0,0.2,หมวดอาคารและสิ่งอำนวยความสะดวก (ต่างประเด็น)
316,นิสิตเดือดร้อนมากค่ะ สัญญาณ WiFi UP-WiFi ที่ ตึก CE หลุดบ่อยมาก ช้ามาก ขอบคุณครับ,ขอร้องเรียนค่ะ เน็ตตึก ลานจอดรถหน้ามอ ดับทั้งตึก เชื่อมต่อสัญญาณไม่ได้ รบกวนเจ้าหน้าที่แก้ไขด่วนครับ,0,0.22,หมวดเทคโนโลยีสารสนเทศ (ต่างประเด็น)
317,แอดมินครับ กิ่งไม้ขนาดใหญ่หักหล่นขวางถนนตรง ตึกคณะบริหาร ขอบคุณครับ,ช่วยประสานงานทีครับ ตารางเรียนชนกันครับ เข้าระบบแล้วเลือกเวลาทับซ้อนกัน ปล่อยไว้นานแล้ว,0,0.15,ต่างหมวดหมู่
318,ช่วยตรวจสอบหน่อยครับ หลอดไฟในห้องเรียน 1101 ตึก CE ขาด มืดมาก ขอบคุณครับ,รบกวนเจ้าหน้าที่ครับ หอสมุด ห้อง 2201 ปลั๊กไฟระเบิด เสียบชาร์จไม่ได้ ช่วยตรวจสอบทีครับ,0,0.23,หมวดอาคารและสิ่งอำนวยความสะดวก (ต่างประเด็น)
319,รบกวนเจ้าหน้าที่ครับ ถังขยะบริเวณ ตึกสงวนเสริมศรี ล้น ส่งกลิ่นเหม็นรบกวน,ด่วนมาก! เข้าอีเมลมหาวิทยาลัยไม่ได้ จำรหัสผ่านไม่ได้ครับ เดือดร้อนมากค่ะ ขอบคุณค่ะ,0,0.14,ต่างหมวดหมู่
320,ช่วยตรวจสอบหน่อยครับ อินเทอร์เน็ตที่ ลานจอดรถหน้ามอ ใช้งานไม่ได้เลย สัญญาณกากบาท ขอบคุณครับ,ช่วยตรวจสอบหน่อยครับ เน็ตตึก ป้ายรถเมล์หน้ามอ ดับทั้งตึก เชื่อมต่อสัญญาณไม่ได้ รบกวนเจ้าหน้าที่แก้ไขด่วนครับ,1,0.83,หมวดเทคโนโลยีสารสนเทศ
321,รบกวนเจ้าหน้าที่ครับ เกิดอุบัติเหตุรถเฉี่ยวชนกันตรงทางแยก ตึกวิทย์ ขอบคุณครับ,นิสิตเดือดร้อนมากค่ะ รถมอเตอร์ไซค์ชนกันบริเวณ คณะวิทยาศาสตร์ มีผู้ได้รับบาดเจ็บ เป็นแบบนี้มาหลายวันแล้วครับ,1,0.96,หมวดความปลอดภัยและจราจร
322,แจ้งเรื่องครับ: มีรถจอดซ้อนคันขวางทางออกตรง ลานจอดรถหน้ามอ รบกวนเจ้าหน้าที่แก้ไขด่วนครับ,นิสิตเดือดร้อนมากค่ะ รถยนต์จอดขวางทางเลี้ยวบริเวณ ลานจอดรถหน้ามอ ขับผ่านไม่ได้เลย,1,0.8,หมวดความปลอดภัยและจราจร
323,ช่วยประสานงานทีครับ ตารางสอบปลายภาคชนกันในวันเดียวกันสองวิชา รบกวนเจ้าหน้าที่แก้ไขด่วนครับ,รบกวนเจ้าหน้าที่ครับ วันสอบปลายภาคเวลาตรงกันสองรายวิชา ขอสอบชดเชยได้ไหม เดือดร้อนมากค่ะ ขอบคุณค่ะ,1,0.83,หมวดการเรียนการสอนและวิชาการ
324,ขอร้องเรียนค่ะ เข้าใช้งานระบบ UP Pass ไม่ได้ ล็อกอินแล้วเด้งออก ขอบคุณครับ,ด่วนมาก! รถมอเตอร์ไซค์ชนกันบริเวณ ตึกคณะบริหาร มีผู้ได้รับบาดเจ็บ เป็นแบบนี้มาหลายวันแล้วครับ,0,0.15,ต่างหมวดหมู่
325,ช่วยประสานงานทีครับ ลิฟต์ ตึก ICT ประตูค้าง เปิดไม่ออก ขอบคุณครับ,รบกวนเจ้าหน้าที่ครับ อ่างล้างหน้า ตึกวิทย์ ท่อน้ำแตก น้ำนองเต็มพื้น เป็นแบบนี้มาหลายวันแล้วครับ,0,0.36,หมวดอาคารและสิ่งอำนวยความสะดวก (ต่างประเด็น)
326,ช่วยประสานงานทีครับ รถเมล์ มพ. ไม่จอดรับนิสิตที่ป้าย ตึกคณะบริหาร,ช่วยประสานงานทีครับ แอปพลิเคชัน UP Pass เข้าไม่ได้ ขึ้น error ตลอดเวลา ขอบคุณครับ,0,0.17,ต่างหมวดหมู่
327,ช่วยตรวจสอบหน่อยครับ ลิฟต์ ตึกคณะนิติศาสตร์ ประตูค้าง เปิดไม่ออก ช่วยตรวจสอบทีครับ,นิสิตเดือดร้อนมากค่ะ ชั่วโมงกิจกรรมสะสมไม่ขึ้นในระบบ UP Pass ติดต่อใคร ช่วยตรวจสอบทีครับ,0,0.06,ต่างหมวดหมู่
328,ลืมรหัสผ่าน UP Mail ขอยื่นรีเซ็ตรหัสผ่านเมลองค์กร ปล่อยไว้นานแล้ว,เข้าอีเมลมหาวิทยาลัยไม่ได้ จำรหัสผ่านไม่ได้ครับ รบกวนเจ้าหน้าที่แก้ไขด่วนครับ,1,0.84,หมวดเทคโนโลยีสารสนเทศ
329,นิสิตเดือดร้อนมากค่ะ ก๊อกน้ำอ่างล้างมือ ตึกคณะบริหาร หัก น้ำพุ่งกระเด็น เป็นแบบนี้มาหลายวันแล้วครับ,ช่วยตรวจสอบหน่อยครับ รถยนต์จอดขวางทางเลี้ยวบริเวณ หอสมุด ขับผ่านไม่ได้เลย ช่วยตรวจสอบทีครับ,0,0.15,ต่างหมวดหมู่
330,ขอร้องเรียนค่ะ ขอใบรับรองสถานภาพนิสิตภาษาอังกฤษ ใช้เวลากี่วันได้ ปล่อยไว้นานแล้ว,ด่วนมาก! เน็ตตึก ตึก PKY ดับทั้งตึก เชื่อมต่อสัญญาณไม่ได้ เดือดร้อนมากค่ะ ขอบคุณค่ะ,0,0.16,ต่างหมวดหมู่
331,ช่วยประสานงานทีครับ คนขับรถเมล์ มพ. สาย 3 ขับเร็วและหวาดเสียวมาก ปล่อยไว้นานแล้ว,ช่วยตรวจสอบหน่อยครับ นิสิตต่อคิวรอรถเมล์ตรง หอสมุด ยาวล้นออกมานอกฟุตบาท,0,0.3,หมวดการเดินทางและระบบขนส่ง (ต่างประเด็น)
332,ช่วยตรวจสอบหน่อยครับ ขอนับชั่วโมงกิจกรรมจิตอาสา กดยื่นในระบบแล้วยังไม่อนุมัติ ขอบคุณครับ,แจ้งเรื่องครับ: ชั่วโมงกิจกรรมสะสมไม่ขึ้นในระบบ UP Pass ติดต่อใคร ช่วยตรวจสอบทีครับ,1,0.92,หมวดบริการทั่วไป / อื่นๆ
333,แจ้งเรื่องครับ: สัญญาณ WiFi UP-WiFi ที่ ตึกวิทย์ หลุดบ่อยมาก ช้ามาก,แจ้งเรื่องครับ: เน็ต UP-WiFi ที่ อาคารคณะวิทย์ ช้ามาก สัญญาณหลุดตลอดเวลา ปล่อยไว้นานแล้ว,1,0.91,หมวดเทคโนโลยีสารสนเทศ
334,แจ้งเรื่องครับ: พบสุนัขจรจัดดุวิ่งไล่กวดนิสิตบริเวณ ตึก ICT เป็นแบบนี้มาหลายวันแล้วครับ,ช่วยประสานงานทีครับ หมาจรจัดตรง ตึก ICT ดุมาก เห่าและวิ่งไล่รถมอเตอร์ไซค์ รบกวนเจ้าหน้าที่แก้ไขด่วนครับ,1,0.85,หมวดความปลอดภัยและจราจร
335,รบกวนเจ้าหน้าที่ครับ แอร์ห้อง PKY02 ลานจอดรถหน้ามอ เสีย ไม่เย็นเลย ร้อนมาก,ด่วนมาก! ไฟเพดานห้อง 1101 ตึกคณะบริหาร ดับ มองกระดานไม่เห็น เดือดร้อนมากค่ะ ขอบคุณค่ะ,0,0.38,หมวดอาคารและสิ่งอำนวยความสะดวก (ต่างประเด็น)
336,หญ้าขึ้นสูงรกมากข้างทางเดินไป ตึกคณะนิติศาสตร์ กลัวงู ช่วยตรวจสอบทีครับ,นิสิตเดือดร้อนมากค่ะ บริเวณทางเดินไป ตึกนิติ หญ้ารกมาก ช่วยตัดหญ้าทีครับ ปล่อยไว้นานแล้ว,1,0.92,หมวดภูมิทัศน์และความสะอาด
337,ช่วยตรวจสอบหน่อยครับ ตารางเรียนวิชาบังคับชนกันสองวิชา แก้ไขยังไงได้บ้าง เป็นแบบนี้มาหลายวันแล้วครับ,รบกวนเจ้าหน้าที่ครับ วันสอบปลายภาคเวลาตรงกันสองรายวิชา ขอสอบชดเชยได้ไหม รบกวนเจ้าหน้าที่แก้ไขด่วนครับ,0,0.42,หมวดการเรียนการสอนและวิชาการ (ต่างประเด็น)
338,ด่วนมาก! กล้องวงจรปิดบริเวณ ตึกคณะนิติศาสตร์ ดับ เสียมาหลายวัน เดือดร้อนมากค่ะ ขอบคุณค่ะ,ขอร้องเรียนค่ะ ตารางเรียนชนกันครับ เข้าระบบแล้วเลือกเวลาทับซ้อนกัน เป็นแบบนี้มาหลายวันแล้วครับ,0,0.04,ต่างหมวดหมู่
339,แอดมินครับ หมวกกันน็อคหายที่ลานจอดรถ ลานจอดรถหน้ามอ เดือดร้อนมากค่ะ ขอบคุณค่ะ,ช่วยประสานงานทีครับ รถมอเตอร์ไซค์ชนกันบริเวณ หอสมุด มีผู้ได้รับบาดเจ็บ ช่วยตรวจสอบทีครับ,0,0.28,หมวดความปลอดภัยและจราจร (ต่างประเด็น)
340,รบกวนเจ้าหน้าที่ครับ ห้องน้ำหญิง ตึก ICT สกปรกมาก ไม่มีแม่บ้านดูแล,แอดมินครับ อาคาร ICT ห้องน้ำสกปรก พื้นแฉะและส่งกลิ่นเหม็น,1,0.96,หมวดภูมิทัศน์และความสะอาด
341,ช่วยประสานงานทีครับ คิวต่อแถวรอรถเมล์มอที่ ตึก CE แน่นมาก รถมีไม่เพียงพอ ปล่อยไว้นานแล้ว,แจ้งเรื่องครับ: นิสิตต่อคิวรอรถเมล์ตรง ตึก CE ยาวล้นออกมานอกฟุตบาท รบกวนเจ้าหน้าที่แก้ไขด่วนครับ,1,0.82,หมวดการเดินทางและระบบขนส่ง
342,แอดมินครับ แอร์ห้อง CE01 ตึกคณะบริหาร เสีย ไม่เย็นเลย ร้อนมาก ขอบคุณครับ,แจ้งเรื่องครับ: ห้อง CE01 ตึกบิสิเนส แอร์พัง มีแต่ลมร้อน นั่งเรียนไม่ได้ ปล่อยไว้นานแล้ว,1,0.82,หมวดอาคารและสิ่งอำนวยความสะดวก
343,แจ้งเรื่องครับ: แอร์ห้อง 1305 ตึกวิทย์ เสีย ไม่เย็นเลย ร้อนมาก รบกวนเจ้าหน้าที่แก้ไขด่วนครับ,นิสิตเดือดร้อนมากค่ะ ห้อง 1305 ตึกวิทย์ แอร์พัง มีแต่ลมร้อน นั่งเรียนไม่ได้,1,0.84,หมวดอาคารและสิ่งอำนวยความสะดวก
344,นิสิตเดือดร้อนมากค่ะ พบสุนัขจรจัดดุวิ่งไล่กวดนิสิตบริเวณ ตึก CE ขอบคุณครับ,แอดมินครับ หมาจรจัดตรง อาคารเรียนรวม ดุมาก เห่าและวิ่งไล่รถมอเตอร์ไซค์ รบกวนเจ้าหน้าที่แก้ไขด่วนครับ,1,0.89,หมวดความปลอดภัยและจราจร
345,รบกวนเจ้าหน้าที่ครับ ขอเปิดเซคชั่นเพิ่มวิชาศึกษาทั่วไป นิสิตยังลงไม่ครบ เดือดร้อนมากค่ะ ขอบคุณค่ะ,นิสิตเดือดร้อนมากค่ะ รถเมล์มอสาย มอ ขับปาดซ้ายปาดขวา เบรกแรง กลัวอันตราย ปล่อยไว้นานแล้ว,0,0.12,ต่างหมวดหมู่
346,ด่วนมาก! ห้องน้ำชั้น 1 ตึกคณะนิติศาสตร์ น้ำไม่ไหล ชักโครกกดไม่ลง ขอบคุณครับ,ช่วยประสานงานทีครับ ตึกนิติ ชั้น 1 ห้องน้ำน้ำหยุดไหล สกปรกมาก เป็นแบบนี้มาหลายวันแล้วครับ,1,0.81,หมวดอาคารและสิ่งอำนวยความสะดวก
347,ขอร้องเรียนค่ะ คนขับรถเมล์ มพ. สาย มอ ขับเร็วและหวาดเสียวมาก,รบกวนเจ้าหน้าที่ครับ จุดรอรถเมล์มอตรง ตึกคณะนิติศาสตร์ ฝนตกเปียกหมด ไม่มีศาลาพักคอย รบกวนเจ้าหน้าที่แก้ไขด่วนครับ,0,0.29,หมวดการเดินทางและระบบขนส่ง (ต่างประเด็น)
348,นิสิตเดือดร้อนมากค่ะ ขอใบรับรองสถานภาพนิสิตภาษาอังกฤษ ใช้เวลากี่วันได้ ปล่อยไว้นานแล้ว,ยื่นขอหนังสือรับรองการเป็นนิสิตผ่านช่องทางออนไลน์ยังไง ช่วยตรวจสอบทีครับ,1,0.93,หมวดบริการทั่วไป / อื่นๆ
349,ไฟกิ่งส่องสว่างทางเดินไป ตึกคณะบริหาร ดับ มืดและเปลี่ยวมาก ขอบคุณครับ,แอดมินครับ รถยนต์จอดขวางทางเลี้ยวบริเวณ ตึกคณะนิติศาสตร์ ขับผ่านไม่ได้เลย เดือดร้อนมากค่ะ ขอบคุณค่ะ,0,0.33,หมวดความปลอดภัยและจราจร (ต่างประเด็น)
350,ด่วนมาก! ถังขยะบริเวณ ตึกคณะนิติศาสตร์ ล้น ส่งกลิ่นเหม็นรบกวน เป็นแบบนี้มาหลายวันแล้วครับ,แจ้งเรื่องครับ: บริเวณทางเดินไป ตึกวิทย์ หญ้ารกมาก ช่วยตัดหญ้าทีครับ,0,0.4,หมวดภูมิทัศน์และความสะอาด (ต่างประเด็น)
351,แอดมินครับ บัตรนิสิตหาย ต้องการทำบัตรใหม่ต้องเตรียมอะไรบ้าง ช่วยตรวจสอบทีครับ,แอดมินครับ เข้าอีเมลมหาวิทยาลัยไม่ได้ จำรหัสผ่านไม่ได้ครับ ช่วยตรวจสอบทีครับ,0,0.03,ต่างหมวดหมู่
352,รบกวนเจ้าหน้าที่ครับ ปลั๊กไฟห้อง CE01 ตึก PKY ช็อต มีควันขึ้น รบกวนเจ้าหน้าที่แก้ไขด่วนครับ,ช่วยตรวจสอบหน่อยครับ อ่างล้างหน้า ตึก ICT ท่อน้ำแตก น้ำนองเต็มพื้น ปล่อยไว้นานแล้ว,0,0.36,หมวดอาคารและสิ่งอำนวยความสะดวก (ต่างประเด็น)
353,ช่วยตรวจสอบหน่อยครับ ปลั๊กไฟห้อง 2101 หอพักนิสิต UP DORM ช็อต มีควันขึ้น เดือดร้อนมากค่ะ ขอบคุณค่ะ,ด่วนมาก! เว็บ reg.up.ac.th ล่ม กดเลือกวิชาไม่ได้เลยครับ เป็นแบบนี้มาหลายวันแล้วครับ,0,0.14,ต่างหมวดหมู่
354,ช่วยตรวจสอบหน่อยครับ ระบบบันทึกเกรดมีปัญหา เกรดยังไม่ออกสักวิชา รบกวนเจ้าหน้าที่แก้ไขด่วนครับ,ประกาศเกรดยังไม่ขึ้นในระบบเลยครับ ติดต่อฝ่ายทะเบียนไม่ได้ ช่วยตรวจสอบทีครับ,1,0.96,หมวดการเรียนการสอนและวิชาการ
355,ตารางเรียนวิชาบังคับชนกันสองวิชา แก้ไขยังไงได้บ้าง ขอบคุณครับ,ช่วยตรวจสอบหน่อยครับ ประกาศเกรดยังไม่ขึ้นในระบบเลยครับ ติดต่อฝ่ายทะเบียนไม่ได้ เป็นแบบนี้มาหลายวันแล้วครับ,0,0.31,หมวดการเรียนการสอนและวิชาการ (ต่างประเด็น)
356,แจ้งเรื่องครับ: ขอนับชั่วโมงกิจกรรมจิตอาสา กดยื่นในระบบแล้วยังไม่อนุมัติ ช่วยตรวจสอบทีครับ,ขอร้องเรียนค่ะ ชั่วโมงกิจกรรมสะสมไม่ขึ้นในระบบ UP Pass ติดต่อใคร ขอบคุณครับ,1,0.95,หมวดบริการทั่วไป / อื่นๆ
357,ด่วนมาก! อินเทอร์เน็ตที่ ตึกคณะนิติศาสตร์ ใช้งานไม่ได้เลย สัญญาณกากบาท รบกวนเจ้าหน้าที่แก้ไขด่วนครับ,ขอร้องเรียนค่ะ แอปพลิเคชัน UP Pass เข้าไม่ได้ ขึ้น error ตลอดเวลา รบกวนเจ้าหน้าที่แก้ไขด่วนครับ,0,0.32,หมวดเทคโนโลยีสารสนเทศ (ต่างประเด็น)
358,แอดมินครับ ลิฟต์ ตึกคณะนิติศาสตร์ ประตูค้าง เปิดไม่ออก ปล่อยไว้นานแล้ว,ช่วยประสานงานทีครับ ลูกบิดประตูห้องน้ำ ตึกสงวนเสริมศรี หลุด ล็อคไม่ได้ช่วยซ่อมที เดือดร้อนมากค่ะ ขอบคุณค่ะ,0,0.29,หมวดอาคารและสิ่งอำนวยความสะดวก (ต่างประเด็น)
359,ด่วนมาก! สัญญาณ WiFi UP-WiFi ที่ ลานจอดรถหน้ามอ หลุดบ่อยมาก ช้ามาก รบกวนเจ้าหน้าที่แก้ไขด่วนครับ,รถเมล์มอสาย มอ ขับปาดซ้ายปาดขวา เบรกแรง กลัวอันตราย เป็นแบบนี้มาหลายวันแล้วครับ,0,0.06,ต่างหมวดหมู่
360,รบกวนเจ้าหน้าที่ครับ อินเทอร์เน็ตที่ ตึก CE ใช้งานไม่ได้เลย สัญญาณกากบาท,รบกวนเจ้าหน้าที่ครับ เน็ตตึก ตึกเรียนรวม ดับทั้งตึก เชื่อมต่อสัญญาณไม่ได้,1,0.94,หมวดเทคโนโลยีสารสนเทศ
361,แอดมินครับ เข้าใช้งานระบบ UP Pass ไม่ได้ ล็อกอินแล้วเด้งออก รบกวนเจ้าหน้าที่แก้ไขด่วนครับ,ด่วนมาก! เว็บ reg.up.ac.th ล่ม กดเลือกวิชาไม่ได้เลยครับ รบกวนเจ้าหน้าที่แก้ไขด่วนครับ,0,0.39,หมวดเทคโนโลยีสารสนเทศ (ต่างประเด็น)
362,ช่วยประสานงานทีครับ ระบบบันทึกเกรดมีปัญหา เกรดยังไม่ออกสักวิชา เป็นแบบนี้มาหลายวันแล้วครับ,ช่วยตรวจสอบหน่อยครับ ประกาศเกรดยังไม่ขึ้นในระบบเลยครับ ติดต่อฝ่ายทะเบียนไม่ได้ ปล่อยไว้นานแล้ว,1,0.9,หมวดการเรียนการสอนและวิชาการ
363,นิสิตเดือดร้อนมากค่ะ อินเทอร์เน็ตที่ ตึกสงวนเสริมศรี ใช้งานไม่ได้เลย สัญญาณกากบาท ช่วยตรวจสอบทีครับ,ช่วยตรวจสอบหน่อยครับ เน็ตตึก อาคารสงวน ดับทั้งตึก เชื่อมต่อสัญญาณไม่ได้ เดือดร้อนมากค่ะ ขอบคุณค่ะ,1,0.81,หมวดเทคโนโลยีสารสนเทศ
364,ขอร้องเรียนค่ะ ระบบลงทะเบียนเรียน Reg ล่ม เข้าสู่ระบบไม่ได้ตั้งแต่เช้า ปล่อยไว้นานแล้ว,ด่วนมาก! อ่างล้างหน้า ตึก ICT ท่อน้ำแตก น้ำนองเต็มพื้น ปล่อยไว้นานแล้ว,0,0.17,ต่างหมวดหมู่
365,นิสิตเดือดร้อนมากค่ะ สอบถามเรื่องการยื่นกู้ กยศ. และส่งเอกสารทุนการศึกษา รบกวนเจ้าหน้าที่แก้ไขด่วนครับ,ช่วยตรวจสอบหน่อยครับ เอกสารทุนการศึกษา มพ. ส่งได้ถึงวันไหนครับ รบกวนเจ้าหน้าที่แก้ไขด่วนครับ,1,0.97,หมวดบริการทั่วไป / อื่นๆ
366,นิสิตเดือดร้อนมากค่ะ เศษขยะเกลื่อนกลาดรอบโต๊ะม้าหินอ่อน ตึก PKY รบกวนเจ้าหน้าที่แก้ไขด่วนครับ,แจ้งเรื่องครับ: อ่างล้างหน้า หอสมุด ท่อน้ำแตก น้ำนองเต็มพื้น ขอบคุณครับ,0,0.02,ต่างหมวดหมู่
367,ขอร้องเรียนค่ะ ลืมรหัสผ่าน UP Mail ขอยื่นรีเซ็ตรหัสผ่านเมลองค์กร รบกวนเจ้าหน้าที่แก้ไขด่วนครับ,ช่วยตรวจสอบหน่อยครับ พบซากนกตายบริเวณ หอสมุด เริ่มส่งกลิ่น ช่วยส่งแม่บ้านมาเก็บที เดือดร้อนมากค่ะ ขอบคุณค่ะ,0,0.08,ต่างหมวดหมู่
368,รบกวนเจ้าหน้าที่ครับ ห้องน้ำหญิง ตึกวิทย์ สกปรกมาก ไม่มีแม่บ้านดูแล รบกวนเจ้าหน้าที่แก้ไขด่วนครับ,รบกวนเจ้าหน้าที่ครับ บริเวณทางเดินไป ตึก CE หญ้ารกมาก ช่วยตัดหญ้าทีครับ ปล่อยไว้นานแล้ว,0,0.29,หมวดภูมิทัศน์และความสะอาด (ต่างประเด็น)
369,คิวต่อแถวรอรถเมล์มอที่ ลานจอดรถหน้ามอ แน่นมาก รถมีไม่เพียงพอ รบกวนเจ้าหน้าที่แก้ไขด่วนครับ,แอปพลิเคชัน UP Pass เข้าไม่ได้ ขึ้น error ตลอดเวลา ปล่อยไว้นานแล้ว,0,0.02,ต่างหมวดหมู่
370,แอดมินครับ ลิฟต์ หอพักนิสิต UP DORM ประตูค้าง เปิดไม่ออก ช่วยตรวจสอบทีครับ,ขอร้องเรียนค่ะ ลิฟต์โดยสารที่ หอใน ชำรุด กดแล้วไม่ขยับ ประตูเปิดไม่ได้ ปล่อยไว้นานแล้ว,1,0.97,หมวดอาคารและสิ่งอำนวยความสะดวก
371,ด่วนมาก! สอบถามเรื่องการยื่นกู้ กยศ. และส่งเอกสารทุนการศึกษา ปล่อยไว้นานแล้ว,เอกสารทุนการศึกษา มพ. ส่งได้ถึงวันไหนครับ เดือดร้อนมากค่ะ ขอบคุณค่ะ,1,0.82,หมวดบริการทั่วไป / อื่นๆ
372,ช่วยตรวจสอบหน่อยครับ สอบถามเรื่องการยื่นกู้ กยศ. และส่งเอกสารทุนการศึกษา เดือดร้อนมากค่ะ ขอบคุณค่ะ,ขอร้องเรียนค่ะ จุดรอรถเมล์มอตรง ตึก PKY ฝนตกเปียกหมด ไม่มีศาลาพักคอย เป็นแบบนี้มาหลายวันแล้วครับ,0,0.05,ต่างหมวดหมู่
373,รบกวนเจ้าหน้าที่ครับ บัตรนิสิตหาย ต้องการทำบัตรใหม่ต้องเตรียมอะไรบ้าง ขอบคุณครับ,ทำบัตรประจำตัวนิสิตใหม่ ติดต่อสำนักทะเบียนห้องไหนครับ,1,0.89,หมวดบริการทั่วไป / อื่นๆ
374,ช่วยตรวจสอบหน่อยครับ หลอดไฟในห้องเรียน 1101 หอพักนิสิต UP DORM ขาด มืดมาก รบกวนเจ้าหน้าที่แก้ไขด่วนครับ,เสาไฟทางเดินตรง ตึกวิทย์ ไม่ติด มืดมากกลัวอันตราย รบกวนเจ้าหน้าที่แก้ไขด่วนครับ,0,0.07,ต่างหมวดหมู่
375,ขอใบรับรองสถานภาพนิสิตภาษาอังกฤษ ใช้เวลากี่วันได้ รบกวนเจ้าหน้าที่แก้ไขด่วนครับ,ยื่นขอหนังสือรับรองการเป็นนิสิตผ่านช่องทางออนไลน์ยังไง ขอบคุณครับ,1,0.85,หมวดบริการทั่วไป / อื่นๆ
376,ช่วยประสานงานทีครับ ห้องน้ำหญิง หอสมุด สกปรกมาก ไม่มีแม่บ้านดูแล ปล่อยไว้นานแล้ว,รบกวนเจ้าหน้าที่ครับ อาคารหอสมุด ห้องน้ำสกปรก พื้นแฉะและส่งกลิ่นเหม็น ช่วยตรวจสอบทีครับ,1,0.83,หมวดภูมิทัศน์และความสะอาด
377,หลอดไฟในห้องเรียน 1305 ตึกคณะนิติศาสตร์ ขาด มืดมาก,แอปพลิเคชัน UP Pass เข้าไม่ได้ ขึ้น error ตลอดเวลา ขอบคุณครับ,0,0.06,ต่างหมวดหมู่
378,ด่วนมาก! ตารางสอบปลายภาคชนกันในวันเดียวกันสองวิชา รบกวนเจ้าหน้าที่แก้ไขด่วนครับ,แจ้งเรื่องครับ: วันสอบปลายภาคเวลาตรงกันสองรายวิชา ขอสอบชดเชยได้ไหม ช่วยตรวจสอบทีครับ,1,0.89,หมวดการเรียนการสอนและวิชาการ
379,แอดมินครับ รถเมล์ มพ. สาย มอ รอนานเกิน 45 นาทีแล้วไม่มา รบกวนเจ้าหน้าที่แก้ไขด่วนครับ,รอรถเมล์มอสาย มอ นานมาก รถขาดช่วง นิสิตไปเรียนไม่ทัน ปล่อยไว้นานแล้ว,1,0.84,หมวดการเดินทางและระบบขนส่ง
380,แอดมินครับ ลืมกระเป๋าสตางค์ไว้ที่ ตึกวิทย์ มีใครเก็บได้บ้างครับ,ด่วนมาก! ตามหาของหาย ลืมไอแพดไว้ที่ ตึกวิทย์ ช่วยดูกล้องให้ที รบกวนเจ้าหน้าที่แก้ไขด่วนครับ,1,0.97,หมวดบริการทั่วไป / อื่นๆ
381,แจ้งเรื่องครับ: ไฟกิ่งส่องสว่างทางเดินไป ตึกคณะบริหาร ดับ มืดและเปลี่ยวมาก เดือดร้อนมากค่ะ ขอบคุณค่ะ,รถยนต์จอดขวางทางเลี้ยวบริเวณ ตึก CE ขับผ่านไม่ได้เลย เดือดร้อนมากค่ะ ขอบคุณค่ะ,0,0.4,หมวดความปลอดภัยและจราจร (ต่างประเด็น)
382,เกิดอุบัติเหตุรถเฉี่ยวชนกันตรงทางแยก ตึก CE,รถยนต์จอดขวางทางเลี้ยวบริเวณ ตึกวิทย์ ขับผ่านไม่ได้เลย,0,0.37,หมวดความปลอดภัยและจราจร (ต่างประเด็น)
383,ช่วยประสานงานทีครับ รถเมล์ มพ. ไม่จอดรับนิสิตที่ป้าย ตึกคณะบริหาร ปล่อยไว้นานแล้ว,แจ้งเรื่องครับ: ป้าย ตึกบิสิเนส รถเมล์มอขับเลยไป ไม่ยอมจอดรับผู้โดยสาร รบกวนเจ้าหน้าที่แก้ไขด่วนครับ,1,0.86,หมวดการเดินทางและระบบขนส่ง
384,ด่วนมาก! ประตูห้องน้ำชาย ตึกคณะบริหาร ลูกบิดพัง ล็อคไม่ได้ ขอบคุณครับ,ช่วยตรวจสอบหน่อยครับ ลูกบิดประตูห้องน้ำ ตึกคณะบริหาร หลุด ล็อคไม่ได้ช่วยซ่อมที รบกวนเจ้าหน้าที่แก้ไขด่วนครับ,1,0.88,หมวดอาคารและสิ่งอำนวยความสะดวก
385,ด่วนมาก! ห้องน้ำหญิง ตึกสงวนเสริมศรี สกปรกมาก ไม่มีแม่บ้านดูแล,ตึกสงวนเสริมศรี ห้องน้ำสกปรก พื้นแฉะและส่งกลิ่นเหม็น ช่วยตรวจสอบทีครับ,1,0.87,หมวดภูมิทัศน์และความสะอาด
386,ช่วยตรวจสอบหน่อยครับ หมวกกันน็อคหายที่ลานจอดรถ ตึกคณะบริหาร ปล่อยไว้นานแล้ว,แจ้งเรื่องครับ: จอดมอเตอร์ไซค์ไว้ที่ ตึกคณะบริหาร หมวกกันน็อคโดนขโมยไปครับ เป็นแบบนี้มาหลายวันแล้วครับ,1,0.98,หมวดความปลอดภัยและจราจร
387,แอดมินครับ คิวต่อแถวรอรถเมล์มอที่ ตึกวิทย์ แน่นมาก รถมีไม่เพียงพอ เป็นแบบนี้มาหลายวันแล้วครับ,แอดมินครับ นิสิตต่อคิวรอรถเมล์ตรง ตึกวิทย์ ยาวล้นออกมานอกฟุตบาท รบกวนเจ้าหน้าที่แก้ไขด่วนครับ,1,0.93,หมวดการเดินทางและระบบขนส่ง
388,มีรถจอดซ้อนคันขวางทางออกตรง ลานจอดรถหน้ามอ ช่วยตรวจสอบทีครับ,หมาจรจัดตรง ตึกสงวนเสริมศรี ดุมาก เห่าและวิ่งไล่รถมอเตอร์ไซค์ รบกวนเจ้าหน้าที่แก้ไขด่วนครับ,0,0.22,หมวดความปลอดภัยและจราจร (ต่างประเด็น)
389,ด่วนมาก! ถังขยะบริเวณ ตึกคณะบริหาร ล้น ส่งกลิ่นเหม็นรบกวน เดือดร้อนมากค่ะ ขอบคุณค่ะ,ขอร้องเรียนค่ะ อ่างล้างหน้า ลานจอดรถหน้ามอ ท่อน้ำแตก น้ำนองเต็มพื้น ปล่อยไว้นานแล้ว,0,0.14,ต่างหมวดหมู่
390,ด่วนมาก! รถเมล์ มพ. สาย 1 รอนานเกิน 45 นาทีแล้วไม่มา เป็นแบบนี้มาหลายวันแล้วครับ,นิสิตเดือดร้อนมากค่ะ รอรถเมล์มอสาย 1 นานมาก รถขาดช่วง นิสิตไปเรียนไม่ทัน,1,0.96,หมวดการเดินทางและระบบขนส่ง
391,หญ้าขึ้นสูงรกมากข้างทางเดินไป ตึกสงวนเสริมศรี กลัวงู ช่วยตรวจสอบทีครับ,แอดมินครับ บริเวณทางเดินไป โรงอาหารสงวน หญ้ารกมาก ช่วยตัดหญ้าทีครับ รบกวนเจ้าหน้าที่แก้ไขด่วนครับ,1,0.82,หมวดภูมิทัศน์และความสะอาด
392,ด่วนมาก! คนขับรถเมล์ มพ. สาย 2 ขับเร็วและหวาดเสียวมาก เดือดร้อนมากค่ะ ขอบคุณค่ะ,รบกวนเจ้าหน้าที่ครับ รถเมล์มอสาย 2 ขับปาดซ้ายปาดขวา เบรกแรง กลัวอันตราย เป็นแบบนี้มาหลายวันแล้วครับ,1,0.87,หมวดการเดินทางและระบบขนส่ง
393,แอดมินครับ คิวต่อแถวรอรถเมล์มอที่ หอพักนิสิต UP DORM แน่นมาก รถมีไม่เพียงพอ ปล่อยไว้นานแล้ว,นิสิตเดือดร้อนมากค่ะ นิสิตต่อคิวรอรถเมล์ตรง ตึก CE ยาวล้นออกมานอกฟุตบาท,0,0.32,หมวดการเดินทางและระบบขนส่ง (ต่างประเด็น)
394,ช่วยตรวจสอบหน่อยครับ ไฟกิ่งส่องสว่างทางเดินไป ตึก CE ดับ มืดและเปลี่ยวมาก รบกวนเจ้าหน้าที่แก้ไขด่วนครับ,ด่วนมาก! กล้อง CCTV ตรง ตึกคณะนิติศาสตร์ ใช้งานไม่ได้ อยากขอเปิดดูของหาย รบกวนเจ้าหน้าที่แก้ไขด่วนครับ,0,0.18,หมวดความปลอดภัยและจราจร (ต่างประเด็น)
395,ช่วยตรวจสอบหน่อยครับ อินเทอร์เน็ตที่ ลานจอดรถหน้ามอ ใช้งานไม่ได้เลย สัญญาณกากบาท,ด่วนมาก! พบซากนกตายบริเวณ ตึก CE เริ่มส่งกลิ่น ช่วยส่งแม่บ้านมาเก็บที ขอบคุณครับ,0,0.18,ต่างหมวดหมู่
396,ช่วยตรวจสอบหน่อยครับ ตารางสอบปลายภาคชนกันในวันเดียวกันสองวิชา ปล่อยไว้นานแล้ว,ขอร้องเรียนค่ะ ลูกบิดประตูห้องน้ำ ตึก ICT หลุด ล็อคไม่ได้ช่วยซ่อมที ช่วยตรวจสอบทีครับ,0,0.12,ต่างหมวดหมู่
397,ไฟกิ่งส่องสว่างทางเดินไป ตึกสงวนเสริมศรี ดับ มืดและเปลี่ยวมาก เป็นแบบนี้มาหลายวันแล้วครับ,ขอร้องเรียนค่ะ เอกสารทุนการศึกษา มพ. ส่งได้ถึงวันไหนครับ ขอบคุณครับ,0,0.04,ต่างหมวดหมู่
398,ช่วยประสานงานทีครับ เศษขยะเกลื่อนกลาดรอบโต๊ะม้าหินอ่อน ตึกคณะนิติศาสตร์ เป็นแบบนี้มาหลายวันแล้วครับ,รบกวนเจ้าหน้าที่ครับ ขยะล้นถังขยะตรง ตึก PKY เหม็นมาก ไม่มีใครมาเก็บ เป็นแบบนี้มาหลายวันแล้วครับ,0,0.3,หมวดภูมิทัศน์และความสะอาด (ต่างประเด็น)
399,รบกวนเจ้าหน้าที่ครับ ตารางเรียนวิชาบังคับชนกันสองวิชา แก้ไขยังไงได้บ้าง เป็นแบบนี้มาหลายวันแล้วครับ,ช่วยประสานงานทีครับ ตารางเรียนชนกันครับ เข้าระบบแล้วเลือกเวลาทับซ้อนกัน ขอบคุณครับ,0,0.37,หมวดการเรียนการสอนและวิชาการ (ต่างประเด็น)
400,รบกวนเจ้าหน้าที่ครับ แอร์ห้อง 1305 ตึก ICT เสีย ไม่เย็นเลย ร้อนมาก ขอบคุณครับ,นิสิตเดือดร้อนมากค่ะ ห้อง 1305 ตึกเทคโนโลยีสารสนเทศและการสื่อสาร แอร์พัง มีแต่ลมร้อน นั่งเรียนไม่ได้ รบกวนเจ้าหน้าที่แก้ไขด่วนครับ,1,0.78,หมวดอาคารและสิ่งอำนวยความสะดวก
401,รบกวนเจ้าหน้าที่ครับ รถเมล์ มพ. สาย มอ รอนานเกิน 45 นาทีแล้วไม่มา ช่วยตรวจสอบทีครับ,รอรถเมล์มอสาย มอ นานมาก รถขาดช่วง นิสิตไปเรียนไม่ทัน เดือดร้อนมากค่ะ ขอบคุณค่ะ,1,0.86,หมวดการเดินทางและระบบขนส่ง
402,แจ้งเรื่องครับ: คิวต่อแถวรอรถเมล์มอที่ ตึกสงวนเสริมศรี แน่นมาก รถมีไม่เพียงพอ เป็นแบบนี้มาหลายวันแล้วครับ,นิสิตเดือดร้อนมากค่ะ นิสิตต่อคิวรอรถเมล์ตรง ศูนย์อาหารสงวน ยาวล้นออกมานอกฟุตบาท รบกวนเจ้าหน้าที่แก้ไขด่วนครับ,1,0.8,หมวดการเดินทางและระบบขนส่ง
403,แอดมินครับ รถเมล์ มพ. ไม่จอดรับนิสิตที่ป้าย ตึก CE ปล่อยไว้นานแล้ว,ป้าย ตึกเรียนรวม รถเมล์มอขับเลยไป ไม่ยอมจอดรับผู้โดยสาร,1,0.81,หมวดการเดินทางและระบบขนส่ง
404,ลิฟต์ ตึก PKY ประตูค้าง เปิดไม่ออก เดือดร้อนมากค่ะ ขอบคุณค่ะ,รบกวนเจ้าหน้าที่ครับ ลิฟต์โดยสารที่ ตึกภักดี ชำรุด กดแล้วไม่ขยับ ประตูเปิดไม่ได้ เดือดร้อนมากค่ะ ขอบคุณค่ะ,1,0.81,หมวดอาคารและสิ่งอำนวยความสะดวก
405,นิสิตเดือดร้อนมากค่ะ สอบถามเรื่องการยื่นกู้ กยศ. และส่งเอกสารทุนการศึกษา เป็นแบบนี้มาหลายวันแล้วครับ,รบกวนเจ้าหน้าที่ครับ เอกสารทุนการศึกษา มพ. ส่งได้ถึงวันไหนครับ เดือดร้อนมากค่ะ ขอบคุณค่ะ,1,0.89,หมวดบริการทั่วไป / อื่นๆ
406,รบกวนเจ้าหน้าที่ครับ ตารางเรียนวิชาบังคับชนกันสองวิชา แก้ไขยังไงได้บ้าง ช่วยตรวจสอบทีครับ,แอดมินครับ ตารางเรียนชนกันครับ เข้าระบบแล้วเลือกเวลาทับซ้อนกัน ช่วยตรวจสอบทีครับ,1,0.91,หมวดการเรียนการสอนและวิชาการ
407,ขอร้องเรียนค่ะ สัญญาณ WiFi UP-WiFi ที่ ตึก CE หลุดบ่อยมาก ช้ามาก เดือดร้อนมากค่ะ ขอบคุณค่ะ,ขอร้องเรียนค่ะ จุดรอรถเมล์มอตรง ตึก ICT ฝนตกเปียกหมด ไม่มีศาลาพักคอย ปล่อยไว้นานแล้ว,0,0.19,ต่างหมวดหมู่
408,รบกวนเจ้าหน้าที่ครับ ขอเปิดเซคชั่นเพิ่มวิชาศึกษาทั่วไป นิสิตยังลงไม่ครบ ปล่อยไว้นานแล้ว,ช่วยประสานงานทีครับ ฝนตกแล้วน้ำรั่วลงมาจากเพดาน ตึก ICT พื้นลื่นมาก,0,0.03,ต่างหมวดหมู่
409,ช่วยตรวจสอบหน่อยครับ ลืมกระเป๋าสตางค์ไว้ที่ ตึกวิทย์ มีใครเก็บได้บ้างครับ ช่วยตรวจสอบทีครับ,นิสิตเดือดร้อนมากค่ะ เน็ต UP-WiFi ที่ ตึก ICT ช้ามาก สัญญาณหลุดตลอดเวลา ปล่อยไว้นานแล้ว,0,0.18,ต่างหมวดหมู่
410,ช่วยประสานงานทีครับ เข้าใช้งานระบบ UP Pass ไม่ได้ ล็อกอินแล้วเด้งออก เดือดร้อนมากค่ะ ขอบคุณค่ะ,รบกวนเจ้าหน้าที่ครับ แอปพลิเคชัน UP Pass เข้าไม่ได้ ขึ้น error ตลอดเวลา ปล่อยไว้นานแล้ว,1,0.95,หมวดเทคโนโลยีสารสนเทศ
411,ด่วนมาก! ขอนับชั่วโมงกิจกรรมจิตอาสา กดยื่นในระบบแล้วยังไม่อนุมัติ รบกวนเจ้าหน้าที่แก้ไขด่วนครับ,ช่วยประสานงานทีครับ ชั่วโมงกิจกรรมสะสมไม่ขึ้นในระบบ UP Pass ติดต่อใคร,0,0.2,หมวดบริการทั่วไป / อื่นๆ (ต่างประเด็น)
412,ช่วยประสานงานทีครับ ลืมกระเป๋าสตางค์ไว้ที่ ตึก CE มีใครเก็บได้บ้างครับ,ขอร้องเรียนค่ะ ตามหาของหาย ลืมไอแพดไว้ที่ ตึกเรียนรวม ช่วยดูกล้องให้ที ช่วยตรวจสอบทีครับ,1,0.93,หมวดบริการทั่วไป / อื่นๆ
413,แจ้งเรื่องครับ: ต้องการขอดรอปรายวิชา ติดต่อทำเรื่องที่ไหนครับ รบกวนเจ้าหน้าที่แก้ไขด่วนครับ,ยื่นคำร้องขอถอนรายวิชาล่าช้า ต้องให้อาจารย์ท่านไหนเซ็น เดือดร้อนมากค่ะ ขอบคุณค่ะ,1,0.93,หมวดการเรียนการสอนและวิชาการ
414,ลืมรหัสผ่าน UP Mail ขอยื่นรีเซ็ตรหัสผ่านเมลองค์กร เป็นแบบนี้มาหลายวันแล้วครับ,ขอร้องเรียนค่ะ เข้าอีเมลมหาวิทยาลัยไม่ได้ จำรหัสผ่านไม่ได้ครับ รบกวนเจ้าหน้าที่แก้ไขด่วนครับ,1,0.94,หมวดเทคโนโลยีสารสนเทศ
415,แอดมินครับ ถังขยะบริเวณ ตึก PKY ล้น ส่งกลิ่นเหม็นรบกวน,ขยะล้นถังขยะตรง อาคารภักดี เหม็นมาก ไม่มีใครมาเก็บ รบกวนเจ้าหน้าที่แก้ไขด่วนครับ,1,0.87,หมวดภูมิทัศน์และความสะอาด
416,ช่วยตรวจสอบหน่อยครับ ก๊อกน้ำอ่างล้างมือ ลานจอดรถหน้ามอ หัก น้ำพุ่งกระเด็น เป็นแบบนี้มาหลายวันแล้วครับ,นิสิตเดือดร้อนมากค่ะ รถมอเตอร์ไซค์ชนกันบริเวณ ตึก ICT มีผู้ได้รับบาดเจ็บ รบกวนเจ้าหน้าที่แก้ไขด่วนครับ,0,0.12,ต่างหมวดหมู่
417,ตารางเรียนวิชาบังคับชนกันสองวิชา แก้ไขยังไงได้บ้าง ช่วยตรวจสอบทีครับ,ยื่นคำร้องขอถอนรายวิชาล่าช้า ต้องให้อาจารย์ท่านไหนเซ็น ช่วยตรวจสอบทีครับ,0,0.19,หมวดการเรียนการสอนและวิชาการ (ต่างประเด็น)
418,ช่วยประสานงานทีครับ ห้องน้ำชั้น 4 หอพักนิสิต UP DORM น้ำไม่ไหล ชักโครกกดไม่ลง ช่วยตรวจสอบทีครับ,ช่วยตรวจสอบหน่อยครับ หมาจรจัดตรง ตึก ICT ดุมาก เห่าและวิ่งไล่รถมอเตอร์ไซค์ รบกวนเจ้าหน้าที่แก้ไขด่วนครับ,0,0.12,ต่างหมวดหมู่
419,ขอร้องเรียนค่ะ ขอนับชั่วโมงกิจกรรมจิตอาสา กดยื่นในระบบแล้วยังไม่อนุมัติ รบกวนเจ้าหน้าที่แก้ไขด่วนครับ,รบกวนเจ้าหน้าที่ครับ เอกสารทุนการศึกษา มพ. ส่งได้ถึงวันไหนครับ,0,0.42,หมวดบริการทั่วไป / อื่นๆ (ต่างประเด็น)
420,แจ้งเรื่องครับ: ก๊อกน้ำอ่างล้างมือ หอสมุด หัก น้ำพุ่งกระเด็น ขอบคุณครับ,ช่วยประสานงานทีครับ อ่างล้างหน้า ห้องสมุดกลาง ท่อน้ำแตก น้ำนองเต็มพื้น เป็นแบบนี้มาหลายวันแล้วครับ,1,0.96,หมวดอาคารและสิ่งอำนวยความสะดวก
421,รบกวนเจ้าหน้าที่ครับ ขอใบรับรองสถานภาพนิสิตภาษาอังกฤษ ใช้เวลากี่วันได้,รบกวนเจ้าหน้าที่ครับ ยื่นขอหนังสือรับรองการเป็นนิสิตผ่านช่องทางออนไลน์ยังไง เป็นแบบนี้มาหลายวันแล้วครับ,1,0.85,หมวดบริการทั่วไป / อื่นๆ
422,แจ้งเรื่องครับ: มีซากสัตว์ตายส่งกลิ่นเหม็นเน่าที่ หอพักนิสิต UP DORM ปล่อยไว้นานแล้ว,บริเวณทางเดินไป ตึก PKY หญ้ารกมาก ช่วยตัดหญ้าทีครับ ปล่อยไว้นานแล้ว,0,0.22,หมวดภูมิทัศน์และความสะอาด (ต่างประเด็น)
423,นิสิตเดือดร้อนมากค่ะ ระบบบันทึกเกรดมีปัญหา เกรดยังไม่ออกสักวิชา ขอบคุณครับ,แจ้งเรื่องครับ: ประกาศเกรดยังไม่ขึ้นในระบบเลยครับ ติดต่อฝ่ายทะเบียนไม่ได้,1,0.82,หมวดการเรียนการสอนและวิชาการ
424,รบกวนเจ้าหน้าที่ครับ หมวกกันน็อคหายที่ลานจอดรถ ตึก CE เป็นแบบนี้มาหลายวันแล้วครับ,รบกวนเจ้าหน้าที่ครับ จอดมอเตอร์ไซค์ไว้ที่ อาคารเรียนรวม หมวกกันน็อคโดนขโมยไปครับ ปล่อยไว้นานแล้ว,1,0.9,หมวดความปลอดภัยและจราจร
425,ช่วยตรวจสอบหน่อยครับ ไฟกิ่งส่องสว่างทางเดินไป ตึกคณะนิติศาสตร์ ดับ มืดและเปลี่ยวมาก,แจ้งเรื่องครับ: ตามหาของหาย ลืมไอแพดไว้ที่ ตึก ICT ช่วยดูกล้องให้ที ขอบคุณครับ,0,0.07,ต่างหมวดหมู่
426,ช่วยตรวจสอบหน่อยครับ เข้าใช้งานระบบ UP Pass ไม่ได้ ล็อกอินแล้วเด้งออก เป็นแบบนี้มาหลายวันแล้วครับ,นิสิตเดือดร้อนมากค่ะ แอปพลิเคชัน UP Pass เข้าไม่ได้ ขึ้น error ตลอดเวลา,1,0.84,หมวดเทคโนโลยีสารสนเทศ
427,รบกวนเจ้าหน้าที่ครับ สัญญาณ WiFi UP-WiFi ที่ ตึก PKY หลุดบ่อยมาก ช้ามาก เป็นแบบนี้มาหลายวันแล้วครับ,ขอร้องเรียนค่ะ เน็ต UP-WiFi ที่ ตึกภักดี ช้ามาก สัญญาณหลุดตลอดเวลา,1,0.8,หมวดเทคโนโลยีสารสนเทศ
428,นิสิตเดือดร้อนมากค่ะ กิ่งไม้ขนาดใหญ่หักหล่นขวางถนนตรง ตึก ICT ขอบคุณครับ,ด่วนมาก! มีต้นไม้ล้มทับทางเดินข้าง อาคาร ICT สัญจรลำบากมาก เดือดร้อนมากค่ะ ขอบคุณค่ะ,1,0.78,หมวดภูมิทัศน์และความสะอาด
429,แอดมินครับ กิ่งไม้ขนาดใหญ่หักหล่นขวางถนนตรง ลานจอดรถหน้ามอ,แอดมินครับ บริเวณที่นั่งเล่น ตึกวิทย์ ขยะเต็มโต๊ะ ไม่มีคนกวาด รบกวนเจ้าหน้าที่แก้ไขด่วนครับ,0,0.19,หมวดภูมิทัศน์และความสะอาด (ต่างประเด็น)
430,ขอร้องเรียนค่ะ คนขับรถเมล์ มพ. สาย 1 ขับเร็วและหวาดเสียวมาก,รบกวนเจ้าหน้าที่ครับ รถเมล์มอสาย 1 ขับปาดซ้ายปาดขวา เบรกแรง กลัวอันตราย ขอบคุณครับ,1,0.85,หมวดการเดินทางและระบบขนส่ง
431,ขอร้องเรียนค่ะ เข้าใช้งานระบบ UP Pass ไม่ได้ ล็อกอินแล้วเด้งออก ขอบคุณครับ,ขอร้องเรียนค่ะ แอปพลิเคชัน UP Pass เข้าไม่ได้ ขึ้น error ตลอดเวลา เดือดร้อนมากค่ะ ขอบคุณค่ะ,1,0.95,หมวดเทคโนโลยีสารสนเทศ
432,ช่วยประสานงานทีครับ อาจารย์ไม่เข้าสอนตามตารางเรียนและไม่แจ้งล่วงหน้า ขอบคุณครับ,ขอร้องเรียนค่ะ คลาสเรียนวันนี้อาจารย์ไม่มาสอน นิสิตมารอเต็มห้อง ปล่อยไว้นานแล้ว,0,0.24,หมวดการเรียนการสอนและวิชาการ (ต่างประเด็น)
433,แอดมินครับ หลอดไฟในห้องเรียน PKY01 ตึกคณะนิติศาสตร์ ขาด มืดมาก ช่วยตรวจสอบทีครับ,แอดมินครับ ขยะล้นถังขยะตรง ตึกวิทย์ เหม็นมาก ไม่มีใครมาเก็บ ขอบคุณครับ,0,0.09,ต่างหมวดหมู่
434,นิสิตเดือดร้อนมากค่ะ บัตรนิสิตหาย ต้องการทำบัตรใหม่ต้องเตรียมอะไรบ้าง ขอบคุณครับ,ช่วยตรวจสอบหน่อยครับ ยื่นขอหนังสือรับรองการเป็นนิสิตผ่านช่องทางออนไลน์ยังไง รบกวนเจ้าหน้าที่แก้ไขด่วนครับ,0,0.28,หมวดบริการทั่วไป / อื่นๆ (ต่างประเด็น)
435,ด่วนมาก! ถังขยะบริเวณ ลานจอดรถหน้ามอ ล้น ส่งกลิ่นเหม็นรบกวน รบกวนเจ้าหน้าที่แก้ไขด่วนครับ,แจ้งเรื่องครับ: ขยะล้นถังขยะตรง ตึกคณะบริหาร เหม็นมาก ไม่มีใครมาเก็บ รบกวนเจ้าหน้าที่แก้ไขด่วนครับ,0,0.37,หมวดภูมิทัศน์และความสะอาด (ต่างประเด็น)
436,รบกวนเจ้าหน้าที่ครับ หญ้าขึ้นสูงรกมากข้างทางเดินไป ตึกคณะนิติศาสตร์ กลัวงู ขอบคุณครับ,แจ้งเรื่องครับ: บริเวณทางเดินไป คณะนิติ หญ้ารกมาก ช่วยตัดหญ้าทีครับ ขอบคุณครับ,1,0.82,หมวดภูมิทัศน์และความสะอาด
437,แจ้งเรื่องครับ: ต้องการขอดรอปรายวิชา ติดต่อทำเรื่องที่ไหนครับ รบกวนเจ้าหน้าที่แก้ไขด่วนครับ,ช่วยประสานงานทีครับ ตารางเรียนชนกันครับ เข้าระบบแล้วเลือกเวลาทับซ้อนกัน ขอบคุณครับ,0,0.4,หมวดการเรียนการสอนและวิชาการ (ต่างประเด็น)
438,ขอร้องเรียนค่ะ กล้องวงจรปิดบริเวณ ตึกคณะนิติศาสตร์ ดับ เสียมาหลายวัน ปล่อยไว้นานแล้ว,ด่วนมาก! กล้อง CCTV ตรง ตึกคณะนิติศาสตร์ ใช้งานไม่ได้ อยากขอเปิดดูของหาย ขอบคุณครับ,1,0.86,หมวดความปลอดภัยและจราจร
439,ช่วยตรวจสอบหน่อยครับ ตารางสอบปลายภาคชนกันในวันเดียวกันสองวิชา ปล่อยไว้นานแล้ว,แจ้งเรื่องครับ: ป้าย ตึกคณะนิติศาสตร์ รถเมล์มอขับเลยไป ไม่ยอมจอดรับผู้โดยสาร เดือดร้อนมากค่ะ ขอบคุณค่ะ,0,0.2,ต่างหมวดหมู่
440,ช่วยประสานงานทีครับ ห้องน้ำหญิง ตึกคณะนิติศาสตร์ สกปรกมาก ไม่มีแม่บ้านดูแล เดือดร้อนมากค่ะ ขอบคุณค่ะ,รบกวนเจ้าหน้าที่ครับ เอกสารทุนการศึกษา มพ. ส่งได้ถึงวันไหนครับ,0,0.11,ต่างหมวดหมู่
441,ช่วยประสานงานทีครับ ลิฟต์ ตึกคณะนิติศาสตร์ ประตูค้าง เปิดไม่ออก ช่วยตรวจสอบทีครับ,แจ้งเรื่องครับ: จอดมอเตอร์ไซค์ไว้ที่ ตึก CE หมวกกันน็อคโดนขโมยไปครับ,0,0.15,ต่างหมวดหมู่
442,แอดมินครับ สอบถามเรื่องการยื่นกู้ กยศ. และส่งเอกสารทุนการศึกษา รบกวนเจ้าหน้าที่แก้ไขด่วนครับ,ช่วยตรวจสอบหน่อยครับ เน็ตตึก ตึก CE ดับทั้งตึก เชื่อมต่อสัญญาณไม่ได้ ปล่อยไว้นานแล้ว,0,0.07,ต่างหมวดหมู่
443,ด่วนมาก! ขอใบรับรองสถานภาพนิสิตภาษาอังกฤษ ใช้เวลากี่วันได้ รบกวนเจ้าหน้าที่แก้ไขด่วนครับ,ช่วยตรวจสอบหน่อยครับ เข้าอีเมลมหาวิทยาลัยไม่ได้ จำรหัสผ่านไม่ได้ครับ ขอบคุณครับ,0,0.08,ต่างหมวดหมู่
444,นิสิตเดือดร้อนมากค่ะ ลิฟต์ ตึกคณะบริหาร ประตูค้าง เปิดไม่ออก เดือดร้อนมากค่ะ ขอบคุณค่ะ,ช่วยประสานงานทีครับ ลิฟต์โดยสารที่ ตึกบิสิเนส ชำรุด กดแล้วไม่ขยับ ประตูเปิดไม่ได้ ปล่อยไว้นานแล้ว,1,0.83,หมวดอาคารและสิ่งอำนวยความสะดวก
445,รบกวนเจ้าหน้าที่ครับ ห้องน้ำชั้น 4 ตึกวิทย์ น้ำไม่ไหล ชักโครกกดไม่ลง รบกวนเจ้าหน้าที่แก้ไขด่วนครับ,แอดมินครับ อาคารคณะวิทย์ ชั้น 4 ห้องน้ำน้ำหยุดไหล สกปรกมาก รบกวนเจ้าหน้าที่แก้ไขด่วนครับ,1,0.97,หมวดอาคารและสิ่งอำนวยความสะดวก
446,ด่วนมาก! มีซากสัตว์ตายส่งกลิ่นเหม็นเน่าที่ หอสมุด ขอบคุณครับ,ด่วนมาก! พบซากนกตายบริเวณ อาคารหอสมุด เริ่มส่งกลิ่น ช่วยส่งแม่บ้านมาเก็บที ขอบคุณครับ,1,0.82,หมวดภูมิทัศน์และความสะอาด
447,ขอร้องเรียนค่ะ สอบถามเรื่องการยื่นกู้ กยศ. และส่งเอกสารทุนการศึกษา,ช่วยตรวจสอบหน่อยครับ ไฟเพดานห้อง 2201 ตึกสงวนเสริมศรี ดับ มองกระดานไม่เห็น รบกวนเจ้าหน้าที่แก้ไขด่วนครับ,0,0.06,ต่างหมวดหมู่
448,แจ้งเรื่องครับ: กิ่งไม้ขนาดใหญ่หักหล่นขวางถนนตรง หอพักนิสิต UP DORM ช่วยตรวจสอบทีครับ,นิสิตเดือดร้อนมากค่ะ มีต้นไม้ล้มทับทางเดินข้าง โซนหอพัก มพ. สัญจรลำบากมาก,1,0.95,หมวดภูมิทัศน์และความสะอาด
449,ขอร้องเรียนค่ะ ลืมรหัสผ่าน UP Mail ขอยื่นรีเซ็ตรหัสผ่านเมลองค์กร เดือดร้อนมากค่ะ ขอบคุณค่ะ,ช่วยประสานงานทีครับ เอกสารทุนการศึกษา มพ. ส่งได้ถึงวันไหนครับ,0,0.04,ต่างหมวดหมู่
450,ด่วนมาก! กิ่งไม้ขนาดใหญ่หักหล่นขวางถนนตรง หอพักนิสิต UP DORM ปล่อยไว้นานแล้ว,ช่วยประสานงานทีครับ แอปพลิเคชัน UP Pass เข้าไม่ได้ ขึ้น error ตลอดเวลา เป็นแบบนี้มาหลายวันแล้วครับ,0,0.07,ต่างหมวดหมู่
451,ขอร้องเรียนค่ะ ไฟกิ่งส่องสว่างทางเดินไป ลานจอดรถหน้ามอ ดับ มืดและเปลี่ยวมาก,ช่วยตรวจสอบหน่อยครับ เสาไฟทางเดินตรง ลานจอดรถหน้ามอ ไม่ติด มืดมากกลัวอันตราย ขอบคุณครับ,1,0.84,หมวดความปลอดภัยและจราจร
452,แจ้งเรื่องครับ: หลอดไฟในห้องเรียน PKY01 ตึกคณะนิติศาสตร์ ขาด มืดมาก เดือดร้อนมากค่ะ ขอบคุณค่ะ,ช่วยตรวจสอบหน่อยครับ ฝนตกแล้วน้ำรั่วลงมาจากเพดาน ลานจอดรถหน้ามอ พื้นลื่นมาก,0,0.36,หมวดอาคารและสิ่งอำนวยความสะดวก (ต่างประเด็น)
453,แจ้งเรื่องครับ: ระบบลงทะเบียนเรียน Reg ล่ม เข้าสู่ระบบไม่ได้ตั้งแต่เช้า ขอบคุณครับ,ช่วยตรวจสอบหน่อยครับ เว็บ reg.up.ac.th ล่ม กดเลือกวิชาไม่ได้เลยครับ ช่วยตรวจสอบทีครับ,1,0.83,หมวดเทคโนโลยีสารสนเทศ
454,ขอร้องเรียนค่ะ คิวต่อแถวรอรถเมล์มอที่ ตึกคณะนิติศาสตร์ แน่นมาก รถมีไม่เพียงพอ รบกวนเจ้าหน้าที่แก้ไขด่วนครับ,แจ้งเรื่องครับ: ตึกคณะนิติศาสตร์ ห้อง 3101 ปลั๊กไฟระเบิด เสียบชาร์จไม่ได้ รบกวนเจ้าหน้าที่แก้ไขด่วนครับ,0,0.19,ต่างหมวดหมู่
455,ช่วยตรวจสอบหน่อยครับ ตารางสอบปลายภาคชนกันในวันเดียวกันสองวิชา รบกวนเจ้าหน้าที่แก้ไขด่วนครับ,ขอร้องเรียนค่ะ ชั่วโมงกิจกรรมสะสมไม่ขึ้นในระบบ UP Pass ติดต่อใคร รบกวนเจ้าหน้าที่แก้ไขด่วนครับ,0,0.13,ต่างหมวดหมู่
456,รบกวนเจ้าหน้าที่ครับ เข้าใช้งานระบบ UP Pass ไม่ได้ ล็อกอินแล้วเด้งออก,ช่วยตรวจสอบหน่อยครับ รถยนต์จอดขวางทางเลี้ยวบริเวณ ตึกวิทย์ ขับผ่านไม่ได้เลย,0,0.12,ต่างหมวดหมู่
457,แอดมินครับ คิวต่อแถวรอรถเมล์มอที่ ตึก ICT แน่นมาก รถมีไม่เพียงพอ เป็นแบบนี้มาหลายวันแล้วครับ,แอดมินครับ ป้าย ตึก PKY รถเมล์มอขับเลยไป ไม่ยอมจอดรับผู้โดยสาร ปล่อยไว้นานแล้ว,0,0.25,หมวดการเดินทางและระบบขนส่ง (ต่างประเด็น)
458,แจ้งเรื่องครับ: ตารางสอบปลายภาคชนกันในวันเดียวกันสองวิชา ปล่อยไว้นานแล้ว,รบกวนเจ้าหน้าที่ครับ วันสอบปลายภาคเวลาตรงกันสองรายวิชา ขอสอบชดเชยได้ไหม เดือดร้อนมากค่ะ ขอบคุณค่ะ,1,0.93,หมวดการเรียนการสอนและวิชาการ
459,ขอร้องเรียนค่ะ ลืมรหัสผ่าน UP Mail ขอยื่นรีเซ็ตรหัสผ่านเมลองค์กร ช่วยตรวจสอบทีครับ,รบกวนเจ้าหน้าที่ครับ เข้าอีเมลมหาวิทยาลัยไม่ได้ จำรหัสผ่านไม่ได้ครับ ช่วยตรวจสอบทีครับ,1,0.9,หมวดเทคโนโลยีสารสนเทศ
460,นิสิตเดือดร้อนมากค่ะ อินเทอร์เน็ตที่ ตึกคณะนิติศาสตร์ ใช้งานไม่ได้เลย สัญญาณกากบาท รบกวนเจ้าหน้าที่แก้ไขด่วนครับ,ด่วนมาก! เน็ตตึก คณะนิติ ดับทั้งตึก เชื่อมต่อสัญญาณไม่ได้ เป็นแบบนี้มาหลายวันแล้วครับ,1,0.89,หมวดเทคโนโลยีสารสนเทศ
461,แอดมินครับ สัญญาณ WiFi UP-WiFi ที่ ตึกคณะนิติศาสตร์ หลุดบ่อยมาก ช้ามาก ขอบคุณครับ,นิสิตเดือดร้อนมากค่ะ เน็ตตึก ตึกคณะบริหาร ดับทั้งตึก เชื่อมต่อสัญญาณไม่ได้ ปล่อยไว้นานแล้ว,0,0.39,หมวดเทคโนโลยีสารสนเทศ (ต่างประเด็น)
462,ด่วนมาก! เศษขยะเกลื่อนกลาดรอบโต๊ะม้าหินอ่อน ตึก CE เดือดร้อนมากค่ะ ขอบคุณค่ะ,ขอร้องเรียนค่ะ บริเวณที่นั่งเล่น ตึก CE ขยะเต็มโต๊ะ ไม่มีคนกวาด ปล่อยไว้นานแล้ว,1,0.93,หมวดภูมิทัศน์และความสะอาด
463,นิสิตเดือดร้อนมากค่ะ ถังขยะบริเวณ ตึกสงวนเสริมศรี ล้น ส่งกลิ่นเหม็นรบกวน รบกวนเจ้าหน้าที่แก้ไขด่วนครับ,ช่วยประสานงานทีครับ ขยะล้นถังขยะตรง อาคารสงวน เหม็นมาก ไม่มีใครมาเก็บ,1,0.85,หมวดภูมิทัศน์และความสะอาด
464,นิสิตเดือดร้อนมากค่ะ สอบถามเรื่องการยื่นกู้ กยศ. และส่งเอกสารทุนการศึกษา,ด่วนมาก! เอกสารทุนการศึกษา มพ. ส่งได้ถึงวันไหนครับ ขอบคุณครับ,1,0.92,หมวดบริการทั่วไป / อื่นๆ
465,ด่วนมาก! ตารางสอบปลายภาคชนกันในวันเดียวกันสองวิชา ปล่อยไว้นานแล้ว,ช่วยประสานงานทีครับ หมาจรจัดตรง ลานจอดรถหน้ามอ ดุมาก เห่าและวิ่งไล่รถมอเตอร์ไซค์ ช่วยตรวจสอบทีครับ,0,0.06,ต่างหมวดหมู่
466,คิวต่อแถวรอรถเมล์มอที่ ตึก ICT แน่นมาก รถมีไม่เพียงพอ ขอบคุณครับ,นิสิตเดือดร้อนมากค่ะ ไฟเพดานห้อง 1301 หอพักนิสิต UP DORM ดับ มองกระดานไม่เห็น เดือดร้อนมากค่ะ ขอบคุณค่ะ,0,0.09,ต่างหมวดหมู่
467,ขอร้องเรียนค่ะ ปลั๊กไฟห้อง CE07 หอพักนิสิต UP DORM ช็อต มีควันขึ้น เป็นแบบนี้มาหลายวันแล้วครับ,ช่วยประสานงานทีครับ โซนหอพัก มพ. ห้อง CE07 ปลั๊กไฟระเบิด เสียบชาร์จไม่ได้ เป็นแบบนี้มาหลายวันแล้วครับ,1,0.92,หมวดอาคารและสิ่งอำนวยความสะดวก
468,รบกวนเจ้าหน้าที่ครับ ระบบลงทะเบียนเรียน Reg ล่ม เข้าสู่ระบบไม่ได้ตั้งแต่เช้า ขอบคุณครับ,แอดมินครับ เว็บ reg.up.ac.th ล่ม กดเลือกวิชาไม่ได้เลยครับ เดือดร้อนมากค่ะ ขอบคุณค่ะ,1,0.88,หมวดเทคโนโลยีสารสนเทศ
469,ช่วยตรวจสอบหน่อยครับ รถเมล์ มพ. ไม่จอดรับนิสิตที่ป้าย ตึกสงวนเสริมศรี ขอบคุณครับ,ด่วนมาก! อ่างล้างหน้า ตึกคณะบริหาร ท่อน้ำแตก น้ำนองเต็มพื้น ปล่อยไว้นานแล้ว,0,0.13,ต่างหมวดหมู่
470,รบกวนเจ้าหน้าที่ครับ ระบบลงทะเบียนเรียน Reg ล่ม เข้าสู่ระบบไม่ได้ตั้งแต่เช้า ช่วยตรวจสอบทีครับ,แจ้งเรื่องครับ: วิชาบังคับเซคเต็มทุกเซค ขอเปิดเพิ่มอีกเซคได้ไหมครับ ปล่อยไว้นานแล้ว,0,0.17,ต่างหมวดหมู่
471,ช่วยประสานงานทีครับ ป้ายรถเมล์บริเวณ ตึก CE ไม่มีหลังคาบังแดดบังฝน รบกวนเจ้าหน้าที่แก้ไขด่วนครับ,ช่วยประสานงานทีครับ จุดรอรถเมล์มอตรง อาคารเรียนรวม ฝนตกเปียกหมด ไม่มีศาลาพักคอย ขอบคุณครับ,1,0.92,หมวดการเดินทางและระบบขนส่ง
472,ช่วยประสานงานทีครับ ขอนับชั่วโมงกิจกรรมจิตอาสา กดยื่นในระบบแล้วยังไม่อนุมัติ,เน็ตตึก ตึกวิทย์ ดับทั้งตึก เชื่อมต่อสัญญาณไม่ได้ ปล่อยไว้นานแล้ว,0,0.13,ต่างหมวดหมู่
473,รบกวนเจ้าหน้าที่ครับ คนขับรถเมล์ มพ. สาย มอ ขับเร็วและหวาดเสียวมาก,ขอร้องเรียนค่ะ รอรถเมล์มอสาย 1 นานมาก รถขาดช่วง นิสิตไปเรียนไม่ทัน รบกวนเจ้าหน้าที่แก้ไขด่วนครับ,0,0.2,หมวดการเดินทางและระบบขนส่ง (ต่างประเด็น)
474,สอบถามเรื่องการยื่นกู้ กยศ. และส่งเอกสารทุนการศึกษา ปล่อยไว้นานแล้ว,นิสิตเดือดร้อนมากค่ะ นิสิตต่อคิวรอรถเมล์ตรง ตึกวิทย์ ยาวล้นออกมานอกฟุตบาท ปล่อยไว้นานแล้ว,0,0.12,ต่างหมวดหมู่
475,รบกวนเจ้าหน้าที่ครับ รถเมล์ มพ. ไม่จอดรับนิสิตที่ป้าย ลานจอดรถหน้ามอ ขอบคุณครับ,รถเมล์มอสาย มอ ขับปาดซ้ายปาดขวา เบรกแรง กลัวอันตราย เป็นแบบนี้มาหลายวันแล้วครับ,0,0.21,หมวดการเดินทางและระบบขนส่ง (ต่างประเด็น)
476,ช่วยตรวจสอบหน่อยครับ ก๊อกน้ำอ่างล้างมือ หอสมุด หัก น้ำพุ่งกระเด็น รบกวนเจ้าหน้าที่แก้ไขด่วนครับ,ด่วนมาก! อ่างล้างหน้า ห้องสมุดกลาง ท่อน้ำแตก น้ำนองเต็มพื้น เดือดร้อนมากค่ะ ขอบคุณค่ะ,1,0.79,หมวดอาคารและสิ่งอำนวยความสะดวก
477,ขอร้องเรียนค่ะ คนขับรถเมล์ มพ. สาย มอ ขับเร็วและหวาดเสียวมาก ปล่อยไว้นานแล้ว,รบกวนเจ้าหน้าที่ครับ รถเมล์มอสาย มอ ขับปาดซ้ายปาดขวา เบรกแรง กลัวอันตราย ขอบคุณครับ,1,0.86,หมวดการเดินทางและระบบขนส่ง
478,ช่วยประสานงานทีครับ ประตูห้องน้ำชาย หอพักนิสิต UP DORM ลูกบิดพัง ล็อคไม่ได้ ช่วยตรวจสอบทีครับ,ลูกบิดประตูห้องน้ำ หอพักนิสิต UP DORM หลุด ล็อคไม่ได้ช่วยซ่อมที ขอบคุณครับ,1,0.81,หมวดอาคารและสิ่งอำนวยความสะดวก
479,ด่วนมาก! หมวกกันน็อคหายที่ลานจอดรถ ตึก ICT ช่วยตรวจสอบทีครับ,ขอร้องเรียนค่ะ จอดมอเตอร์ไซค์ไว้ที่ ตึกเทคโนโลยีสารสนเทศและการสื่อสาร หมวกกันน็อคโดนขโมยไปครับ เป็นแบบนี้มาหลายวันแล้วครับ,1,0.96,หมวดความปลอดภัยและจราจร
480,ช่วยตรวจสอบหน่อยครับ เศษขยะเกลื่อนกลาดรอบโต๊ะม้าหินอ่อน ตึกคณะนิติศาสตร์ ขอบคุณครับ,ช่วยตรวจสอบหน่อยครับ บริเวณที่นั่งเล่น คณะนิติ ขยะเต็มโต๊ะ ไม่มีคนกวาด รบกวนเจ้าหน้าที่แก้ไขด่วนครับ,1,0.79,หมวดภูมิทัศน์และความสะอาด
481,แอดมินครับ คนขับรถเมล์ มพ. สาย 2 ขับเร็วและหวาดเสียวมาก,ด่วนมาก! คลาสเรียนวันนี้อาจารย์ไม่มาสอน นิสิตมารอเต็มห้อง ปล่อยไว้นานแล้ว,0,0.14,ต่างหมวดหมู่
482,ด่วนมาก! คิวต่อแถวรอรถเมล์มอที่ ตึก PKY แน่นมาก รถมีไม่เพียงพอ ขอบคุณครับ,แจ้งเรื่องครับ: รถเมล์มอสาย 1 ขับปาดซ้ายปาดขวา เบรกแรง กลัวอันตราย เดือดร้อนมากค่ะ ขอบคุณค่ะ,0,0.27,หมวดการเดินทางและระบบขนส่ง (ต่างประเด็น)
483,นิสิตเดือดร้อนมากค่ะ หมวกกันน็อคหายที่ลานจอดรถ หอพักนิสิต UP DORM เดือดร้อนมากค่ะ ขอบคุณค่ะ,รบกวนเจ้าหน้าที่ครับ จอดมอเตอร์ไซค์ไว้ที่ หอสมุด หมวกกันน็อคโดนขโมยไปครับ ช่วยตรวจสอบทีครับ,0,0.25,หมวดความปลอดภัยและจราจร (ต่างประเด็น)
484,ช่วยตรวจสอบหน่อยครับ กล้องวงจรปิดบริเวณ ตึกคณะบริหาร ดับ เสียมาหลายวัน เป็นแบบนี้มาหลายวันแล้วครับ,ประกาศเกรดยังไม่ขึ้นในระบบเลยครับ ติดต่อฝ่ายทะเบียนไม่ได้ ขอบคุณครับ,0,0.11,ต่างหมวดหมู่
485,แจ้งเรื่องครับ: ถังขยะบริเวณ ตึก CE ล้น ส่งกลิ่นเหม็นรบกวน เป็นแบบนี้มาหลายวันแล้วครับ,แจ้งเรื่องครับ: รถเมล์มอสาย 3 ขับปาดซ้ายปาดขวา เบรกแรง กลัวอันตราย รบกวนเจ้าหน้าที่แก้ไขด่วนครับ,0,0.19,ต่างหมวดหมู่
486,ขอร้องเรียนค่ะ อินเทอร์เน็ตที่ ลานจอดรถหน้ามอ ใช้งานไม่ได้เลย สัญญาณกากบาท,ช่วยตรวจสอบหน่อยครับ เน็ตตึก ป้ายรถเมล์หน้ามอ ดับทั้งตึก เชื่อมต่อสัญญาณไม่ได้ ปล่อยไว้นานแล้ว,1,0.83,หมวดเทคโนโลยีสารสนเทศ
487,แจ้งเรื่องครับ: ตารางสอบปลายภาคชนกันในวันเดียวกันสองวิชา รบกวนเจ้าหน้าที่แก้ไขด่วนครับ,แอดมินครับ รอรถเมล์มอสาย 1 นานมาก รถขาดช่วง นิสิตไปเรียนไม่ทัน เป็นแบบนี้มาหลายวันแล้วครับ,0,0.03,ต่างหมวดหมู่
488,นิสิตเดือดร้อนมากค่ะ คิวต่อแถวรอรถเมล์มอที่ ตึก ICT แน่นมาก รถมีไม่เพียงพอ,ช่วยประสานงานทีครับ นิสิตต่อคิวรอรถเมล์ตรง ตึกสงวนเสริมศรี ยาวล้นออกมานอกฟุตบาท ปล่อยไว้นานแล้ว,0,0.26,หมวดการเดินทางและระบบขนส่ง (ต่างประเด็น)
489,ด่วนมาก! ประตูห้องน้ำชาย ตึกคณะนิติศาสตร์ ลูกบิดพัง ล็อคไม่ได้ เดือดร้อนมากค่ะ ขอบคุณค่ะ,ขอร้องเรียนค่ะ ตึกคณะนิติศาสตร์ ห้อง 1305 ปลั๊กไฟระเบิด เสียบชาร์จไม่ได้,0,0.33,หมวดอาคารและสิ่งอำนวยความสะดวก (ต่างประเด็น)
490,รถเมล์ มพ. สาย 3 รอนานเกิน 45 นาทีแล้วไม่มา เป็นแบบนี้มาหลายวันแล้วครับ,ด่วนมาก! เน็ตตึก หอสมุด ดับทั้งตึก เชื่อมต่อสัญญาณไม่ได้ ปล่อยไว้นานแล้ว,0,0.16,ต่างหมวดหมู่
491,นิสิตเดือดร้อนมากค่ะ พบสุนัขจรจัดดุวิ่งไล่กวดนิสิตบริเวณ ตึก ICT เดือดร้อนมากค่ะ ขอบคุณค่ะ,ช่วยตรวจสอบหน่อยครับ หมาจรจัดตรง อาคาร ICT ดุมาก เห่าและวิ่งไล่รถมอเตอร์ไซค์ ขอบคุณครับ,1,0.84,หมวดความปลอดภัยและจราจร
492,ด่วนมาก! ขอนับชั่วโมงกิจกรรมจิตอาสา กดยื่นในระบบแล้วยังไม่อนุมัติ ช่วยตรวจสอบทีครับ,ชั่วโมงกิจกรรมสะสมไม่ขึ้นในระบบ UP Pass ติดต่อใคร ช่วยตรวจสอบทีครับ,1,0.86,หมวดบริการทั่วไป / อื่นๆ
493,ช่วยตรวจสอบหน่อยครับ ห้องน้ำชั้น 3 ตึกคณะบริหาร น้ำไม่ไหล ชักโครกกดไม่ลง เดือดร้อนมากค่ะ ขอบคุณค่ะ,ขอร้องเรียนค่ะ คณะวิทยาการจัดการ ชั้น 3 ห้องน้ำน้ำหยุดไหล สกปรกมาก เดือดร้อนมากค่ะ ขอบคุณค่ะ,1,0.83,หมวดอาคารและสิ่งอำนวยความสะดวก
494,ช่วยประสานงานทีครับ ระบบบันทึกเกรดมีปัญหา เกรดยังไม่ออกสักวิชา ขอบคุณครับ,ด่วนมาก! ประกาศเกรดยังไม่ขึ้นในระบบเลยครับ ติดต่อฝ่ายทะเบียนไม่ได้ เดือดร้อนมากค่ะ ขอบคุณค่ะ,1,0.97,หมวดการเรียนการสอนและวิชาการ
495,รบกวนเจ้าหน้าที่ครับ อินเทอร์เน็ตที่ หอพักนิสิต UP DORM ใช้งานไม่ได้เลย สัญญาณกากบาท รบกวนเจ้าหน้าที่แก้ไขด่วนครับ,ด่วนมาก! เน็ตตึก หอพักนิสิต UP DORM ดับทั้งตึก เชื่อมต่อสัญญาณไม่ได้ ขอบคุณครับ,1,0.82,หมวดเทคโนโลยีสารสนเทศ
496,รบกวนเจ้าหน้าที่ครับ พบสุนัขจรจัดดุวิ่งไล่กวดนิสิตบริเวณ หอสมุด รบกวนเจ้าหน้าที่แก้ไขด่วนครับ,นิสิตเดือดร้อนมากค่ะ หมาจรจัดตรง ห้องสมุดกลาง ดุมาก เห่าและวิ่งไล่รถมอเตอร์ไซค์ ขอบคุณครับ,1,0.8,หมวดความปลอดภัยและจราจร
497,ขอร้องเรียนค่ะ ประตูห้องน้ำชาย ตึกวิทย์ ลูกบิดพัง ล็อคไม่ได้ ขอบคุณครับ,ช่วยประสานงานทีครับ ลูกบิดประตูห้องน้ำ ตึกวิทยาศาสตร์ หลุด ล็อคไม่ได้ช่วยซ่อมที ปล่อยไว้นานแล้ว,1,0.83,หมวดอาคารและสิ่งอำนวยความสะดวก
498,หลอดไฟในห้องเรียน PKY01 หอพักนิสิต UP DORM ขาด มืดมาก เดือดร้อนมากค่ะ ขอบคุณค่ะ,ไฟเพดานห้อง PKY01 โซนหอพัก มพ. ดับ มองกระดานไม่เห็น ขอบคุณครับ,1,0.98,หมวดอาคารและสิ่งอำนวยความสะดวก
499,แจ้งเรื่องครับ: มีรถจอดซ้อนคันขวางทางออกตรง ตึก CE เดือดร้อนมากค่ะ ขอบคุณค่ะ,แอดมินครับ รถยนต์จอดขวางทางเลี้ยวบริเวณ อาคารเรียนรวม CE ขับผ่านไม่ได้เลย,1,0.92,หมวดความปลอดภัยและจราจร
500,แอดมินครับ อาจารย์ไม่เข้าสอนตามตารางเรียนและไม่แจ้งล่วงหน้า ช่วยตรวจสอบทีครับ,ช่วยประสานงานทีครับ คลาสเรียนวันนี้อาจารย์ไม่มาสอน นิสิตมารอเต็มห้อง รบกวนเจ้าหน้าที่แก้ไขด่วนครับ,1,0.79,หมวดการเรียนการสอนและวิชาการ
501,แอดมินครับ รถเมล์ มพ. สาย 1 รอนานเกิน 45 นาทีแล้วไม่มา เดือดร้อนมากค่ะ ขอบคุณค่ะ,แอดมินครับ จุดรอรถเมล์มอตรง หอสมุด ฝนตกเปียกหมด ไม่มีศาลาพักคอย,0,0.2,หมวดการเดินทางและระบบขนส่ง (ต่างประเด็น)
502,แอดมินครับ ลืมรหัสผ่าน UP Mail ขอยื่นรีเซ็ตรหัสผ่านเมลองค์กร เดือดร้อนมากค่ะ ขอบคุณค่ะ,ขอร้องเรียนค่ะ เข้าอีเมลมหาวิทยาลัยไม่ได้ จำรหัสผ่านไม่ได้ครับ,1,0.94,หมวดเทคโนโลยีสารสนเทศ
503,แอดมินครับ ปลั๊กไฟห้อง 1301 หอสมุด ช็อต มีควันขึ้น เดือดร้อนมากค่ะ ขอบคุณค่ะ,ขอร้องเรียนค่ะ เน็ต UP-WiFi ที่ ลานจอดรถหน้ามอ ช้ามาก สัญญาณหลุดตลอดเวลา ขอบคุณครับ,0,0.02,ต่างหมวดหมู่
504,นิสิตเดือดร้อนมากค่ะ รถเมล์ มพ. ไม่จอดรับนิสิตที่ป้าย ตึกคณะบริหาร ขอบคุณครับ,ช่วยประสานงานทีครับ ป้าย ตึกบิสิเนส รถเมล์มอขับเลยไป ไม่ยอมจอดรับผู้โดยสาร ช่วยตรวจสอบทีครับ,1,0.88,หมวดการเดินทางและระบบขนส่ง
505,แอดมินครับ ลืมกระเป๋าสตางค์ไว้ที่ ตึกคณะนิติศาสตร์ มีใครเก็บได้บ้างครับ เป็นแบบนี้มาหลายวันแล้วครับ,ช่วยประสานงานทีครับ มีต้นไม้ล้มทับทางเดินข้าง ตึกคณะบริหาร สัญจรลำบากมาก ปล่อยไว้นานแล้ว,0,0.17,ต่างหมวดหมู่
506,ขอร้องเรียนค่ะ เกิดอุบัติเหตุรถเฉี่ยวชนกันตรงทางแยก ตึกวิทย์ ปล่อยไว้นานแล้ว,รบกวนเจ้าหน้าที่ครับ แอปพลิเคชัน UP Pass เข้าไม่ได้ ขึ้น error ตลอดเวลา ปล่อยไว้นานแล้ว,0,0.06,ต่างหมวดหมู่
507,รบกวนเจ้าหน้าที่ครับ ถังขยะบริเวณ ตึก PKY ล้น ส่งกลิ่นเหม็นรบกวน เป็นแบบนี้มาหลายวันแล้วครับ,รบกวนเจ้าหน้าที่ครับ รถเมล์มอสาย 1 ขับปาดซ้ายปาดขวา เบรกแรง กลัวอันตราย เป็นแบบนี้มาหลายวันแล้วครับ,0,0.17,ต่างหมวดหมู่
508,แอดมินครับ ตารางเรียนวิชาบังคับชนกันสองวิชา แก้ไขยังไงได้บ้าง เดือดร้อนมากค่ะ ขอบคุณค่ะ,ช่วยตรวจสอบหน่อยครับ ตึกสงวนเสริมศรี ห้องน้ำสกปรก พื้นแฉะและส่งกลิ่นเหม็น เป็นแบบนี้มาหลายวันแล้วครับ,0,0.19,ต่างหมวดหมู่
509,ตารางเรียนวิชาบังคับชนกันสองวิชา แก้ไขยังไงได้บ้าง รบกวนเจ้าหน้าที่แก้ไขด่วนครับ,ช่วยประสานงานทีครับ วันสอบปลายภาคเวลาตรงกันสองรายวิชา ขอสอบชดเชยได้ไหม รบกวนเจ้าหน้าที่แก้ไขด่วนครับ,0,0.27,หมวดการเรียนการสอนและวิชาการ (ต่างประเด็น)
510,ช่วยประสานงานทีครับ ลิฟต์ หอสมุด ประตูค้าง เปิดไม่ออก,นิสิตเดือดร้อนมากค่ะ ลิฟต์โดยสารที่ ห้องสมุดกลาง ชำรุด กดแล้วไม่ขยับ ประตูเปิดไม่ได้ เป็นแบบนี้มาหลายวันแล้วครับ,1,0.97,หมวดอาคารและสิ่งอำนวยความสะดวก
511,ป้ายรถเมล์บริเวณ ตึกสงวนเสริมศรี ไม่มีหลังคาบังแดดบังฝน เป็นแบบนี้มาหลายวันแล้วครับ,นิสิตเดือดร้อนมากค่ะ จุดรอรถเมล์มอตรง อาคารสงวน ฝนตกเปียกหมด ไม่มีศาลาพักคอย เดือดร้อนมากค่ะ ขอบคุณค่ะ,1,0.9,หมวดการเดินทางและระบบขนส่ง
512,แจ้งเรื่องครับ: บัตรนิสิตหาย ต้องการทำบัตรใหม่ต้องเตรียมอะไรบ้าง ขอบคุณครับ,ขอร้องเรียนค่ะ ตามหาของหาย ลืมไอแพดไว้ที่ ลานจอดรถหน้ามอ ช่วยดูกล้องให้ที ปล่อยไว้นานแล้ว,0,0.27,หมวดบริการทั่วไป / อื่นๆ (ต่างประเด็น)
513,ช่วยตรวจสอบหน่อยครับ คนขับรถเมล์ มพ. สาย มอ ขับเร็วและหวาดเสียวมาก รบกวนเจ้าหน้าที่แก้ไขด่วนครับ,ช่วยประสานงานทีครับ รถเมล์มอสาย มอ ขับปาดซ้ายปาดขวา เบรกแรง กลัวอันตราย รบกวนเจ้าหน้าที่แก้ไขด่วนครับ,1,0.78,หมวดการเดินทางและระบบขนส่ง
514,รบกวนเจ้าหน้าที่ครับ กิ่งไม้ขนาดใหญ่หักหล่นขวางถนนตรง ตึกวิทย์,นิสิตเดือดร้อนมากค่ะ แอปพลิเคชัน UP Pass เข้าไม่ได้ ขึ้น error ตลอดเวลา ช่วยตรวจสอบทีครับ,0,0.14,ต่างหมวดหมู่
515,ช่วยตรวจสอบหน่อยครับ สอบถามเรื่องการยื่นกู้ กยศ. และส่งเอกสารทุนการศึกษา เป็นแบบนี้มาหลายวันแล้วครับ,ช่วยประสานงานทีครับ ตึก ICT ชั้น 3 ห้องน้ำน้ำหยุดไหล สกปรกมาก ปล่อยไว้นานแล้ว,0,0.18,ต่างหมวดหมู่
516,ขอเปิดเซคชั่นเพิ่มวิชาศึกษาทั่วไป นิสิตยังลงไม่ครบ เป็นแบบนี้มาหลายวันแล้วครับ,แจ้งเรื่องครับ: วิชาบังคับเซคเต็มทุกเซค ขอเปิดเพิ่มอีกเซคได้ไหมครับ,1,0.8,หมวดการเรียนการสอนและวิชาการ
517,ช่วยประสานงานทีครับ อินเทอร์เน็ตที่ ตึกวิทย์ ใช้งานไม่ได้เลย สัญญาณกากบาท เดือดร้อนมากค่ะ ขอบคุณค่ะ,รบกวนเจ้าหน้าที่ครับ เน็ตตึก อาคารคณะวิทย์ ดับทั้งตึก เชื่อมต่อสัญญาณไม่ได้ ปล่อยไว้นานแล้ว,1,0.92,หมวดเทคโนโลยีสารสนเทศ
518,แจ้งเรื่องครับ: ตารางสอบปลายภาคชนกันในวันเดียวกันสองวิชา เป็นแบบนี้มาหลายวันแล้วครับ,แจ้งเรื่องครับ: ตึกวิทย์ ห้อง 2203 ปลั๊กไฟระเบิด เสียบชาร์จไม่ได้ เป็นแบบนี้มาหลายวันแล้วครับ,0,0.03,ต่างหมวดหมู่
519,กล้องวงจรปิดบริเวณ ตึกคณะบริหาร ดับ เสียมาหลายวัน เป็นแบบนี้มาหลายวันแล้วครับ,ช่วยตรวจสอบหน่อยครับ กล้อง CCTV ตรง ตึกบิสิเนส ใช้งานไม่ได้ อยากขอเปิดดูของหาย ขอบคุณครับ,1,0.8,หมวดความปลอดภัยและจราจร
520,แจ้งเรื่องครับ: สอบถามเรื่องการยื่นกู้ กยศ. และส่งเอกสารทุนการศึกษา ขอบคุณครับ,เอกสารทุนการศึกษา มพ. ส่งได้ถึงวันไหนครับ ปล่อยไว้นานแล้ว,1,0.97,หมวดบริการทั่วไป / อื่นๆ
521,ช่วยตรวจสอบหน่อยครับ แอร์ห้อง PKY01 ตึกสงวนเสริมศรี เสีย ไม่เย็นเลย ร้อนมาก,นิสิตเดือดร้อนมากค่ะ ห้อง PKY01 อาคารสงวน แอร์พัง มีแต่ลมร้อน นั่งเรียนไม่ได้ เป็นแบบนี้มาหลายวันแล้วครับ,1,0.92,หมวดอาคารและสิ่งอำนวยความสะดวก
522,ช่วยประสานงานทีครับ สัญญาณ WiFi UP-WiFi ที่ ตึกวิทย์ หลุดบ่อยมาก ช้ามาก ช่วยตรวจสอบทีครับ,รบกวนเจ้าหน้าที่ครับ เน็ต UP-WiFi ที่ ตึกวิทยาศาสตร์ ช้ามาก สัญญาณหลุดตลอดเวลา เป็นแบบนี้มาหลายวันแล้วครับ,1,0.91,หมวดเทคโนโลยีสารสนเทศ
523,แจ้งเรื่องครับ: คนขับรถเมล์ มพ. สาย 2 ขับเร็วและหวาดเสียวมาก เดือดร้อนมากค่ะ ขอบคุณค่ะ,แอดมินครับ นิสิตต่อคิวรอรถเมล์ตรง ตึกสงวนเสริมศรี ยาวล้นออกมานอกฟุตบาท เดือดร้อนมากค่ะ ขอบคุณค่ะ,0,0.38,หมวดการเดินทางและระบบขนส่ง (ต่างประเด็น)
524,นิสิตเดือดร้อนมากค่ะ รถเมล์ มพ. ไม่จอดรับนิสิตที่ป้าย ตึกคณะบริหาร,ช่วยตรวจสอบหน่อยครับ จุดรอรถเมล์มอตรง หอพักนิสิต UP DORM ฝนตกเปียกหมด ไม่มีศาลาพักคอย ขอบคุณครับ,0,0.36,หมวดการเดินทางและระบบขนส่ง (ต่างประเด็น)
525,ลืมกระเป๋าสตางค์ไว้ที่ ตึก PKY มีใครเก็บได้บ้างครับ เป็นแบบนี้มาหลายวันแล้วครับ,ขอร้องเรียนค่ะ ตามหาของหาย ลืมไอแพดไว้ที่ ตึก PKY ช่วยดูกล้องให้ที รบกวนเจ้าหน้าที่แก้ไขด่วนครับ,1,0.88,หมวดบริการทั่วไป / อื่นๆ
526,แอดมินครับ บัตรนิสิตหาย ต้องการทำบัตรใหม่ต้องเตรียมอะไรบ้าง เดือดร้อนมากค่ะ ขอบคุณค่ะ,ด่วนมาก! ทำบัตรประจำตัวนิสิตใหม่ ติดต่อสำนักทะเบียนห้องไหนครับ,1,0.82,หมวดบริการทั่วไป / อื่นๆ
527,นิสิตเดือดร้อนมากค่ะ ห้องน้ำชั้น 3 ตึก ICT น้ำไม่ไหล ชักโครกกดไม่ลง รบกวนเจ้าหน้าที่แก้ไขด่วนครับ,ช่วยตรวจสอบหน่อยครับ ตึกเทคโนโลยีสารสนเทศและการสื่อสาร ชั้น 3 ห้องน้ำน้ำหยุดไหล สกปรกมาก ขอบคุณครับ,1,0.79,หมวดอาคารและสิ่งอำนวยความสะดวก
528,ช่วยตรวจสอบหน่อยครับ อินเทอร์เน็ตที่ หอสมุด ใช้งานไม่ได้เลย สัญญาณกากบาท เดือดร้อนมากค่ะ ขอบคุณค่ะ,รบกวนเจ้าหน้าที่ครับ เน็ตตึก อาคารหอสมุด ดับทั้งตึก เชื่อมต่อสัญญาณไม่ได้ ช่วยตรวจสอบทีครับ,1,0.86,หมวดเทคโนโลยีสารสนเทศ
529,นิสิตเดือดร้อนมากค่ะ เศษขยะเกลื่อนกลาดรอบโต๊ะม้าหินอ่อน ลานจอดรถหน้ามอ เป็นแบบนี้มาหลายวันแล้วครับ,บริเวณที่นั่งเล่น ประตู 1 ม.พะเยา ขยะเต็มโต๊ะ ไม่มีคนกวาด ช่วยตรวจสอบทีครับ,1,0.87,หมวดภูมิทัศน์และความสะอาด
530,แอดมินครับ กล้องวงจรปิดบริเวณ ตึก PKY ดับ เสียมาหลายวัน เดือดร้อนมากค่ะ ขอบคุณค่ะ,ช่วยประสานงานทีครับ กล้อง CCTV ตรง ตึกภักดี ใช้งานไม่ได้ อยากขอเปิดดูของหาย ปล่อยไว้นานแล้ว,1,0.89,หมวดความปลอดภัยและจราจร
531,ขอร้องเรียนค่ะ อินเทอร์เน็ตที่ ตึกคณะบริหาร ใช้งานไม่ได้เลย สัญญาณกากบาท ขอบคุณครับ,ช่วยประสานงานทีครับ ลูกบิดประตูห้องน้ำ ตึก PKY หลุด ล็อคไม่ได้ช่วยซ่อมที ขอบคุณครับ,0,0.06,ต่างหมวดหมู่
532,แอดมินครับ แอร์ห้อง PKY01 หอสมุด เสีย ไม่เย็นเลย ร้อนมาก เป็นแบบนี้มาหลายวันแล้วครับ,จอดมอเตอร์ไซค์ไว้ที่ ตึก ICT หมวกกันน็อคโดนขโมยไปครับ เป็นแบบนี้มาหลายวันแล้วครับ,0,0.05,ต่างหมวดหมู่
533,แจ้งเรื่องครับ: หมวกกันน็อคหายที่ลานจอดรถ ตึกคณะบริหาร ช่วยตรวจสอบทีครับ,นิสิตเดือดร้อนมากค่ะ กล้อง CCTV ตรง ตึกวิทย์ ใช้งานไม่ได้ อยากขอเปิดดูของหาย เดือดร้อนมากค่ะ ขอบคุณค่ะ,0,0.37,หมวดความปลอดภัยและจราจร (ต่างประเด็น)
534,ด่วนมาก! กิ่งไม้ขนาดใหญ่หักหล่นขวางถนนตรง ตึกคณะนิติศาสตร์ เป็นแบบนี้มาหลายวันแล้วครับ,ช่วยประสานงานทีครับ มีต้นไม้ล้มทับทางเดินข้าง อาคารเรียนนิติศาสตร์ สัญจรลำบากมาก,1,0.96,หมวดภูมิทัศน์และความสะอาด
535,ขอร้องเรียนค่ะ หลังคารั่วตรงทางเดิน หอสมุด น้ำเจิ่งนอง ปล่อยไว้นานแล้ว,รบกวนเจ้าหน้าที่ครับ ป้าย ตึกวิทย์ รถเมล์มอขับเลยไป ไม่ยอมจอดรับผู้โดยสาร ช่วยตรวจสอบทีครับ,0,0.03,ต่างหมวดหมู่
536,ระบบลงทะเบียนเรียน Reg ล่ม เข้าสู่ระบบไม่ได้ตั้งแต่เช้า ช่วยตรวจสอบทีครับ,นิสิตเดือดร้อนมากค่ะ ตามหาของหาย ลืมไอแพดไว้ที่ ตึก ICT ช่วยดูกล้องให้ที รบกวนเจ้าหน้าที่แก้ไขด่วนครับ,0,0.11,ต่างหมวดหมู่
537,นิสิตเดือดร้อนมากค่ะ ขอใบรับรองสถานภาพนิสิตภาษาอังกฤษ ใช้เวลากี่วันได้ รบกวนเจ้าหน้าที่แก้ไขด่วนครับ,ด่วนมาก! ยื่นขอหนังสือรับรองการเป็นนิสิตผ่านช่องทางออนไลน์ยังไง รบกวนเจ้าหน้าที่แก้ไขด่วนครับ,1,0.83,หมวดบริการทั่วไป / อื่นๆ
538,รบกวนเจ้าหน้าที่ครับ ขอเปิดเซคชั่นเพิ่มวิชาศึกษาทั่วไป นิสิตยังลงไม่ครบ ช่วยตรวจสอบทีครับ,ช่วยตรวจสอบหน่อยครับ วิชาบังคับเซคเต็มทุกเซค ขอเปิดเพิ่มอีกเซคได้ไหมครับ ปล่อยไว้นานแล้ว,1,0.79,หมวดการเรียนการสอนและวิชาการ
539,นิสิตเดือดร้อนมากค่ะ ต้องการขอดรอปรายวิชา ติดต่อทำเรื่องที่ไหนครับ ช่วยตรวจสอบทีครับ,ไฟเพดานห้อง CE05 หอสมุด ดับ มองกระดานไม่เห็น,0,0.16,ต่างหมวดหมู่
540,แอดมินครับ ขอใบรับรองสถานภาพนิสิตภาษาอังกฤษ ใช้เวลากี่วันได้ รบกวนเจ้าหน้าที่แก้ไขด่วนครับ,เว็บ reg.up.ac.th ล่ม กดเลือกวิชาไม่ได้เลยครับ,0,0.17,ต่างหมวดหมู่
541,แจ้งเรื่องครับ: ห้องน้ำชั้น 2 หอพักนิสิต UP DORM น้ำไม่ไหล ชักโครกกดไม่ลง ปล่อยไว้นานแล้ว,แจ้งเรื่องครับ: หอสมุด ห้อง 1201 ปลั๊กไฟระเบิด เสียบชาร์จไม่ได้ ขอบคุณครับ,0,0.39,หมวดอาคารและสิ่งอำนวยความสะดวก (ต่างประเด็น)
542,แจ้งเรื่องครับ: ตารางเรียนวิชาบังคับชนกันสองวิชา แก้ไขยังไงได้บ้าง ปล่อยไว้นานแล้ว,ขอร้องเรียนค่ะ วิชาบังคับเซคเต็มทุกเซค ขอเปิดเพิ่มอีกเซคได้ไหมครับ ขอบคุณครับ,0,0.34,หมวดการเรียนการสอนและวิชาการ (ต่างประเด็น)
543,ช่วยประสานงานทีครับ คนขับรถเมล์ มพ. สาย 1 ขับเร็วและหวาดเสียวมาก เป็นแบบนี้มาหลายวันแล้วครับ,ช่วยประสานงานทีครับ รถเมล์มอสาย 1 ขับปาดซ้ายปาดขวา เบรกแรง กลัวอันตราย รบกวนเจ้าหน้าที่แก้ไขด่วนครับ,1,0.96,หมวดการเดินทางและระบบขนส่ง
544,แอดมินครับ ขอเปิดเซคชั่นเพิ่มวิชาศึกษาทั่วไป นิสิตยังลงไม่ครบ รบกวนเจ้าหน้าที่แก้ไขด่วนครับ,นิสิตเดือดร้อนมากค่ะ ทำบัตรประจำตัวนิสิตใหม่ ติดต่อสำนักทะเบียนห้องไหนครับ เป็นแบบนี้มาหลายวันแล้วครับ,0,0.06,ต่างหมวดหมู่
545,แจ้งเรื่องครับ: สอบถามเรื่องการยื่นกู้ กยศ. และส่งเอกสารทุนการศึกษา ปล่อยไว้นานแล้ว,แอดมินครับ เอกสารทุนการศึกษา มพ. ส่งได้ถึงวันไหนครับ ช่วยตรวจสอบทีครับ,1,0.93,หมวดบริการทั่วไป / อื่นๆ
546,แจ้งเรื่องครับ: ขอใบรับรองสถานภาพนิสิตภาษาอังกฤษ ใช้เวลากี่วันได้ ขอบคุณครับ,นิสิตเดือดร้อนมากค่ะ ยื่นขอหนังสือรับรองการเป็นนิสิตผ่านช่องทางออนไลน์ยังไง ขอบคุณครับ,1,0.91,หมวดบริการทั่วไป / อื่นๆ
547,รบกวนเจ้าหน้าที่ครับ หลอดไฟในห้องเรียน PKY01 ตึกสงวนเสริมศรี ขาด มืดมาก รบกวนเจ้าหน้าที่แก้ไขด่วนครับ,นิสิตเดือดร้อนมากค่ะ ไฟเพดานห้อง PKY01 โรงอาหารสงวน ดับ มองกระดานไม่เห็น ช่วยตรวจสอบทีครับ,1,0.96,หมวดอาคารและสิ่งอำนวยความสะดวก
548,แอดมินครับ หญ้าขึ้นสูงรกมากข้างทางเดินไป หอสมุด กลัวงู ขอบคุณครับ,ช่วยตรวจสอบหน่อยครับ พบซากนกตายบริเวณ หอสมุด เริ่มส่งกลิ่น ช่วยส่งแม่บ้านมาเก็บที รบกวนเจ้าหน้าที่แก้ไขด่วนครับ,0,0.31,หมวดภูมิทัศน์และความสะอาด (ต่างประเด็น)
549,นิสิตเดือดร้อนมากค่ะ ขอนับชั่วโมงกิจกรรมจิตอาสา กดยื่นในระบบแล้วยังไม่อนุมัติ ช่วยตรวจสอบทีครับ,ขอร้องเรียนค่ะ เน็ต UP-WiFi ที่ ตึก ICT ช้ามาก สัญญาณหลุดตลอดเวลา,0,0.18,ต่างหมวดหมู่
550,รบกวนเจ้าหน้าที่ครับ อินเทอร์เน็ตที่ ตึกสงวนเสริมศรี ใช้งานไม่ได้เลย สัญญาณกากบาท เป็นแบบนี้มาหลายวันแล้วครับ,รบกวนเจ้าหน้าที่ครับ เน็ตตึก โรงอาหารสงวน ดับทั้งตึก เชื่อมต่อสัญญาณไม่ได้ เป็นแบบนี้มาหลายวันแล้วครับ,1,0.84,หมวดเทคโนโลยีสารสนเทศ
551,แจ้งเรื่องครับ: พบสุนัขจรจัดดุวิ่งไล่กวดนิสิตบริเวณ หอสมุด เดือดร้อนมากค่ะ ขอบคุณค่ะ,รถยนต์จอดขวางทางเลี้ยวบริเวณ ตึก PKY ขับผ่านไม่ได้เลย,0,0.29,หมวดความปลอดภัยและจราจร (ต่างประเด็น)
552,แอดมินครับ หมวกกันน็อคหายที่ลานจอดรถ ตึกคณะนิติศาสตร์ เป็นแบบนี้มาหลายวันแล้วครับ,นิสิตเดือดร้อนมากค่ะ เสาไฟทางเดินตรง ตึกวิทย์ ไม่ติด มืดมากกลัวอันตราย เป็นแบบนี้มาหลายวันแล้วครับ,0,0.22,หมวดความปลอดภัยและจราจร (ต่างประเด็น)
553,รบกวนเจ้าหน้าที่ครับ หลังคารั่วตรงทางเดิน ตึก ICT น้ำเจิ่งนอง เดือดร้อนมากค่ะ ขอบคุณค่ะ,นิสิตเดือดร้อนมากค่ะ ลานจอดรถหน้ามอ ชั้น 2 ห้องน้ำน้ำหยุดไหล สกปรกมาก ขอบคุณครับ,0,0.37,หมวดอาคารและสิ่งอำนวยความสะดวก (ต่างประเด็น)
554,ก๊อกน้ำอ่างล้างมือ ตึกคณะบริหาร หัก น้ำพุ่งกระเด็น ขอบคุณครับ,อ่างล้างหน้า ตึกบิสิเนส ท่อน้ำแตก น้ำนองเต็มพื้น ขอบคุณครับ,1,0.92,หมวดอาคารและสิ่งอำนวยความสะดวก
555,แอร์ห้อง 1101 ตึกสงวนเสริมศรี เสีย ไม่เย็นเลย ร้อนมาก,ด่วนมาก! วิชาบังคับเซคเต็มทุกเซค ขอเปิดเพิ่มอีกเซคได้ไหมครับ ช่วยตรวจสอบทีครับ,0,0.04,ต่างหมวดหมู่
556,รบกวนเจ้าหน้าที่ครับ กิ่งไม้ขนาดใหญ่หักหล่นขวางถนนตรง ตึกคณะบริหาร เดือดร้อนมากค่ะ ขอบคุณค่ะ,ขอร้องเรียนค่ะ มีต้นไม้ล้มทับทางเดินข้าง ตึกคณะบริหาร สัญจรลำบากมาก ช่วยตรวจสอบทีครับ,1,0.98,หมวดภูมิทัศน์และความสะอาด
557,ด่วนมาก! ลิฟต์ ตึกคณะนิติศาสตร์ ประตูค้าง เปิดไม่ออก รบกวนเจ้าหน้าที่แก้ไขด่วนครับ,รบกวนเจ้าหน้าที่ครับ ตามหาของหาย ลืมไอแพดไว้ที่ ตึก CE ช่วยดูกล้องให้ที เดือดร้อนมากค่ะ ขอบคุณค่ะ,0,0.18,ต่างหมวดหมู่
558,ด่วนมาก! ก๊อกน้ำอ่างล้างมือ ตึก CE หัก น้ำพุ่งกระเด็น ช่วยตรวจสอบทีครับ,ขอร้องเรียนค่ะ รถมอเตอร์ไซค์ชนกันบริเวณ ตึกคณะนิติศาสตร์ มีผู้ได้รับบาดเจ็บ รบกวนเจ้าหน้าที่แก้ไขด่วนครับ,0,0.15,ต่างหมวดหมู่
559,ขอร้องเรียนค่ะ ขอนับชั่วโมงกิจกรรมจิตอาสา กดยื่นในระบบแล้วยังไม่อนุมัติ เป็นแบบนี้มาหลายวันแล้วครับ,ช่วยประสานงานทีครับ ชั่วโมงกิจกรรมสะสมไม่ขึ้นในระบบ UP Pass ติดต่อใคร เดือดร้อนมากค่ะ ขอบคุณค่ะ,1,0.82,หมวดบริการทั่วไป / อื่นๆ
560,แจ้งเรื่องครับ: เศษขยะเกลื่อนกลาดรอบโต๊ะม้าหินอ่อน ลานจอดรถหน้ามอ ปล่อยไว้นานแล้ว,ช่วยประสานงานทีครับ ไฟเพดานห้อง CE05 ตึกคณะนิติศาสตร์ ดับ มองกระดานไม่เห็น รบกวนเจ้าหน้าที่แก้ไขด่วนครับ,0,0.15,ต่างหมวดหมู่
561,แอดมินครับ กิ่งไม้ขนาดใหญ่หักหล่นขวางถนนตรง หอพักนิสิต UP DORM เดือดร้อนมากค่ะ ขอบคุณค่ะ,ช่วยตรวจสอบหน่อยครับ มีต้นไม้ล้มทับทางเดินข้าง หอพักในมอ สัญจรลำบากมาก,1,0.97,หมวดภูมิทัศน์และความสะอาด
562,นิสิตเดือดร้อนมากค่ะ หญ้าขึ้นสูงรกมากข้างทางเดินไป ตึก ICT กลัวงู เดือดร้อนมากค่ะ ขอบคุณค่ะ,รบกวนเจ้าหน้าที่ครับ ตามหาของหาย ลืมไอแพดไว้ที่ ตึกคณะนิติศาสตร์ ช่วยดูกล้องให้ที ช่วยตรวจสอบทีครับ,0,0.13,ต่างหมวดหมู่
563,รถเมล์ มพ. ไม่จอดรับนิสิตที่ป้าย ลานจอดรถหน้ามอ ปล่อยไว้นานแล้ว,ขอร้องเรียนค่ะ ป้าย ลานจอดรถหน้ามอ รถเมล์มอขับเลยไป ไม่ยอมจอดรับผู้โดยสาร เป็นแบบนี้มาหลายวันแล้วครับ,1,0.92,หมวดการเดินทางและระบบขนส่ง
564,รบกวนเจ้าหน้าที่ครับ รถเมล์ มพ. สาย มอ รอนานเกิน 45 นาทีแล้วไม่มา ขอบคุณครับ,ช่วยประสานงานทีครับ รอรถเมล์มอสาย มอ นานมาก รถขาดช่วง นิสิตไปเรียนไม่ทัน รบกวนเจ้าหน้าที่แก้ไขด่วนครับ,1,0.8,หมวดการเดินทางและระบบขนส่ง
565,ช่วยประสานงานทีครับ กิ่งไม้ขนาดใหญ่หักหล่นขวางถนนตรง ตึก PKY ช่วยตรวจสอบทีครับ,รบกวนเจ้าหน้าที่ครับ มีต้นไม้ล้มทับทางเดินข้าง ตึกภักดี สัญจรลำบากมาก ขอบคุณครับ,1,0.95,หมวดภูมิทัศน์และความสะอาด
566,นิสิตเดือดร้อนมากค่ะ ลืมรหัสผ่าน UP Mail ขอยื่นรีเซ็ตรหัสผ่านเมลองค์กร รบกวนเจ้าหน้าที่แก้ไขด่วนครับ,แจ้งเรื่องครับ: เข้าอีเมลมหาวิทยาลัยไม่ได้ จำรหัสผ่านไม่ได้ครับ เป็นแบบนี้มาหลายวันแล้วครับ,1,0.79,หมวดเทคโนโลยีสารสนเทศ
567,ด่วนมาก! สอบถามเรื่องการยื่นกู้ กยศ. และส่งเอกสารทุนการศึกษา ปล่อยไว้นานแล้ว,ด่วนมาก! ยื่นขอหนังสือรับรองการเป็นนิสิตผ่านช่องทางออนไลน์ยังไง ขอบคุณครับ,0,0.23,หมวดบริการทั่วไป / อื่นๆ (ต่างประเด็น)
568,ขอร้องเรียนค่ะ บัตรนิสิตหาย ต้องการทำบัตรใหม่ต้องเตรียมอะไรบ้าง ขอบคุณครับ,รบกวนเจ้าหน้าที่ครับ เสาไฟทางเดินตรง หอสมุด ไม่ติด มืดมากกลัวอันตราย ขอบคุณครับ,0,0.1,ต่างหมวดหมู่
569,ด่วนมาก! กิ่งไม้ขนาดใหญ่หักหล่นขวางถนนตรง ตึกวิทย์ ช่วยตรวจสอบทีครับ,รบกวนเจ้าหน้าที่ครับ นิสิตต่อคิวรอรถเมล์ตรง หอสมุด ยาวล้นออกมานอกฟุตบาท เป็นแบบนี้มาหลายวันแล้วครับ,0,0.1,ต่างหมวดหมู่
570,แอดมินครับ ตารางสอบปลายภาคชนกันในวันเดียวกันสองวิชา รบกวนเจ้าหน้าที่แก้ไขด่วนครับ,ช่วยประสานงานทีครับ รถยนต์จอดขวางทางเลี้ยวบริเวณ ตึก ICT ขับผ่านไม่ได้เลย,0,0.15,ต่างหมวดหมู่
571,รบกวนเจ้าหน้าที่ครับ คนขับรถเมล์ มพ. สาย 2 ขับเร็วและหวาดเสียวมาก ช่วยตรวจสอบทีครับ,นิสิตเดือดร้อนมากค่ะ เข้าอีเมลมหาวิทยาลัยไม่ได้ จำรหัสผ่านไม่ได้ครับ,0,0.07,ต่างหมวดหมู่
572,ช่วยตรวจสอบหน่อยครับ เข้าใช้งานระบบ UP Pass ไม่ได้ ล็อกอินแล้วเด้งออก เดือดร้อนมากค่ะ ขอบคุณค่ะ,แจ้งเรื่องครับ: แอปพลิเคชัน UP Pass เข้าไม่ได้ ขึ้น error ตลอดเวลา เดือดร้อนมากค่ะ ขอบคุณค่ะ,1,0.8,หมวดเทคโนโลยีสารสนเทศ
573,ขอร้องเรียนค่ะ มีซากสัตว์ตายส่งกลิ่นเหม็นเน่าที่ ตึกคณะบริหาร รบกวนเจ้าหน้าที่แก้ไขด่วนครับ,ช่วยตรวจสอบหน่อยครับ มีต้นไม้ล้มทับทางเดินข้าง ตึกคณะนิติศาสตร์ สัญจรลำบากมาก ช่วยตรวจสอบทีครับ,0,0.22,หมวดภูมิทัศน์และความสะอาด (ต่างประเด็น)
574,รบกวนเจ้าหน้าที่ครับ รถเมล์ มพ. สาย 3 รอนานเกิน 45 นาทีแล้วไม่มา เดือดร้อนมากค่ะ ขอบคุณค่ะ,ขอร้องเรียนค่ะ รอรถเมล์มอสาย 3 นานมาก รถขาดช่วง นิสิตไปเรียนไม่ทัน ขอบคุณครับ,1,0.94,หมวดการเดินทางและระบบขนส่ง
575,แจ้งเรื่องครับ: ไฟกิ่งส่องสว่างทางเดินไป ตึก ICT ดับ มืดและเปลี่ยวมาก เป็นแบบนี้มาหลายวันแล้วครับ,แอดมินครับ บริเวณทางเดินไป ลานจอดรถหน้ามอ หญ้ารกมาก ช่วยตัดหญ้าทีครับ,0,0.13,ต่างหมวดหมู่
576,ช่วยตรวจสอบหน่อยครับ ก๊อกน้ำอ่างล้างมือ ตึกวิทย์ หัก น้ำพุ่งกระเด็น ช่วยตรวจสอบทีครับ,ช่วยประสานงานทีครับ รอรถเมล์มอสาย มอ นานมาก รถขาดช่วง นิสิตไปเรียนไม่ทัน รบกวนเจ้าหน้าที่แก้ไขด่วนครับ,0,0.08,ต่างหมวดหมู่
577,แอดมินครับ ปลั๊กไฟห้อง CE05 ตึก CE ช็อต มีควันขึ้น ช่วยตรวจสอบทีครับ,ขอร้องเรียนค่ะ ชั่วโมงกิจกรรมสะสมไม่ขึ้นในระบบ UP Pass ติดต่อใคร เดือดร้อนมากค่ะ ขอบคุณค่ะ,0,0.09,ต่างหมวดหมู่
578,แจ้งเรื่องครับ: ลืมรหัสผ่าน UP Mail ขอยื่นรีเซ็ตรหัสผ่านเมลองค์กร เดือดร้อนมากค่ะ ขอบคุณค่ะ,เข้าอีเมลมหาวิทยาลัยไม่ได้ จำรหัสผ่านไม่ได้ครับ ขอบคุณครับ,1,0.85,หมวดเทคโนโลยีสารสนเทศ
579,ช่วยประสานงานทีครับ หลังคารั่วตรงทางเดิน ลานจอดรถหน้ามอ น้ำเจิ่งนอง รบกวนเจ้าหน้าที่แก้ไขด่วนครับ,นิสิตเดือดร้อนมากค่ะ ฝนตกแล้วน้ำรั่วลงมาจากเพดาน ป้ายรถเมล์หน้ามอ พื้นลื่นมาก เป็นแบบนี้มาหลายวันแล้วครับ,1,0.98,หมวดอาคารและสิ่งอำนวยความสะดวก
580,ช่วยประสานงานทีครับ กิ่งไม้ขนาดใหญ่หักหล่นขวางถนนตรง ตึก PKY ปล่อยไว้นานแล้ว,นิสิตเดือดร้อนมากค่ะ หอสมุด ห้องน้ำสกปรก พื้นแฉะและส่งกลิ่นเหม็น ปล่อยไว้นานแล้ว,0,0.19,หมวดภูมิทัศน์และความสะอาด (ต่างประเด็น)
581,แจ้งเรื่องครับ: รถเมล์ มพ. ไม่จอดรับนิสิตที่ป้าย ตึกคณะบริหาร รบกวนเจ้าหน้าที่แก้ไขด่วนครับ,ป้าย ตึกบิสิเนส รถเมล์มอขับเลยไป ไม่ยอมจอดรับผู้โดยสาร รบกวนเจ้าหน้าที่แก้ไขด่วนครับ,1,0.88,หมวดการเดินทางและระบบขนส่ง
582,แจ้งเรื่องครับ: พบสุนัขจรจัดดุวิ่งไล่กวดนิสิตบริเวณ ตึกวิทย์ รบกวนเจ้าหน้าที่แก้ไขด่วนครับ,ด่วนมาก! หมาจรจัดตรง ตึกวิทย์ ดุมาก เห่าและวิ่งไล่รถมอเตอร์ไซค์ ปล่อยไว้นานแล้ว,1,0.87,หมวดความปลอดภัยและจราจร
583,หมวกกันน็อคหายที่ลานจอดรถ ตึก ICT เป็นแบบนี้มาหลายวันแล้วครับ,ช่วยประสานงานทีครับ จอดมอเตอร์ไซค์ไว้ที่ อาคาร ICT หมวกกันน็อคโดนขโมยไปครับ ช่วยตรวจสอบทีครับ,1,0.92,หมวดความปลอดภัยและจราจร
584,ด่วนมาก! รถเมล์ มพ. ไม่จอดรับนิสิตที่ป้าย ตึกวิทย์ ช่วยตรวจสอบทีครับ,รบกวนเจ้าหน้าที่ครับ รถเมล์มอสาย 3 ขับปาดซ้ายปาดขวา เบรกแรง กลัวอันตราย รบกวนเจ้าหน้าที่แก้ไขด่วนครับ,0,0.4,หมวดการเดินทางและระบบขนส่ง (ต่างประเด็น)
585,ด่วนมาก! ป้ายรถเมล์บริเวณ ตึกสงวนเสริมศรี ไม่มีหลังคาบังแดดบังฝน ปล่อยไว้นานแล้ว,แจ้งเรื่องครับ: จุดรอรถเมล์มอตรง โรงอาหารสงวน ฝนตกเปียกหมด ไม่มีศาลาพักคอย ช่วยตรวจสอบทีครับ,1,0.86,หมวดการเดินทางและระบบขนส่ง
586,ช่วยประสานงานทีครับ รถเมล์ มพ. ไม่จอดรับนิสิตที่ป้าย หอพักนิสิต UP DORM ช่วยตรวจสอบทีครับ,แจ้งเรื่องครับ: ฝนตกแล้วน้ำรั่วลงมาจากเพดาน ตึก PKY พื้นลื่นมาก เดือดร้อนมากค่ะ ขอบคุณค่ะ,0,0.09,ต่างหมวดหมู่
587,แอดมินครับ ตารางสอบปลายภาคชนกันในวันเดียวกันสองวิชา ปล่อยไว้นานแล้ว,แจ้งเรื่องครับ: คลาสเรียนวันนี้อาจารย์ไม่มาสอน นิสิตมารอเต็มห้อง เดือดร้อนมากค่ะ ขอบคุณค่ะ,0,0.23,หมวดการเรียนการสอนและวิชาการ (ต่างประเด็น)
588,ด่วนมาก! ห้องน้ำหญิง ตึก PKY สกปรกมาก ไม่มีแม่บ้านดูแล ปล่อยไว้นานแล้ว,ด่วนมาก! ตึก ICT ห้องน้ำสกปรก พื้นแฉะและส่งกลิ่นเหม็น,0,0.2,หมวดภูมิทัศน์และความสะอาด (ต่างประเด็น)
589,แอดมินครับ คนขับรถเมล์ มพ. สาย 1 ขับเร็วและหวาดเสียวมาก ปล่อยไว้นานแล้ว,นิสิตเดือดร้อนมากค่ะ รถเมล์มอสาย 1 ขับปาดซ้ายปาดขวา เบรกแรง กลัวอันตราย เป็นแบบนี้มาหลายวันแล้วครับ,1,0.79,หมวดการเดินทางและระบบขนส่ง
590,นิสิตเดือดร้อนมากค่ะ ขอใบรับรองสถานภาพนิสิตภาษาอังกฤษ ใช้เวลากี่วันได้ ขอบคุณครับ,ด่วนมาก! ยื่นขอหนังสือรับรองการเป็นนิสิตผ่านช่องทางออนไลน์ยังไง ขอบคุณครับ,1,0.85,หมวดบริการทั่วไป / อื่นๆ
591,นิสิตเดือดร้อนมากค่ะ รถเมล์ มพ. สาย 3 รอนานเกิน 45 นาทีแล้วไม่มา เป็นแบบนี้มาหลายวันแล้วครับ,ด่วนมาก! รอรถเมล์มอสาย 3 นานมาก รถขาดช่วง นิสิตไปเรียนไม่ทัน รบกวนเจ้าหน้าที่แก้ไขด่วนครับ,1,0.91,หมวดการเดินทางและระบบขนส่ง
592,บัตรนิสิตหาย ต้องการทำบัตรใหม่ต้องเตรียมอะไรบ้าง เดือดร้อนมากค่ะ ขอบคุณค่ะ,แจ้งเรื่องครับ: เอกสารทุนการศึกษา มพ. ส่งได้ถึงวันไหนครับ เป็นแบบนี้มาหลายวันแล้วครับ,0,0.2,หมวดบริการทั่วไป / อื่นๆ (ต่างประเด็น)
593,ด่วนมาก! ขอนับชั่วโมงกิจกรรมจิตอาสา กดยื่นในระบบแล้วยังไม่อนุมัติ เป็นแบบนี้มาหลายวันแล้วครับ,รบกวนเจ้าหน้าที่ครับ ชั่วโมงกิจกรรมสะสมไม่ขึ้นในระบบ UP Pass ติดต่อใคร เดือดร้อนมากค่ะ ขอบคุณค่ะ,1,0.97,หมวดบริการทั่วไป / อื่นๆ
594,นิสิตเดือดร้อนมากค่ะ อินเทอร์เน็ตที่ ตึก PKY ใช้งานไม่ได้เลย สัญญาณกากบาท เป็นแบบนี้มาหลายวันแล้วครับ,ขอร้องเรียนค่ะ เน็ตตึก ตึก PKY ดับทั้งตึก เชื่อมต่อสัญญาณไม่ได้ รบกวนเจ้าหน้าที่แก้ไขด่วนครับ,1,0.81,หมวดเทคโนโลยีสารสนเทศ
595,ช่วยตรวจสอบหน่อยครับ หลอดไฟในห้องเรียน CE07 ตึกวิทย์ ขาด มืดมาก เดือดร้อนมากค่ะ ขอบคุณค่ะ,ไฟเพดานห้อง CE07 ตึกวิทยาศาสตร์ ดับ มองกระดานไม่เห็น ขอบคุณครับ,1,0.94,หมวดอาคารและสิ่งอำนวยความสะดวก
596,ช่วยประสานงานทีครับ ห้องน้ำชั้น 2 ตึกสงวนเสริมศรี น้ำไม่ไหล ชักโครกกดไม่ลง เป็นแบบนี้มาหลายวันแล้วครับ,ช่วยตรวจสอบหน่อยครับ ตึกสงวนเสริมศรี ชั้น 2 ห้องน้ำน้ำหยุดไหล สกปรกมาก,1,0.87,หมวดอาคารและสิ่งอำนวยความสะดวก
597,ด่วนมาก! แอร์ห้อง PKY02 ตึก CE เสีย ไม่เย็นเลย ร้อนมาก ขอบคุณครับ,พบซากนกตายบริเวณ ลานจอดรถหน้ามอ เริ่มส่งกลิ่น ช่วยส่งแม่บ้านมาเก็บที ช่วยตรวจสอบทีครับ,0,0.05,ต่างหมวดหมู่
598,ช่วยประสานงานทีครับ สอบถามเรื่องการยื่นกู้ กยศ. และส่งเอกสารทุนการศึกษา รบกวนเจ้าหน้าที่แก้ไขด่วนครับ,ด่วนมาก! เอกสารทุนการศึกษา มพ. ส่งได้ถึงวันไหนครับ เดือดร้อนมากค่ะ ขอบคุณค่ะ,1,0.92,หมวดบริการทั่วไป / อื่นๆ
599,ขอร้องเรียนค่ะ บัตรนิสิตหาย ต้องการทำบัตรใหม่ต้องเตรียมอะไรบ้าง ปล่อยไว้นานแล้ว,แอดมินครับ ทำบัตรประจำตัวนิสิตใหม่ ติดต่อสำนักทะเบียนห้องไหนครับ เป็นแบบนี้มาหลายวันแล้วครับ,1,0.97,หมวดบริการทั่วไป / อื่นๆ
600,รบกวนเจ้าหน้าที่ครับ คิวต่อแถวรอรถเมล์มอที่ ตึกคณะนิติศาสตร์ แน่นมาก รถมีไม่เพียงพอ เดือดร้อนมากค่ะ ขอบคุณค่ะ,แจ้งเรื่องครับ: นิสิตต่อคิวรอรถเมล์ตรง อาคารเรียนนิติศาสตร์ ยาวล้นออกมานอกฟุตบาท ปล่อยไว้นานแล้ว,1,0.96,หมวดการเดินทางและระบบขนส่ง
601,รบกวนเจ้าหน้าที่ครับ อินเทอร์เน็ตที่ หอพักนิสิต UP DORM ใช้งานไม่ได้เลย สัญญาณกากบาท ขอบคุณครับ,นิสิตเดือดร้อนมากค่ะ จุดรอรถเมล์มอตรง ตึกวิทย์ ฝนตกเปียกหมด ไม่มีศาลาพักคอย ปล่อยไว้นานแล้ว,0,0.04,ต่างหมวดหมู่
602,ช่วยตรวจสอบหน่อยครับ พบสุนัขจรจัดดุวิ่งไล่กวดนิสิตบริเวณ หอสมุด ปล่อยไว้นานแล้ว,แอดมินครับ หมาจรจัดตรง สำนักบรรณสาร ดุมาก เห่าและวิ่งไล่รถมอเตอร์ไซค์ รบกวนเจ้าหน้าที่แก้ไขด่วนครับ,1,0.93,หมวดความปลอดภัยและจราจร
603,ต้องการขอดรอปรายวิชา ติดต่อทำเรื่องที่ไหนครับ ปล่อยไว้นานแล้ว,ช่วยตรวจสอบหน่อยครับ คลาสเรียนวันนี้อาจารย์ไม่มาสอน นิสิตมารอเต็มห้อง ขอบคุณครับ,0,0.38,หมวดการเรียนการสอนและวิชาการ (ต่างประเด็น)
604,รถเมล์ มพ. สาย มอ รอนานเกิน 45 นาทีแล้วไม่มา เดือดร้อนมากค่ะ ขอบคุณค่ะ,ด่วนมาก! รอรถเมล์มอสาย มอ นานมาก รถขาดช่วง นิสิตไปเรียนไม่ทัน ขอบคุณครับ,1,0.96,หมวดการเดินทางและระบบขนส่ง
605,ช่วยตรวจสอบหน่อยครับ กิ่งไม้ขนาดใหญ่หักหล่นขวางถนนตรง ตึก PKY เดือดร้อนมากค่ะ ขอบคุณค่ะ,ขอร้องเรียนค่ะ มีต้นไม้ล้มทับทางเดินข้าง ตึกพัชรกิตติยาภา สัญจรลำบากมาก เป็นแบบนี้มาหลายวันแล้วครับ,1,0.95,หมวดภูมิทัศน์และความสะอาด
606,ช่วยประสานงานทีครับ อาจารย์ไม่เข้าสอนตามตารางเรียนและไม่แจ้งล่วงหน้า ปล่อยไว้นานแล้ว,ขอร้องเรียนค่ะ ตารางเรียนชนกันครับ เข้าระบบแล้วเลือกเวลาทับซ้อนกัน รบกวนเจ้าหน้าที่แก้ไขด่วนครับ,0,0.23,หมวดการเรียนการสอนและวิชาการ (ต่างประเด็น)
607,รบกวนเจ้าหน้าที่ครับ มีซากสัตว์ตายส่งกลิ่นเหม็นเน่าที่ ตึกวิทย์ ช่วยตรวจสอบทีครับ,นิสิตเดือดร้อนมากค่ะ พบซากนกตายบริเวณ ตึกวิทยาศาสตร์ เริ่มส่งกลิ่น ช่วยส่งแม่บ้านมาเก็บที,1,0.97,หมวดภูมิทัศน์และความสะอาด
608,แอดมินครับ ขอเปิดเซคชั่นเพิ่มวิชาศึกษาทั่วไป นิสิตยังลงไม่ครบ ปล่อยไว้นานแล้ว,แจ้งเรื่องครับ: ประกาศเกรดยังไม่ขึ้นในระบบเลยครับ ติดต่อฝ่ายทะเบียนไม่ได้ ขอบคุณครับ,0,0.21,หมวดการเรียนการสอนและวิชาการ (ต่างประเด็น)
609,แจ้งเรื่องครับ: ถังขยะบริเวณ ตึก CE ล้น ส่งกลิ่นเหม็นรบกวน ขอบคุณครับ,แอดมินครับ ขยะล้นถังขยะตรง อาคารเรียนรวม เหม็นมาก ไม่มีใครมาเก็บ ขอบคุณครับ,1,0.82,หมวดภูมิทัศน์และความสะอาด
610,รบกวนเจ้าหน้าที่ครับ อินเทอร์เน็ตที่ ตึกคณะนิติศาสตร์ ใช้งานไม่ได้เลย สัญญาณกากบาท เป็นแบบนี้มาหลายวันแล้วครับ,ช่วยประสานงานทีครับ เน็ตตึก คณะนิติ ดับทั้งตึก เชื่อมต่อสัญญาณไม่ได้ รบกวนเจ้าหน้าที่แก้ไขด่วนครับ,1,0.94,หมวดเทคโนโลยีสารสนเทศ
611,รบกวนเจ้าหน้าที่ครับ กิ่งไม้ขนาดใหญ่หักหล่นขวางถนนตรง ตึกคณะนิติศาสตร์,เข้าอีเมลมหาวิทยาลัยไม่ได้ จำรหัสผ่านไม่ได้ครับ ปล่อยไว้นานแล้ว,0,0.13,ต่างหมวดหมู่
612,ช่วยประสานงานทีครับ กิ่งไม้ขนาดใหญ่หักหล่นขวางถนนตรง ตึก PKY ช่วยตรวจสอบทีครับ,ตารางเรียนชนกันครับ เข้าระบบแล้วเลือกเวลาทับซ้อนกัน เป็นแบบนี้มาหลายวันแล้วครับ,0,0.15,ต่างหมวดหมู่
613,ด่วนมาก! หลอดไฟในห้องเรียน PKY01 ตึกวิทย์ ขาด มืดมาก ปล่อยไว้นานแล้ว,ไฟเพดานห้อง PKY01 คณะวิทยาศาสตร์ ดับ มองกระดานไม่เห็น ขอบคุณครับ,1,0.81,หมวดอาคารและสิ่งอำนวยความสะดวก
614,คิวต่อแถวรอรถเมล์มอที่ ตึก ICT แน่นมาก รถมีไม่เพียงพอ ขอบคุณครับ,ช่วยประสานงานทีครับ นิสิตต่อคิวรอรถเมล์ตรง ตึกเทคโนโลยีสารสนเทศและการสื่อสาร ยาวล้นออกมานอกฟุตบาท,1,0.94,หมวดการเดินทางและระบบขนส่ง
615,ขอนับชั่วโมงกิจกรรมจิตอาสา กดยื่นในระบบแล้วยังไม่อนุมัติ ช่วยตรวจสอบทีครับ,แอดมินครับ ชั่วโมงกิจกรรมสะสมไม่ขึ้นในระบบ UP Pass ติดต่อใคร เดือดร้อนมากค่ะ ขอบคุณค่ะ,1,0.82,หมวดบริการทั่วไป / อื่นๆ
616,นิสิตเดือดร้อนมากค่ะ ไฟกิ่งส่องสว่างทางเดินไป ตึก ICT ดับ มืดและเปลี่ยวมาก,ช่วยตรวจสอบหน่อยครับ รถยนต์จอดขวางทางเลี้ยวบริเวณ ตึกวิทย์ ขับผ่านไม่ได้เลย ขอบคุณครับ,0,0.29,หมวดความปลอดภัยและจราจร (ต่างประเด็น)
617,ช่วยประสานงานทีครับ รถเมล์ มพ. ไม่จอดรับนิสิตที่ป้าย ตึก ICT ช่วยตรวจสอบทีครับ,นิสิตเดือดร้อนมากค่ะ เอกสารทุนการศึกษา มพ. ส่งได้ถึงวันไหนครับ,0,0.13,ต่างหมวดหมู่
618,ช่วยประสานงานทีครับ หญ้าขึ้นสูงรกมากข้างทางเดินไป ลานจอดรถหน้ามอ กลัวงู ช่วยตรวจสอบทีครับ,ช่วยตรวจสอบหน่อยครับ เน็ตตึก ลานจอดรถหน้ามอ ดับทั้งตึก เชื่อมต่อสัญญาณไม่ได้ เดือดร้อนมากค่ะ ขอบคุณค่ะ,0,0.15,ต่างหมวดหมู่
619,รบกวนเจ้าหน้าที่ครับ ลืมกระเป๋าสตางค์ไว้ที่ ตึก ICT มีใครเก็บได้บ้างครับ เดือดร้อนมากค่ะ ขอบคุณค่ะ,ขอร้องเรียนค่ะ เอกสารทุนการศึกษา มพ. ส่งได้ถึงวันไหนครับ เป็นแบบนี้มาหลายวันแล้วครับ,0,0.2,หมวดบริการทั่วไป / อื่นๆ (ต่างประเด็น)
620,แจ้งเรื่องครับ: ลืมรหัสผ่าน UP Mail ขอยื่นรีเซ็ตรหัสผ่านเมลองค์กร ช่วยตรวจสอบทีครับ,นิสิตเดือดร้อนมากค่ะ ตารางเรียนชนกันครับ เข้าระบบแล้วเลือกเวลาทับซ้อนกัน ขอบคุณครับ,0,0.16,ต่างหมวดหมู่
621,ด่วนมาก! รถเมล์ มพ. ไม่จอดรับนิสิตที่ป้าย ตึก CE รบกวนเจ้าหน้าที่แก้ไขด่วนครับ,แจ้งเรื่องครับ: ขยะล้นถังขยะตรง ตึกสงวนเสริมศรี เหม็นมาก ไม่มีใครมาเก็บ ช่วยตรวจสอบทีครับ,0,0.05,ต่างหมวดหมู่
622,ขอร้องเรียนค่ะ แอร์ห้อง 1202 หอพักนิสิต UP DORM เสีย ไม่เย็นเลย ร้อนมาก ช่วยตรวจสอบทีครับ,ช่วยตรวจสอบหน่อยครับ ไฟเพดานห้อง 2201 หอพักนิสิต UP DORM ดับ มองกระดานไม่เห็น รบกวนเจ้าหน้าที่แก้ไขด่วนครับ,0,0.23,หมวดอาคารและสิ่งอำนวยความสะดวก (ต่างประเด็น)
623,ด่วนมาก! พบสุนัขจรจัดดุวิ่งไล่กวดนิสิตบริเวณ ตึก PKY ช่วยตรวจสอบทีครับ,นิสิตเดือดร้อนมากค่ะ ยื่นขอหนังสือรับรองการเป็นนิสิตผ่านช่องทางออนไลน์ยังไง รบกวนเจ้าหน้าที่แก้ไขด่วนครับ,0,0.07,ต่างหมวดหมู่
624,ขอร้องเรียนค่ะ ไฟกิ่งส่องสว่างทางเดินไป ลานจอดรถหน้ามอ ดับ มืดและเปลี่ยวมาก,ด่วนมาก! เสาไฟทางเดินตรง ประตูทางเข้าหน้ามอ ไม่ติด มืดมากกลัวอันตราย เดือดร้อนมากค่ะ ขอบคุณค่ะ,1,0.94,หมวดความปลอดภัยและจราจร
625,เศษขยะเกลื่อนกลาดรอบโต๊ะม้าหินอ่อน ตึกคณะนิติศาสตร์ ขอบคุณครับ,นิสิตเดือดร้อนมากค่ะ บริเวณที่นั่งเล่น อาคารเรียนนิติศาสตร์ ขยะเต็มโต๊ะ ไม่มีคนกวาด ปล่อยไว้นานแล้ว,1,0.87,หมวดภูมิทัศน์และความสะอาด
626,ช่วยตรวจสอบหน่อยครับ กิ่งไม้ขนาดใหญ่หักหล่นขวางถนนตรง ตึกสงวนเสริมศรี ช่วยตรวจสอบทีครับ,ช่วยประสานงานทีครับ รถยนต์จอดขวางทางเลี้ยวบริเวณ ตึก CE ขับผ่านไม่ได้เลย ปล่อยไว้นานแล้ว,0,0.11,ต่างหมวดหมู่
627,ด่วนมาก! บัตรนิสิตหาย ต้องการทำบัตรใหม่ต้องเตรียมอะไรบ้าง เดือดร้อนมากค่ะ ขอบคุณค่ะ,ด่วนมาก! ทำบัตรประจำตัวนิสิตใหม่ ติดต่อสำนักทะเบียนห้องไหนครับ,1,0.83,หมวดบริการทั่วไป / อื่นๆ
628,แอดมินครับ บัตรนิสิตหาย ต้องการทำบัตรใหม่ต้องเตรียมอะไรบ้าง รบกวนเจ้าหน้าที่แก้ไขด่วนครับ,ขอร้องเรียนค่ะ ตึกวิทย์ ชั้น 2 ห้องน้ำน้ำหยุดไหล สกปรกมาก ช่วยตรวจสอบทีครับ,0,0.1,ต่างหมวดหมู่
629,ช่วยตรวจสอบหน่อยครับ เข้าใช้งานระบบ UP Pass ไม่ได้ ล็อกอินแล้วเด้งออก เดือดร้อนมากค่ะ ขอบคุณค่ะ,รบกวนเจ้าหน้าที่ครับ เข้าอีเมลมหาวิทยาลัยไม่ได้ จำรหัสผ่านไม่ได้ครับ,0,0.2,หมวดเทคโนโลยีสารสนเทศ (ต่างประเด็น)
630,ช่วยตรวจสอบหน่อยครับ เข้าใช้งานระบบ UP Pass ไม่ได้ ล็อกอินแล้วเด้งออก ขอบคุณครับ,แจ้งเรื่องครับ: เน็ต UP-WiFi ที่ ลานจอดรถหน้ามอ ช้ามาก สัญญาณหลุดตลอดเวลา ช่วยตรวจสอบทีครับ,0,0.34,หมวดเทคโนโลยีสารสนเทศ (ต่างประเด็น)
631,ด่วนมาก! คนขับรถเมล์ มพ. สาย 1 ขับเร็วและหวาดเสียวมาก เป็นแบบนี้มาหลายวันแล้วครับ,ขอร้องเรียนค่ะ รถเมล์มอสาย 1 ขับปาดซ้ายปาดขวา เบรกแรง กลัวอันตราย ปล่อยไว้นานแล้ว,1,0.97,หมวดการเดินทางและระบบขนส่ง
632,ขอร้องเรียนค่ะ เกิดอุบัติเหตุรถเฉี่ยวชนกันตรงทางแยก ตึก PKY เดือดร้อนมากค่ะ ขอบคุณค่ะ,รถมอเตอร์ไซค์ชนกันบริเวณ อาคารภักดี มีผู้ได้รับบาดเจ็บ รบกวนเจ้าหน้าที่แก้ไขด่วนครับ,1,0.79,หมวดความปลอดภัยและจราจร
633,แจ้งเรื่องครับ: ป้ายรถเมล์บริเวณ ลานจอดรถหน้ามอ ไม่มีหลังคาบังแดดบังฝน ปล่อยไว้นานแล้ว,ช่วยตรวจสอบหน่อยครับ จุดรอรถเมล์มอตรง ประตู 1 ม.พะเยา ฝนตกเปียกหมด ไม่มีศาลาพักคอย ช่วยตรวจสอบทีครับ,1,0.91,หมวดการเดินทางและระบบขนส่ง
634,ด่วนมาก! ก๊อกน้ำอ่างล้างมือ หอสมุด หัก น้ำพุ่งกระเด็น รบกวนเจ้าหน้าที่แก้ไขด่วนครับ,ขอร้องเรียนค่ะ ลิฟต์โดยสารที่ ตึก PKY ชำรุด กดแล้วไม่ขยับ ประตูเปิดไม่ได้ รบกวนเจ้าหน้าที่แก้ไขด่วนครับ,0,0.22,หมวดอาคารและสิ่งอำนวยความสะดวก (ต่างประเด็น)
635,บัตรนิสิตหาย ต้องการทำบัตรใหม่ต้องเตรียมอะไรบ้าง เดือดร้อนมากค่ะ ขอบคุณค่ะ,แอดมินครับ ทำบัตรประจำตัวนิสิตใหม่ ติดต่อสำนักทะเบียนห้องไหนครับ,1,0.81,หมวดบริการทั่วไป / อื่นๆ
636,ด่วนมาก! ไฟกิ่งส่องสว่างทางเดินไป ตึกสงวนเสริมศรี ดับ มืดและเปลี่ยวมาก เดือดร้อนมากค่ะ ขอบคุณค่ะ,ช่วยประสานงานทีครับ เสาไฟทางเดินตรง อาคารสงวน ไม่ติด มืดมากกลัวอันตราย ขอบคุณครับ,1,0.81,หมวดความปลอดภัยและจราจร
637,แจ้งเรื่องครับ: ลิฟต์ หอสมุด ประตูค้าง เปิดไม่ออก เดือดร้อนมากค่ะ ขอบคุณค่ะ,นิสิตเดือดร้อนมากค่ะ ลิฟต์โดยสารที่ อาคารหอสมุด ชำรุด กดแล้วไม่ขยับ ประตูเปิดไม่ได้,1,0.87,หมวดอาคารและสิ่งอำนวยความสะดวก
638,แจ้งเรื่องครับ: ตารางเรียนวิชาบังคับชนกันสองวิชา แก้ไขยังไงได้บ้าง เดือดร้อนมากค่ะ ขอบคุณค่ะ,นิสิตเดือดร้อนมากค่ะ จุดรอรถเมล์มอตรง หอสมุด ฝนตกเปียกหมด ไม่มีศาลาพักคอย,0,0.19,ต่างหมวดหมู่
639,แจ้งเรื่องครับ: คิวต่อแถวรอรถเมล์มอที่ ตึก ICT แน่นมาก รถมีไม่เพียงพอ,ด่วนมาก! บริเวณที่นั่งเล่น หอสมุด ขยะเต็มโต๊ะ ไม่มีคนกวาด เดือดร้อนมากค่ะ ขอบคุณค่ะ,0,0.09,ต่างหมวดหมู่
640,นิสิตเดือดร้อนมากค่ะ เศษขยะเกลื่อนกลาดรอบโต๊ะม้าหินอ่อน หอสมุด ปล่อยไว้นานแล้ว,ทำบัตรประจำตัวนิสิตใหม่ ติดต่อสำนักทะเบียนห้องไหนครับ เดือดร้อนมากค่ะ ขอบคุณค่ะ,0,0.11,ต่างหมวดหมู่
641,แจ้งเรื่องครับ: กล้องวงจรปิดบริเวณ ตึก ICT ดับ เสียมาหลายวัน เดือดร้อนมากค่ะ ขอบคุณค่ะ,เข้าอีเมลมหาวิทยาลัยไม่ได้ จำรหัสผ่านไม่ได้ครับ เดือดร้อนมากค่ะ ขอบคุณค่ะ,0,0.05,ต่างหมวดหมู่
642,แจ้งเรื่องครับ: กล้องวงจรปิดบริเวณ หอพักนิสิต UP DORM ดับ เสียมาหลายวัน รบกวนเจ้าหน้าที่แก้ไขด่วนครับ,รบกวนเจ้าหน้าที่ครับ กล้อง CCTV ตรง หอใน ใช้งานไม่ได้ อยากขอเปิดดูของหาย เดือดร้อนมากค่ะ ขอบคุณค่ะ,1,0.88,หมวดความปลอดภัยและจราจร
643,แจ้งเรื่องครับ: ระบบลงทะเบียนเรียน Reg ล่ม เข้าสู่ระบบไม่ได้ตั้งแต่เช้า เดือดร้อนมากค่ะ ขอบคุณค่ะ,ช่วยตรวจสอบหน่อยครับ เว็บ reg.up.ac.th ล่ม กดเลือกวิชาไม่ได้เลยครับ รบกวนเจ้าหน้าที่แก้ไขด่วนครับ,1,0.83,หมวดเทคโนโลยีสารสนเทศ
644,คิวต่อแถวรอรถเมล์มอที่ ตึก CE แน่นมาก รถมีไม่เพียงพอ,แจ้งเรื่องครับ: นิสิตต่อคิวรอรถเมล์ตรง อาคารเรียนรวม CE ยาวล้นออกมานอกฟุตบาท ช่วยตรวจสอบทีครับ,1,0.87,หมวดการเดินทางและระบบขนส่ง
645,ต้องการขอดรอปรายวิชา ติดต่อทำเรื่องที่ไหนครับ รบกวนเจ้าหน้าที่แก้ไขด่วนครับ,ช่วยตรวจสอบหน่อยครับ ยื่นคำร้องขอถอนรายวิชาล่าช้า ต้องให้อาจารย์ท่านไหนเซ็น ช่วยตรวจสอบทีครับ,0,0.37,หมวดการเรียนการสอนและวิชาการ (ต่างประเด็น)
646,ลืมรหัสผ่าน UP Mail ขอยื่นรีเซ็ตรหัสผ่านเมลองค์กร ช่วยตรวจสอบทีครับ,ด่วนมาก! เข้าอีเมลมหาวิทยาลัยไม่ได้ จำรหัสผ่านไม่ได้ครับ ช่วยตรวจสอบทีครับ,1,0.84,หมวดเทคโนโลยีสารสนเทศ
647,ด่วนมาก! กิ่งไม้ขนาดใหญ่หักหล่นขวางถนนตรง ตึกสงวนเสริมศรี ขอบคุณครับ,ช่วยประสานงานทีครับ มีต้นไม้ล้มทับทางเดินข้าง ศูนย์อาหารสงวน สัญจรลำบากมาก รบกวนเจ้าหน้าที่แก้ไขด่วนครับ,1,0.92,หมวดภูมิทัศน์และความสะอาด
648,ช่วยตรวจสอบหน่อยครับ ไฟกิ่งส่องสว่างทางเดินไป หอสมุด ดับ มืดและเปลี่ยวมาก เป็นแบบนี้มาหลายวันแล้วครับ,แจ้งเรื่องครับ: มีต้นไม้ล้มทับทางเดินข้าง ตึก CE สัญจรลำบากมาก ช่วยตรวจสอบทีครับ,0,0.11,ต่างหมวดหมู่
649,รบกวนเจ้าหน้าที่ครับ ขอใบรับรองสถานภาพนิสิตภาษาอังกฤษ ใช้เวลากี่วันได้ ขอบคุณครับ,แอดมินครับ ยื่นขอหนังสือรับรองการเป็นนิสิตผ่านช่องทางออนไลน์ยังไง ปล่อยไว้นานแล้ว,1,0.84,หมวดบริการทั่วไป / อื่นๆ
650,แจ้งเรื่องครับ: พบสุนัขจรจัดดุวิ่งไล่กวดนิสิตบริเวณ หอสมุด เป็นแบบนี้มาหลายวันแล้วครับ,แอดมินครับ หมาจรจัดตรง ห้องสมุดกลาง ดุมาก เห่าและวิ่งไล่รถมอเตอร์ไซค์ ช่วยตรวจสอบทีครับ,1,0.89,หมวดความปลอดภัยและจราจร
651,ช่วยตรวจสอบหน่อยครับ หญ้าขึ้นสูงรกมากข้างทางเดินไป ตึกสงวนเสริมศรี กลัวงู ช่วยตรวจสอบทีครับ,ด่วนมาก! แอปพลิเคชัน UP Pass เข้าไม่ได้ ขึ้น error ตลอดเวลา ปล่อยไว้นานแล้ว,0,0.1,ต่างหมวดหมู่
652,แอดมินครับ ห้องน้ำหญิง ตึกวิทย์ สกปรกมาก ไม่มีแม่บ้านดูแล ขอบคุณครับ,แจ้งเรื่องครับ: คณะวิทยาศาสตร์ ห้องน้ำสกปรก พื้นแฉะและส่งกลิ่นเหม็น เป็นแบบนี้มาหลายวันแล้วครับ,1,0.95,หมวดภูมิทัศน์และความสะอาด
653,แอดมินครับ ระบบลงทะเบียนเรียน Reg ล่ม เข้าสู่ระบบไม่ได้ตั้งแต่เช้า ปล่อยไว้นานแล้ว,นิสิตเดือดร้อนมากค่ะ เว็บ reg.up.ac.th ล่ม กดเลือกวิชาไม่ได้เลยครับ รบกวนเจ้าหน้าที่แก้ไขด่วนครับ,1,0.84,หมวดเทคโนโลยีสารสนเทศ
654,แอดมินครับ อาจารย์ไม่เข้าสอนตามตารางเรียนและไม่แจ้งล่วงหน้า เดือดร้อนมากค่ะ ขอบคุณค่ะ,แจ้งเรื่องครับ: คลาสเรียนวันนี้อาจารย์ไม่มาสอน นิสิตมารอเต็มห้อง ขอบคุณครับ,1,0.83,หมวดการเรียนการสอนและวิชาการ
655,ช่วยประสานงานทีครับ ลืมกระเป๋าสตางค์ไว้ที่ ลานจอดรถหน้ามอ มีใครเก็บได้บ้างครับ ขอบคุณครับ,แอดมินครับ วิชาบังคับเซคเต็มทุกเซค ขอเปิดเพิ่มอีกเซคได้ไหมครับ,0,0.03,ต่างหมวดหมู่
656,ขอร้องเรียนค่ะ เกิดอุบัติเหตุรถเฉี่ยวชนกันตรงทางแยก ตึก ICT ช่วยตรวจสอบทีครับ,รบกวนเจ้าหน้าที่ครับ รถมอเตอร์ไซค์ชนกันบริเวณ ตึกเทคโนโลยีสารสนเทศและการสื่อสาร มีผู้ได้รับบาดเจ็บ,1,0.95,หมวดความปลอดภัยและจราจร
657,ช่วยประสานงานทีครับ ลืมรหัสผ่าน UP Mail ขอยื่นรีเซ็ตรหัสผ่านเมลองค์กร ช่วยตรวจสอบทีครับ,ช่วยตรวจสอบหน่อยครับ ป้าย หอพักนิสิต UP DORM รถเมล์มอขับเลยไป ไม่ยอมจอดรับผู้โดยสาร ปล่อยไว้นานแล้ว,0,0.14,ต่างหมวดหมู่
658,แอดมินครับ ระบบลงทะเบียนเรียน Reg ล่ม เข้าสู่ระบบไม่ได้ตั้งแต่เช้า ช่วยตรวจสอบทีครับ,นิสิตเดือดร้อนมากค่ะ อ่างล้างหน้า ตึก CE ท่อน้ำแตก น้ำนองเต็มพื้น ขอบคุณครับ,0,0.03,ต่างหมวดหมู่
659,ขอร้องเรียนค่ะ ตารางสอบปลายภาคชนกันในวันเดียวกันสองวิชา,ช่วยประสานงานทีครับ วันสอบปลายภาคเวลาตรงกันสองรายวิชา ขอสอบชดเชยได้ไหม ช่วยตรวจสอบทีครับ,1,0.91,หมวดการเรียนการสอนและวิชาการ
660,ด่วนมาก! มีซากสัตว์ตายส่งกลิ่นเหม็นเน่าที่ ตึก CE ขอบคุณครับ,ช่วยประสานงานทีครับ บริเวณทางเดินไป ตึก ICT หญ้ารกมาก ช่วยตัดหญ้าทีครับ เดือดร้อนมากค่ะ ขอบคุณค่ะ,0,0.27,หมวดภูมิทัศน์และความสะอาด (ต่างประเด็น)
661,รบกวนเจ้าหน้าที่ครับ เข้าใช้งานระบบ UP Pass ไม่ได้ ล็อกอินแล้วเด้งออก ขอบคุณครับ,นิสิตเดือดร้อนมากค่ะ เน็ต UP-WiFi ที่ ตึกวิทย์ ช้ามาก สัญญาณหลุดตลอดเวลา,0,0.19,หมวดเทคโนโลยีสารสนเทศ (ต่างประเด็น)
662,แอดมินครับ บัตรนิสิตหาย ต้องการทำบัตรใหม่ต้องเตรียมอะไรบ้าง ช่วยตรวจสอบทีครับ,ด่วนมาก! ทำบัตรประจำตัวนิสิตใหม่ ติดต่อสำนักทะเบียนห้องไหนครับ เป็นแบบนี้มาหลายวันแล้วครับ,1,0.78,หมวดบริการทั่วไป / อื่นๆ
663,ช่วยตรวจสอบหน่อยครับ เกิดอุบัติเหตุรถเฉี่ยวชนกันตรงทางแยก ตึกสงวนเสริมศรี เดือดร้อนมากค่ะ ขอบคุณค่ะ,ด่วนมาก! เสาไฟทางเดินตรง ลานจอดรถหน้ามอ ไม่ติด มืดมากกลัวอันตราย,0,0.36,หมวดความปลอดภัยและจราจร (ต่างประเด็น)
664,รบกวนเจ้าหน้าที่ครับ ประตูห้องน้ำชาย ตึก ICT ลูกบิดพัง ล็อคไม่ได้ ช่วยตรวจสอบทีครับ,ด่วนมาก! ลิฟต์โดยสารที่ ตึกวิทย์ ชำรุด กดแล้วไม่ขยับ ประตูเปิดไม่ได้ ปล่อยไว้นานแล้ว,0,0.32,หมวดอาคารและสิ่งอำนวยความสะดวก (ต่างประเด็น)
665,แอดมินครับ อินเทอร์เน็ตที่ ลานจอดรถหน้ามอ ใช้งานไม่ได้เลย สัญญาณกากบาท รบกวนเจ้าหน้าที่แก้ไขด่วนครับ,ช่วยตรวจสอบหน่อยครับ เน็ตตึก ลานจอดรถหน้ามอ ดับทั้งตึก เชื่อมต่อสัญญาณไม่ได้ ขอบคุณครับ,1,0.93,หมวดเทคโนโลยีสารสนเทศ
666,นิสิตเดือดร้อนมากค่ะ สัญญาณ WiFi UP-WiFi ที่ ลานจอดรถหน้ามอ หลุดบ่อยมาก ช้ามาก รบกวนเจ้าหน้าที่แก้ไขด่วนครับ,ช่วยตรวจสอบหน่อยครับ เน็ตตึก หอพักนิสิต UP DORM ดับทั้งตึก เชื่อมต่อสัญญาณไม่ได้ ช่วยตรวจสอบทีครับ,0,0.28,หมวดเทคโนโลยีสารสนเทศ (ต่างประเด็น)
667,แจ้งเรื่องครับ: อาจารย์ไม่เข้าสอนตามตารางเรียนและไม่แจ้งล่วงหน้า,ขอร้องเรียนค่ะ เอกสารทุนการศึกษา มพ. ส่งได้ถึงวันไหนครับ ขอบคุณครับ,0,0.04,ต่างหมวดหมู่
668,ขอร้องเรียนค่ะ เกิดอุบัติเหตุรถเฉี่ยวชนกันตรงทางแยก ลานจอดรถหน้ามอ,แจ้งเรื่องครับ: รถมอเตอร์ไซค์ชนกันบริเวณ ประตู 1 ม.พะเยา มีผู้ได้รับบาดเจ็บ,1,0.78,หมวดความปลอดภัยและจราจร
669,แจ้งเรื่องครับ: ลืมรหัสผ่าน UP Mail ขอยื่นรีเซ็ตรหัสผ่านเมลองค์กร,แจ้งเรื่องครับ: เข้าอีเมลมหาวิทยาลัยไม่ได้ จำรหัสผ่านไม่ได้ครับ เดือดร้อนมากค่ะ ขอบคุณค่ะ,1,0.83,หมวดเทคโนโลยีสารสนเทศ
670,แอดมินครับ รถเมล์ มพ. ไม่จอดรับนิสิตที่ป้าย ตึก ICT,ช่วยประสานงานทีครับ รถมอเตอร์ไซค์ชนกันบริเวณ ตึก PKY มีผู้ได้รับบาดเจ็บ,0,0.03,ต่างหมวดหมู่
671,แจ้งเรื่องครับ: คิวต่อแถวรอรถเมล์มอที่ ตึกสงวนเสริมศรี แน่นมาก รถมีไม่เพียงพอ เป็นแบบนี้มาหลายวันแล้วครับ,รบกวนเจ้าหน้าที่ครับ นิสิตต่อคิวรอรถเมล์ตรง ศูนย์อาหารสงวน ยาวล้นออกมานอกฟุตบาท รบกวนเจ้าหน้าที่แก้ไขด่วนครับ,1,0.87,หมวดการเดินทางและระบบขนส่ง
672,ช่วยตรวจสอบหน่อยครับ มีซากสัตว์ตายส่งกลิ่นเหม็นเน่าที่ ลานจอดรถหน้ามอ ช่วยตรวจสอบทีครับ,มีต้นไม้ล้มทับทางเดินข้าง ตึกวิทย์ สัญจรลำบากมาก เดือดร้อนมากค่ะ ขอบคุณค่ะ,0,0.36,หมวดภูมิทัศน์และความสะอาด (ต่างประเด็น)
673,ขอร้องเรียนค่ะ หญ้าขึ้นสูงรกมากข้างทางเดินไป ตึกคณะนิติศาสตร์ กลัวงู รบกวนเจ้าหน้าที่แก้ไขด่วนครับ,รบกวนเจ้าหน้าที่ครับ บริเวณทางเดินไป หอสมุด หญ้ารกมาก ช่วยตัดหญ้าทีครับ เป็นแบบนี้มาหลายวันแล้วครับ,0,0.23,หมวดภูมิทัศน์และความสะอาด (ต่างประเด็น)
674,แจ้งเรื่องครับ: ลืมรหัสผ่าน UP Mail ขอยื่นรีเซ็ตรหัสผ่านเมลองค์กร เดือดร้อนมากค่ะ ขอบคุณค่ะ,แจ้งเรื่องครับ: เน็ตตึก ตึกวิทย์ ดับทั้งตึก เชื่อมต่อสัญญาณไม่ได้ เป็นแบบนี้มาหลายวันแล้วครับ,0,0.36,หมวดเทคโนโลยีสารสนเทศ (ต่างประเด็น)
675,นิสิตเดือดร้อนมากค่ะ คิวต่อแถวรอรถเมล์มอที่ ตึกวิทย์ แน่นมาก รถมีไม่เพียงพอ,ด่วนมาก! นิสิตต่อคิวรอรถเมล์ตรง อาคารคณะวิทย์ ยาวล้นออกมานอกฟุตบาท,1,0.79,หมวดการเดินทางและระบบขนส่ง
676,ขอร้องเรียนค่ะ เข้าใช้งานระบบ UP Pass ไม่ได้ ล็อกอินแล้วเด้งออก,ช่วยตรวจสอบหน่อยครับ แอปพลิเคชัน UP Pass เข้าไม่ได้ ขึ้น error ตลอดเวลา รบกวนเจ้าหน้าที่แก้ไขด่วนครับ,1,0.88,หมวดเทคโนโลยีสารสนเทศ
677,ขอร้องเรียนค่ะ ไฟกิ่งส่องสว่างทางเดินไป ตึกคณะนิติศาสตร์ ดับ มืดและเปลี่ยวมาก เป็นแบบนี้มาหลายวันแล้วครับ,แจ้งเรื่องครับ: เสาไฟทางเดินตรง ตึกคณะนิติศาสตร์ ไม่ติด มืดมากกลัวอันตราย ช่วยตรวจสอบทีครับ,1,0.91,หมวดความปลอดภัยและจราจร
678,ช่วยประสานงานทีครับ หลอดไฟในห้องเรียน 1201 ตึก PKY ขาด มืดมาก ช่วยตรวจสอบทีครับ,ด่วนมาก! ชั่วโมงกิจกรรมสะสมไม่ขึ้นในระบบ UP Pass ติดต่อใคร ปล่อยไว้นานแล้ว,0,0.13,ต่างหมวดหมู่
679,แจ้งเรื่องครับ: ลืมรหัสผ่าน UP Mail ขอยื่นรีเซ็ตรหัสผ่านเมลองค์กร ปล่อยไว้นานแล้ว,แจ้งเรื่องครับ: เข้าอีเมลมหาวิทยาลัยไม่ได้ จำรหัสผ่านไม่ได้ครับ,1,0.93,หมวดเทคโนโลยีสารสนเทศ
680,ขอใบรับรองสถานภาพนิสิตภาษาอังกฤษ ใช้เวลากี่วันได้ ช่วยตรวจสอบทีครับ,ช่วยตรวจสอบหน่อยครับ ยื่นขอหนังสือรับรองการเป็นนิสิตผ่านช่องทางออนไลน์ยังไง,1,0.81,หมวดบริการทั่วไป / อื่นๆ
681,ด่วนมาก! ขอนับชั่วโมงกิจกรรมจิตอาสา กดยื่นในระบบแล้วยังไม่อนุมัติ,แจ้งเรื่องครับ: เข้าอีเมลมหาวิทยาลัยไม่ได้ จำรหัสผ่านไม่ได้ครับ ช่วยตรวจสอบทีครับ,0,0.11,ต่างหมวดหมู่
682,ช่วยตรวจสอบหน่อยครับ คิวต่อแถวรอรถเมล์มอที่ ตึก PKY แน่นมาก รถมีไม่เพียงพอ เป็นแบบนี้มาหลายวันแล้วครับ,นิสิตต่อคิวรอรถเมล์ตรง อาคารภักดี ยาวล้นออกมานอกฟุตบาท,1,0.83,หมวดการเดินทางและระบบขนส่ง
683,นิสิตเดือดร้อนมากค่ะ กล้องวงจรปิดบริเวณ ตึก CE ดับ เสียมาหลายวัน เดือดร้อนมากค่ะ ขอบคุณค่ะ,ช่วยประสานงานทีครับ กล้อง CCTV ตรง ตึก CE ใช้งานไม่ได้ อยากขอเปิดดูของหาย รบกวนเจ้าหน้าที่แก้ไขด่วนครับ,1,0.83,หมวดความปลอดภัยและจราจร
684,รบกวนเจ้าหน้าที่ครับ ต้องการขอดรอปรายวิชา ติดต่อทำเรื่องที่ไหนครับ ช่วยตรวจสอบทีครับ,ขอร้องเรียนค่ะ วิชาบังคับเซคเต็มทุกเซค ขอเปิดเพิ่มอีกเซคได้ไหมครับ รบกวนเจ้าหน้าที่แก้ไขด่วนครับ,0,0.29,หมวดการเรียนการสอนและวิชาการ (ต่างประเด็น)
685,แอดมินครับ ลืมกระเป๋าสตางค์ไว้ที่ ตึกวิทย์ มีใครเก็บได้บ้างครับ ปล่อยไว้นานแล้ว,เอกสารทุนการศึกษา มพ. ส่งได้ถึงวันไหนครับ,0,0.28,หมวดบริการทั่วไป / อื่นๆ (ต่างประเด็น)
686,ช่วยตรวจสอบหน่อยครับ ตารางสอบปลายภาคชนกันในวันเดียวกันสองวิชา ปล่อยไว้นานแล้ว,แจ้งเรื่องครับ: วันสอบปลายภาคเวลาตรงกันสองรายวิชา ขอสอบชดเชยได้ไหม ปล่อยไว้นานแล้ว,1,0.97,หมวดการเรียนการสอนและวิชาการ
687,ขอร้องเรียนค่ะ ไฟกิ่งส่องสว่างทางเดินไป ตึก CE ดับ มืดและเปลี่ยวมาก เดือดร้อนมากค่ะ ขอบคุณค่ะ,รบกวนเจ้าหน้าที่ครับ ป้าย หอพักนิสิต UP DORM รถเมล์มอขับเลยไป ไม่ยอมจอดรับผู้โดยสาร ช่วยตรวจสอบทีครับ,0,0.1,ต่างหมวดหมู่
688,ด่วนมาก! ลืมกระเป๋าสตางค์ไว้ที่ ตึกคณะบริหาร มีใครเก็บได้บ้างครับ เดือดร้อนมากค่ะ ขอบคุณค่ะ,นิสิตเดือดร้อนมากค่ะ เน็ต UP-WiFi ที่ ตึกสงวนเสริมศรี ช้ามาก สัญญาณหลุดตลอดเวลา เป็นแบบนี้มาหลายวันแล้วครับ,0,0.04,ต่างหมวดหมู่
689,แอดมินครับ บัตรนิสิตหาย ต้องการทำบัตรใหม่ต้องเตรียมอะไรบ้าง ขอบคุณครับ,ยื่นขอหนังสือรับรองการเป็นนิสิตผ่านช่องทางออนไลน์ยังไง ปล่อยไว้นานแล้ว,0,0.4,หมวดบริการทั่วไป / อื่นๆ (ต่างประเด็น)
690,ช่วยประสานงานทีครับ อินเทอร์เน็ตที่ ตึก CE ใช้งานไม่ได้เลย สัญญาณกากบาท,แจ้งเรื่องครับ: ทำบัตรประจำตัวนิสิตใหม่ ติดต่อสำนักทะเบียนห้องไหนครับ,0,0.09,ต่างหมวดหมู่
691,ขอร้องเรียนค่ะ หญ้าขึ้นสูงรกมากข้างทางเดินไป ตึก PKY กลัวงู ช่วยตรวจสอบทีครับ,ขอร้องเรียนค่ะ บริเวณทางเดินไป ตึกพัชรกิตติยาภา หญ้ารกมาก ช่วยตัดหญ้าทีครับ ขอบคุณครับ,1,0.95,หมวดภูมิทัศน์และความสะอาด
692,รบกวนเจ้าหน้าที่ครับ รถเมล์ มพ. สาย 1 รอนานเกิน 45 นาทีแล้วไม่มา ขอบคุณครับ,ช่วยตรวจสอบหน่อยครับ รอรถเมล์มอสาย 1 นานมาก รถขาดช่วง นิสิตไปเรียนไม่ทัน เป็นแบบนี้มาหลายวันแล้วครับ,1,0.84,หมวดการเดินทางและระบบขนส่ง
693,กล้องวงจรปิดบริเวณ ตึก CE ดับ เสียมาหลายวัน ช่วยตรวจสอบทีครับ,ด่วนมาก! กล้อง CCTV ตรง อาคารเรียนรวม ใช้งานไม่ได้ อยากขอเปิดดูของหาย ช่วยตรวจสอบทีครับ,1,0.94,หมวดความปลอดภัยและจราจร
694,ด่วนมาก! พบสุนัขจรจัดดุวิ่งไล่กวดนิสิตบริเวณ ตึก ICT เป็นแบบนี้มาหลายวันแล้วครับ,ช่วยตรวจสอบหน่อยครับ รถมอเตอร์ไซค์ชนกันบริเวณ หอพักนิสิต UP DORM มีผู้ได้รับบาดเจ็บ ปล่อยไว้นานแล้ว,0,0.3,หมวดความปลอดภัยและจราจร (ต่างประเด็น)
695,แจ้งเรื่องครับ: ป้ายรถเมล์บริเวณ ตึกคณะบริหาร ไม่มีหลังคาบังแดดบังฝน ขอบคุณครับ,จุดรอรถเมล์มอตรง ตึกบิสิเนส ฝนตกเปียกหมด ไม่มีศาลาพักคอย รบกวนเจ้าหน้าที่แก้ไขด่วนครับ,1,0.78,หมวดการเดินทางและระบบขนส่ง
696,นิสิตเดือดร้อนมากค่ะ ต้องการขอดรอปรายวิชา ติดต่อทำเรื่องที่ไหนครับ ปล่อยไว้นานแล้ว,ขอร้องเรียนค่ะ บริเวณที่นั่งเล่น ตึก ICT ขยะเต็มโต๊ะ ไม่มีคนกวาด เป็นแบบนี้มาหลายวันแล้วครับ,0,0.07,ต่างหมวดหมู่
697,รบกวนเจ้าหน้าที่ครับ รถเมล์ มพ. สาย 3 รอนานเกิน 45 นาทีแล้วไม่มา ขอบคุณครับ,ด่วนมาก! รอรถเมล์มอสาย 3 นานมาก รถขาดช่วง นิสิตไปเรียนไม่ทัน ปล่อยไว้นานแล้ว,1,0.93,หมวดการเดินทางและระบบขนส่ง
698,แอดมินครับ ระบบบันทึกเกรดมีปัญหา เกรดยังไม่ออกสักวิชา ขอบคุณครับ,ด่วนมาก! เข้าอีเมลมหาวิทยาลัยไม่ได้ จำรหัสผ่านไม่ได้ครับ,0,0.14,ต่างหมวดหมู่
699,ขอร้องเรียนค่ะ ปลั๊กไฟห้อง 3101 ลานจอดรถหน้ามอ ช็อต มีควันขึ้น ช่วยตรวจสอบทีครับ,ช่วยตรวจสอบหน่อยครับ อ่างล้างหน้า ตึกคณะบริหาร ท่อน้ำแตก น้ำนองเต็มพื้น,0,0.18,หมวดอาคารและสิ่งอำนวยความสะดวก (ต่างประเด็น)
700,ช่วยตรวจสอบหน่อยครับ อินเทอร์เน็ตที่ ตึกสงวนเสริมศรี ใช้งานไม่ได้เลย สัญญาณกากบาท ช่วยตรวจสอบทีครับ,แอดมินครับ เน็ตตึก อาคารสงวน ดับทั้งตึก เชื่อมต่อสัญญาณไม่ได้ รบกวนเจ้าหน้าที่แก้ไขด่วนครับ,1,0.79,หมวดเทคโนโลยีสารสนเทศ
701,แจ้งเรื่องครับ: ก๊อกน้ำอ่างล้างมือ ตึกคณะนิติศาสตร์ หัก น้ำพุ่งกระเด็น ช่วยตรวจสอบทีครับ,นิสิตเดือดร้อนมากค่ะ เอกสารทุนการศึกษา มพ. ส่งได้ถึงวันไหนครับ ขอบคุณครับ,0,0.09,ต่างหมวดหมู่
702,แจ้งเรื่องครับ: ห้องน้ำหญิง ลานจอดรถหน้ามอ สกปรกมาก ไม่มีแม่บ้านดูแล เป็นแบบนี้มาหลายวันแล้วครับ,รบกวนเจ้าหน้าที่ครับ บริเวณทางเดินไป ตึกคณะนิติศาสตร์ หญ้ารกมาก ช่วยตัดหญ้าทีครับ,0,0.23,หมวดภูมิทัศน์และความสะอาด (ต่างประเด็น)
703,ด่วนมาก! ห้องน้ำหญิง ตึกคณะนิติศาสตร์ สกปรกมาก ไม่มีแม่บ้านดูแล รบกวนเจ้าหน้าที่แก้ไขด่วนครับ,ขอร้องเรียนค่ะ ตึกนิติ ห้องน้ำสกปรก พื้นแฉะและส่งกลิ่นเหม็น ปล่อยไว้นานแล้ว,1,0.87,หมวดภูมิทัศน์และความสะอาด
704,นิสิตเดือดร้อนมากค่ะ มีซากสัตว์ตายส่งกลิ่นเหม็นเน่าที่ หอพักนิสิต UP DORM ปล่อยไว้นานแล้ว,พบซากนกตายบริเวณ หอใน เริ่มส่งกลิ่น ช่วยส่งแม่บ้านมาเก็บที ช่วยตรวจสอบทีครับ,1,0.92,หมวดภูมิทัศน์และความสะอาด
705,แจ้งเรื่องครับ: ปลั๊กไฟห้อง 1101 หอพักนิสิต UP DORM ช็อต มีควันขึ้น ปล่อยไว้นานแล้ว,แอดมินครับ ป้าย หอพักนิสิต UP DORM รถเมล์มอขับเลยไป ไม่ยอมจอดรับผู้โดยสาร เป็นแบบนี้มาหลายวันแล้วครับ,0,0.03,ต่างหมวดหมู่
706,ช่วยประสานงานทีครับ ถังขยะบริเวณ หอสมุด ล้น ส่งกลิ่นเหม็นรบกวน,แจ้งเรื่องครับ: บริเวณที่นั่งเล่น ตึก CE ขยะเต็มโต๊ะ ไม่มีคนกวาด ช่วยตรวจสอบทีครับ,0,0.34,หมวดภูมิทัศน์และความสะอาด (ต่างประเด็น)
707,ช่วยประสานงานทีครับ บัตรนิสิตหาย ต้องการทำบัตรใหม่ต้องเตรียมอะไรบ้าง ขอบคุณครับ,แจ้งเรื่องครับ: ทำบัตรประจำตัวนิสิตใหม่ ติดต่อสำนักทะเบียนห้องไหนครับ,1,0.87,หมวดบริการทั่วไป / อื่นๆ
708,ไฟกิ่งส่องสว่างทางเดินไป ตึกคณะบริหาร ดับ มืดและเปลี่ยวมาก ช่วยตรวจสอบทีครับ,ช่วยประสานงานทีครับ จุดรอรถเมล์มอตรง ตึก ICT ฝนตกเปียกหมด ไม่มีศาลาพักคอย เดือดร้อนมากค่ะ ขอบคุณค่ะ,0,0.11,ต่างหมวดหมู่
709,รบกวนเจ้าหน้าที่ครับ ระบบลงทะเบียนเรียน Reg ล่ม เข้าสู่ระบบไม่ได้ตั้งแต่เช้า เป็นแบบนี้มาหลายวันแล้วครับ,ด่วนมาก! ฝนตกแล้วน้ำรั่วลงมาจากเพดาน ตึกสงวนเสริมศรี พื้นลื่นมาก เป็นแบบนี้มาหลายวันแล้วครับ,0,0.14,ต่างหมวดหมู่
710,รบกวนเจ้าหน้าที่ครับ คิวต่อแถวรอรถเมล์มอที่ ตึก PKY แน่นมาก รถมีไม่เพียงพอ เดือดร้อนมากค่ะ ขอบคุณค่ะ,นิสิตเดือดร้อนมากค่ะ นิสิตต่อคิวรอรถเมล์ตรง ตึก PKY ยาวล้นออกมานอกฟุตบาท ช่วยตรวจสอบทีครับ,1,0.89,หมวดการเดินทางและระบบขนส่ง
711,ช่วยประสานงานทีครับ หมวกกันน็อคหายที่ลานจอดรถ ตึก PKY,แอดมินครับ กล้อง CCTV ตรง ตึก CE ใช้งานไม่ได้ อยากขอเปิดดูของหาย เป็นแบบนี้มาหลายวันแล้วครับ,0,0.23,หมวดความปลอดภัยและจราจร (ต่างประเด็น)
712,ช่วยตรวจสอบหน่อยครับ มีซากสัตว์ตายส่งกลิ่นเหม็นเน่าที่ ตึกสงวนเสริมศรี เดือดร้อนมากค่ะ ขอบคุณค่ะ,แอดมินครับ พบซากนกตายบริเวณ โรงอาหารสงวน เริ่มส่งกลิ่น ช่วยส่งแม่บ้านมาเก็บที ปล่อยไว้นานแล้ว,1,0.81,หมวดภูมิทัศน์และความสะอาด
713,นิสิตเดือดร้อนมากค่ะ ไฟกิ่งส่องสว่างทางเดินไป ลานจอดรถหน้ามอ ดับ มืดและเปลี่ยวมาก ปล่อยไว้นานแล้ว,นิสิตเดือดร้อนมากค่ะ ห้อง 1101 หอสมุด แอร์พัง มีแต่ลมร้อน นั่งเรียนไม่ได้ ช่วยตรวจสอบทีครับ,0,0.15,ต่างหมวดหมู่
714,ถังขยะบริเวณ ตึก ICT ล้น ส่งกลิ่นเหม็นรบกวน ช่วยตรวจสอบทีครับ,แอดมินครับ รถมอเตอร์ไซค์ชนกันบริเวณ ตึกคณะนิติศาสตร์ มีผู้ได้รับบาดเจ็บ เดือดร้อนมากค่ะ ขอบคุณค่ะ,0,0.06,ต่างหมวดหมู่
715,รบกวนเจ้าหน้าที่ครับ อาจารย์ไม่เข้าสอนตามตารางเรียนและไม่แจ้งล่วงหน้า เป็นแบบนี้มาหลายวันแล้วครับ,ขอร้องเรียนค่ะ ประกาศเกรดยังไม่ขึ้นในระบบเลยครับ ติดต่อฝ่ายทะเบียนไม่ได้ ปล่อยไว้นานแล้ว,0,0.31,หมวดการเรียนการสอนและวิชาการ (ต่างประเด็น)
716,ป้ายรถเมล์บริเวณ ลานจอดรถหน้ามอ ไม่มีหลังคาบังแดดบังฝน เดือดร้อนมากค่ะ ขอบคุณค่ะ,แจ้งเรื่องครับ: จุดรอรถเมล์มอตรง ป้ายรถเมล์หน้ามอ ฝนตกเปียกหมด ไม่มีศาลาพักคอย ช่วยตรวจสอบทีครับ,1,0.97,หมวดการเดินทางและระบบขนส่ง
717,ช่วยตรวจสอบหน่อยครับ รถเมล์ มพ. ไม่จอดรับนิสิตที่ป้าย ตึก ICT เป็นแบบนี้มาหลายวันแล้วครับ,ช่วยตรวจสอบหน่อยครับ ป้าย ตึกเทคโนโลยีสารสนเทศและการสื่อสาร รถเมล์มอขับเลยไป ไม่ยอมจอดรับผู้โดยสาร ปล่อยไว้นานแล้ว,1,0.89,หมวดการเดินทางและระบบขนส่ง
718,ขอร้องเรียนค่ะ ลืมรหัสผ่าน UP Mail ขอยื่นรีเซ็ตรหัสผ่านเมลองค์กร รบกวนเจ้าหน้าที่แก้ไขด่วนครับ,ขอร้องเรียนค่ะ ลิฟต์โดยสารที่ ตึกวิทย์ ชำรุด กดแล้วไม่ขยับ ประตูเปิดไม่ได้,0,0.15,ต่างหมวดหมู่
719,ช่วยตรวจสอบหน่อยครับ เกิดอุบัติเหตุรถเฉี่ยวชนกันตรงทางแยก ตึก ICT เดือดร้อนมากค่ะ ขอบคุณค่ะ,ด่วนมาก! รถมอเตอร์ไซค์ชนกันบริเวณ ตึกเทคโนโลยีสารสนเทศและการสื่อสาร มีผู้ได้รับบาดเจ็บ เป็นแบบนี้มาหลายวันแล้วครับ,1,0.84,หมวดความปลอดภัยและจราจร
720,ด่วนมาก! ตารางเรียนวิชาบังคับชนกันสองวิชา แก้ไขยังไงได้บ้าง รบกวนเจ้าหน้าที่แก้ไขด่วนครับ,แจ้งเรื่องครับ: ประกาศเกรดยังไม่ขึ้นในระบบเลยครับ ติดต่อฝ่ายทะเบียนไม่ได้ ช่วยตรวจสอบทีครับ,0,0.19,หมวดการเรียนการสอนและวิชาการ (ต่างประเด็น)
721,ขอร้องเรียนค่ะ หลอดไฟในห้องเรียน 1201 ตึก CE ขาด มืดมาก เป็นแบบนี้มาหลายวันแล้วครับ,นิสิตเดือดร้อนมากค่ะ ฝนตกแล้วน้ำรั่วลงมาจากเพดาน ตึกสงวนเสริมศรี พื้นลื่นมาก เดือดร้อนมากค่ะ ขอบคุณค่ะ,0,0.38,หมวดอาคารและสิ่งอำนวยความสะดวก (ต่างประเด็น)
722,นิสิตเดือดร้อนมากค่ะ ขอเปิดเซคชั่นเพิ่มวิชาศึกษาทั่วไป นิสิตยังลงไม่ครบ เป็นแบบนี้มาหลายวันแล้วครับ,ช่วยตรวจสอบหน่อยครับ ตารางเรียนชนกันครับ เข้าระบบแล้วเลือกเวลาทับซ้อนกัน เดือดร้อนมากค่ะ ขอบคุณค่ะ,0,0.25,หมวดการเรียนการสอนและวิชาการ (ต่างประเด็น)
723,ช่วยตรวจสอบหน่อยครับ ระบบบันทึกเกรดมีปัญหา เกรดยังไม่ออกสักวิชา เดือดร้อนมากค่ะ ขอบคุณค่ะ,รบกวนเจ้าหน้าที่ครับ เข้าอีเมลมหาวิทยาลัยไม่ได้ จำรหัสผ่านไม่ได้ครับ ปล่อยไว้นานแล้ว,0,0.09,ต่างหมวดหมู่
724,รบกวนเจ้าหน้าที่ครับ หมวกกันน็อคหายที่ลานจอดรถ ตึกคณะนิติศาสตร์,จอดมอเตอร์ไซค์ไว้ที่ คณะนิติ หมวกกันน็อคโดนขโมยไปครับ ปล่อยไว้นานแล้ว,1,0.94,หมวดความปลอดภัยและจราจร
725,ด่วนมาก! หญ้าขึ้นสูงรกมากข้างทางเดินไป หอสมุด กลัวงู เดือดร้อนมากค่ะ ขอบคุณค่ะ,แจ้งเรื่องครับ: บริเวณทางเดินไป หอสมุด หญ้ารกมาก ช่วยตัดหญ้าทีครับ เป็นแบบนี้มาหลายวันแล้วครับ,1,0.81,หมวดภูมิทัศน์และความสะอาด
726,ด่วนมาก! รถเมล์ มพ. สาย 1 รอนานเกิน 45 นาทีแล้วไม่มา ช่วยตรวจสอบทีครับ,ขอร้องเรียนค่ะ เน็ต UP-WiFi ที่ ตึกวิทย์ ช้ามาก สัญญาณหลุดตลอดเวลา ช่วยตรวจสอบทีครับ,0,0.16,ต่างหมวดหมู่
727,ช่วยประสานงานทีครับ ถังขยะบริเวณ ตึกวิทย์ ล้น ส่งกลิ่นเหม็นรบกวน เดือดร้อนมากค่ะ ขอบคุณค่ะ,ขยะล้นถังขยะตรง ตึกวิทย์ เหม็นมาก ไม่มีใครมาเก็บ เดือดร้อนมากค่ะ ขอบคุณค่ะ,1,0.92,หมวดภูมิทัศน์และความสะอาด
728,ช่วยประสานงานทีครับ ขอนับชั่วโมงกิจกรรมจิตอาสา กดยื่นในระบบแล้วยังไม่อนุมัติ เดือดร้อนมากค่ะ ขอบคุณค่ะ,แจ้งเรื่องครับ: ชั่วโมงกิจกรรมสะสมไม่ขึ้นในระบบ UP Pass ติดต่อใคร เดือดร้อนมากค่ะ ขอบคุณค่ะ,1,0.87,หมวดบริการทั่วไป / อื่นๆ
729,ช่วยประสานงานทีครับ พบสุนัขจรจัดดุวิ่งไล่กวดนิสิตบริเวณ ตึกวิทย์ ขอบคุณครับ,รบกวนเจ้าหน้าที่ครับ นิสิตต่อคิวรอรถเมล์ตรง ตึก PKY ยาวล้นออกมานอกฟุตบาท รบกวนเจ้าหน้าที่แก้ไขด่วนครับ,0,0.18,ต่างหมวดหมู่
730,ขอร้องเรียนค่ะ ถังขยะบริเวณ ตึกคณะนิติศาสตร์ ล้น ส่งกลิ่นเหม็นรบกวน เดือดร้อนมากค่ะ ขอบคุณค่ะ,แอดมินครับ รถมอเตอร์ไซค์ชนกันบริเวณ ตึกสงวนเสริมศรี มีผู้ได้รับบาดเจ็บ เดือดร้อนมากค่ะ ขอบคุณค่ะ,0,0.06,ต่างหมวดหมู่
731,ช่วยประสานงานทีครับ ไฟกิ่งส่องสว่างทางเดินไป ตึก PKY ดับ มืดและเปลี่ยวมาก,ขอร้องเรียนค่ะ เสาไฟทางเดินตรง ตึกภักดี ไม่ติด มืดมากกลัวอันตราย ขอบคุณครับ,1,0.83,หมวดความปลอดภัยและจราจร
732,แอดมินครับ คิวต่อแถวรอรถเมล์มอที่ ตึก PKY แน่นมาก รถมีไม่เพียงพอ รบกวนเจ้าหน้าที่แก้ไขด่วนครับ,ด่วนมาก! จุดรอรถเมล์มอตรง ตึก CE ฝนตกเปียกหมด ไม่มีศาลาพักคอย เดือดร้อนมากค่ะ ขอบคุณค่ะ,0,0.2,หมวดการเดินทางและระบบขนส่ง (ต่างประเด็น)
733,ช่วยตรวจสอบหน่อยครับ คิวต่อแถวรอรถเมล์มอที่ ลานจอดรถหน้ามอ แน่นมาก รถมีไม่เพียงพอ ขอบคุณครับ,ช่วยตรวจสอบหน่อยครับ วันสอบปลายภาคเวลาตรงกันสองรายวิชา ขอสอบชดเชยได้ไหม ช่วยตรวจสอบทีครับ,0,0.2,ต่างหมวดหมู่
734,ด่วนมาก! สัญญาณ WiFi UP-WiFi ที่ ลานจอดรถหน้ามอ หลุดบ่อยมาก ช้ามาก,แอดมินครับ ตึก PKY ชั้น 1 ห้องน้ำน้ำหยุดไหล สกปรกมาก ขอบคุณครับ,0,0.17,ต่างหมวดหมู่
735,ช่วยประสานงานทีครับ อาจารย์ไม่เข้าสอนตามตารางเรียนและไม่แจ้งล่วงหน้า เดือดร้อนมากค่ะ ขอบคุณค่ะ,คลาสเรียนวันนี้อาจารย์ไม่มาสอน นิสิตมารอเต็มห้อง รบกวนเจ้าหน้าที่แก้ไขด่วนครับ,1,0.95,หมวดการเรียนการสอนและวิชาการ
736,ด่วนมาก! กิ่งไม้ขนาดใหญ่หักหล่นขวางถนนตรง ลานจอดรถหน้ามอ ช่วยตรวจสอบทีครับ,ช่วยตรวจสอบหน่อยครับ จอดมอเตอร์ไซค์ไว้ที่ หอพักนิสิต UP DORM หมวกกันน็อคโดนขโมยไปครับ ช่วยตรวจสอบทีครับ,0,0.19,ต่างหมวดหมู่
737,ช่วยประสานงานทีครับ รถเมล์ มพ. สาย 1 รอนานเกิน 45 นาทีแล้วไม่มา ช่วยตรวจสอบทีครับ,ช่วยตรวจสอบหน่อยครับ จอดมอเตอร์ไซค์ไว้ที่ ตึก CE หมวกกันน็อคโดนขโมยไปครับ,0,0.13,ต่างหมวดหมู่
738,ขอร้องเรียนค่ะ คิวต่อแถวรอรถเมล์มอที่ ตึกวิทย์ แน่นมาก รถมีไม่เพียงพอ,นิสิตเดือดร้อนมากค่ะ ขยะล้นถังขยะตรง หอสมุด เหม็นมาก ไม่มีใครมาเก็บ ขอบคุณครับ,0,0.2,ต่างหมวดหมู่
739,ช่วยตรวจสอบหน่อยครับ อาจารย์ไม่เข้าสอนตามตารางเรียนและไม่แจ้งล่วงหน้า ขอบคุณครับ,แจ้งเรื่องครับ: คลาสเรียนวันนี้อาจารย์ไม่มาสอน นิสิตมารอเต็มห้อง,1,0.97,หมวดการเรียนการสอนและวิชาการ
740,สอบถามเรื่องการยื่นกู้ กยศ. และส่งเอกสารทุนการศึกษา ปล่อยไว้นานแล้ว,นิสิตเดือดร้อนมากค่ะ ลูกบิดประตูห้องน้ำ หอสมุด หลุด ล็อคไม่ได้ช่วยซ่อมที เดือดร้อนมากค่ะ ขอบคุณค่ะ,0,0.1,ต่างหมวดหมู่
741,แจ้งเรื่องครับ: เกิดอุบัติเหตุรถเฉี่ยวชนกันตรงทางแยก หอสมุด ปล่อยไว้นานแล้ว,ด่วนมาก! รถมอเตอร์ไซค์ชนกันบริเวณ อาคารหอสมุด มีผู้ได้รับบาดเจ็บ เดือดร้อนมากค่ะ ขอบคุณค่ะ,1,0.84,หมวดความปลอดภัยและจราจร
742,รบกวนเจ้าหน้าที่ครับ สอบถามเรื่องการยื่นกู้ กยศ. และส่งเอกสารทุนการศึกษา เดือดร้อนมากค่ะ ขอบคุณค่ะ,ด่วนมาก! เอกสารทุนการศึกษา มพ. ส่งได้ถึงวันไหนครับ ช่วยตรวจสอบทีครับ,1,0.97,หมวดบริการทั่วไป / อื่นๆ
743,แอร์ห้อง 2101 หอสมุด เสีย ไม่เย็นเลย ร้อนมาก ช่วยตรวจสอบทีครับ,รบกวนเจ้าหน้าที่ครับ ห้อง 2101 หอสมุด แอร์พัง มีแต่ลมร้อน นั่งเรียนไม่ได้ รบกวนเจ้าหน้าที่แก้ไขด่วนครับ,1,0.93,หมวดอาคารและสิ่งอำนวยความสะดวก
744,ขอร้องเรียนค่ะ ขอเปิดเซคชั่นเพิ่มวิชาศึกษาทั่วไป นิสิตยังลงไม่ครบ,แจ้งเรื่องครับ: วิชาบังคับเซคเต็มทุกเซค ขอเปิดเพิ่มอีกเซคได้ไหมครับ ปล่อยไว้นานแล้ว,1,0.95,หมวดการเรียนการสอนและวิชาการ
745,ช่วยตรวจสอบหน่อยครับ ระบบลงทะเบียนเรียน Reg ล่ม เข้าสู่ระบบไม่ได้ตั้งแต่เช้า ช่วยตรวจสอบทีครับ,วันสอบปลายภาคเวลาตรงกันสองรายวิชา ขอสอบชดเชยได้ไหม ปล่อยไว้นานแล้ว,0,0.13,ต่างหมวดหมู่
746,ด่วนมาก! ตารางสอบปลายภาคชนกันในวันเดียวกันสองวิชา ช่วยตรวจสอบทีครับ,รถเมล์มอสาย 2 ขับปาดซ้ายปาดขวา เบรกแรง กลัวอันตราย ขอบคุณครับ,0,0.12,ต่างหมวดหมู่
747,สัญญาณ WiFi UP-WiFi ที่ ตึกคณะบริหาร หลุดบ่อยมาก ช้ามาก ช่วยตรวจสอบทีครับ,รบกวนเจ้าหน้าที่ครับ เน็ต UP-WiFi ที่ อาคารเรียนบริหาร ช้ามาก สัญญาณหลุดตลอดเวลา รบกวนเจ้าหน้าที่แก้ไขด่วนครับ,1,0.92,หมวดเทคโนโลยีสารสนเทศ
748,ช่วยตรวจสอบหน่อยครับ ลิฟต์ ตึก ICT ประตูค้าง เปิดไม่ออก เป็นแบบนี้มาหลายวันแล้วครับ,แอดมินครับ ลิฟต์โดยสารที่ คณะไอซีที ชำรุด กดแล้วไม่ขยับ ประตูเปิดไม่ได้,1,0.87,หมวดอาคารและสิ่งอำนวยความสะดวก
749,คิวต่อแถวรอรถเมล์มอที่ ตึก ICT แน่นมาก รถมีไม่เพียงพอ รบกวนเจ้าหน้าที่แก้ไขด่วนครับ,แอดมินครับ ตามหาของหาย ลืมไอแพดไว้ที่ ตึกวิทย์ ช่วยดูกล้องให้ที,0,0.16,ต่างหมวดหมู่
750,แอดมินครับ คิวต่อแถวรอรถเมล์มอที่ ลานจอดรถหน้ามอ แน่นมาก รถมีไม่เพียงพอ เป็นแบบนี้มาหลายวันแล้วครับ,ขอร้องเรียนค่ะ ห้อง 2201 ลานจอดรถหน้ามอ แอร์พัง มีแต่ลมร้อน นั่งเรียนไม่ได้ รบกวนเจ้าหน้าที่แก้ไขด่วนครับ,0,0.19,ต่างหมวดหมู่
751,ช่วยประสานงานทีครับ คนขับรถเมล์ มพ. สาย 2 ขับเร็วและหวาดเสียวมาก เป็นแบบนี้มาหลายวันแล้วครับ,รบกวนเจ้าหน้าที่ครับ รถเมล์มอสาย 2 ขับปาดซ้ายปาดขวา เบรกแรง กลัวอันตราย ช่วยตรวจสอบทีครับ,1,0.9,หมวดการเดินทางและระบบขนส่ง
752,รบกวนเจ้าหน้าที่ครับ บัตรนิสิตหาย ต้องการทำบัตรใหม่ต้องเตรียมอะไรบ้าง,รอรถเมล์มอสาย 1 นานมาก รถขาดช่วง นิสิตไปเรียนไม่ทัน,0,0.08,ต่างหมวดหมู่
753,แจ้งเรื่องครับ: ลืมรหัสผ่าน UP Mail ขอยื่นรีเซ็ตรหัสผ่านเมลองค์กร,แจ้งเรื่องครับ: ลูกบิดประตูห้องน้ำ ตึก PKY หลุด ล็อคไม่ได้ช่วยซ่อมที,0,0.19,ต่างหมวดหมู่
754,ขอร้องเรียนค่ะ มีซากสัตว์ตายส่งกลิ่นเหม็นเน่าที่ ลานจอดรถหน้ามอ เดือดร้อนมากค่ะ ขอบคุณค่ะ,รบกวนเจ้าหน้าที่ครับ พบซากนกตายบริเวณ ประตูทางเข้าหน้ามอ เริ่มส่งกลิ่น ช่วยส่งแม่บ้านมาเก็บที รบกวนเจ้าหน้าที่แก้ไขด่วนครับ,1,0.96,หมวดภูมิทัศน์และความสะอาด
755,ช่วยประสานงานทีครับ ขอใบรับรองสถานภาพนิสิตภาษาอังกฤษ ใช้เวลากี่วันได้ ปล่อยไว้นานแล้ว,รบกวนเจ้าหน้าที่ครับ แอปพลิเคชัน UP Pass เข้าไม่ได้ ขึ้น error ตลอดเวลา เดือดร้อนมากค่ะ ขอบคุณค่ะ,0,0.05,ต่างหมวดหมู่
756,ช่วยตรวจสอบหน่อยครับ มีรถจอดซ้อนคันขวางทางออกตรง ตึกวิทย์ เดือดร้อนมากค่ะ ขอบคุณค่ะ,แอดมินครับ รถยนต์จอดขวางทางเลี้ยวบริเวณ อาคารคณะวิทย์ ขับผ่านไม่ได้เลย ช่วยตรวจสอบทีครับ,1,0.79,หมวดความปลอดภัยและจราจร
757,รบกวนเจ้าหน้าที่ครับ หลอดไฟในห้องเรียน PKY01 หอพักนิสิต UP DORM ขาด มืดมาก ช่วยตรวจสอบทีครับ,ช่วยตรวจสอบหน่อยครับ ลานจอดรถหน้ามอ ห้อง 3202 ปลั๊กไฟระเบิด เสียบชาร์จไม่ได้ ปล่อยไว้นานแล้ว,0,0.25,หมวดอาคารและสิ่งอำนวยความสะดวก (ต่างประเด็น)
758,แอดมินครับ ป้ายรถเมล์บริเวณ หอพักนิสิต UP DORM ไม่มีหลังคาบังแดดบังฝน,ช่วยตรวจสอบหน่อยครับ ฝนตกแล้วน้ำรั่วลงมาจากเพดาน ตึกสงวนเสริมศรี พื้นลื่นมาก ขอบคุณครับ,0,0.15,ต่างหมวดหมู่
759,แจ้งเรื่องครับ: รถเมล์ มพ. สาย 3 รอนานเกิน 45 นาทีแล้วไม่มา รบกวนเจ้าหน้าที่แก้ไขด่วนครับ,แจ้งเรื่องครับ: ชั่วโมงกิจกรรมสะสมไม่ขึ้นในระบบ UP Pass ติดต่อใคร,0,0.02,ต่างหมวดหมู่
760,กล้องวงจรปิดบริเวณ ตึก CE ดับ เสียมาหลายวัน,แอดมินครับ รถมอเตอร์ไซค์ชนกันบริเวณ ตึก ICT มีผู้ได้รับบาดเจ็บ เดือดร้อนมากค่ะ ขอบคุณค่ะ,0,0.18,หมวดความปลอดภัยและจราจร (ต่างประเด็น)
761,ขอร้องเรียนค่ะ ขอใบรับรองสถานภาพนิสิตภาษาอังกฤษ ใช้เวลากี่วันได้ ปล่อยไว้นานแล้ว,ช่วยประสานงานทีครับ ยื่นขอหนังสือรับรองการเป็นนิสิตผ่านช่องทางออนไลน์ยังไง เป็นแบบนี้มาหลายวันแล้วครับ,1,0.78,หมวดบริการทั่วไป / อื่นๆ
762,ช่วยตรวจสอบหน่อยครับ บัตรนิสิตหาย ต้องการทำบัตรใหม่ต้องเตรียมอะไรบ้าง,ช่วยตรวจสอบหน่อยครับ เน็ต UP-WiFi ที่ ตึกคณะนิติศาสตร์ ช้ามาก สัญญาณหลุดตลอดเวลา เดือดร้อนมากค่ะ ขอบคุณค่ะ,0,0.15,ต่างหมวดหมู่
763,ลืมรหัสผ่าน UP Mail ขอยื่นรีเซ็ตรหัสผ่านเมลองค์กร ขอบคุณครับ,ด่วนมาก! เข้าอีเมลมหาวิทยาลัยไม่ได้ จำรหัสผ่านไม่ได้ครับ ช่วยตรวจสอบทีครับ,1,0.86,หมวดเทคโนโลยีสารสนเทศ
764,แจ้งเรื่องครับ: รถเมล์ มพ. ไม่จอดรับนิสิตที่ป้าย ตึกคณะนิติศาสตร์ ช่วยตรวจสอบทีครับ,รบกวนเจ้าหน้าที่ครับ ป้าย คณะนิติ รถเมล์มอขับเลยไป ไม่ยอมจอดรับผู้โดยสาร ขอบคุณครับ,1,0.93,หมวดการเดินทางและระบบขนส่ง
765,ด่วนมาก! ลืมกระเป๋าสตางค์ไว้ที่ ตึกคณะบริหาร มีใครเก็บได้บ้างครับ รบกวนเจ้าหน้าที่แก้ไขด่วนครับ,ช่วยตรวจสอบหน่อยครับ รถเมล์มอสาย 3 ขับปาดซ้ายปาดขวา เบรกแรง กลัวอันตราย ช่วยตรวจสอบทีครับ,0,0.04,ต่างหมวดหมู่
766,บัตรนิสิตหาย ต้องการทำบัตรใหม่ต้องเตรียมอะไรบ้าง ขอบคุณครับ,ช่วยประสานงานทีครับ ตึกวิทย์ ห้อง 2101 ปลั๊กไฟระเบิด เสียบชาร์จไม่ได้ เดือดร้อนมากค่ะ ขอบคุณค่ะ,0,0.1,ต่างหมวดหมู่
767,นิสิตเดือดร้อนมากค่ะ หลังคารั่วตรงทางเดิน ตึกคณะนิติศาสตร์ น้ำเจิ่งนอง,นิสิตเดือดร้อนมากค่ะ ฝนตกแล้วน้ำรั่วลงมาจากเพดาน ตึกคณะนิติศาสตร์ พื้นลื่นมาก เป็นแบบนี้มาหลายวันแล้วครับ,1,0.97,หมวดอาคารและสิ่งอำนวยความสะดวก
768,ขอร้องเรียนค่ะ ขอใบรับรองสถานภาพนิสิตภาษาอังกฤษ ใช้เวลากี่วันได้,ช่วยตรวจสอบหน่อยครับ ยื่นขอหนังสือรับรองการเป็นนิสิตผ่านช่องทางออนไลน์ยังไง ช่วยตรวจสอบทีครับ,1,0.97,หมวดบริการทั่วไป / อื่นๆ
769,ช่วยประสานงานทีครับ คิวต่อแถวรอรถเมล์มอที่ หอพักนิสิต UP DORM แน่นมาก รถมีไม่เพียงพอ เดือดร้อนมากค่ะ ขอบคุณค่ะ,ด่วนมาก! นิสิตต่อคิวรอรถเมล์ตรง โซนหอพัก มพ. ยาวล้นออกมานอกฟุตบาท เป็นแบบนี้มาหลายวันแล้วครับ,1,0.86,หมวดการเดินทางและระบบขนส่ง
770,ด่วนมาก! สอบถามเรื่องการยื่นกู้ กยศ. และส่งเอกสารทุนการศึกษา เดือดร้อนมากค่ะ ขอบคุณค่ะ,ขอร้องเรียนค่ะ เว็บ reg.up.ac.th ล่ม กดเลือกวิชาไม่ได้เลยครับ รบกวนเจ้าหน้าที่แก้ไขด่วนครับ,0,0.07,ต่างหมวดหมู่
771,ด่วนมาก! เศษขยะเกลื่อนกลาดรอบโต๊ะม้าหินอ่อน ตึกคณะบริหาร รบกวนเจ้าหน้าที่แก้ไขด่วนครับ,บริเวณที่นั่งเล่น ตึกบิสิเนส ขยะเต็มโต๊ะ ไม่มีคนกวาด รบกวนเจ้าหน้าที่แก้ไขด่วนครับ,1,0.93,หมวดภูมิทัศน์และความสะอาด
772,ด่วนมาก! ระบบบันทึกเกรดมีปัญหา เกรดยังไม่ออกสักวิชา เป็นแบบนี้มาหลายวันแล้วครับ,ช่วยประสานงานทีครับ เสาไฟทางเดินตรง หอพักนิสิต UP DORM ไม่ติด มืดมากกลัวอันตราย รบกวนเจ้าหน้าที่แก้ไขด่วนครับ,0,0.07,ต่างหมวดหมู่
773,ช่วยตรวจสอบหน่อยครับ ลืมรหัสผ่าน UP Mail ขอยื่นรีเซ็ตรหัสผ่านเมลองค์กร เป็นแบบนี้มาหลายวันแล้วครับ,ช่วยประสานงานทีครับ เข้าอีเมลมหาวิทยาลัยไม่ได้ จำรหัสผ่านไม่ได้ครับ ขอบคุณครับ,1,0.96,หมวดเทคโนโลยีสารสนเทศ
774,นิสิตเดือดร้อนมากค่ะ รถเมล์ มพ. สาย 1 รอนานเกิน 45 นาทีแล้วไม่มา เป็นแบบนี้มาหลายวันแล้วครับ,แจ้งเรื่องครับ: จุดรอรถเมล์มอตรง ตึก CE ฝนตกเปียกหมด ไม่มีศาลาพักคอย,0,0.22,หมวดการเดินทางและระบบขนส่ง (ต่างประเด็น)
775,นิสิตเดือดร้อนมากค่ะ ก๊อกน้ำอ่างล้างมือ ลานจอดรถหน้ามอ หัก น้ำพุ่งกระเด็น ปล่อยไว้นานแล้ว,นิสิตเดือดร้อนมากค่ะ อ่างล้างหน้า ประตู 1 ม.พะเยา ท่อน้ำแตก น้ำนองเต็มพื้น ช่วยตรวจสอบทีครับ,1,0.81,หมวดอาคารและสิ่งอำนวยความสะดวก
776,ช่วยประสานงานทีครับ ระบบบันทึกเกรดมีปัญหา เกรดยังไม่ออกสักวิชา ปล่อยไว้นานแล้ว,นิสิตเดือดร้อนมากค่ะ ประกาศเกรดยังไม่ขึ้นในระบบเลยครับ ติดต่อฝ่ายทะเบียนไม่ได้ รบกวนเจ้าหน้าที่แก้ไขด่วนครับ,1,0.8,หมวดการเรียนการสอนและวิชาการ
777,ช่วยตรวจสอบหน่อยครับ ปลั๊กไฟห้อง CE01 ตึก CE ช็อต มีควันขึ้น ช่วยตรวจสอบทีครับ,นิสิตเดือดร้อนมากค่ะ อาคารเรียนรวม ห้อง CE01 ปลั๊กไฟระเบิด เสียบชาร์จไม่ได้ เดือดร้อนมากค่ะ ขอบคุณค่ะ,1,0.78,หมวดอาคารและสิ่งอำนวยความสะดวก
778,ขอร้องเรียนค่ะ หมวกกันน็อคหายที่ลานจอดรถ หอสมุด รบกวนเจ้าหน้าที่แก้ไขด่วนครับ,ช่วยตรวจสอบหน่อยครับ จอดมอเตอร์ไซค์ไว้ที่ อาคารหอสมุด หมวกกันน็อคโดนขโมยไปครับ,1,0.92,หมวดความปลอดภัยและจราจร
779,บัตรนิสิตหาย ต้องการทำบัตรใหม่ต้องเตรียมอะไรบ้าง เป็นแบบนี้มาหลายวันแล้วครับ,ช่วยประสานงานทีครับ ทำบัตรประจำตัวนิสิตใหม่ ติดต่อสำนักทะเบียนห้องไหนครับ ขอบคุณครับ,1,0.96,หมวดบริการทั่วไป / อื่นๆ
780,แจ้งเรื่องครับ: ต้องการขอดรอปรายวิชา ติดต่อทำเรื่องที่ไหนครับ รบกวนเจ้าหน้าที่แก้ไขด่วนครับ,ช่วยประสานงานทีครับ บริเวณทางเดินไป ตึก ICT หญ้ารกมาก ช่วยตัดหญ้าทีครับ รบกวนเจ้าหน้าที่แก้ไขด่วนครับ,0,0.1,ต่างหมวดหมู่
781,ช่วยตรวจสอบหน่อยครับ หลอดไฟในห้องเรียน 2203 ตึกวิทย์ ขาด มืดมาก เดือดร้อนมากค่ะ ขอบคุณค่ะ,ช่วยตรวจสอบหน่อยครับ ประกาศเกรดยังไม่ขึ้นในระบบเลยครับ ติดต่อฝ่ายทะเบียนไม่ได้ เดือดร้อนมากค่ะ ขอบคุณค่ะ,0,0.08,ต่างหมวดหมู่
782,ขอร้องเรียนค่ะ หญ้าขึ้นสูงรกมากข้างทางเดินไป ตึก CE กลัวงู ปล่อยไว้นานแล้ว,แอดมินครับ คลาสเรียนวันนี้อาจารย์ไม่มาสอน นิสิตมารอเต็มห้อง ช่วยตรวจสอบทีครับ,0,0.02,ต่างหมวดหมู่
783,นิสิตเดือดร้อนมากค่ะ กล้องวงจรปิดบริเวณ ตึกวิทย์ ดับ เสียมาหลายวัน ช่วยตรวจสอบทีครับ,รบกวนเจ้าหน้าที่ครับ คลาสเรียนวันนี้อาจารย์ไม่มาสอน นิสิตมารอเต็มห้อง,0,0.16,ต่างหมวดหมู่
784,ช่วยประสานงานทีครับ ห้องน้ำหญิง ลานจอดรถหน้ามอ สกปรกมาก ไม่มีแม่บ้านดูแล เดือดร้อนมากค่ะ ขอบคุณค่ะ,ช่วยประสานงานทีครับ ลานจอดรถหน้ามอ ห้องน้ำสกปรก พื้นแฉะและส่งกลิ่นเหม็น ปล่อยไว้นานแล้ว,1,0.89,หมวดภูมิทัศน์และความสะอาด
785,ช่วยตรวจสอบหน่อยครับ เศษขยะเกลื่อนกลาดรอบโต๊ะม้าหินอ่อน ตึกคณะนิติศาสตร์ ช่วยตรวจสอบทีครับ,บริเวณที่นั่งเล่น ตึกคณะนิติศาสตร์ ขยะเต็มโต๊ะ ไม่มีคนกวาด ปล่อยไว้นานแล้ว,1,0.87,หมวดภูมิทัศน์และความสะอาด
786,นิสิตเดือดร้อนมากค่ะ ตารางเรียนวิชาบังคับชนกันสองวิชา แก้ไขยังไงได้บ้าง ปล่อยไว้นานแล้ว,ขอร้องเรียนค่ะ ตารางเรียนชนกันครับ เข้าระบบแล้วเลือกเวลาทับซ้อนกัน รบกวนเจ้าหน้าที่แก้ไขด่วนครับ,1,0.86,หมวดการเรียนการสอนและวิชาการ
787,แจ้งเรื่องครับ: มีรถจอดซ้อนคันขวางทางออกตรง หอสมุด ปล่อยไว้นานแล้ว,นิสิตเดือดร้อนมากค่ะ เสาไฟทางเดินตรง ตึกวิทย์ ไม่ติด มืดมากกลัวอันตราย เดือดร้อนมากค่ะ ขอบคุณค่ะ,0,0.29,หมวดความปลอดภัยและจราจร (ต่างประเด็น)
788,แจ้งเรื่องครับ: ลืมรหัสผ่าน UP Mail ขอยื่นรีเซ็ตรหัสผ่านเมลองค์กร,รบกวนเจ้าหน้าที่ครับ เข้าอีเมลมหาวิทยาลัยไม่ได้ จำรหัสผ่านไม่ได้ครับ ขอบคุณครับ,1,0.94,หมวดเทคโนโลยีสารสนเทศ
789,ขอร้องเรียนค่ะ ลืมกระเป๋าสตางค์ไว้ที่ ตึกคณะบริหาร มีใครเก็บได้บ้างครับ ขอบคุณครับ,ช่วยตรวจสอบหน่อยครับ ตามหาของหาย ลืมไอแพดไว้ที่ ตึกคณะบริหาร ช่วยดูกล้องให้ที รบกวนเจ้าหน้าที่แก้ไขด่วนครับ,1,0.91,หมวดบริการทั่วไป / อื่นๆ
790,แจ้งเรื่องครับ: เกิดอุบัติเหตุรถเฉี่ยวชนกันตรงทางแยก ตึกวิทย์ เดือดร้อนมากค่ะ ขอบคุณค่ะ,นิสิตเดือดร้อนมากค่ะ จอดมอเตอร์ไซค์ไว้ที่ หอพักนิสิต UP DORM หมวกกันน็อคโดนขโมยไปครับ รบกวนเจ้าหน้าที่แก้ไขด่วนครับ,0,0.25,หมวดความปลอดภัยและจราจร (ต่างประเด็น)
791,ช่วยตรวจสอบหน่อยครับ ขอใบรับรองสถานภาพนิสิตภาษาอังกฤษ ใช้เวลากี่วันได้ เป็นแบบนี้มาหลายวันแล้วครับ,แอดมินครับ ลิฟต์โดยสารที่ ตึก PKY ชำรุด กดแล้วไม่ขยับ ประตูเปิดไม่ได้,0,0.06,ต่างหมวดหมู่
792,หญ้าขึ้นสูงรกมากข้างทางเดินไป ตึกวิทย์ กลัวงู ขอบคุณครับ,บริเวณทางเดินไป อาคารคณะวิทย์ หญ้ารกมาก ช่วยตัดหญ้าทีครับ เป็นแบบนี้มาหลายวันแล้วครับ,1,0.96,หมวดภูมิทัศน์และความสะอาด
793,ช่วยตรวจสอบหน่อยครับ ขอนับชั่วโมงกิจกรรมจิตอาสา กดยื่นในระบบแล้วยังไม่อนุมัติ เป็นแบบนี้มาหลายวันแล้วครับ,ด่วนมาก! ชั่วโมงกิจกรรมสะสมไม่ขึ้นในระบบ UP Pass ติดต่อใคร,1,0.8,หมวดบริการทั่วไป / อื่นๆ
794,ช่วยประสานงานทีครับ ตารางเรียนวิชาบังคับชนกันสองวิชา แก้ไขยังไงได้บ้าง ขอบคุณครับ,นิสิตเดือดร้อนมากค่ะ ตารางเรียนชนกันครับ เข้าระบบแล้วเลือกเวลาทับซ้อนกัน เดือดร้อนมากค่ะ ขอบคุณค่ะ,1,0.91,หมวดการเรียนการสอนและวิชาการ
795,ช่วยประสานงานทีครับ ก๊อกน้ำอ่างล้างมือ ตึก CE หัก น้ำพุ่งกระเด็น ขอบคุณครับ,แอดมินครับ ไฟเพดานห้อง CE01 ตึก PKY ดับ มองกระดานไม่เห็น ขอบคุณครับ,0,0.36,หมวดอาคารและสิ่งอำนวยความสะดวก (ต่างประเด็น)
796,ช่วยประสานงานทีครับ สอบถามเรื่องการยื่นกู้ กยศ. และส่งเอกสารทุนการศึกษา ปล่อยไว้นานแล้ว,แจ้งเรื่องครับ: เอกสารทุนการศึกษา มพ. ส่งได้ถึงวันไหนครับ รบกวนเจ้าหน้าที่แก้ไขด่วนครับ,1,0.86,หมวดบริการทั่วไป / อื่นๆ
797,ช่วยตรวจสอบหน่อยครับ หลอดไฟในห้องเรียน PKY02 ตึกคณะบริหาร ขาด มืดมาก รบกวนเจ้าหน้าที่แก้ไขด่วนครับ,แอดมินครับ ไฟเพดานห้อง PKY02 ตึกคณะบริหาร ดับ มองกระดานไม่เห็น,1,0.88,หมวดอาคารและสิ่งอำนวยความสะดวก
798,รบกวนเจ้าหน้าที่ครับ กิ่งไม้ขนาดใหญ่หักหล่นขวางถนนตรง ลานจอดรถหน้ามอ เป็นแบบนี้มาหลายวันแล้วครับ,แจ้งเรื่องครับ: มีต้นไม้ล้มทับทางเดินข้าง ลานจอดรถหน้ามอ สัญจรลำบากมาก เป็นแบบนี้มาหลายวันแล้วครับ,1,0.86,หมวดภูมิทัศน์และความสะอาด
799,ช่วยตรวจสอบหน่อยครับ ลืมกระเป๋าสตางค์ไว้ที่ ตึกสงวนเสริมศรี มีใครเก็บได้บ้างครับ เดือดร้อนมากค่ะ ขอบคุณค่ะ,ตามหาของหาย ลืมไอแพดไว้ที่ ศูนย์อาหารสงวน ช่วยดูกล้องให้ที,1,0.81,หมวดบริการทั่วไป / อื่นๆ
800,แอดมินครับ ระบบบันทึกเกรดมีปัญหา เกรดยังไม่ออกสักวิชา เป็นแบบนี้มาหลายวันแล้วครับ,ด่วนมาก! ประกาศเกรดยังไม่ขึ้นในระบบเลยครับ ติดต่อฝ่ายทะเบียนไม่ได้ ปล่อยไว้นานแล้ว,0,0.2,หมวดการเรียนการสอนและวิชาการ (ต่างประเด็น)
801,รบกวนเจ้าหน้าที่ครับ ระบบลงทะเบียนเรียน Reg ล่ม เข้าสู่ระบบไม่ได้ตั้งแต่เช้า รบกวนเจ้าหน้าที่แก้ไขด่วนครับ,นิสิตเดือดร้อนมากค่ะ เว็บ reg.up.ac.th ล่ม กดเลือกวิชาไม่ได้เลยครับ รบกวนเจ้าหน้าที่แก้ไขด่วนครับ,1,0.98,หมวดเทคโนโลยีสารสนเทศ
802,นิสิตเดือดร้อนมากค่ะ ขอใบรับรองสถานภาพนิสิตภาษาอังกฤษ ใช้เวลากี่วันได้ ช่วยตรวจสอบทีครับ,ด่วนมาก! รอรถเมล์มอสาย 3 นานมาก รถขาดช่วง นิสิตไปเรียนไม่ทัน เดือดร้อนมากค่ะ ขอบคุณค่ะ,0,0.2,ต่างหมวดหมู่
803,ช่วยประสานงานทีครับ ประตูห้องน้ำชาย ตึกคณะนิติศาสตร์ ลูกบิดพัง ล็อคไม่ได้ เป็นแบบนี้มาหลายวันแล้วครับ,แอดมินครับ ลูกบิดประตูห้องน้ำ คณะนิติ หลุด ล็อคไม่ได้ช่วยซ่อมที ขอบคุณครับ,1,0.79,หมวดอาคารและสิ่งอำนวยความสะดวก
804,ขอร้องเรียนค่ะ เข้าใช้งานระบบ UP Pass ไม่ได้ ล็อกอินแล้วเด้งออก ปล่อยไว้นานแล้ว,ช่วยประสานงานทีครับ แอปพลิเคชัน UP Pass เข้าไม่ได้ ขึ้น error ตลอดเวลา เดือดร้อนมากค่ะ ขอบคุณค่ะ,1,0.94,หมวดเทคโนโลยีสารสนเทศ
805,นิสิตเดือดร้อนมากค่ะ เศษขยะเกลื่อนกลาดรอบโต๊ะม้าหินอ่อน ตึกคณะบริหาร เดือดร้อนมากค่ะ ขอบคุณค่ะ,รบกวนเจ้าหน้าที่ครับ บริเวณที่นั่งเล่น คณะวิทยาการจัดการ ขยะเต็มโต๊ะ ไม่มีคนกวาด เป็นแบบนี้มาหลายวันแล้วครับ,1,0.88,หมวดภูมิทัศน์และความสะอาด
806,ขอร้องเรียนค่ะ รถเมล์ มพ. ไม่จอดรับนิสิตที่ป้าย หอพักนิสิต UP DORM ปล่อยไว้นานแล้ว,ช่วยประสานงานทีครับ ป้าย หอพักนิสิต UP DORM รถเมล์มอขับเลยไป ไม่ยอมจอดรับผู้โดยสาร ปล่อยไว้นานแล้ว,1,0.82,หมวดการเดินทางและระบบขนส่ง
807,แจ้งเรื่องครับ: หลอดไฟในห้องเรียน PKY02 ลานจอดรถหน้ามอ ขาด มืดมาก ช่วยตรวจสอบทีครับ,ไฟเพดานห้อง PKY02 ประตูทางเข้าหน้ามอ ดับ มองกระดานไม่เห็น ขอบคุณครับ,1,0.83,หมวดอาคารและสิ่งอำนวยความสะดวก
808,ช่วยประสานงานทีครับ คนขับรถเมล์ มพ. สาย 3 ขับเร็วและหวาดเสียวมาก ปล่อยไว้นานแล้ว,ขอร้องเรียนค่ะ รอรถเมล์มอสาย 2 นานมาก รถขาดช่วง นิสิตไปเรียนไม่ทัน ช่วยตรวจสอบทีครับ,0,0.2,หมวดการเดินทางและระบบขนส่ง (ต่างประเด็น)
809,รบกวนเจ้าหน้าที่ครับ ขอใบรับรองสถานภาพนิสิตภาษาอังกฤษ ใช้เวลากี่วันได้ ช่วยตรวจสอบทีครับ,ช่วยตรวจสอบหน่อยครับ ยื่นขอหนังสือรับรองการเป็นนิสิตผ่านช่องทางออนไลน์ยังไง,1,0.96,หมวดบริการทั่วไป / อื่นๆ
810,อาจารย์ไม่เข้าสอนตามตารางเรียนและไม่แจ้งล่วงหน้า รบกวนเจ้าหน้าที่แก้ไขด่วนครับ,ช่วยตรวจสอบหน่อยครับ เอกสารทุนการศึกษา มพ. ส่งได้ถึงวันไหนครับ,0,0.2,ต่างหมวดหมู่
811,ขอร้องเรียนค่ะ สัญญาณ WiFi UP-WiFi ที่ หอสมุด หลุดบ่อยมาก ช้ามาก,รบกวนเจ้าหน้าที่ครับ เน็ต UP-WiFi ที่ ห้องสมุดกลาง ช้ามาก สัญญาณหลุดตลอดเวลา รบกวนเจ้าหน้าที่แก้ไขด่วนครับ,1,0.85,หมวดเทคโนโลยีสารสนเทศ
812,ขอร้องเรียนค่ะ ระบบลงทะเบียนเรียน Reg ล่ม เข้าสู่ระบบไม่ได้ตั้งแต่เช้า,ช่วยประสานงานทีครับ ประกาศเกรดยังไม่ขึ้นในระบบเลยครับ ติดต่อฝ่ายทะเบียนไม่ได้ เป็นแบบนี้มาหลายวันแล้วครับ,0,0.13,ต่างหมวดหมู่
813,ขอร้องเรียนค่ะ ป้ายรถเมล์บริเวณ ตึก ICT ไม่มีหลังคาบังแดดบังฝน ช่วยตรวจสอบทีครับ,ขอร้องเรียนค่ะ รอรถเมล์มอสาย 1 นานมาก รถขาดช่วง นิสิตไปเรียนไม่ทัน รบกวนเจ้าหน้าที่แก้ไขด่วนครับ,0,0.29,หมวดการเดินทางและระบบขนส่ง (ต่างประเด็น)
814,ช่วยตรวจสอบหน่อยครับ ขอนับชั่วโมงกิจกรรมจิตอาสา กดยื่นในระบบแล้วยังไม่อนุมัติ,ด่วนมาก! ชั่วโมงกิจกรรมสะสมไม่ขึ้นในระบบ UP Pass ติดต่อใคร รบกวนเจ้าหน้าที่แก้ไขด่วนครับ,1,0.81,หมวดบริการทั่วไป / อื่นๆ
815,นิสิตเดือดร้อนมากค่ะ เข้าใช้งานระบบ UP Pass ไม่ได้ ล็อกอินแล้วเด้งออก รบกวนเจ้าหน้าที่แก้ไขด่วนครับ,ช่วยประสานงานทีครับ จุดรอรถเมล์มอตรง ตึกคณะนิติศาสตร์ ฝนตกเปียกหมด ไม่มีศาลาพักคอย ขอบคุณครับ,0,0.12,ต่างหมวดหมู่
816,คิวต่อแถวรอรถเมล์มอที่ หอสมุด แน่นมาก รถมีไม่เพียงพอ ขอบคุณครับ,ช่วยตรวจสอบหน่อยครับ นิสิตต่อคิวรอรถเมล์ตรง สำนักบรรณสาร ยาวล้นออกมานอกฟุตบาท รบกวนเจ้าหน้าที่แก้ไขด่วนครับ,1,0.85,หมวดการเดินทางและระบบขนส่ง
817,กิ่งไม้ขนาดใหญ่หักหล่นขวางถนนตรง หอพักนิสิต UP DORM,แจ้งเรื่องครับ: มีต้นไม้ล้มทับทางเดินข้าง หอพักในมอ สัญจรลำบากมาก ขอบคุณครับ,1,0.84,หมวดภูมิทัศน์และความสะอาด
818,นิสิตเดือดร้อนมากค่ะ ขอใบรับรองสถานภาพนิสิตภาษาอังกฤษ ใช้เวลากี่วันได้,ช่วยตรวจสอบหน่อยครับ ยื่นขอหนังสือรับรองการเป็นนิสิตผ่านช่องทางออนไลน์ยังไง ปล่อยไว้นานแล้ว,1,0.79,หมวดบริการทั่วไป / อื่นๆ
819,ขอร้องเรียนค่ะ ถังขยะบริเวณ ตึกคณะนิติศาสตร์ ล้น ส่งกลิ่นเหม็นรบกวน รบกวนเจ้าหน้าที่แก้ไขด่วนครับ,พบซากนกตายบริเวณ หอสมุด เริ่มส่งกลิ่น ช่วยส่งแม่บ้านมาเก็บที ขอบคุณครับ,0,0.27,หมวดภูมิทัศน์และความสะอาด (ต่างประเด็น)
820,ขอร้องเรียนค่ะ หมวกกันน็อคหายที่ลานจอดรถ ตึกคณะบริหาร ขอบคุณครับ,แอดมินครับ หมาจรจัดตรง หอสมุด ดุมาก เห่าและวิ่งไล่รถมอเตอร์ไซค์ ปล่อยไว้นานแล้ว,0,0.3,หมวดความปลอดภัยและจราจร (ต่างประเด็น)
821,รบกวนเจ้าหน้าที่ครับ เศษขยะเกลื่อนกลาดรอบโต๊ะม้าหินอ่อน ตึกสงวนเสริมศรี ขอบคุณครับ,ขอร้องเรียนค่ะ ยื่นคำร้องขอถอนรายวิชาล่าช้า ต้องให้อาจารย์ท่านไหนเซ็น รบกวนเจ้าหน้าที่แก้ไขด่วนครับ,0,0.04,ต่างหมวดหมู่
822,ลืมกระเป๋าสตางค์ไว้ที่ ตึก ICT มีใครเก็บได้บ้างครับ ขอบคุณครับ,ช่วยตรวจสอบหน่อยครับ ตามหาของหาย ลืมไอแพดไว้ที่ ตึก CE ช่วยดูกล้องให้ที ช่วยตรวจสอบทีครับ,0,0.29,หมวดบริการทั่วไป / อื่นๆ (ต่างประเด็น)
823,ขอร้องเรียนค่ะ ลืมกระเป๋าสตางค์ไว้ที่ ตึก ICT มีใครเก็บได้บ้างครับ เป็นแบบนี้มาหลายวันแล้วครับ,แจ้งเรื่องครับ: เอกสารทุนการศึกษา มพ. ส่งได้ถึงวันไหนครับ,0,0.38,หมวดบริการทั่วไป / อื่นๆ (ต่างประเด็น)
824,รบกวนเจ้าหน้าที่ครับ หญ้าขึ้นสูงรกมากข้างทางเดินไป ตึกคณะบริหาร กลัวงู เดือดร้อนมากค่ะ ขอบคุณค่ะ,ด่วนมาก! บริเวณที่นั่งเล่น ตึกสงวนเสริมศรี ขยะเต็มโต๊ะ ไม่มีคนกวาด ปล่อยไว้นานแล้ว,0,0.38,หมวดภูมิทัศน์และความสะอาด (ต่างประเด็น)
825,แจ้งเรื่องครับ: ตารางเรียนวิชาบังคับชนกันสองวิชา แก้ไขยังไงได้บ้าง ขอบคุณครับ,ด่วนมาก! ตารางเรียนชนกันครับ เข้าระบบแล้วเลือกเวลาทับซ้อนกัน ขอบคุณครับ,1,0.88,หมวดการเรียนการสอนและวิชาการ
826,ขอร้องเรียนค่ะ สอบถามเรื่องการยื่นกู้ กยศ. และส่งเอกสารทุนการศึกษา ปล่อยไว้นานแล้ว,เอกสารทุนการศึกษา มพ. ส่งได้ถึงวันไหนครับ ช่วยตรวจสอบทีครับ,1,0.84,หมวดบริการทั่วไป / อื่นๆ
827,นิสิตเดือดร้อนมากค่ะ เศษขยะเกลื่อนกลาดรอบโต๊ะม้าหินอ่อน ตึก ICT เดือดร้อนมากค่ะ ขอบคุณค่ะ,ด่วนมาก! บริเวณที่นั่งเล่น อาคาร ICT ขยะเต็มโต๊ะ ไม่มีคนกวาด เป็นแบบนี้มาหลายวันแล้วครับ,1,0.83,หมวดภูมิทัศน์และความสะอาด
828,รบกวนเจ้าหน้าที่ครับ คิวต่อแถวรอรถเมล์มอที่ ตึก ICT แน่นมาก รถมีไม่เพียงพอ,นิสิตเดือดร้อนมากค่ะ รอรถเมล์มอสาย 1 นานมาก รถขาดช่วง นิสิตไปเรียนไม่ทัน ช่วยตรวจสอบทีครับ,0,0.3,หมวดการเดินทางและระบบขนส่ง (ต่างประเด็น)
829,เกิดอุบัติเหตุรถเฉี่ยวชนกันตรงทางแยก ตึกวิทย์ เป็นแบบนี้มาหลายวันแล้วครับ,ด่วนมาก! จอดมอเตอร์ไซค์ไว้ที่ ตึกคณะบริหาร หมวกกันน็อคโดนขโมยไปครับ ปล่อยไว้นานแล้ว,0,0.28,หมวดความปลอดภัยและจราจร (ต่างประเด็น)
830,ถังขยะบริเวณ ตึกคณะนิติศาสตร์ ล้น ส่งกลิ่นเหม็นรบกวน เป็นแบบนี้มาหลายวันแล้วครับ,วิชาบังคับเซคเต็มทุกเซค ขอเปิดเพิ่มอีกเซคได้ไหมครับ เป็นแบบนี้มาหลายวันแล้วครับ,0,0.09,ต่างหมวดหมู่
831,ช่วยประสานงานทีครับ อินเทอร์เน็ตที่ ตึก CE ใช้งานไม่ได้เลย สัญญาณกากบาท ช่วยตรวจสอบทีครับ,เข้าอีเมลมหาวิทยาลัยไม่ได้ จำรหัสผ่านไม่ได้ครับ รบกวนเจ้าหน้าที่แก้ไขด่วนครับ,0,0.27,หมวดเทคโนโลยีสารสนเทศ (ต่างประเด็น)
832,แจ้งเรื่องครับ: มีซากสัตว์ตายส่งกลิ่นเหม็นเน่าที่ ตึกวิทย์ เดือดร้อนมากค่ะ ขอบคุณค่ะ,ช่วยประสานงานทีครับ บริเวณที่นั่งเล่น ตึกวิทย์ ขยะเต็มโต๊ะ ไม่มีคนกวาด ขอบคุณครับ,0,0.25,หมวดภูมิทัศน์และความสะอาด (ต่างประเด็น)
833,อาจารย์ไม่เข้าสอนตามตารางเรียนและไม่แจ้งล่วงหน้า ปล่อยไว้นานแล้ว,ขอร้องเรียนค่ะ วันสอบปลายภาคเวลาตรงกันสองรายวิชา ขอสอบชดเชยได้ไหม ช่วยตรวจสอบทีครับ,0,0.35,หมวดการเรียนการสอนและวิชาการ (ต่างประเด็น)
834,ด่วนมาก! ไฟกิ่งส่องสว่างทางเดินไป ตึกวิทย์ ดับ มืดและเปลี่ยวมาก,ช่วยประสานงานทีครับ รถเมล์มอสาย 2 ขับปาดซ้ายปาดขวา เบรกแรง กลัวอันตราย เดือดร้อนมากค่ะ ขอบคุณค่ะ,0,0.07,ต่างหมวดหมู่
835,แจ้งเรื่องครับ: ไฟกิ่งส่องสว่างทางเดินไป หอสมุด ดับ มืดและเปลี่ยวมาก เป็นแบบนี้มาหลายวันแล้วครับ,ด่วนมาก! รถมอเตอร์ไซค์ชนกันบริเวณ ตึก ICT มีผู้ได้รับบาดเจ็บ ขอบคุณครับ,0,0.21,หมวดความปลอดภัยและจราจร (ต่างประเด็น)
836,รบกวนเจ้าหน้าที่ครับ ห้องน้ำหญิง ตึกวิทย์ สกปรกมาก ไม่มีแม่บ้านดูแล รบกวนเจ้าหน้าที่แก้ไขด่วนครับ,ขอร้องเรียนค่ะ ตึกวิทย์ ห้องน้ำสกปรก พื้นแฉะและส่งกลิ่นเหม็น เป็นแบบนี้มาหลายวันแล้วครับ,1,0.87,หมวดภูมิทัศน์และความสะอาด
837,รบกวนเจ้าหน้าที่ครับ แอร์ห้อง 1101 ตึกคณะนิติศาสตร์ เสีย ไม่เย็นเลย ร้อนมาก ขอบคุณครับ,นิสิตเดือดร้อนมากค่ะ ห้อง 1101 อาคารเรียนนิติศาสตร์ แอร์พัง มีแต่ลมร้อน นั่งเรียนไม่ได้ รบกวนเจ้าหน้าที่แก้ไขด่วนครับ,1,0.82,หมวดอาคารและสิ่งอำนวยความสะดวก
838,รบกวนเจ้าหน้าที่ครับ ขอใบรับรองสถานภาพนิสิตภาษาอังกฤษ ใช้เวลากี่วันได้ เป็นแบบนี้มาหลายวันแล้วครับ,นิสิตเดือดร้อนมากค่ะ ยื่นขอหนังสือรับรองการเป็นนิสิตผ่านช่องทางออนไลน์ยังไง ช่วยตรวจสอบทีครับ,1,0.89,หมวดบริการทั่วไป / อื่นๆ
839,นิสิตเดือดร้อนมากค่ะ เกิดอุบัติเหตุรถเฉี่ยวชนกันตรงทางแยก หอสมุด เดือดร้อนมากค่ะ ขอบคุณค่ะ,แจ้งเรื่องครับ: หมาจรจัดตรง ตึก ICT ดุมาก เห่าและวิ่งไล่รถมอเตอร์ไซค์ ปล่อยไว้นานแล้ว,0,0.37,หมวดความปลอดภัยและจราจร (ต่างประเด็น)
840,ขอร้องเรียนค่ะ มีซากสัตว์ตายส่งกลิ่นเหม็นเน่าที่ หอพักนิสิต UP DORM ช่วยตรวจสอบทีครับ,ด่วนมาก! บริเวณทางเดินไป หอพักนิสิต UP DORM หญ้ารกมาก ช่วยตัดหญ้าทีครับ เดือดร้อนมากค่ะ ขอบคุณค่ะ,0,0.39,หมวดภูมิทัศน์และความสะอาด (ต่างประเด็น)
841,ด่วนมาก! ตารางเรียนวิชาบังคับชนกันสองวิชา แก้ไขยังไงได้บ้าง,หอสมุด ห้องน้ำสกปรก พื้นแฉะและส่งกลิ่นเหม็น,0,0.13,ต่างหมวดหมู่
842,ด่วนมาก! สอบถามเรื่องการยื่นกู้ กยศ. และส่งเอกสารทุนการศึกษา ขอบคุณครับ,ขอร้องเรียนค่ะ ทำบัตรประจำตัวนิสิตใหม่ ติดต่อสำนักทะเบียนห้องไหนครับ เป็นแบบนี้มาหลายวันแล้วครับ,0,0.37,หมวดบริการทั่วไป / อื่นๆ (ต่างประเด็น)
843,ช่วยประสานงานทีครับ รถเมล์ มพ. ไม่จอดรับนิสิตที่ป้าย หอสมุด เดือดร้อนมากค่ะ ขอบคุณค่ะ,ด่วนมาก! รอรถเมล์มอสาย 2 นานมาก รถขาดช่วง นิสิตไปเรียนไม่ทัน รบกวนเจ้าหน้าที่แก้ไขด่วนครับ,0,0.31,หมวดการเดินทางและระบบขนส่ง (ต่างประเด็น)
844,ช่วยประสานงานทีครับ รถเมล์ มพ. ไม่จอดรับนิสิตที่ป้าย ตึกวิทย์ รบกวนเจ้าหน้าที่แก้ไขด่วนครับ,นิสิตเดือดร้อนมากค่ะ ป้าย อาคารคณะวิทย์ รถเมล์มอขับเลยไป ไม่ยอมจอดรับผู้โดยสาร ช่วยตรวจสอบทีครับ,1,0.87,หมวดการเดินทางและระบบขนส่ง
845,ด่วนมาก! เศษขยะเกลื่อนกลาดรอบโต๊ะม้าหินอ่อน ตึก PKY ปล่อยไว้นานแล้ว,รบกวนเจ้าหน้าที่ครับ บริเวณที่นั่งเล่น ตึก PKY ขยะเต็มโต๊ะ ไม่มีคนกวาด เดือดร้อนมากค่ะ ขอบคุณค่ะ,1,0.94,หมวดภูมิทัศน์และความสะอาด
846,ถังขยะบริเวณ ตึก CE ล้น ส่งกลิ่นเหม็นรบกวน,ขอร้องเรียนค่ะ แอปพลิเคชัน UP Pass เข้าไม่ได้ ขึ้น error ตลอดเวลา เป็นแบบนี้มาหลายวันแล้วครับ,0,0.19,ต่างหมวดหมู่
847,แจ้งเรื่องครับ: มีซากสัตว์ตายส่งกลิ่นเหม็นเน่าที่ ตึกคณะบริหาร,ช่วยตรวจสอบหน่อยครับ พบซากนกตายบริเวณ ตึกบิสิเนส เริ่มส่งกลิ่น ช่วยส่งแม่บ้านมาเก็บที ปล่อยไว้นานแล้ว,1,0.86,หมวดภูมิทัศน์และความสะอาด
848,ด่วนมาก! ต้องการขอดรอปรายวิชา ติดต่อทำเรื่องที่ไหนครับ,ช่วยประสานงานทีครับ ตึกวิทย์ ห้องน้ำสกปรก พื้นแฉะและส่งกลิ่นเหม็น เดือดร้อนมากค่ะ ขอบคุณค่ะ,0,0.16,ต่างหมวดหมู่
849,ด่วนมาก! สอบถามเรื่องการยื่นกู้ กยศ. และส่งเอกสารทุนการศึกษา เดือดร้อนมากค่ะ ขอบคุณค่ะ,แอดมินครับ เอกสารทุนการศึกษา มพ. ส่งได้ถึงวันไหนครับ รบกวนเจ้าหน้าที่แก้ไขด่วนครับ,1,0.8,หมวดบริการทั่วไป / อื่นๆ
850,ด่วนมาก! กล้องวงจรปิดบริเวณ ลานจอดรถหน้ามอ ดับ เสียมาหลายวัน เดือดร้อนมากค่ะ ขอบคุณค่ะ,ขอร้องเรียนค่ะ รถมอเตอร์ไซค์ชนกันบริเวณ ตึก PKY มีผู้ได้รับบาดเจ็บ รบกวนเจ้าหน้าที่แก้ไขด่วนครับ,0,0.28,หมวดความปลอดภัยและจราจร (ต่างประเด็น)
851,แอดมินครับ ขอใบรับรองสถานภาพนิสิตภาษาอังกฤษ ใช้เวลากี่วันได้ รบกวนเจ้าหน้าที่แก้ไขด่วนครับ,รบกวนเจ้าหน้าที่ครับ ขยะล้นถังขยะตรง หอพักนิสิต UP DORM เหม็นมาก ไม่มีใครมาเก็บ ปล่อยไว้นานแล้ว,0,0.09,ต่างหมวดหมู่
852,แอร์ห้อง CE07 ลานจอดรถหน้ามอ เสีย ไม่เย็นเลย ร้อนมาก ปล่อยไว้นานแล้ว,ช่วยตรวจสอบหน่อยครับ ห้อง CE07 ลานจอดรถหน้ามอ แอร์พัง มีแต่ลมร้อน นั่งเรียนไม่ได้ รบกวนเจ้าหน้าที่แก้ไขด่วนครับ,1,0.83,หมวดอาคารและสิ่งอำนวยความสะดวก
853,แอดมินครับ ถังขยะบริเวณ ตึก PKY ล้น ส่งกลิ่นเหม็นรบกวน เป็นแบบนี้มาหลายวันแล้วครับ,นิสิตเดือดร้อนมากค่ะ หมาจรจัดตรง ตึก CE ดุมาก เห่าและวิ่งไล่รถมอเตอร์ไซค์ ช่วยตรวจสอบทีครับ,0,0.15,ต่างหมวดหมู่
854,ช่วยตรวจสอบหน่อยครับ สอบถามเรื่องการยื่นกู้ กยศ. และส่งเอกสารทุนการศึกษา ช่วยตรวจสอบทีครับ,ด่วนมาก! เอกสารทุนการศึกษา มพ. ส่งได้ถึงวันไหนครับ ขอบคุณครับ,1,0.98,หมวดบริการทั่วไป / อื่นๆ
855,ช่วยประสานงานทีครับ พบสุนัขจรจัดดุวิ่งไล่กวดนิสิตบริเวณ หอสมุด ปล่อยไว้นานแล้ว,ช่วยประสานงานทีครับ หมาจรจัดตรง อาคารหอสมุด ดุมาก เห่าและวิ่งไล่รถมอเตอร์ไซค์ ขอบคุณครับ,1,0.79,หมวดความปลอดภัยและจราจร
856,พบสุนัขจรจัดดุวิ่งไล่กวดนิสิตบริเวณ หอพักนิสิต UP DORM เป็นแบบนี้มาหลายวันแล้วครับ,แอดมินครับ หมาจรจัดตรง หอพักนิสิต UP DORM ดุมาก เห่าและวิ่งไล่รถมอเตอร์ไซค์ เป็นแบบนี้มาหลายวันแล้วครับ,1,0.79,หมวดความปลอดภัยและจราจร
857,ช่วยประสานงานทีครับ พบสุนัขจรจัดดุวิ่งไล่กวดนิสิตบริเวณ ตึกคณะบริหาร ช่วยตรวจสอบทีครับ,ตึก PKY ห้องน้ำสกปรก พื้นแฉะและส่งกลิ่นเหม็น ปล่อยไว้นานแล้ว,0,0.18,ต่างหมวดหมู่
858,ช่วยตรวจสอบหน่อยครับ บัตรนิสิตหาย ต้องการทำบัตรใหม่ต้องเตรียมอะไรบ้าง ปล่อยไว้นานแล้ว,นิสิตเดือดร้อนมากค่ะ ทำบัตรประจำตัวนิสิตใหม่ ติดต่อสำนักทะเบียนห้องไหนครับ ช่วยตรวจสอบทีครับ,1,0.9,หมวดบริการทั่วไป / อื่นๆ
859,ด่วนมาก! ระบบบันทึกเกรดมีปัญหา เกรดยังไม่ออกสักวิชา,แจ้งเรื่องครับ: ตารางเรียนชนกันครับ เข้าระบบแล้วเลือกเวลาทับซ้อนกัน ขอบคุณครับ,0,0.35,หมวดการเรียนการสอนและวิชาการ (ต่างประเด็น)
860,ช่วยประสานงานทีครับ ต้องการขอดรอปรายวิชา ติดต่อทำเรื่องที่ไหนครับ เดือดร้อนมากค่ะ ขอบคุณค่ะ,แอดมินครับ ยื่นคำร้องขอถอนรายวิชาล่าช้า ต้องให้อาจารย์ท่านไหนเซ็น,1,0.85,หมวดการเรียนการสอนและวิชาการ
861,แจ้งเรื่องครับ: อาจารย์ไม่เข้าสอนตามตารางเรียนและไม่แจ้งล่วงหน้า,แอดมินครับ คลาสเรียนวันนี้อาจารย์ไม่มาสอน นิสิตมารอเต็มห้อง ปล่อยไว้นานแล้ว,1,0.84,หมวดการเรียนการสอนและวิชาการ
862,แจ้งเรื่องครับ: ปลั๊กไฟห้อง 1101 ตึกคณะนิติศาสตร์ ช็อต มีควันขึ้น เดือดร้อนมากค่ะ ขอบคุณค่ะ,แจ้งเรื่องครับ: ห้อง PKY01 หอพักนิสิต UP DORM แอร์พัง มีแต่ลมร้อน นั่งเรียนไม่ได้,0,0.34,หมวดอาคารและสิ่งอำนวยความสะดวก (ต่างประเด็น)
863,เข้าใช้งานระบบ UP Pass ไม่ได้ ล็อกอินแล้วเด้งออก,ช่วยตรวจสอบหน่อยครับ แอปพลิเคชัน UP Pass เข้าไม่ได้ ขึ้น error ตลอดเวลา เป็นแบบนี้มาหลายวันแล้วครับ,1,0.88,หมวดเทคโนโลยีสารสนเทศ
864,แอดมินครับ มีรถจอดซ้อนคันขวางทางออกตรง ตึก CE ช่วยตรวจสอบทีครับ,ช่วยประสานงานทีครับ เสาไฟทางเดินตรง หอพักนิสิต UP DORM ไม่ติด มืดมากกลัวอันตราย เป็นแบบนี้มาหลายวันแล้วครับ,0,0.35,หมวดความปลอดภัยและจราจร (ต่างประเด็น)
865,แจ้งเรื่องครับ: แอร์ห้อง 1101 หอพักนิสิต UP DORM เสีย ไม่เย็นเลย ร้อนมาก รบกวนเจ้าหน้าที่แก้ไขด่วนครับ,แจ้งเรื่องครับ: คลาสเรียนวันนี้อาจารย์ไม่มาสอน นิสิตมารอเต็มห้อง รบกวนเจ้าหน้าที่แก้ไขด่วนครับ,0,0.14,ต่างหมวดหมู่
866,แอดมินครับ ขอเปิดเซคชั่นเพิ่มวิชาศึกษาทั่วไป นิสิตยังลงไม่ครบ ปล่อยไว้นานแล้ว,ช่วยตรวจสอบหน่อยครับ วิชาบังคับเซคเต็มทุกเซค ขอเปิดเพิ่มอีกเซคได้ไหมครับ รบกวนเจ้าหน้าที่แก้ไขด่วนครับ,1,0.81,หมวดการเรียนการสอนและวิชาการ
867,ต้องการขอดรอปรายวิชา ติดต่อทำเรื่องที่ไหนครับ ปล่อยไว้นานแล้ว,ช่วยประสานงานทีครับ จอดมอเตอร์ไซค์ไว้ที่ หอพักนิสิต UP DORM หมวกกันน็อคโดนขโมยไปครับ ขอบคุณครับ,0,0.18,ต่างหมวดหมู่
868,ขอร้องเรียนค่ะ คนขับรถเมล์ มพ. สาย 3 ขับเร็วและหวาดเสียวมาก ปล่อยไว้นานแล้ว,ช่วยตรวจสอบหน่อยครับ รถเมล์มอสาย 3 ขับปาดซ้ายปาดขวา เบรกแรง กลัวอันตราย ช่วยตรวจสอบทีครับ,1,0.81,หมวดการเดินทางและระบบขนส่ง
869,แอดมินครับ พบสุนัขจรจัดดุวิ่งไล่กวดนิสิตบริเวณ ตึก PKY,นิสิตเดือดร้อนมากค่ะ หมาจรจัดตรง ตึกภักดี ดุมาก เห่าและวิ่งไล่รถมอเตอร์ไซค์ ช่วยตรวจสอบทีครับ,1,0.89,หมวดความปลอดภัยและจราจร
870,นิสิตเดือดร้อนมากค่ะ ระบบบันทึกเกรดมีปัญหา เกรดยังไม่ออกสักวิชา ช่วยตรวจสอบทีครับ,นิสิตเดือดร้อนมากค่ะ แอปพลิเคชัน UP Pass เข้าไม่ได้ ขึ้น error ตลอดเวลา ปล่อยไว้นานแล้ว,0,0.05,ต่างหมวดหมู่
871,ช่วยตรวจสอบหน่อยครับ บัตรนิสิตหาย ต้องการทำบัตรใหม่ต้องเตรียมอะไรบ้าง ขอบคุณครับ,ช่วยตรวจสอบหน่อยครับ ทำบัตรประจำตัวนิสิตใหม่ ติดต่อสำนักทะเบียนห้องไหนครับ เป็นแบบนี้มาหลายวันแล้วครับ,1,0.97,หมวดบริการทั่วไป / อื่นๆ
872,ขอร้องเรียนค่ะ ตารางสอบปลายภาคชนกันในวันเดียวกันสองวิชา รบกวนเจ้าหน้าที่แก้ไขด่วนครับ,แจ้งเรื่องครับ: วันสอบปลายภาคเวลาตรงกันสองรายวิชา ขอสอบชดเชยได้ไหม รบกวนเจ้าหน้าที่แก้ไขด่วนครับ,1,0.95,หมวดการเรียนการสอนและวิชาการ
873,ช่วยตรวจสอบหน่อยครับ บัตรนิสิตหาย ต้องการทำบัตรใหม่ต้องเตรียมอะไรบ้าง ช่วยตรวจสอบทีครับ,แอดมินครับ ทำบัตรประจำตัวนิสิตใหม่ ติดต่อสำนักทะเบียนห้องไหนครับ เดือดร้อนมากค่ะ ขอบคุณค่ะ,1,0.86,หมวดบริการทั่วไป / อื่นๆ
874,รบกวนเจ้าหน้าที่ครับ ก๊อกน้ำอ่างล้างมือ ตึก PKY หัก น้ำพุ่งกระเด็น ขอบคุณครับ,แจ้งเรื่องครับ: นิสิตต่อคิวรอรถเมล์ตรง ตึก ICT ยาวล้นออกมานอกฟุตบาท ช่วยตรวจสอบทีครับ,0,0.1,ต่างหมวดหมู่
875,รบกวนเจ้าหน้าที่ครับ ขอนับชั่วโมงกิจกรรมจิตอาสา กดยื่นในระบบแล้วยังไม่อนุมัติ รบกวนเจ้าหน้าที่แก้ไขด่วนครับ,ยื่นขอหนังสือรับรองการเป็นนิสิตผ่านช่องทางออนไลน์ยังไง ช่วยตรวจสอบทีครับ,0,0.3,หมวดบริการทั่วไป / อื่นๆ (ต่างประเด็น)
876,ช่วยประสานงานทีครับ พบสุนัขจรจัดดุวิ่งไล่กวดนิสิตบริเวณ ตึกคณะบริหาร เดือดร้อนมากค่ะ ขอบคุณค่ะ,รบกวนเจ้าหน้าที่ครับ กล้อง CCTV ตรง หอสมุด ใช้งานไม่ได้ อยากขอเปิดดูของหาย,0,0.37,หมวดความปลอดภัยและจราจร (ต่างประเด็น)
877,ขอร้องเรียนค่ะ ลืมรหัสผ่าน UP Mail ขอยื่นรีเซ็ตรหัสผ่านเมลองค์กร รบกวนเจ้าหน้าที่แก้ไขด่วนครับ,ด่วนมาก! เน็ตตึก ตึก ICT ดับทั้งตึก เชื่อมต่อสัญญาณไม่ได้ รบกวนเจ้าหน้าที่แก้ไขด่วนครับ,0,0.38,หมวดเทคโนโลยีสารสนเทศ (ต่างประเด็น)
878,แจ้งเรื่องครับ: ตารางสอบปลายภาคชนกันในวันเดียวกันสองวิชา รบกวนเจ้าหน้าที่แก้ไขด่วนครับ,แอดมินครับ วันสอบปลายภาคเวลาตรงกันสองรายวิชา ขอสอบชดเชยได้ไหม เป็นแบบนี้มาหลายวันแล้วครับ,1,0.89,หมวดการเรียนการสอนและวิชาการ
879,ตารางเรียนวิชาบังคับชนกันสองวิชา แก้ไขยังไงได้บ้าง ขอบคุณครับ,ช่วยประสานงานทีครับ ตารางเรียนชนกันครับ เข้าระบบแล้วเลือกเวลาทับซ้อนกัน ปล่อยไว้นานแล้ว,1,0.81,หมวดการเรียนการสอนและวิชาการ
880,ช่วยตรวจสอบหน่อยครับ รถเมล์ มพ. ไม่จอดรับนิสิตที่ป้าย ตึกคณะนิติศาสตร์ เดือดร้อนมากค่ะ ขอบคุณค่ะ,ช่วยประสานงานทีครับ ทำบัตรประจำตัวนิสิตใหม่ ติดต่อสำนักทะเบียนห้องไหนครับ,0,0.05,ต่างหมวดหมู่
881,รบกวนเจ้าหน้าที่ครับ ขอนับชั่วโมงกิจกรรมจิตอาสา กดยื่นในระบบแล้วยังไม่อนุมัติ เดือดร้อนมากค่ะ ขอบคุณค่ะ,แอดมินครับ ยื่นขอหนังสือรับรองการเป็นนิสิตผ่านช่องทางออนไลน์ยังไง รบกวนเจ้าหน้าที่แก้ไขด่วนครับ,0,0.39,หมวดบริการทั่วไป / อื่นๆ (ต่างประเด็น)
882,ขอร้องเรียนค่ะ ก๊อกน้ำอ่างล้างมือ ตึกวิทย์ หัก น้ำพุ่งกระเด็น รบกวนเจ้าหน้าที่แก้ไขด่วนครับ,ช่วยตรวจสอบหน่อยครับ อ่างล้างหน้า ตึกวิทยาศาสตร์ ท่อน้ำแตก น้ำนองเต็มพื้น เดือดร้อนมากค่ะ ขอบคุณค่ะ,1,0.93,หมวดอาคารและสิ่งอำนวยความสะดวก
883,รบกวนเจ้าหน้าที่ครับ เศษขยะเกลื่อนกลาดรอบโต๊ะม้าหินอ่อน ตึก CE เป็นแบบนี้มาหลายวันแล้วครับ,แอดมินครับ บริเวณที่นั่งเล่น ตึกเรียนรวม ขยะเต็มโต๊ะ ไม่มีคนกวาด ช่วยตรวจสอบทีครับ,1,0.97,หมวดภูมิทัศน์และความสะอาด
884,ช่วยประสานงานทีครับ เกิดอุบัติเหตุรถเฉี่ยวชนกันตรงทางแยก ตึกคณะบริหาร,รถมอเตอร์ไซค์ชนกันบริเวณ คณะวิทยาการจัดการ มีผู้ได้รับบาดเจ็บ เดือดร้อนมากค่ะ ขอบคุณค่ะ,1,0.85,หมวดความปลอดภัยและจราจร
885,ขอร้องเรียนค่ะ มีซากสัตว์ตายส่งกลิ่นเหม็นเน่าที่ ลานจอดรถหน้ามอ ปล่อยไว้นานแล้ว,ช่วยตรวจสอบหน่อยครับ พบซากนกตายบริเวณ ป้ายรถเมล์หน้ามอ เริ่มส่งกลิ่น ช่วยส่งแม่บ้านมาเก็บที เป็นแบบนี้มาหลายวันแล้วครับ,1,0.79,หมวดภูมิทัศน์และความสะอาด
886,ขอร้องเรียนค่ะ กล้องวงจรปิดบริเวณ หอสมุด ดับ เสียมาหลายวัน ช่วยตรวจสอบทีครับ,แจ้งเรื่องครับ: กล้อง CCTV ตรง หอสมุด ใช้งานไม่ได้ อยากขอเปิดดูของหาย ขอบคุณครับ,1,0.91,หมวดความปลอดภัยและจราจร
887,รบกวนเจ้าหน้าที่ครับ ระบบลงทะเบียนเรียน Reg ล่ม เข้าสู่ระบบไม่ได้ตั้งแต่เช้า ปล่อยไว้นานแล้ว,ขอร้องเรียนค่ะ เว็บ reg.up.ac.th ล่ม กดเลือกวิชาไม่ได้เลยครับ ช่วยตรวจสอบทีครับ,1,0.85,หมวดเทคโนโลยีสารสนเทศ
888,ขอร้องเรียนค่ะ ระบบลงทะเบียนเรียน Reg ล่ม เข้าสู่ระบบไม่ได้ตั้งแต่เช้า เป็นแบบนี้มาหลายวันแล้วครับ,แจ้งเรื่องครับ: เว็บ reg.up.ac.th ล่ม กดเลือกวิชาไม่ได้เลยครับ รบกวนเจ้าหน้าที่แก้ไขด่วนครับ,1,0.85,หมวดเทคโนโลยีสารสนเทศ
889,ช่วยตรวจสอบหน่อยครับ มีรถจอดซ้อนคันขวางทางออกตรง ตึก PKY เดือดร้อนมากค่ะ ขอบคุณค่ะ,นิสิตเดือดร้อนมากค่ะ รถยนต์จอดขวางทางเลี้ยวบริเวณ ตึก PKY ขับผ่านไม่ได้เลย เดือดร้อนมากค่ะ ขอบคุณค่ะ,1,0.86,หมวดความปลอดภัยและจราจร
890,ช่วยประสานงานทีครับ เศษขยะเกลื่อนกลาดรอบโต๊ะม้าหินอ่อน ตึก CE ช่วยตรวจสอบทีครับ,รบกวนเจ้าหน้าที่ครับ บริเวณที่นั่งเล่น ตึกเรียนรวม ขยะเต็มโต๊ะ ไม่มีคนกวาด ปล่อยไว้นานแล้ว,1,0.92,หมวดภูมิทัศน์และความสะอาด
891,แจ้งเรื่องครับ: เกิดอุบัติเหตุรถเฉี่ยวชนกันตรงทางแยก ตึกคณะบริหาร ปล่อยไว้นานแล้ว,ด่วนมาก! ฝนตกแล้วน้ำรั่วลงมาจากเพดาน ตึก ICT พื้นลื่นมาก ปล่อยไว้นานแล้ว,0,0.08,ต่างหมวดหมู่
892,ช่วยตรวจสอบหน่อยครับ อินเทอร์เน็ตที่ ตึกวิทย์ ใช้งานไม่ได้เลย สัญญาณกากบาท ปล่อยไว้นานแล้ว,เน็ตตึก ตึกวิทย์ ดับทั้งตึก เชื่อมต่อสัญญาณไม่ได้ รบกวนเจ้าหน้าที่แก้ไขด่วนครับ,1,0.84,หมวดเทคโนโลยีสารสนเทศ
893,ขอร้องเรียนค่ะ สัญญาณ WiFi UP-WiFi ที่ ตึกคณะบริหาร หลุดบ่อยมาก ช้ามาก,นิสิตเดือดร้อนมากค่ะ เน็ต UP-WiFi ที่ อาคารเรียนบริหาร ช้ามาก สัญญาณหลุดตลอดเวลา ขอบคุณครับ,1,0.95,หมวดเทคโนโลยีสารสนเทศ
894,รบกวนเจ้าหน้าที่ครับ คนขับรถเมล์ มพ. สาย 2 ขับเร็วและหวาดเสียวมาก รบกวนเจ้าหน้าที่แก้ไขด่วนครับ,แอดมินครับ รถเมล์มอสาย 1 ขับปาดซ้ายปาดขวา เบรกแรง กลัวอันตราย รบกวนเจ้าหน้าที่แก้ไขด่วนครับ,0,0.25,หมวดการเดินทางและระบบขนส่ง (ต่างประเด็น)
895,นิสิตเดือดร้อนมากค่ะ ก๊อกน้ำอ่างล้างมือ หอพักนิสิต UP DORM หัก น้ำพุ่งกระเด็น,อ่างล้างหน้า หอใน ท่อน้ำแตก น้ำนองเต็มพื้น ขอบคุณครับ,1,0.94,หมวดอาคารและสิ่งอำนวยความสะดวก
896,ขอร้องเรียนค่ะ กิ่งไม้ขนาดใหญ่หักหล่นขวางถนนตรง หอพักนิสิต UP DORM ขอบคุณครับ,รบกวนเจ้าหน้าที่ครับ มีต้นไม้ล้มทับทางเดินข้าง ตึก PKY สัญจรลำบากมาก ช่วยตรวจสอบทีครับ,0,0.25,หมวดภูมิทัศน์และความสะอาด (ต่างประเด็น)
897,ประตูห้องน้ำชาย ตึกสงวนเสริมศรี ลูกบิดพัง ล็อคไม่ได้,ช่วยตรวจสอบหน่อยครับ บริเวณที่นั่งเล่น ตึก CE ขยะเต็มโต๊ะ ไม่มีคนกวาด เดือดร้อนมากค่ะ ขอบคุณค่ะ,0,0.16,ต่างหมวดหมู่
898,ขอร้องเรียนค่ะ ตารางเรียนวิชาบังคับชนกันสองวิชา แก้ไขยังไงได้บ้าง รบกวนเจ้าหน้าที่แก้ไขด่วนครับ,รบกวนเจ้าหน้าที่ครับ ชั่วโมงกิจกรรมสะสมไม่ขึ้นในระบบ UP Pass ติดต่อใคร ปล่อยไว้นานแล้ว,0,0.08,ต่างหมวดหมู่
899,กล้องวงจรปิดบริเวณ ตึกวิทย์ ดับ เสียมาหลายวัน ปล่อยไว้นานแล้ว,ช่วยประสานงานทีครับ พบซากนกตายบริเวณ หอสมุด เริ่มส่งกลิ่น ช่วยส่งแม่บ้านมาเก็บที เป็นแบบนี้มาหลายวันแล้วครับ,0,0.08,ต่างหมวดหมู่
900,ขอร้องเรียนค่ะ หญ้าขึ้นสูงรกมากข้างทางเดินไป ลานจอดรถหน้ามอ กลัวงู เดือดร้อนมากค่ะ ขอบคุณค่ะ,แอดมินครับ บริเวณทางเดินไป หอสมุด หญ้ารกมาก ช่วยตัดหญ้าทีครับ เป็นแบบนี้มาหลายวันแล้วครับ,0,0.25,หมวดภูมิทัศน์และความสะอาด (ต่างประเด็น)
901,ขอร้องเรียนค่ะ ขอใบรับรองสถานภาพนิสิตภาษาอังกฤษ ใช้เวลากี่วันได้ รบกวนเจ้าหน้าที่แก้ไขด่วนครับ,ด่วนมาก! ประกาศเกรดยังไม่ขึ้นในระบบเลยครับ ติดต่อฝ่ายทะเบียนไม่ได้ ขอบคุณครับ,0,0.12,ต่างหมวดหมู่
902,ช่วยประสานงานทีครับ ขอนับชั่วโมงกิจกรรมจิตอาสา กดยื่นในระบบแล้วยังไม่อนุมัติ ปล่อยไว้นานแล้ว,รบกวนเจ้าหน้าที่ครับ จอดมอเตอร์ไซค์ไว้ที่ ตึกคณะนิติศาสตร์ หมวกกันน็อคโดนขโมยไปครับ เดือดร้อนมากค่ะ ขอบคุณค่ะ,0,0.15,ต่างหมวดหมู่
903,นิสิตเดือดร้อนมากค่ะ ไฟกิ่งส่องสว่างทางเดินไป ตึกวิทย์ ดับ มืดและเปลี่ยวมาก เป็นแบบนี้มาหลายวันแล้วครับ,ช่วยตรวจสอบหน่อยครับ เสาไฟทางเดินตรง คณะวิทยาศาสตร์ ไม่ติด มืดมากกลัวอันตราย,1,0.87,หมวดความปลอดภัยและจราจร
904,ด่วนมาก! กล้องวงจรปิดบริเวณ ตึก ICT ดับ เสียมาหลายวัน เป็นแบบนี้มาหลายวันแล้วครับ,นิสิตเดือดร้อนมากค่ะ เสาไฟทางเดินตรง ตึกวิทย์ ไม่ติด มืดมากกลัวอันตราย,0,0.34,หมวดความปลอดภัยและจราจร (ต่างประเด็น)
905,แจ้งเรื่องครับ: อาจารย์ไม่เข้าสอนตามตารางเรียนและไม่แจ้งล่วงหน้า เดือดร้อนมากค่ะ ขอบคุณค่ะ,ขอร้องเรียนค่ะ ห้อง 3101 ตึกคณะบริหาร แอร์พัง มีแต่ลมร้อน นั่งเรียนไม่ได้ ช่วยตรวจสอบทีครับ,0,0.19,ต่างหมวดหมู่
906,แจ้งเรื่องครับ: ลืมกระเป๋าสตางค์ไว้ที่ ลานจอดรถหน้ามอ มีใครเก็บได้บ้างครับ ปล่อยไว้นานแล้ว,รบกวนเจ้าหน้าที่ครับ เอกสารทุนการศึกษา มพ. ส่งได้ถึงวันไหนครับ,0,0.28,หมวดบริการทั่วไป / อื่นๆ (ต่างประเด็น)
907,แอดมินครับ เกิดอุบัติเหตุรถเฉี่ยวชนกันตรงทางแยก ตึกคณะบริหาร รบกวนเจ้าหน้าที่แก้ไขด่วนครับ,นิสิตเดือดร้อนมากค่ะ รถมอเตอร์ไซค์ชนกันบริเวณ อาคารเรียนบริหาร มีผู้ได้รับบาดเจ็บ ช่วยตรวจสอบทีครับ,1,0.87,หมวดความปลอดภัยและจราจร
908,ช่วยตรวจสอบหน่อยครับ อาจารย์ไม่เข้าสอนตามตารางเรียนและไม่แจ้งล่วงหน้า เป็นแบบนี้มาหลายวันแล้วครับ,ด่วนมาก! คลาสเรียนวันนี้อาจารย์ไม่มาสอน นิสิตมารอเต็มห้อง ขอบคุณครับ,1,0.93,หมวดการเรียนการสอนและวิชาการ
909,แอดมินครับ มีซากสัตว์ตายส่งกลิ่นเหม็นเน่าที่ หอสมุด เดือดร้อนมากค่ะ ขอบคุณค่ะ,รบกวนเจ้าหน้าที่ครับ พบซากนกตายบริเวณ ห้องสมุดกลาง เริ่มส่งกลิ่น ช่วยส่งแม่บ้านมาเก็บที ช่วยตรวจสอบทีครับ,1,0.83,หมวดภูมิทัศน์และความสะอาด
910,แจ้งเรื่องครับ: คิวต่อแถวรอรถเมล์มอที่ ตึก CE แน่นมาก รถมีไม่เพียงพอ ปล่อยไว้นานแล้ว,ขอร้องเรียนค่ะ นิสิตต่อคิวรอรถเมล์ตรง อาคารเรียนรวม CE ยาวล้นออกมานอกฟุตบาท ขอบคุณครับ,1,0.89,หมวดการเดินทางและระบบขนส่ง
911,ด่วนมาก! คนขับรถเมล์ มพ. สาย 1 ขับเร็วและหวาดเสียวมาก,แจ้งเรื่องครับ: นิสิตต่อคิวรอรถเมล์ตรง ตึกคณะบริหาร ยาวล้นออกมานอกฟุตบาท ปล่อยไว้นานแล้ว,0,0.28,หมวดการเดินทางและระบบขนส่ง (ต่างประเด็น)
912,แจ้งเรื่องครับ: สอบถามเรื่องการยื่นกู้ กยศ. และส่งเอกสารทุนการศึกษา เดือดร้อนมากค่ะ ขอบคุณค่ะ,เอกสารทุนการศึกษา มพ. ส่งได้ถึงวันไหนครับ,1,0.96,หมวดบริการทั่วไป / อื่นๆ
913,ช่วยตรวจสอบหน่อยครับ ลืมกระเป๋าสตางค์ไว้ที่ หอสมุด มีใครเก็บได้บ้างครับ ช่วยตรวจสอบทีครับ,รบกวนเจ้าหน้าที่ครับ ตามหาของหาย ลืมไอแพดไว้ที่ สำนักบรรณสาร ช่วยดูกล้องให้ที ขอบคุณครับ,1,0.95,หมวดบริการทั่วไป / อื่นๆ
914,ช่วยตรวจสอบหน่อยครับ มีรถจอดซ้อนคันขวางทางออกตรง หอสมุด ปล่อยไว้นานแล้ว,รบกวนเจ้าหน้าที่ครับ เอกสารทุนการศึกษา มพ. ส่งได้ถึงวันไหนครับ ช่วยตรวจสอบทีครับ,0,0.06,ต่างหมวดหมู่
915,ด่วนมาก! ขอใบรับรองสถานภาพนิสิตภาษาอังกฤษ ใช้เวลากี่วันได้ รบกวนเจ้าหน้าที่แก้ไขด่วนครับ,ช่วยประสานงานทีครับ ทำบัตรประจำตัวนิสิตใหม่ ติดต่อสำนักทะเบียนห้องไหนครับ ขอบคุณครับ,0,0.24,หมวดบริการทั่วไป / อื่นๆ (ต่างประเด็น)
916,เข้าใช้งานระบบ UP Pass ไม่ได้ ล็อกอินแล้วเด้งออก ช่วยตรวจสอบทีครับ,แอดมินครับ แอปพลิเคชัน UP Pass เข้าไม่ได้ ขึ้น error ตลอดเวลา รบกวนเจ้าหน้าที่แก้ไขด่วนครับ,1,0.87,หมวดเทคโนโลยีสารสนเทศ
917,ขอร้องเรียนค่ะ ขอนับชั่วโมงกิจกรรมจิตอาสา กดยื่นในระบบแล้วยังไม่อนุมัติ ขอบคุณครับ,ขอร้องเรียนค่ะ ชั่วโมงกิจกรรมสะสมไม่ขึ้นในระบบ UP Pass ติดต่อใคร ช่วยตรวจสอบทีครับ,1,0.91,หมวดบริการทั่วไป / อื่นๆ
918,ขอร้องเรียนค่ะ ถังขยะบริเวณ ตึกคณะบริหาร ล้น ส่งกลิ่นเหม็นรบกวน ช่วยตรวจสอบทีครับ,นิสิตเดือดร้อนมากค่ะ ขยะล้นถังขยะตรง อาคารเรียนบริหาร เหม็นมาก ไม่มีใครมาเก็บ ปล่อยไว้นานแล้ว,1,0.96,หมวดภูมิทัศน์และความสะอาด
919,ด่วนมาก! คนขับรถเมล์ มพ. สาย มอ ขับเร็วและหวาดเสียวมาก,ด่วนมาก! รถเมล์มอสาย มอ ขับปาดซ้ายปาดขวา เบรกแรง กลัวอันตราย ขอบคุณครับ,1,0.85,หมวดการเดินทางและระบบขนส่ง
920,แอดมินครับ คนขับรถเมล์ มพ. สาย 2 ขับเร็วและหวาดเสียวมาก เดือดร้อนมากค่ะ ขอบคุณค่ะ,นิสิตเดือดร้อนมากค่ะ รถเมล์มอสาย 2 ขับปาดซ้ายปาดขวา เบรกแรง กลัวอันตราย เป็นแบบนี้มาหลายวันแล้วครับ,1,0.81,หมวดการเดินทางและระบบขนส่ง
921,ขอร้องเรียนค่ะ ลิฟต์ ลานจอดรถหน้ามอ ประตูค้าง เปิดไม่ออก เป็นแบบนี้มาหลายวันแล้วครับ,ลิฟต์โดยสารที่ ลานจอดรถหน้ามอ ชำรุด กดแล้วไม่ขยับ ประตูเปิดไม่ได้ ขอบคุณครับ,1,0.96,หมวดอาคารและสิ่งอำนวยความสะดวก
922,แจ้งเรื่องครับ: มีซากสัตว์ตายส่งกลิ่นเหม็นเน่าที่ ตึก CE ขอบคุณครับ,พบซากนกตายบริเวณ ตึกเรียนรวม เริ่มส่งกลิ่น ช่วยส่งแม่บ้านมาเก็บที ช่วยตรวจสอบทีครับ,1,0.91,หมวดภูมิทัศน์และความสะอาด
923,ช่วยประสานงานทีครับ พบสุนัขจรจัดดุวิ่งไล่กวดนิสิตบริเวณ ตึกวิทย์,ด่วนมาก! หมาจรจัดตรง ตึกวิทยาศาสตร์ ดุมาก เห่าและวิ่งไล่รถมอเตอร์ไซค์ รบกวนเจ้าหน้าที่แก้ไขด่วนครับ,1,0.96,หมวดความปลอดภัยและจราจร
924,สอบถามเรื่องการยื่นกู้ กยศ. และส่งเอกสารทุนการศึกษา เดือดร้อนมากค่ะ ขอบคุณค่ะ,ช่วยตรวจสอบหน่อยครับ เน็ตตึก ตึกคณะนิติศาสตร์ ดับทั้งตึก เชื่อมต่อสัญญาณไม่ได้ เดือดร้อนมากค่ะ ขอบคุณค่ะ,0,0.14,ต่างหมวดหมู่
925,ด่วนมาก! รถเมล์ มพ. สาย 2 รอนานเกิน 45 นาทีแล้วไม่มา เป็นแบบนี้มาหลายวันแล้วครับ,ช่วยตรวจสอบหน่อยครับ รอรถเมล์มอสาย 2 นานมาก รถขาดช่วง นิสิตไปเรียนไม่ทัน ช่วยตรวจสอบทีครับ,1,0.86,หมวดการเดินทางและระบบขนส่ง
926,ช่วยตรวจสอบหน่อยครับ คนขับรถเมล์ มพ. สาย 2 ขับเร็วและหวาดเสียวมาก เดือดร้อนมากค่ะ ขอบคุณค่ะ,จุดรอรถเมล์มอตรง ตึกคณะบริหาร ฝนตกเปียกหมด ไม่มีศาลาพักคอย ปล่อยไว้นานแล้ว,0,0.38,หมวดการเดินทางและระบบขนส่ง (ต่างประเด็น)
927,ช่วยตรวจสอบหน่อยครับ ขอใบรับรองสถานภาพนิสิตภาษาอังกฤษ ใช้เวลากี่วันได้ ช่วยตรวจสอบทีครับ,ขอร้องเรียนค่ะ ยื่นขอหนังสือรับรองการเป็นนิสิตผ่านช่องทางออนไลน์ยังไง ปล่อยไว้นานแล้ว,1,0.9,หมวดบริการทั่วไป / อื่นๆ
928,หลังคารั่วตรงทางเดิน ตึก ICT น้ำเจิ่งนอง,ช่วยตรวจสอบหน่อยครับ ฝนตกแล้วน้ำรั่วลงมาจากเพดาน ตึก ICT พื้นลื่นมาก รบกวนเจ้าหน้าที่แก้ไขด่วนครับ,1,0.81,หมวดอาคารและสิ่งอำนวยความสะดวก
929,ลืมกระเป๋าสตางค์ไว้ที่ ลานจอดรถหน้ามอ มีใครเก็บได้บ้างครับ ช่วยตรวจสอบทีครับ,ช่วยตรวจสอบหน่อยครับ จุดรอรถเมล์มอตรง ตึกคณะบริหาร ฝนตกเปียกหมด ไม่มีศาลาพักคอย เป็นแบบนี้มาหลายวันแล้วครับ,0,0.17,ต่างหมวดหมู่
930,แอดมินครับ ลืมกระเป๋าสตางค์ไว้ที่ ตึก ICT มีใครเก็บได้บ้างครับ ปล่อยไว้นานแล้ว,ช่วยตรวจสอบหน่อยครับ รถยนต์จอดขวางทางเลี้ยวบริเวณ ลานจอดรถหน้ามอ ขับผ่านไม่ได้เลย เป็นแบบนี้มาหลายวันแล้วครับ,0,0.04,ต่างหมวดหมู่
931,ขอร้องเรียนค่ะ ลิฟต์ ตึกคณะนิติศาสตร์ ประตูค้าง เปิดไม่ออก ปล่อยไว้นานแล้ว,ลิฟต์โดยสารที่ ตึกนิติ ชำรุด กดแล้วไม่ขยับ ประตูเปิดไม่ได้ เดือดร้อนมากค่ะ ขอบคุณค่ะ,1,0.86,หมวดอาคารและสิ่งอำนวยความสะดวก
932,ด่วนมาก! ลืมกระเป๋าสตางค์ไว้ที่ หอสมุด มีใครเก็บได้บ้างครับ รบกวนเจ้าหน้าที่แก้ไขด่วนครับ,ช่วยตรวจสอบหน่อยครับ ตามหาของหาย ลืมไอแพดไว้ที่ ห้องสมุดกลาง ช่วยดูกล้องให้ที เป็นแบบนี้มาหลายวันแล้วครับ,1,0.9,หมวดบริการทั่วไป / อื่นๆ
933,เศษขยะเกลื่อนกลาดรอบโต๊ะม้าหินอ่อน หอพักนิสิต UP DORM รบกวนเจ้าหน้าที่แก้ไขด่วนครับ,แอดมินครับ บริเวณที่นั่งเล่น หอพักในมอ ขยะเต็มโต๊ะ ไม่มีคนกวาด เป็นแบบนี้มาหลายวันแล้วครับ,1,0.89,หมวดภูมิทัศน์และความสะอาด
934,กล้องวงจรปิดบริเวณ ตึก ICT ดับ เสียมาหลายวัน เดือดร้อนมากค่ะ ขอบคุณค่ะ,ช่วยตรวจสอบหน่อยครับ เน็ตตึก ลานจอดรถหน้ามอ ดับทั้งตึก เชื่อมต่อสัญญาณไม่ได้ เป็นแบบนี้มาหลายวันแล้วครับ,0,0.19,ต่างหมวดหมู่
935,แจ้งเรื่องครับ: ปลั๊กไฟห้อง CE01 ตึก PKY ช็อต มีควันขึ้น ขอบคุณครับ,รบกวนเจ้าหน้าที่ครับ ตึก PKY ห้อง CE01 ปลั๊กไฟระเบิด เสียบชาร์จไม่ได้ เดือดร้อนมากค่ะ ขอบคุณค่ะ,1,0.97,หมวดอาคารและสิ่งอำนวยความสะดวก
936,ถังขยะบริเวณ ตึก ICT ล้น ส่งกลิ่นเหม็นรบกวน รบกวนเจ้าหน้าที่แก้ไขด่วนครับ,ช่วยตรวจสอบหน่อยครับ ขยะล้นถังขยะตรง อาคาร ICT เหม็นมาก ไม่มีใครมาเก็บ รบกวนเจ้าหน้าที่แก้ไขด่วนครับ,1,0.9,หมวดภูมิทัศน์และความสะอาด
937,ขอร้องเรียนค่ะ ลิฟต์ ลานจอดรถหน้ามอ ประตูค้าง เปิดไม่ออก ปล่อยไว้นานแล้ว,ช่วยประสานงานทีครับ ลิฟต์โดยสารที่ ป้ายรถเมล์หน้ามอ ชำรุด กดแล้วไม่ขยับ ประตูเปิดไม่ได้ รบกวนเจ้าหน้าที่แก้ไขด่วนครับ,1,0.84,หมวดอาคารและสิ่งอำนวยความสะดวก
938,ช่วยประสานงานทีครับ เข้าใช้งานระบบ UP Pass ไม่ได้ ล็อกอินแล้วเด้งออก ขอบคุณครับ,นิสิตเดือดร้อนมากค่ะ เน็ตตึก ตึก CE ดับทั้งตึก เชื่อมต่อสัญญาณไม่ได้,0,0.36,หมวดเทคโนโลยีสารสนเทศ (ต่างประเด็น)
939,แอดมินครับ เกิดอุบัติเหตุรถเฉี่ยวชนกันตรงทางแยก ตึก PKY เป็นแบบนี้มาหลายวันแล้วครับ,ขอร้องเรียนค่ะ จอดมอเตอร์ไซค์ไว้ที่ ตึก ICT หมวกกันน็อคโดนขโมยไปครับ ปล่อยไว้นานแล้ว,0,0.19,หมวดความปลอดภัยและจราจร (ต่างประเด็น)
940,แจ้งเรื่องครับ: ตารางเรียนวิชาบังคับชนกันสองวิชา แก้ไขยังไงได้บ้าง,แจ้งเรื่องครับ: ตารางเรียนชนกันครับ เข้าระบบแล้วเลือกเวลาทับซ้อนกัน,0,0.21,หมวดการเรียนการสอนและวิชาการ (ต่างประเด็น)
941,แจ้งเรื่องครับ: มีซากสัตว์ตายส่งกลิ่นเหม็นเน่าที่ หอสมุด ช่วยตรวจสอบทีครับ,ช่วยประสานงานทีครับ พบซากนกตายบริเวณ ห้องสมุดกลาง เริ่มส่งกลิ่น ช่วยส่งแม่บ้านมาเก็บที ปล่อยไว้นานแล้ว,1,0.9,หมวดภูมิทัศน์และความสะอาด
942,แอดมินครับ มีรถจอดซ้อนคันขวางทางออกตรง หอพักนิสิต UP DORM ปล่อยไว้นานแล้ว,ช่วยตรวจสอบหน่อยครับ กล้อง CCTV ตรง ตึก CE ใช้งานไม่ได้ อยากขอเปิดดูของหาย,0,0.39,หมวดความปลอดภัยและจราจร (ต่างประเด็น)
943,ระบบลงทะเบียนเรียน Reg ล่ม เข้าสู่ระบบไม่ได้ตั้งแต่เช้า รบกวนเจ้าหน้าที่แก้ไขด่วนครับ,รบกวนเจ้าหน้าที่ครับ ทำบัตรประจำตัวนิสิตใหม่ ติดต่อสำนักทะเบียนห้องไหนครับ เป็นแบบนี้มาหลายวันแล้วครับ,0,0.19,ต่างหมวดหมู่
944,นิสิตเดือดร้อนมากค่ะ ระบบบันทึกเกรดมีปัญหา เกรดยังไม่ออกสักวิชา รบกวนเจ้าหน้าที่แก้ไขด่วนครับ,รบกวนเจ้าหน้าที่ครับ แอปพลิเคชัน UP Pass เข้าไม่ได้ ขึ้น error ตลอดเวลา ปล่อยไว้นานแล้ว,0,0.11,ต่างหมวดหมู่
945,ช่วยประสานงานทีครับ พบสุนัขจรจัดดุวิ่งไล่กวดนิสิตบริเวณ ตึกคณะนิติศาสตร์ เดือดร้อนมากค่ะ ขอบคุณค่ะ,หมาจรจัดตรง ตึกคณะนิติศาสตร์ ดุมาก เห่าและวิ่งไล่รถมอเตอร์ไซค์ เดือดร้อนมากค่ะ ขอบคุณค่ะ,1,0.93,หมวดความปลอดภัยและจราจร
946,แอดมินครับ ลิฟต์ ตึกคณะนิติศาสตร์ ประตูค้าง เปิดไม่ออก,ขอร้องเรียนค่ะ ลิฟต์โดยสารที่ ตึกนิติ ชำรุด กดแล้วไม่ขยับ ประตูเปิดไม่ได้ เดือดร้อนมากค่ะ ขอบคุณค่ะ,1,0.87,หมวดอาคารและสิ่งอำนวยความสะดวก
947,แอดมินครับ ก๊อกน้ำอ่างล้างมือ ตึก CE หัก น้ำพุ่งกระเด็น รบกวนเจ้าหน้าที่แก้ไขด่วนครับ,นิสิตเดือดร้อนมากค่ะ ลูกบิดประตูห้องน้ำ หอสมุด หลุด ล็อคไม่ได้ช่วยซ่อมที,0,0.23,หมวดอาคารและสิ่งอำนวยความสะดวก (ต่างประเด็น)
948,นิสิตเดือดร้อนมากค่ะ ลืมรหัสผ่าน UP Mail ขอยื่นรีเซ็ตรหัสผ่านเมลองค์กร รบกวนเจ้าหน้าที่แก้ไขด่วนครับ,ช่วยตรวจสอบหน่อยครับ เข้าอีเมลมหาวิทยาลัยไม่ได้ จำรหัสผ่านไม่ได้ครับ ปล่อยไว้นานแล้ว,0,0.4,หมวดเทคโนโลยีสารสนเทศ (ต่างประเด็น)
949,แอดมินครับ มีรถจอดซ้อนคันขวางทางออกตรง ตึก ICT เป็นแบบนี้มาหลายวันแล้วครับ,ช่วยประสานงานทีครับ รถยนต์จอดขวางทางเลี้ยวบริเวณ ตึกเทคโนโลยีสารสนเทศและการสื่อสาร ขับผ่านไม่ได้เลย รบกวนเจ้าหน้าที่แก้ไขด่วนครับ,1,0.8,หมวดความปลอดภัยและจราจร
950,ตารางสอบปลายภาคชนกันในวันเดียวกันสองวิชา ช่วยตรวจสอบทีครับ,แอดมินครับ วันสอบปลายภาคเวลาตรงกันสองรายวิชา ขอสอบชดเชยได้ไหม ปล่อยไว้นานแล้ว,1,0.93,หมวดการเรียนการสอนและวิชาการ
951,ถังขยะบริเวณ ลานจอดรถหน้ามอ ล้น ส่งกลิ่นเหม็นรบกวน ขอบคุณครับ,นิสิตเดือดร้อนมากค่ะ รถมอเตอร์ไซค์ชนกันบริเวณ หอพักนิสิต UP DORM มีผู้ได้รับบาดเจ็บ,0,0.04,ต่างหมวดหมู่
952,นิสิตเดือดร้อนมากค่ะ ป้ายรถเมล์บริเวณ ตึกคณะนิติศาสตร์ ไม่มีหลังคาบังแดดบังฝน,นิสิตเดือดร้อนมากค่ะ จุดรอรถเมล์มอตรง ตึกคณะนิติศาสตร์ ฝนตกเปียกหมด ไม่มีศาลาพักคอย ปล่อยไว้นานแล้ว,1,0.88,หมวดการเดินทางและระบบขนส่ง
953,ช่วยตรวจสอบหน่อยครับ รถเมล์ มพ. สาย 1 รอนานเกิน 45 นาทีแล้วไม่มา ปล่อยไว้นานแล้ว,รถเมล์มอสาย 3 ขับปาดซ้ายปาดขวา เบรกแรง กลัวอันตราย ช่วยตรวจสอบทีครับ,0,0.23,หมวดการเดินทางและระบบขนส่ง (ต่างประเด็น)
954,ขอร้องเรียนค่ะ คิวต่อแถวรอรถเมล์มอที่ ตึก CE แน่นมาก รถมีไม่เพียงพอ รบกวนเจ้าหน้าที่แก้ไขด่วนครับ,นิสิตต่อคิวรอรถเมล์ตรง อาคารเรียนรวม CE ยาวล้นออกมานอกฟุตบาท เป็นแบบนี้มาหลายวันแล้วครับ,1,0.8,หมวดการเดินทางและระบบขนส่ง
955,รบกวนเจ้าหน้าที่ครับ ขอเปิดเซคชั่นเพิ่มวิชาศึกษาทั่วไป นิสิตยังลงไม่ครบ ขอบคุณครับ,ช่วยประสานงานทีครับ วิชาบังคับเซคเต็มทุกเซค ขอเปิดเพิ่มอีกเซคได้ไหมครับ ปล่อยไว้นานแล้ว,1,0.88,หมวดการเรียนการสอนและวิชาการ
956,ด่วนมาก! ขอใบรับรองสถานภาพนิสิตภาษาอังกฤษ ใช้เวลากี่วันได้ ช่วยตรวจสอบทีครับ,ช่วยประสานงานทีครับ ยื่นขอหนังสือรับรองการเป็นนิสิตผ่านช่องทางออนไลน์ยังไง,1,0.88,หมวดบริการทั่วไป / อื่นๆ
957,รบกวนเจ้าหน้าที่ครับ หลอดไฟในห้องเรียน 2203 ลานจอดรถหน้ามอ ขาด มืดมาก รบกวนเจ้าหน้าที่แก้ไขด่วนครับ,ไฟเพดานห้อง 2203 ประตูทางเข้าหน้ามอ ดับ มองกระดานไม่เห็น ช่วยตรวจสอบทีครับ,1,0.96,หมวดอาคารและสิ่งอำนวยความสะดวก
958,ขอร้องเรียนค่ะ พบสุนัขจรจัดดุวิ่งไล่กวดนิสิตบริเวณ ตึก PKY ปล่อยไว้นานแล้ว,ขอร้องเรียนค่ะ หมาจรจัดตรง ตึกภักดี ดุมาก เห่าและวิ่งไล่รถมอเตอร์ไซค์ รบกวนเจ้าหน้าที่แก้ไขด่วนครับ,1,0.84,หมวดความปลอดภัยและจราจร
959,ขอร้องเรียนค่ะ ปลั๊กไฟห้อง 1301 ลานจอดรถหน้ามอ ช็อต มีควันขึ้น ขอบคุณครับ,ขอร้องเรียนค่ะ ประตู 1 ม.พะเยา ห้อง 1301 ปลั๊กไฟระเบิด เสียบชาร์จไม่ได้ เป็นแบบนี้มาหลายวันแล้วครับ,1,0.93,หมวดอาคารและสิ่งอำนวยความสะดวก
960,ขอร้องเรียนค่ะ หลังคารั่วตรงทางเดิน ตึกวิทย์ น้ำเจิ่งนอง,ขอร้องเรียนค่ะ ฝนตกแล้วน้ำรั่วลงมาจากเพดาน ตึกวิทยาศาสตร์ พื้นลื่นมาก รบกวนเจ้าหน้าที่แก้ไขด่วนครับ,1,0.87,หมวดอาคารและสิ่งอำนวยความสะดวก
961,ช่วยตรวจสอบหน่อยครับ ขอนับชั่วโมงกิจกรรมจิตอาสา กดยื่นในระบบแล้วยังไม่อนุมัติ,ช่วยตรวจสอบหน่อยครับ ชั่วโมงกิจกรรมสะสมไม่ขึ้นในระบบ UP Pass ติดต่อใคร ช่วยตรวจสอบทีครับ,1,0.94,หมวดบริการทั่วไป / อื่นๆ
962,ขอร้องเรียนค่ะ มีรถจอดซ้อนคันขวางทางออกตรง หอสมุด ช่วยตรวจสอบทีครับ,แอดมินครับ รถยนต์จอดขวางทางเลี้ยวบริเวณ สำนักบรรณสาร ขับผ่านไม่ได้เลย ช่วยตรวจสอบทีครับ,1,0.89,หมวดความปลอดภัยและจราจร
963,ด่วนมาก! เกิดอุบัติเหตุรถเฉี่ยวชนกันตรงทางแยก ตึกสงวนเสริมศรี ขอบคุณครับ,ช่วยตรวจสอบหน่อยครับ หมาจรจัดตรง ตึกคณะบริหาร ดุมาก เห่าและวิ่งไล่รถมอเตอร์ไซค์ ขอบคุณครับ,0,0.32,หมวดความปลอดภัยและจราจร (ต่างประเด็น)
964,ด่วนมาก! คนขับรถเมล์ มพ. สาย มอ ขับเร็วและหวาดเสียวมาก ปล่อยไว้นานแล้ว,ช่วยตรวจสอบหน่อยครับ กล้อง CCTV ตรง ตึกสงวนเสริมศรี ใช้งานไม่ได้ อยากขอเปิดดูของหาย ขอบคุณครับ,0,0.04,ต่างหมวดหมู่
965,ด่วนมาก! พบสุนัขจรจัดดุวิ่งไล่กวดนิสิตบริเวณ ตึก PKY ปล่อยไว้นานแล้ว,นิสิตเดือดร้อนมากค่ะ ตึก CE ห้องน้ำสกปรก พื้นแฉะและส่งกลิ่นเหม็น ขอบคุณครับ,0,0.14,ต่างหมวดหมู่
966,ช่วยประสานงานทีครับ เข้าใช้งานระบบ UP Pass ไม่ได้ ล็อกอินแล้วเด้งออก เป็นแบบนี้มาหลายวันแล้วครับ,นิสิตเดือดร้อนมากค่ะ ตึก CE ชั้น 2 ห้องน้ำน้ำหยุดไหล สกปรกมาก ปล่อยไว้นานแล้ว,0,0.05,ต่างหมวดหมู่
967,แอดมินครับ ขอใบรับรองสถานภาพนิสิตภาษาอังกฤษ ใช้เวลากี่วันได้ เป็นแบบนี้มาหลายวันแล้วครับ,ด่วนมาก! ยื่นขอหนังสือรับรองการเป็นนิสิตผ่านช่องทางออนไลน์ยังไง ปล่อยไว้นานแล้ว,1,0.8,หมวดบริการทั่วไป / อื่นๆ
968,ช่วยตรวจสอบหน่อยครับ รถเมล์ มพ. สาย 1 รอนานเกิน 45 นาทีแล้วไม่มา ขอบคุณครับ,รบกวนเจ้าหน้าที่ครับ รอรถเมล์มอสาย 1 นานมาก รถขาดช่วง นิสิตไปเรียนไม่ทัน ช่วยตรวจสอบทีครับ,1,0.91,หมวดการเดินทางและระบบขนส่ง
969,นิสิตเดือดร้อนมากค่ะ เข้าใช้งานระบบ UP Pass ไม่ได้ ล็อกอินแล้วเด้งออก เดือดร้อนมากค่ะ ขอบคุณค่ะ,แอดมินครับ แอปพลิเคชัน UP Pass เข้าไม่ได้ ขึ้น error ตลอดเวลา ช่วยตรวจสอบทีครับ,1,0.97,หมวดเทคโนโลยีสารสนเทศ
970,ช่วยประสานงานทีครับ กิ่งไม้ขนาดใหญ่หักหล่นขวางถนนตรง ตึก ICT ปล่อยไว้นานแล้ว,นิสิตเดือดร้อนมากค่ะ พบซากนกตายบริเวณ หอสมุด เริ่มส่งกลิ่น ช่วยส่งแม่บ้านมาเก็บที,0,0.36,หมวดภูมิทัศน์และความสะอาด (ต่างประเด็น)
971,รบกวนเจ้าหน้าที่ครับ ขอเปิดเซคชั่นเพิ่มวิชาศึกษาทั่วไป นิสิตยังลงไม่ครบ รบกวนเจ้าหน้าที่แก้ไขด่วนครับ,ช่วยประสานงานทีครับ วิชาบังคับเซคเต็มทุกเซค ขอเปิดเพิ่มอีกเซคได้ไหมครับ รบกวนเจ้าหน้าที่แก้ไขด่วนครับ,0,0.4,หมวดการเรียนการสอนและวิชาการ (ต่างประเด็น)
972,แอดมินครับ ระบบลงทะเบียนเรียน Reg ล่ม เข้าสู่ระบบไม่ได้ตั้งแต่เช้า เป็นแบบนี้มาหลายวันแล้วครับ,แอดมินครับ ห้อง 2101 ตึก CE แอร์พัง มีแต่ลมร้อน นั่งเรียนไม่ได้,0,0.09,ต่างหมวดหมู่
973,ขอร้องเรียนค่ะ อาจารย์ไม่เข้าสอนตามตารางเรียนและไม่แจ้งล่วงหน้า เป็นแบบนี้มาหลายวันแล้วครับ,ช่วยตรวจสอบหน่อยครับ บริเวณที่นั่งเล่น ตึกวิทย์ ขยะเต็มโต๊ะ ไม่มีคนกวาด เป็นแบบนี้มาหลายวันแล้วครับ,0,0.07,ต่างหมวดหมู่
974,รบกวนเจ้าหน้าที่ครับ อาจารย์ไม่เข้าสอนตามตารางเรียนและไม่แจ้งล่วงหน้า,ช่วยตรวจสอบหน่อยครับ ขยะล้นถังขยะตรง ตึก ICT เหม็นมาก ไม่มีใครมาเก็บ ขอบคุณครับ,0,0.19,ต่างหมวดหมู่
975,ช่วยตรวจสอบหน่อยครับ อินเทอร์เน็ตที่ ลานจอดรถหน้ามอ ใช้งานไม่ได้เลย สัญญาณกากบาท ช่วยตรวจสอบทีครับ,แอดมินครับ เน็ตตึก ลานจอดรถหน้ามอ ดับทั้งตึก เชื่อมต่อสัญญาณไม่ได้ เดือดร้อนมากค่ะ ขอบคุณค่ะ,1,0.84,หมวดเทคโนโลยีสารสนเทศ
976,ลืมรหัสผ่าน UP Mail ขอยื่นรีเซ็ตรหัสผ่านเมลองค์กร เดือดร้อนมากค่ะ ขอบคุณค่ะ,ช่วยประสานงานทีครับ เข้าอีเมลมหาวิทยาลัยไม่ได้ จำรหัสผ่านไม่ได้ครับ ช่วยตรวจสอบทีครับ,1,0.96,หมวดเทคโนโลยีสารสนเทศ
977,แจ้งเรื่องครับ: ขอนับชั่วโมงกิจกรรมจิตอาสา กดยื่นในระบบแล้วยังไม่อนุมัติ ขอบคุณครับ,แจ้งเรื่องครับ: ลานจอดรถหน้ามอ ห้อง 3202 ปลั๊กไฟระเบิด เสียบชาร์จไม่ได้,0,0.07,ต่างหมวดหมู่
978,นิสิตเดือดร้อนมากค่ะ กล้องวงจรปิดบริเวณ ลานจอดรถหน้ามอ ดับ เสียมาหลายวัน ขอบคุณครับ,ช่วยประสานงานทีครับ เน็ต UP-WiFi ที่ ลานจอดรถหน้ามอ ช้ามาก สัญญาณหลุดตลอดเวลา ขอบคุณครับ,0,0.16,ต่างหมวดหมู่
979,แจ้งเรื่องครับ: ขอเปิดเซคชั่นเพิ่มวิชาศึกษาทั่วไป นิสิตยังลงไม่ครบ ขอบคุณครับ,ช่วยประสานงานทีครับ วิชาบังคับเซคเต็มทุกเซค ขอเปิดเพิ่มอีกเซคได้ไหมครับ ช่วยตรวจสอบทีครับ,0,0.23,หมวดการเรียนการสอนและวิชาการ (ต่างประเด็น)
980,ด่วนมาก! ห้องน้ำหญิง ตึก CE สกปรกมาก ไม่มีแม่บ้านดูแล เดือดร้อนมากค่ะ ขอบคุณค่ะ,อาคารเรียนรวม ห้องน้ำสกปรก พื้นแฉะและส่งกลิ่นเหม็น เป็นแบบนี้มาหลายวันแล้วครับ,1,0.79,หมวดภูมิทัศน์และความสะอาด
981,ขอร้องเรียนค่ะ สัญญาณ WiFi UP-WiFi ที่ หอสมุด หลุดบ่อยมาก ช้ามาก เดือดร้อนมากค่ะ ขอบคุณค่ะ,นิสิตเดือดร้อนมากค่ะ เน็ต UP-WiFi ที่ อาคารหอสมุด ช้ามาก สัญญาณหลุดตลอดเวลา ช่วยตรวจสอบทีครับ,1,0.86,หมวดเทคโนโลยีสารสนเทศ
982,ช่วยประสานงานทีครับ สอบถามเรื่องการยื่นกู้ กยศ. และส่งเอกสารทุนการศึกษา,ทำบัตรประจำตัวนิสิตใหม่ ติดต่อสำนักทะเบียนห้องไหนครับ ช่วยตรวจสอบทีครับ,0,0.36,หมวดบริการทั่วไป / อื่นๆ (ต่างประเด็น)
983,ตารางสอบปลายภาคชนกันในวันเดียวกันสองวิชา ขอบคุณครับ,ด่วนมาก! คลาสเรียนวันนี้อาจารย์ไม่มาสอน นิสิตมารอเต็มห้อง รบกวนเจ้าหน้าที่แก้ไขด่วนครับ,0,0.3,หมวดการเรียนการสอนและวิชาการ (ต่างประเด็น)
984,ขอร้องเรียนค่ะ ไฟกิ่งส่องสว่างทางเดินไป หอสมุด ดับ มืดและเปลี่ยวมาก เดือดร้อนมากค่ะ ขอบคุณค่ะ,แอดมินครับ หมาจรจัดตรง ลานจอดรถหน้ามอ ดุมาก เห่าและวิ่งไล่รถมอเตอร์ไซค์ ขอบคุณครับ,0,0.36,หมวดความปลอดภัยและจราจร (ต่างประเด็น)
985,รบกวนเจ้าหน้าที่ครับ เศษขยะเกลื่อนกลาดรอบโต๊ะม้าหินอ่อน ลานจอดรถหน้ามอ เดือดร้อนมากค่ะ ขอบคุณค่ะ,แอดมินครับ บริเวณที่นั่งเล่น ป้ายรถเมล์หน้ามอ ขยะเต็มโต๊ะ ไม่มีคนกวาด ปล่อยไว้นานแล้ว,1,0.83,หมวดภูมิทัศน์และความสะอาด
986,นิสิตเดือดร้อนมากค่ะ ลืมรหัสผ่าน UP Mail ขอยื่นรีเซ็ตรหัสผ่านเมลองค์กร,แอดมินครับ เว็บ reg.up.ac.th ล่ม กดเลือกวิชาไม่ได้เลยครับ ช่วยตรวจสอบทีครับ,0,0.38,หมวดเทคโนโลยีสารสนเทศ (ต่างประเด็น)
987,ขอร้องเรียนค่ะ ตารางสอบปลายภาคชนกันในวันเดียวกันสองวิชา เดือดร้อนมากค่ะ ขอบคุณค่ะ,แอดมินครับ แอปพลิเคชัน UP Pass เข้าไม่ได้ ขึ้น error ตลอดเวลา เป็นแบบนี้มาหลายวันแล้วครับ,0,0.14,ต่างหมวดหมู่
988,หลอดไฟในห้องเรียน PKY02 ตึกคณะบริหาร ขาด มืดมาก ขอบคุณครับ,ทำบัตรประจำตัวนิสิตใหม่ ติดต่อสำนักทะเบียนห้องไหนครับ ช่วยตรวจสอบทีครับ,0,0.05,ต่างหมวดหมู่
989,ช่วยประสานงานทีครับ อินเทอร์เน็ตที่ ตึก ICT ใช้งานไม่ได้เลย สัญญาณกากบาท,ช่วยประสานงานทีครับ เน็ตตึก ตึก ICT ดับทั้งตึก เชื่อมต่อสัญญาณไม่ได้ เป็นแบบนี้มาหลายวันแล้วครับ,1,0.94,หมวดเทคโนโลยีสารสนเทศ
990,นิสิตเดือดร้อนมากค่ะ ระบบบันทึกเกรดมีปัญหา เกรดยังไม่ออกสักวิชา เป็นแบบนี้มาหลายวันแล้วครับ,รบกวนเจ้าหน้าที่ครับ ประกาศเกรดยังไม่ขึ้นในระบบเลยครับ ติดต่อฝ่ายทะเบียนไม่ได้,1,0.81,หมวดการเรียนการสอนและวิชาการ
991,พบสุนัขจรจัดดุวิ่งไล่กวดนิสิตบริเวณ ตึกวิทย์ เดือดร้อนมากค่ะ ขอบคุณค่ะ,ช่วยตรวจสอบหน่อยครับ นิสิตต่อคิวรอรถเมล์ตรง ตึก PKY ยาวล้นออกมานอกฟุตบาท เดือดร้อนมากค่ะ ขอบคุณค่ะ,0,0.09,ต่างหมวดหมู่
992,ขอร้องเรียนค่ะ ต้องการขอดรอปรายวิชา ติดต่อทำเรื่องที่ไหนครับ รบกวนเจ้าหน้าที่แก้ไขด่วนครับ,ช่วยประสานงานทีครับ ยื่นคำร้องขอถอนรายวิชาล่าช้า ต้องให้อาจารย์ท่านไหนเซ็น เดือดร้อนมากค่ะ ขอบคุณค่ะ,1,0.97,หมวดการเรียนการสอนและวิชาการ
993,ช่วยตรวจสอบหน่อยครับ ป้ายรถเมล์บริเวณ ตึก ICT ไม่มีหลังคาบังแดดบังฝน ช่วยตรวจสอบทีครับ,ช่วยประสานงานทีครับ รถเมล์มอสาย มอ ขับปาดซ้ายปาดขวา เบรกแรง กลัวอันตราย ปล่อยไว้นานแล้ว,0,0.35,หมวดการเดินทางและระบบขนส่ง (ต่างประเด็น)
994,ช่วยตรวจสอบหน่อยครับ ระบบลงทะเบียนเรียน Reg ล่ม เข้าสู่ระบบไม่ได้ตั้งแต่เช้า,นิสิตเดือดร้อนมากค่ะ เว็บ reg.up.ac.th ล่ม กดเลือกวิชาไม่ได้เลยครับ ปล่อยไว้นานแล้ว,1,0.86,หมวดเทคโนโลยีสารสนเทศ
995,ช่วยประสานงานทีครับ หลอดไฟในห้องเรียน 1201 หอสมุด ขาด มืดมาก รบกวนเจ้าหน้าที่แก้ไขด่วนครับ,ช่วยตรวจสอบหน่อยครับ ไฟเพดานห้อง 1201 หอสมุด ดับ มองกระดานไม่เห็น รบกวนเจ้าหน้าที่แก้ไขด่วนครับ,1,0.97,หมวดอาคารและสิ่งอำนวยความสะดวก
996,ช่วยตรวจสอบหน่อยครับ รถเมล์ มพ. ไม่จอดรับนิสิตที่ป้าย ตึก CE เป็นแบบนี้มาหลายวันแล้วครับ,แจ้งเรื่องครับ: ป้าย อาคารเรียนรวม รถเมล์มอขับเลยไป ไม่ยอมจอดรับผู้โดยสาร ช่วยตรวจสอบทีครับ,1,0.91,หมวดการเดินทางและระบบขนส่ง
997,ช่วยตรวจสอบหน่อยครับ ขอเปิดเซคชั่นเพิ่มวิชาศึกษาทั่วไป นิสิตยังลงไม่ครบ ขอบคุณครับ,ช่วยประสานงานทีครับ ยื่นคำร้องขอถอนรายวิชาล่าช้า ต้องให้อาจารย์ท่านไหนเซ็น ปล่อยไว้นานแล้ว,0,0.22,หมวดการเรียนการสอนและวิชาการ (ต่างประเด็น)
998,ด่วนมาก! แอร์ห้อง CE05 ตึกสงวนเสริมศรี เสีย ไม่เย็นเลย ร้อนมาก ช่วยตรวจสอบทีครับ,รบกวนเจ้าหน้าที่ครับ ตึกคณะบริหาร ห้อง 1201 ปลั๊กไฟระเบิด เสียบชาร์จไม่ได้ ปล่อยไว้นานแล้ว,0,0.41,หมวดอาคารและสิ่งอำนวยความสะดวก (ต่างประเด็น)
999,เศษขยะเกลื่อนกลาดรอบโต๊ะม้าหินอ่อน หอสมุด ช่วยตรวจสอบทีครับ,ขอร้องเรียนค่ะ บริเวณที่นั่งเล่น สำนักบรรณสาร ขยะเต็มโต๊ะ ไม่มีคนกวาด เดือดร้อนมากค่ะ ขอบคุณค่ะ,1,0.82,หมวดภูมิทัศน์และความสะอาด
1000,ขอร้องเรียนค่ะ ประตูห้องน้ำชาย ตึก PKY ลูกบิดพัง ล็อคไม่ได้ ช่วยตรวจสอบทีครับ,แจ้งเรื่องครับ: ลูกบิดประตูห้องน้ำ ตึกพัชรกิตติยาภา หลุด ล็อคไม่ได้ช่วยซ่อมที ช่วยตรวจสอบทีครับ,1,0.78,หมวดอาคารและสิ่งอำนวยความสะดวก
1001,รบกวนเจ้าหน้าที่ครับ ตารางสอบปลายภาคชนกันในวันเดียวกันสองวิชา รบกวนเจ้าหน้าที่แก้ไขด่วนครับ,วันสอบปลายภาคเวลาตรงกันสองรายวิชา ขอสอบชดเชยได้ไหม เดือดร้อนมากค่ะ ขอบคุณค่ะ,1,0.89,หมวดการเรียนการสอนและวิชาการ
1002,แจ้งเรื่องครับ: ปลั๊กไฟห้อง 3101 ตึก CE ช็อต มีควันขึ้น เดือดร้อนมากค่ะ ขอบคุณค่ะ,ช่วยตรวจสอบหน่อยครับ หมาจรจัดตรง ลานจอดรถหน้ามอ ดุมาก เห่าและวิ่งไล่รถมอเตอร์ไซค์ ปล่อยไว้นานแล้ว,0,0.04,ต่างหมวดหมู่
1003,ช่วยตรวจสอบหน่อยครับ คิวต่อแถวรอรถเมล์มอที่ ตึกคณะนิติศาสตร์ แน่นมาก รถมีไม่เพียงพอ ปล่อยไว้นานแล้ว,แจ้งเรื่องครับ: นิสิตต่อคิวรอรถเมล์ตรง ตึกคณะนิติศาสตร์ ยาวล้นออกมานอกฟุตบาท ขอบคุณครับ,1,0.94,หมวดการเดินทางและระบบขนส่ง
1004,แจ้งเรื่องครับ: ก๊อกน้ำอ่างล้างมือ ตึก PKY หัก น้ำพุ่งกระเด็น ขอบคุณครับ,ด่วนมาก! อ่างล้างหน้า ตึกภักดี ท่อน้ำแตก น้ำนองเต็มพื้น,1,0.81,หมวดอาคารและสิ่งอำนวยความสะดวก
1005,ช่วยประสานงานทีครับ ปลั๊กไฟห้อง 2203 ตึกวิทย์ ช็อต มีควันขึ้น ปล่อยไว้นานแล้ว,รบกวนเจ้าหน้าที่ครับ ตึกวิทยาศาสตร์ ห้อง 2203 ปลั๊กไฟระเบิด เสียบชาร์จไม่ได้,1,0.83,หมวดอาคารและสิ่งอำนวยความสะดวก
1006,หลอดไฟในห้องเรียน CE01 ลานจอดรถหน้ามอ ขาด มืดมาก,ด่วนมาก! ฝนตกแล้วน้ำรั่วลงมาจากเพดาน ลานจอดรถหน้ามอ พื้นลื่นมาก รบกวนเจ้าหน้าที่แก้ไขด่วนครับ,0,0.32,หมวดอาคารและสิ่งอำนวยความสะดวก (ต่างประเด็น)
1007,รบกวนเจ้าหน้าที่ครับ ตารางสอบปลายภาคชนกันในวันเดียวกันสองวิชา,แอดมินครับ วันสอบปลายภาคเวลาตรงกันสองรายวิชา ขอสอบชดเชยได้ไหม ช่วยตรวจสอบทีครับ,1,0.88,หมวดการเรียนการสอนและวิชาการ
1008,ช่วยประสานงานทีครับ หมวกกันน็อคหายที่ลานจอดรถ ตึกวิทย์ ช่วยตรวจสอบทีครับ,ป้าย ตึก ICT รถเมล์มอขับเลยไป ไม่ยอมจอดรับผู้โดยสาร รบกวนเจ้าหน้าที่แก้ไขด่วนครับ,0,0.14,ต่างหมวดหมู่
1009,ด่วนมาก! คิวต่อแถวรอรถเมล์มอที่ หอพักนิสิต UP DORM แน่นมาก รถมีไม่เพียงพอ เป็นแบบนี้มาหลายวันแล้วครับ,นิสิตเดือดร้อนมากค่ะ นิสิตต่อคิวรอรถเมล์ตรง หอพักในมอ ยาวล้นออกมานอกฟุตบาท รบกวนเจ้าหน้าที่แก้ไขด่วนครับ,1,0.91,หมวดการเดินทางและระบบขนส่ง
1010,แอดมินครับ มีซากสัตว์ตายส่งกลิ่นเหม็นเน่าที่ ตึกวิทย์ ขอบคุณครับ,ขอร้องเรียนค่ะ พบซากนกตายบริเวณ ตึกวิทย์ เริ่มส่งกลิ่น ช่วยส่งแม่บ้านมาเก็บที เดือดร้อนมากค่ะ ขอบคุณค่ะ,1,0.96,หมวดภูมิทัศน์และความสะอาด
1011,แอดมินครับ พบสุนัขจรจัดดุวิ่งไล่กวดนิสิตบริเวณ ตึกสงวนเสริมศรี,นิสิตเดือดร้อนมากค่ะ รถมอเตอร์ไซค์ชนกันบริเวณ ตึกสงวนเสริมศรี มีผู้ได้รับบาดเจ็บ,0,0.2,หมวดความปลอดภัยและจราจร (ต่างประเด็น)
1012,ขอร้องเรียนค่ะ ตารางเรียนวิชาบังคับชนกันสองวิชา แก้ไขยังไงได้บ้าง,ด่วนมาก! ตารางเรียนชนกันครับ เข้าระบบแล้วเลือกเวลาทับซ้อนกัน เดือดร้อนมากค่ะ ขอบคุณค่ะ,1,0.84,หมวดการเรียนการสอนและวิชาการ
1013,ขอร้องเรียนค่ะ ลิฟต์ หอพักนิสิต UP DORM ประตูค้าง เปิดไม่ออก รบกวนเจ้าหน้าที่แก้ไขด่วนครับ,ขอร้องเรียนค่ะ ลูกบิดประตูห้องน้ำ ตึกสงวนเสริมศรี หลุด ล็อคไม่ได้ช่วยซ่อมที รบกวนเจ้าหน้าที่แก้ไขด่วนครับ,0,0.34,หมวดอาคารและสิ่งอำนวยความสะดวก (ต่างประเด็น)
1014,แอดมินครับ ต้องการขอดรอปรายวิชา ติดต่อทำเรื่องที่ไหนครับ รบกวนเจ้าหน้าที่แก้ไขด่วนครับ,แจ้งเรื่องครับ: นิสิตต่อคิวรอรถเมล์ตรง หอพักนิสิต UP DORM ยาวล้นออกมานอกฟุตบาท เดือดร้อนมากค่ะ ขอบคุณค่ะ,0,0.08,ต่างหมวดหมู่
1015,นิสิตเดือดร้อนมากค่ะ คนขับรถเมล์ มพ. สาย มอ ขับเร็วและหวาดเสียวมาก ช่วยตรวจสอบทีครับ,ด่วนมาก! จอดมอเตอร์ไซค์ไว้ที่ ลานจอดรถหน้ามอ หมวกกันน็อคโดนขโมยไปครับ เดือดร้อนมากค่ะ ขอบคุณค่ะ,0,0.19,ต่างหมวดหมู่
1016,รบกวนเจ้าหน้าที่ครับ รถเมล์ มพ. ไม่จอดรับนิสิตที่ป้าย ลานจอดรถหน้ามอ เดือดร้อนมากค่ะ ขอบคุณค่ะ,รบกวนเจ้าหน้าที่ครับ ป้าย ป้ายรถเมล์หน้ามอ รถเมล์มอขับเลยไป ไม่ยอมจอดรับผู้โดยสาร เดือดร้อนมากค่ะ ขอบคุณค่ะ,1,0.88,หมวดการเดินทางและระบบขนส่ง
1017,นิสิตเดือดร้อนมากค่ะ ระบบบันทึกเกรดมีปัญหา เกรดยังไม่ออกสักวิชา เป็นแบบนี้มาหลายวันแล้วครับ,ด่วนมาก! ประกาศเกรดยังไม่ขึ้นในระบบเลยครับ ติดต่อฝ่ายทะเบียนไม่ได้ เดือดร้อนมากค่ะ ขอบคุณค่ะ,1,0.88,หมวดการเรียนการสอนและวิชาการ
1018,ช่วยตรวจสอบหน่อยครับ สัญญาณ WiFi UP-WiFi ที่ หอพักนิสิต UP DORM หลุดบ่อยมาก ช้ามาก เดือดร้อนมากค่ะ ขอบคุณค่ะ,ขอร้องเรียนค่ะ เน็ต UP-WiFi ที่ หอใน ช้ามาก สัญญาณหลุดตลอดเวลา เป็นแบบนี้มาหลายวันแล้วครับ,1,0.93,หมวดเทคโนโลยีสารสนเทศ
1019,รถเมล์ มพ. ไม่จอดรับนิสิตที่ป้าย หอสมุด ปล่อยไว้นานแล้ว,ด่วนมาก! ป้าย อาคารหอสมุด รถเมล์มอขับเลยไป ไม่ยอมจอดรับผู้โดยสาร เดือดร้อนมากค่ะ ขอบคุณค่ะ,1,0.91,หมวดการเดินทางและระบบขนส่ง
1020,ด่วนมาก! หญ้าขึ้นสูงรกมากข้างทางเดินไป ตึก CE กลัวงู ปล่อยไว้นานแล้ว,นิสิตเดือดร้อนมากค่ะ พบซากนกตายบริเวณ ตึก CE เริ่มส่งกลิ่น ช่วยส่งแม่บ้านมาเก็บที ขอบคุณครับ,0,0.25,หมวดภูมิทัศน์และความสะอาด (ต่างประเด็น)
1021,ด่วนมาก! ถังขยะบริเวณ ลานจอดรถหน้ามอ ล้น ส่งกลิ่นเหม็นรบกวน เดือดร้อนมากค่ะ ขอบคุณค่ะ,แอดมินครับ ขยะล้นถังขยะตรง ลานจอดรถหน้ามอ เหม็นมาก ไม่มีใครมาเก็บ ช่วยตรวจสอบทีครับ,1,0.88,หมวดภูมิทัศน์และความสะอาด
1022,แอดมินครับ คนขับรถเมล์ มพ. สาย มอ ขับเร็วและหวาดเสียวมาก ช่วยตรวจสอบทีครับ,นิสิตเดือดร้อนมากค่ะ หมาจรจัดตรง หอพักนิสิต UP DORM ดุมาก เห่าและวิ่งไล่รถมอเตอร์ไซค์ ขอบคุณครับ,0,0.08,ต่างหมวดหมู่
1023,กิ่งไม้ขนาดใหญ่หักหล่นขวางถนนตรง หอพักนิสิต UP DORM เป็นแบบนี้มาหลายวันแล้วครับ,นิสิตเดือดร้อนมากค่ะ มีต้นไม้ล้มทับทางเดินข้าง หอพักในมอ สัญจรลำบากมาก,1,0.8,หมวดภูมิทัศน์และความสะอาด
1024,รถเมล์ มพ. สาย 1 รอนานเกิน 45 นาทีแล้วไม่มา เดือดร้อนมากค่ะ ขอบคุณค่ะ,ยื่นขอหนังสือรับรองการเป็นนิสิตผ่านช่องทางออนไลน์ยังไง เดือดร้อนมากค่ะ ขอบคุณค่ะ,0,0.16,ต่างหมวดหมู่
1025,รบกวนเจ้าหน้าที่ครับ ตารางสอบปลายภาคชนกันในวันเดียวกันสองวิชา ช่วยตรวจสอบทีครับ,นิสิตเดือดร้อนมากค่ะ วันสอบปลายภาคเวลาตรงกันสองรายวิชา ขอสอบชดเชยได้ไหม ขอบคุณครับ,1,0.83,หมวดการเรียนการสอนและวิชาการ
1026,ด่วนมาก! ป้ายรถเมล์บริเวณ ตึกวิทย์ ไม่มีหลังคาบังแดดบังฝน ช่วยตรวจสอบทีครับ,แอดมินครับ จุดรอรถเมล์มอตรง ตึกวิทย์ ฝนตกเปียกหมด ไม่มีศาลาพักคอย ปล่อยไว้นานแล้ว,1,0.84,หมวดการเดินทางและระบบขนส่ง
1027,นิสิตเดือดร้อนมากค่ะ เศษขยะเกลื่อนกลาดรอบโต๊ะม้าหินอ่อน ตึก PKY ขอบคุณครับ,รบกวนเจ้าหน้าที่ครับ ตึกสงวนเสริมศรี ชั้น 2 ห้องน้ำน้ำหยุดไหล สกปรกมาก เดือดร้อนมากค่ะ ขอบคุณค่ะ,0,0.19,ต่างหมวดหมู่
1028,ขอร้องเรียนค่ะ ห้องน้ำชั้น 1 ตึก ICT น้ำไม่ไหล ชักโครกกดไม่ลง ช่วยตรวจสอบทีครับ,แจ้งเรื่องครับ: อาคาร ICT ชั้น 1 ห้องน้ำน้ำหยุดไหล สกปรกมาก ขอบคุณครับ,1,0.86,หมวดอาคารและสิ่งอำนวยความสะดวก
1029,ป้ายรถเมล์บริเวณ หอสมุด ไม่มีหลังคาบังแดดบังฝน เป็นแบบนี้มาหลายวันแล้วครับ,ด่วนมาก! จุดรอรถเมล์มอตรง ห้องสมุดกลาง ฝนตกเปียกหมด ไม่มีศาลาพักคอย ช่วยตรวจสอบทีครับ,1,0.93,หมวดการเดินทางและระบบขนส่ง
1030,นิสิตเดือดร้อนมากค่ะ อินเทอร์เน็ตที่ ลานจอดรถหน้ามอ ใช้งานไม่ได้เลย สัญญาณกากบาท,รบกวนเจ้าหน้าที่ครับ เข้าอีเมลมหาวิทยาลัยไม่ได้ จำรหัสผ่านไม่ได้ครับ ช่วยตรวจสอบทีครับ,0,0.28,หมวดเทคโนโลยีสารสนเทศ (ต่างประเด็น)
1031,ด่วนมาก! ตารางเรียนวิชาบังคับชนกันสองวิชา แก้ไขยังไงได้บ้าง ปล่อยไว้นานแล้ว,นิสิตเดือดร้อนมากค่ะ ตารางเรียนชนกันครับ เข้าระบบแล้วเลือกเวลาทับซ้อนกัน ขอบคุณครับ,1,0.81,หมวดการเรียนการสอนและวิชาการ
1032,ขอร้องเรียนค่ะ เศษขยะเกลื่อนกลาดรอบโต๊ะม้าหินอ่อน หอสมุด ช่วยตรวจสอบทีครับ,บริเวณที่นั่งเล่น อาคารหอสมุด ขยะเต็มโต๊ะ ไม่มีคนกวาด ขอบคุณครับ,1,0.97,หมวดภูมิทัศน์และความสะอาด
1033,ด่วนมาก! หลังคารั่วตรงทางเดิน ตึกวิทย์ น้ำเจิ่งนอง เดือดร้อนมากค่ะ ขอบคุณค่ะ,แอดมินครับ รถมอเตอร์ไซค์ชนกันบริเวณ หอสมุด มีผู้ได้รับบาดเจ็บ เดือดร้อนมากค่ะ ขอบคุณค่ะ,0,0.12,ต่างหมวดหมู่
1034,ช่วยตรวจสอบหน่อยครับ กล้องวงจรปิดบริเวณ ตึกวิทย์ ดับ เสียมาหลายวัน ขอบคุณครับ,แอดมินครับ เน็ตตึก ตึกคณะนิติศาสตร์ ดับทั้งตึก เชื่อมต่อสัญญาณไม่ได้ รบกวนเจ้าหน้าที่แก้ไขด่วนครับ,0,0.11,ต่างหมวดหมู่
1035,แอดมินครับ อินเทอร์เน็ตที่ ตึกสงวนเสริมศรี ใช้งานไม่ได้เลย สัญญาณกากบาท ขอบคุณครับ,ด่วนมาก! แอปพลิเคชัน UP Pass เข้าไม่ได้ ขึ้น error ตลอดเวลา เป็นแบบนี้มาหลายวันแล้วครับ,0,0.38,หมวดเทคโนโลยีสารสนเทศ (ต่างประเด็น)
1036,ขอร้องเรียนค่ะ ขอนับชั่วโมงกิจกรรมจิตอาสา กดยื่นในระบบแล้วยังไม่อนุมัติ ขอบคุณครับ,ช่วยตรวจสอบหน่อยครับ ทำบัตรประจำตัวนิสิตใหม่ ติดต่อสำนักทะเบียนห้องไหนครับ เป็นแบบนี้มาหลายวันแล้วครับ,0,0.26,หมวดบริการทั่วไป / อื่นๆ (ต่างประเด็น)
1037,ช่วยตรวจสอบหน่อยครับ มีซากสัตว์ตายส่งกลิ่นเหม็นเน่าที่ ตึกวิทย์ ขอบคุณครับ,แจ้งเรื่องครับ: บริเวณที่นั่งเล่น ลานจอดรถหน้ามอ ขยะเต็มโต๊ะ ไม่มีคนกวาด ช่วยตรวจสอบทีครับ,0,0.35,หมวดภูมิทัศน์และความสะอาด (ต่างประเด็น)
1038,แอดมินครับ หมวกกันน็อคหายที่ลานจอดรถ ตึก CE ขอบคุณครับ,นิสิตเดือดร้อนมากค่ะ แอปพลิเคชัน UP Pass เข้าไม่ได้ ขึ้น error ตลอดเวลา เดือดร้อนมากค่ะ ขอบคุณค่ะ,0,0.18,ต่างหมวดหมู่
1039,ด่วนมาก! กิ่งไม้ขนาดใหญ่หักหล่นขวางถนนตรง ตึกสงวนเสริมศรี ปล่อยไว้นานแล้ว,ด่วนมาก! มีต้นไม้ล้มทับทางเดินข้าง อาคารสงวน สัญจรลำบากมาก ขอบคุณครับ,1,0.91,หมวดภูมิทัศน์และความสะอาด
1040,ช่วยประสานงานทีครับ ขอนับชั่วโมงกิจกรรมจิตอาสา กดยื่นในระบบแล้วยังไม่อนุมัติ รบกวนเจ้าหน้าที่แก้ไขด่วนครับ,แอดมินครับ ตารางเรียนชนกันครับ เข้าระบบแล้วเลือกเวลาทับซ้อนกัน ปล่อยไว้นานแล้ว,0,0.19,ต่างหมวดหมู่
1041,นิสิตเดือดร้อนมากค่ะ ระบบบันทึกเกรดมีปัญหา เกรดยังไม่ออกสักวิชา เดือดร้อนมากค่ะ ขอบคุณค่ะ,ด่วนมาก! ประกาศเกรดยังไม่ขึ้นในระบบเลยครับ ติดต่อฝ่ายทะเบียนไม่ได้ ปล่อยไว้นานแล้ว,1,0.85,หมวดการเรียนการสอนและวิชาการ
1042,แจ้งเรื่องครับ: ขอนับชั่วโมงกิจกรรมจิตอาสา กดยื่นในระบบแล้วยังไม่อนุมัติ ปล่อยไว้นานแล้ว,แอดมินครับ ชั่วโมงกิจกรรมสะสมไม่ขึ้นในระบบ UP Pass ติดต่อใคร รบกวนเจ้าหน้าที่แก้ไขด่วนครับ,1,0.94,หมวดบริการทั่วไป / อื่นๆ
1043,แจ้งเรื่องครับ: สอบถามเรื่องการยื่นกู้ กยศ. และส่งเอกสารทุนการศึกษา ปล่อยไว้นานแล้ว,ตามหาของหาย ลืมไอแพดไว้ที่ ตึกสงวนเสริมศรี ช่วยดูกล้องให้ที,0,0.39,หมวดบริการทั่วไป / อื่นๆ (ต่างประเด็น)
1044,นิสิตเดือดร้อนมากค่ะ เข้าใช้งานระบบ UP Pass ไม่ได้ ล็อกอินแล้วเด้งออก เป็นแบบนี้มาหลายวันแล้วครับ,แอดมินครับ แอปพลิเคชัน UP Pass เข้าไม่ได้ ขึ้น error ตลอดเวลา ช่วยตรวจสอบทีครับ,1,0.92,หมวดเทคโนโลยีสารสนเทศ
1045,สอบถามเรื่องการยื่นกู้ กยศ. และส่งเอกสารทุนการศึกษา เดือดร้อนมากค่ะ ขอบคุณค่ะ,แจ้งเรื่องครับ: วิชาบังคับเซคเต็มทุกเซค ขอเปิดเพิ่มอีกเซคได้ไหมครับ รบกวนเจ้าหน้าที่แก้ไขด่วนครับ,0,0.05,ต่างหมวดหมู่
1046,นิสิตเดือดร้อนมากค่ะ ตารางสอบปลายภาคชนกันในวันเดียวกันสองวิชา ขอบคุณครับ,ขอร้องเรียนค่ะ ยื่นคำร้องขอถอนรายวิชาล่าช้า ต้องให้อาจารย์ท่านไหนเซ็น,0,0.18,หมวดการเรียนการสอนและวิชาการ (ต่างประเด็น)
1047,รบกวนเจ้าหน้าที่ครับ กิ่งไม้ขนาดใหญ่หักหล่นขวางถนนตรง หอสมุด เป็นแบบนี้มาหลายวันแล้วครับ,รบกวนเจ้าหน้าที่ครับ มีต้นไม้ล้มทับทางเดินข้าง สำนักบรรณสาร สัญจรลำบากมาก เป็นแบบนี้มาหลายวันแล้วครับ,1,0.78,หมวดภูมิทัศน์และความสะอาด
1048,แอดมินครับ ระบบบันทึกเกรดมีปัญหา เกรดยังไม่ออกสักวิชา ช่วยตรวจสอบทีครับ,รบกวนเจ้าหน้าที่ครับ เข้าอีเมลมหาวิทยาลัยไม่ได้ จำรหัสผ่านไม่ได้ครับ,0,0.18,ต่างหมวดหมู่
1049,ด่วนมาก! หญ้าขึ้นสูงรกมากข้างทางเดินไป ตึกคณะนิติศาสตร์ กลัวงู ขอบคุณครับ,บริเวณทางเดินไป ตึกนิติ หญ้ารกมาก ช่วยตัดหญ้าทีครับ เดือดร้อนมากค่ะ ขอบคุณค่ะ,1,0.97,หมวดภูมิทัศน์และความสะอาด
1050,รถเมล์ มพ. สาย 1 รอนานเกิน 45 นาทีแล้วไม่มา เป็นแบบนี้มาหลายวันแล้วครับ,ลิฟต์โดยสารที่ ตึกคณะนิติศาสตร์ ชำรุด กดแล้วไม่ขยับ ประตูเปิดไม่ได้,0,0.14,ต่างหมวดหมู่
1051,พบสุนัขจรจัดดุวิ่งไล่กวดนิสิตบริเวณ ตึกคณะบริหาร,ช่วยตรวจสอบหน่อยครับ เน็ตตึก ตึก PKY ดับทั้งตึก เชื่อมต่อสัญญาณไม่ได้ เป็นแบบนี้มาหลายวันแล้วครับ,0,0.08,ต่างหมวดหมู่
1052,เกิดอุบัติเหตุรถเฉี่ยวชนกันตรงทางแยก ตึก PKY เดือดร้อนมากค่ะ ขอบคุณค่ะ,ด่วนมาก! รถมอเตอร์ไซค์ชนกันบริเวณ อาคารภักดี มีผู้ได้รับบาดเจ็บ,1,0.78,หมวดความปลอดภัยและจราจร
1053,ขอร้องเรียนค่ะ ลิฟต์ ตึกคณะนิติศาสตร์ ประตูค้าง เปิดไม่ออก ปล่อยไว้นานแล้ว,แจ้งเรื่องครับ: ห้อง 2101 ตึก CE แอร์พัง มีแต่ลมร้อน นั่งเรียนไม่ได้ ปล่อยไว้นานแล้ว,0,0.25,หมวดอาคารและสิ่งอำนวยความสะดวก (ต่างประเด็น)
1054,ด่วนมาก! รถเมล์ มพ. สาย 1 รอนานเกิน 45 นาทีแล้วไม่มา,แจ้งเรื่องครับ: ลูกบิดประตูห้องน้ำ ตึกคณะนิติศาสตร์ หลุด ล็อคไม่ได้ช่วยซ่อมที เป็นแบบนี้มาหลายวันแล้วครับ,0,0.12,ต่างหมวดหมู่
1055,แจ้งเรื่องครับ: คนขับรถเมล์ มพ. สาย 1 ขับเร็วและหวาดเสียวมาก ปล่อยไว้นานแล้ว,นิสิตเดือดร้อนมากค่ะ คลาสเรียนวันนี้อาจารย์ไม่มาสอน นิสิตมารอเต็มห้อง ขอบคุณครับ,0,0.12,ต่างหมวดหมู่
1056,ด่วนมาก! ระบบบันทึกเกรดมีปัญหา เกรดยังไม่ออกสักวิชา ขอบคุณครับ,ช่วยตรวจสอบหน่อยครับ ชั่วโมงกิจกรรมสะสมไม่ขึ้นในระบบ UP Pass ติดต่อใคร ปล่อยไว้นานแล้ว,0,0.03,ต่างหมวดหมู่
1057,รบกวนเจ้าหน้าที่ครับ หลอดไฟในห้องเรียน 3101 ตึก PKY ขาด มืดมาก ช่วยตรวจสอบทีครับ,แจ้งเรื่องครับ: ไฟเพดานห้อง 3101 ตึกภักดี ดับ มองกระดานไม่เห็น รบกวนเจ้าหน้าที่แก้ไขด่วนครับ,1,0.97,หมวดอาคารและสิ่งอำนวยความสะดวก
1058,แอดมินครับ หลังคารั่วตรงทางเดิน หอพักนิสิต UP DORM น้ำเจิ่งนอง ปล่อยไว้นานแล้ว,นิสิตเดือดร้อนมากค่ะ บริเวณที่นั่งเล่น ตึกสงวนเสริมศรี ขยะเต็มโต๊ะ ไม่มีคนกวาด รบกวนเจ้าหน้าที่แก้ไขด่วนครับ,0,0.09,ต่างหมวดหมู่
1059,แอร์ห้อง 1201 ตึกสงวนเสริมศรี เสีย ไม่เย็นเลย ร้อนมาก เดือดร้อนมากค่ะ ขอบคุณค่ะ,แอดมินครับ ห้อง 1201 อาคารสงวน แอร์พัง มีแต่ลมร้อน นั่งเรียนไม่ได้ ช่วยตรวจสอบทีครับ,1,0.85,หมวดอาคารและสิ่งอำนวยความสะดวก
1060,ช่วยตรวจสอบหน่อยครับ มีรถจอดซ้อนคันขวางทางออกตรง ตึก CE เดือดร้อนมากค่ะ ขอบคุณค่ะ,รบกวนเจ้าหน้าที่ครับ รถยนต์จอดขวางทางเลี้ยวบริเวณ อาคารเรียนรวม ขับผ่านไม่ได้เลย ปล่อยไว้นานแล้ว,1,0.8,หมวดความปลอดภัยและจราจร
1061,แจ้งเรื่องครับ: พบสุนัขจรจัดดุวิ่งไล่กวดนิสิตบริเวณ ตึกคณะนิติศาสตร์ เป็นแบบนี้มาหลายวันแล้วครับ,แจ้งเรื่องครับ: รถมอเตอร์ไซค์ชนกันบริเวณ ตึกคณะบริหาร มีผู้ได้รับบาดเจ็บ เป็นแบบนี้มาหลายวันแล้วครับ,0,0.3,หมวดความปลอดภัยและจราจร (ต่างประเด็น)
1062,ช่วยประสานงานทีครับ ขอเปิดเซคชั่นเพิ่มวิชาศึกษาทั่วไป นิสิตยังลงไม่ครบ เดือดร้อนมากค่ะ ขอบคุณค่ะ,ช่วยตรวจสอบหน่อยครับ คลาสเรียนวันนี้อาจารย์ไม่มาสอน นิสิตมารอเต็มห้อง เดือดร้อนมากค่ะ ขอบคุณค่ะ,0,0.18,หมวดการเรียนการสอนและวิชาการ (ต่างประเด็น)
1063,ช่วยตรวจสอบหน่อยครับ สอบถามเรื่องการยื่นกู้ กยศ. และส่งเอกสารทุนการศึกษา รบกวนเจ้าหน้าที่แก้ไขด่วนครับ,นิสิตเดือดร้อนมากค่ะ รถยนต์จอดขวางทางเลี้ยวบริเวณ ตึกคณะบริหาร ขับผ่านไม่ได้เลย ปล่อยไว้นานแล้ว,0,0.13,ต่างหมวดหมู่
1064,แอดมินครับ หมวกกันน็อคหายที่ลานจอดรถ หอสมุด ปล่อยไว้นานแล้ว,ช่วยตรวจสอบหน่อยครับ จอดมอเตอร์ไซค์ไว้ที่ หอสมุด หมวกกันน็อคโดนขโมยไปครับ ปล่อยไว้นานแล้ว,1,0.86,หมวดความปลอดภัยและจราจร
1065,ขอร้องเรียนค่ะ ตารางสอบปลายภาคชนกันในวันเดียวกันสองวิชา ขอบคุณครับ,รบกวนเจ้าหน้าที่ครับ วันสอบปลายภาคเวลาตรงกันสองรายวิชา ขอสอบชดเชยได้ไหม ขอบคุณครับ,1,0.81,หมวดการเรียนการสอนและวิชาการ
1066,แอดมินครับ ระบบบันทึกเกรดมีปัญหา เกรดยังไม่ออกสักวิชา เดือดร้อนมากค่ะ ขอบคุณค่ะ,รบกวนเจ้าหน้าที่ครับ ประกาศเกรดยังไม่ขึ้นในระบบเลยครับ ติดต่อฝ่ายทะเบียนไม่ได้ เดือดร้อนมากค่ะ ขอบคุณค่ะ,1,0.87,หมวดการเรียนการสอนและวิชาการ
1067,รบกวนเจ้าหน้าที่ครับ มีรถจอดซ้อนคันขวางทางออกตรง หอสมุด เป็นแบบนี้มาหลายวันแล้วครับ,แจ้งเรื่องครับ: รถยนต์จอดขวางทางเลี้ยวบริเวณ อาคารหอสมุด ขับผ่านไม่ได้เลย เดือดร้อนมากค่ะ ขอบคุณค่ะ,1,0.97,หมวดความปลอดภัยและจราจร
1068,แจ้งเรื่องครับ: มีรถจอดซ้อนคันขวางทางออกตรง ตึก CE รบกวนเจ้าหน้าที่แก้ไขด่วนครับ,ด่วนมาก! รถยนต์จอดขวางทางเลี้ยวบริเวณ อาคารเรียนรวม ขับผ่านไม่ได้เลย เดือดร้อนมากค่ะ ขอบคุณค่ะ,1,0.82,หมวดความปลอดภัยและจราจร
1069,แอดมินครับ ไฟกิ่งส่องสว่างทางเดินไป ตึกสงวนเสริมศรี ดับ มืดและเปลี่ยวมาก,ช่วยประสานงานทีครับ เสาไฟทางเดินตรง โรงอาหารสงวน ไม่ติด มืดมากกลัวอันตราย เป็นแบบนี้มาหลายวันแล้วครับ,1,0.93,หมวดความปลอดภัยและจราจร
1070,ช่วยประสานงานทีครับ ถังขยะบริเวณ ลานจอดรถหน้ามอ ล้น ส่งกลิ่นเหม็นรบกวน ขอบคุณครับ,รบกวนเจ้าหน้าที่ครับ ขยะล้นถังขยะตรง ประตูทางเข้าหน้ามอ เหม็นมาก ไม่มีใครมาเก็บ ปล่อยไว้นานแล้ว,1,0.97,หมวดภูมิทัศน์และความสะอาด
1071,ตารางสอบปลายภาคชนกันในวันเดียวกันสองวิชา เดือดร้อนมากค่ะ ขอบคุณค่ะ,แจ้งเรื่องครับ: วิชาบังคับเซคเต็มทุกเซค ขอเปิดเพิ่มอีกเซคได้ไหมครับ,0,0.35,หมวดการเรียนการสอนและวิชาการ (ต่างประเด็น)
1072,ช่วยตรวจสอบหน่อยครับ ไฟกิ่งส่องสว่างทางเดินไป หอสมุด ดับ มืดและเปลี่ยวมาก เดือดร้อนมากค่ะ ขอบคุณค่ะ,แจ้งเรื่องครับ: เสาไฟทางเดินตรง หอสมุด ไม่ติด มืดมากกลัวอันตราย เป็นแบบนี้มาหลายวันแล้วครับ,1,0.94,หมวดความปลอดภัยและจราจร
1073,นิสิตเดือดร้อนมากค่ะ ไฟกิ่งส่องสว่างทางเดินไป ตึก ICT ดับ มืดและเปลี่ยวมาก เป็นแบบนี้มาหลายวันแล้วครับ,ขอร้องเรียนค่ะ เสาไฟทางเดินตรง ตึกเทคโนโลยีสารสนเทศและการสื่อสาร ไม่ติด มืดมากกลัวอันตราย เป็นแบบนี้มาหลายวันแล้วครับ,1,0.96,หมวดความปลอดภัยและจราจร
1074,ช่วยประสานงานทีครับ แอร์ห้อง 1305 ตึกคณะนิติศาสตร์ เสีย ไม่เย็นเลย ร้อนมาก เดือดร้อนมากค่ะ ขอบคุณค่ะ,ห้อง 1305 ตึกนิติ แอร์พัง มีแต่ลมร้อน นั่งเรียนไม่ได้ ปล่อยไว้นานแล้ว,1,0.92,หมวดอาคารและสิ่งอำนวยความสะดวก
1075,แอดมินครับ หญ้าขึ้นสูงรกมากข้างทางเดินไป ตึก CE กลัวงู ปล่อยไว้นานแล้ว,นิสิตเดือดร้อนมากค่ะ ยื่นขอหนังสือรับรองการเป็นนิสิตผ่านช่องทางออนไลน์ยังไง เดือดร้อนมากค่ะ ขอบคุณค่ะ,0,0.13,ต่างหมวดหมู่
1076,ด่วนมาก! รถเมล์ มพ. ไม่จอดรับนิสิตที่ป้าย ตึกคณะนิติศาสตร์ เป็นแบบนี้มาหลายวันแล้วครับ,รบกวนเจ้าหน้าที่ครับ เว็บ reg.up.ac.th ล่ม กดเลือกวิชาไม่ได้เลยครับ เดือดร้อนมากค่ะ ขอบคุณค่ะ,0,0.11,ต่างหมวดหมู่
1077,แจ้งเรื่องครับ: ประตูห้องน้ำชาย หอพักนิสิต UP DORM ลูกบิดพัง ล็อคไม่ได้ เดือดร้อนมากค่ะ ขอบคุณค่ะ,ด่วนมาก! บริเวณทางเดินไป หอสมุด หญ้ารกมาก ช่วยตัดหญ้าทีครับ ช่วยตรวจสอบทีครับ,0,0.12,ต่างหมวดหมู่
1078,ลืมรหัสผ่าน UP Mail ขอยื่นรีเซ็ตรหัสผ่านเมลองค์กร ขอบคุณครับ,ขอร้องเรียนค่ะ เว็บ reg.up.ac.th ล่ม กดเลือกวิชาไม่ได้เลยครับ เป็นแบบนี้มาหลายวันแล้วครับ,0,0.39,หมวดเทคโนโลยีสารสนเทศ (ต่างประเด็น)
1079,ช่วยประสานงานทีครับ แอร์ห้อง CE05 ตึกคณะบริหาร เสีย ไม่เย็นเลย ร้อนมาก เป็นแบบนี้มาหลายวันแล้วครับ,แอดมินครับ ตึกสงวนเสริมศรี ชั้น 3 ห้องน้ำน้ำหยุดไหล สกปรกมาก ปล่อยไว้นานแล้ว,0,0.23,หมวดอาคารและสิ่งอำนวยความสะดวก (ต่างประเด็น)
1080,นิสิตเดือดร้อนมากค่ะ ห้องน้ำหญิง ตึกคณะบริหาร สกปรกมาก ไม่มีแม่บ้านดูแล เดือดร้อนมากค่ะ ขอบคุณค่ะ,ช่วยตรวจสอบหน่อยครับ อาคารเรียนบริหาร ห้องน้ำสกปรก พื้นแฉะและส่งกลิ่นเหม็น เป็นแบบนี้มาหลายวันแล้วครับ,1,0.88,หมวดภูมิทัศน์และความสะอาด
1081,รบกวนเจ้าหน้าที่ครับ ตารางสอบปลายภาคชนกันในวันเดียวกันสองวิชา เป็นแบบนี้มาหลายวันแล้วครับ,รบกวนเจ้าหน้าที่ครับ วันสอบปลายภาคเวลาตรงกันสองรายวิชา ขอสอบชดเชยได้ไหม เดือดร้อนมากค่ะ ขอบคุณค่ะ,1,0.81,หมวดการเรียนการสอนและวิชาการ
1082,ช่วยประสานงานทีครับ ประตูห้องน้ำชาย ตึกคณะบริหาร ลูกบิดพัง ล็อคไม่ได้,นิสิตเดือดร้อนมากค่ะ ลูกบิดประตูห้องน้ำ ตึกคณะบริหาร หลุด ล็อคไม่ได้ช่วยซ่อมที เป็นแบบนี้มาหลายวันแล้วครับ,1,0.9,หมวดอาคารและสิ่งอำนวยความสะดวก
1083,แอดมินครับ อาจารย์ไม่เข้าสอนตามตารางเรียนและไม่แจ้งล่วงหน้า เป็นแบบนี้มาหลายวันแล้วครับ,คลาสเรียนวันนี้อาจารย์ไม่มาสอน นิสิตมารอเต็มห้อง ขอบคุณครับ,1,0.95,หมวดการเรียนการสอนและวิชาการ
1084,ช่วยประสานงานทีครับ อาจารย์ไม่เข้าสอนตามตารางเรียนและไม่แจ้งล่วงหน้า เป็นแบบนี้มาหลายวันแล้วครับ,ด่วนมาก! วันสอบปลายภาคเวลาตรงกันสองรายวิชา ขอสอบชดเชยได้ไหม ปล่อยไว้นานแล้ว,0,0.22,หมวดการเรียนการสอนและวิชาการ (ต่างประเด็น)
1085,นิสิตเดือดร้อนมากค่ะ คิวต่อแถวรอรถเมล์มอที่ ลานจอดรถหน้ามอ แน่นมาก รถมีไม่เพียงพอ ช่วยตรวจสอบทีครับ,ช่วยตรวจสอบหน่อยครับ นิสิตต่อคิวรอรถเมล์ตรง ประตู 1 ม.พะเยา ยาวล้นออกมานอกฟุตบาท ปล่อยไว้นานแล้ว,1,0.96,หมวดการเดินทางและระบบขนส่ง
1086,ช่วยตรวจสอบหน่อยครับ อินเทอร์เน็ตที่ ตึกสงวนเสริมศรี ใช้งานไม่ได้เลย สัญญาณกากบาท ขอบคุณครับ,รบกวนเจ้าหน้าที่ครับ หอสมุด ห้องน้ำสกปรก พื้นแฉะและส่งกลิ่นเหม็น เดือดร้อนมากค่ะ ขอบคุณค่ะ,0,0.1,ต่างหมวดหมู่
1087,นิสิตเดือดร้อนมากค่ะ กิ่งไม้ขนาดใหญ่หักหล่นขวางถนนตรง หอสมุด ปล่อยไว้นานแล้ว,นิสิตเดือดร้อนมากค่ะ เว็บ reg.up.ac.th ล่ม กดเลือกวิชาไม่ได้เลยครับ ปล่อยไว้นานแล้ว,0,0.06,ต่างหมวดหมู่
1088,ขอร้องเรียนค่ะ ขอใบรับรองสถานภาพนิสิตภาษาอังกฤษ ใช้เวลากี่วันได้ รบกวนเจ้าหน้าที่แก้ไขด่วนครับ,แอดมินครับ รถมอเตอร์ไซค์ชนกันบริเวณ หอพักนิสิต UP DORM มีผู้ได้รับบาดเจ็บ,0,0.07,ต่างหมวดหมู่
1089,แจ้งเรื่องครับ: ขอนับชั่วโมงกิจกรรมจิตอาสา กดยื่นในระบบแล้วยังไม่อนุมัติ,นิสิตเดือดร้อนมากค่ะ วันสอบปลายภาคเวลาตรงกันสองรายวิชา ขอสอบชดเชยได้ไหม เป็นแบบนี้มาหลายวันแล้วครับ,0,0.11,ต่างหมวดหมู่
1090,นิสิตเดือดร้อนมากค่ะ ต้องการขอดรอปรายวิชา ติดต่อทำเรื่องที่ไหนครับ,ช่วยประสานงานทีครับ อ่างล้างหน้า ตึก CE ท่อน้ำแตก น้ำนองเต็มพื้น ขอบคุณครับ,0,0.12,ต่างหมวดหมู่
1091,นิสิตเดือดร้อนมากค่ะ เกิดอุบัติเหตุรถเฉี่ยวชนกันตรงทางแยก ตึกสงวนเสริมศรี เดือดร้อนมากค่ะ ขอบคุณค่ะ,ช่วยตรวจสอบหน่อยครับ เอกสารทุนการศึกษา มพ. ส่งได้ถึงวันไหนครับ ปล่อยไว้นานแล้ว,0,0.19,ต่างหมวดหมู่
1092,ขอร้องเรียนค่ะ ขอเปิดเซคชั่นเพิ่มวิชาศึกษาทั่วไป นิสิตยังลงไม่ครบ,รบกวนเจ้าหน้าที่ครับ วิชาบังคับเซคเต็มทุกเซค ขอเปิดเพิ่มอีกเซคได้ไหมครับ,1,0.89,หมวดการเรียนการสอนและวิชาการ
1093,ขอนับชั่วโมงกิจกรรมจิตอาสา กดยื่นในระบบแล้วยังไม่อนุมัติ ปล่อยไว้นานแล้ว,นิสิตเดือดร้อนมากค่ะ เข้าอีเมลมหาวิทยาลัยไม่ได้ จำรหัสผ่านไม่ได้ครับ,0,0.02,ต่างหมวดหมู่
1094,ช่วยประสานงานทีครับ มีซากสัตว์ตายส่งกลิ่นเหม็นเน่าที่ ตึก ICT ช่วยตรวจสอบทีครับ,ด่วนมาก! พบซากนกตายบริเวณ ตึก ICT เริ่มส่งกลิ่น ช่วยส่งแม่บ้านมาเก็บที ปล่อยไว้นานแล้ว,1,0.92,หมวดภูมิทัศน์และความสะอาด
1095,แจ้งเรื่องครับ: ประตูห้องน้ำชาย ตึก PKY ลูกบิดพัง ล็อคไม่ได้ ช่วยตรวจสอบทีครับ,นิสิตเดือดร้อนมากค่ะ ลูกบิดประตูห้องน้ำ ตึกพัชรกิตติยาภา หลุด ล็อคไม่ได้ช่วยซ่อมที ช่วยตรวจสอบทีครับ,1,0.81,หมวดอาคารและสิ่งอำนวยความสะดวก
1096,นิสิตเดือดร้อนมากค่ะ มีซากสัตว์ตายส่งกลิ่นเหม็นเน่าที่ ตึก ICT ช่วยตรวจสอบทีครับ,แอดมินครับ เน็ตตึก ตึก ICT ดับทั้งตึก เชื่อมต่อสัญญาณไม่ได้ เป็นแบบนี้มาหลายวันแล้วครับ,0,0.04,ต่างหมวดหมู่
1097,แอดมินครับ สัญญาณ WiFi UP-WiFi ที่ ตึกคณะนิติศาสตร์ หลุดบ่อยมาก ช้ามาก,แจ้งเรื่องครับ: ยื่นขอหนังสือรับรองการเป็นนิสิตผ่านช่องทางออนไลน์ยังไง ขอบคุณครับ,0,0.19,ต่างหมวดหมู่
1098,ช่วยประสานงานทีครับ เข้าใช้งานระบบ UP Pass ไม่ได้ ล็อกอินแล้วเด้งออก,ช่วยตรวจสอบหน่อยครับ แอปพลิเคชัน UP Pass เข้าไม่ได้ ขึ้น error ตลอดเวลา ขอบคุณครับ,1,0.81,หมวดเทคโนโลยีสารสนเทศ
1099,ช่วยประสานงานทีครับ ลิฟต์ ตึกคณะนิติศาสตร์ ประตูค้าง เปิดไม่ออก ช่วยตรวจสอบทีครับ,ช่วยประสานงานทีครับ ลิฟต์โดยสารที่ คณะนิติ ชำรุด กดแล้วไม่ขยับ ประตูเปิดไม่ได้ ปล่อยไว้นานแล้ว,1,0.96,หมวดอาคารและสิ่งอำนวยความสะดวก
1100,นิสิตเดือดร้อนมากค่ะ ประตูห้องน้ำชาย ตึกคณะนิติศาสตร์ ลูกบิดพัง ล็อคไม่ได้ รบกวนเจ้าหน้าที่แก้ไขด่วนครับ,รบกวนเจ้าหน้าที่ครับ ลิฟต์โดยสารที่ หอพักนิสิต UP DORM ชำรุด กดแล้วไม่ขยับ ประตูเปิดไม่ได้ ขอบคุณครับ,0,0.3,หมวดอาคารและสิ่งอำนวยความสะดวก (ต่างประเด็น)
1101,ช่วยประสานงานทีครับ หมวกกันน็อคหายที่ลานจอดรถ ตึกสงวนเสริมศรี เดือดร้อนมากค่ะ ขอบคุณค่ะ,ด่วนมาก! จอดมอเตอร์ไซค์ไว้ที่ ตึกสงวนเสริมศรี หมวกกันน็อคโดนขโมยไปครับ ช่วยตรวจสอบทีครับ,1,0.96,หมวดความปลอดภัยและจราจร
1102,รบกวนเจ้าหน้าที่ครับ เศษขยะเกลื่อนกลาดรอบโต๊ะม้าหินอ่อน ตึก ICT ช่วยตรวจสอบทีครับ,ช่วยตรวจสอบหน่อยครับ ชั่วโมงกิจกรรมสะสมไม่ขึ้นในระบบ UP Pass ติดต่อใคร ปล่อยไว้นานแล้ว,0,0.03,ต่างหมวดหมู่
1103,ก๊อกน้ำอ่างล้างมือ ตึกวิทย์ หัก น้ำพุ่งกระเด็น ขอบคุณครับ,แอดมินครับ อ่างล้างหน้า คณะวิทยาศาสตร์ ท่อน้ำแตก น้ำนองเต็มพื้น ขอบคุณครับ,1,0.91,หมวดอาคารและสิ่งอำนวยความสะดวก
1104,ช่วยประสานงานทีครับ มีซากสัตว์ตายส่งกลิ่นเหม็นเน่าที่ ตึกคณะนิติศาสตร์ ขอบคุณครับ,นิสิตเดือดร้อนมากค่ะ บริเวณทางเดินไป หอพักนิสิต UP DORM หญ้ารกมาก ช่วยตัดหญ้าทีครับ ขอบคุณครับ,0,0.27,หมวดภูมิทัศน์และความสะอาด (ต่างประเด็น)
1105,รบกวนเจ้าหน้าที่ครับ เข้าใช้งานระบบ UP Pass ไม่ได้ ล็อกอินแล้วเด้งออก ขอบคุณครับ,ขอร้องเรียนค่ะ ลิฟต์โดยสารที่ ตึก ICT ชำรุด กดแล้วไม่ขยับ ประตูเปิดไม่ได้ ขอบคุณครับ,0,0.14,ต่างหมวดหมู่
1106,ช่วยประสานงานทีครับ คนขับรถเมล์ มพ. สาย 2 ขับเร็วและหวาดเสียวมาก ช่วยตรวจสอบทีครับ,ช่วยตรวจสอบหน่อยครับ รถเมล์มอสาย 2 ขับปาดซ้ายปาดขวา เบรกแรง กลัวอันตราย เดือดร้อนมากค่ะ ขอบคุณค่ะ,1,0.91,หมวดการเดินทางและระบบขนส่ง
1107,แอดมินครับ คนขับรถเมล์ มพ. สาย 1 ขับเร็วและหวาดเสียวมาก,ขอร้องเรียนค่ะ รถเมล์มอสาย 1 ขับปาดซ้ายปาดขวา เบรกแรง กลัวอันตราย ขอบคุณครับ,1,0.89,หมวดการเดินทางและระบบขนส่ง
1108,ด่วนมาก! มีซากสัตว์ตายส่งกลิ่นเหม็นเน่าที่ ตึก CE,ช่วยตรวจสอบหน่อยครับ พบซากนกตายบริเวณ อาคารเรียนรวม CE เริ่มส่งกลิ่น ช่วยส่งแม่บ้านมาเก็บที,1,0.94,หมวดภูมิทัศน์และความสะอาด
1109,รบกวนเจ้าหน้าที่ครับ อาจารย์ไม่เข้าสอนตามตารางเรียนและไม่แจ้งล่วงหน้า,ช่วยประสานงานทีครับ คลาสเรียนวันนี้อาจารย์ไม่มาสอน นิสิตมารอเต็มห้อง ช่วยตรวจสอบทีครับ,1,0.86,หมวดการเรียนการสอนและวิชาการ
1110,ช่วยประสานงานทีครับ หญ้าขึ้นสูงรกมากข้างทางเดินไป ตึก PKY กลัวงู ขอบคุณครับ,แอดมินครับ บริเวณทางเดินไป ตึกภักดี หญ้ารกมาก ช่วยตัดหญ้าทีครับ ขอบคุณครับ,1,0.84,หมวดภูมิทัศน์และความสะอาด
1111,แอดมินครับ ปลั๊กไฟห้อง 1201 ตึกคณะบริหาร ช็อต มีควันขึ้น,อาคารเรียนบริหาร ห้อง 1201 ปลั๊กไฟระเบิด เสียบชาร์จไม่ได้,1,0.94,หมวดอาคารและสิ่งอำนวยความสะดวก
1112,แอดมินครับ รถเมล์ มพ. ไม่จอดรับนิสิตที่ป้าย ตึก ICT ช่วยตรวจสอบทีครับ,แจ้งเรื่องครับ: บริเวณที่นั่งเล่น ตึกวิทย์ ขยะเต็มโต๊ะ ไม่มีคนกวาด เป็นแบบนี้มาหลายวันแล้วครับ,0,0.14,ต่างหมวดหมู่
1113,ขอร้องเรียนค่ะ ตารางเรียนวิชาบังคับชนกันสองวิชา แก้ไขยังไงได้บ้าง ขอบคุณครับ,แอดมินครับ ยื่นคำร้องขอถอนรายวิชาล่าช้า ต้องให้อาจารย์ท่านไหนเซ็น ปล่อยไว้นานแล้ว,0,0.22,หมวดการเรียนการสอนและวิชาการ (ต่างประเด็น)
1114,รบกวนเจ้าหน้าที่ครับ รถเมล์ มพ. สาย 1 รอนานเกิน 45 นาทีแล้วไม่มา ช่วยตรวจสอบทีครับ,แจ้งเรื่องครับ: วันสอบปลายภาคเวลาตรงกันสองรายวิชา ขอสอบชดเชยได้ไหม ปล่อยไว้นานแล้ว,0,0.1,ต่างหมวดหมู่
1115,ขอร้องเรียนค่ะ ต้องการขอดรอปรายวิชา ติดต่อทำเรื่องที่ไหนครับ ขอบคุณครับ,นิสิตเดือดร้อนมากค่ะ ยื่นคำร้องขอถอนรายวิชาล่าช้า ต้องให้อาจารย์ท่านไหนเซ็น เดือดร้อนมากค่ะ ขอบคุณค่ะ,1,0.8,หมวดการเรียนการสอนและวิชาการ
1116,ช่วยตรวจสอบหน่อยครับ ระบบลงทะเบียนเรียน Reg ล่ม เข้าสู่ระบบไม่ได้ตั้งแต่เช้า รบกวนเจ้าหน้าที่แก้ไขด่วนครับ,รบกวนเจ้าหน้าที่ครับ เว็บ reg.up.ac.th ล่ม กดเลือกวิชาไม่ได้เลยครับ ช่วยตรวจสอบทีครับ,1,0.94,หมวดเทคโนโลยีสารสนเทศ
1117,รบกวนเจ้าหน้าที่ครับ ขอใบรับรองสถานภาพนิสิตภาษาอังกฤษ ใช้เวลากี่วันได้ ปล่อยไว้นานแล้ว,ช่วยประสานงานทีครับ คลาสเรียนวันนี้อาจารย์ไม่มาสอน นิสิตมารอเต็มห้อง รบกวนเจ้าหน้าที่แก้ไขด่วนครับ,0,0.2,ต่างหมวดหมู่
1118,ช่วยประสานงานทีครับ คนขับรถเมล์ มพ. สาย 3 ขับเร็วและหวาดเสียวมาก เป็นแบบนี้มาหลายวันแล้วครับ,ช่วยประสานงานทีครับ ห้อง 1202 หอพักนิสิต UP DORM แอร์พัง มีแต่ลมร้อน นั่งเรียนไม่ได้ ปล่อยไว้นานแล้ว,0,0.16,ต่างหมวดหมู่
1119,นิสิตเดือดร้อนมากค่ะ บัตรนิสิตหาย ต้องการทำบัตรใหม่ต้องเตรียมอะไรบ้าง ปล่อยไว้นานแล้ว,ขอร้องเรียนค่ะ ทำบัตรประจำตัวนิสิตใหม่ ติดต่อสำนักทะเบียนห้องไหนครับ ช่วยตรวจสอบทีครับ,1,0.92,หมวดบริการทั่วไป / อื่นๆ
1120,ด่วนมาก! ลืมรหัสผ่าน UP Mail ขอยื่นรีเซ็ตรหัสผ่านเมลองค์กร เป็นแบบนี้มาหลายวันแล้วครับ,ด่วนมาก! เข้าอีเมลมหาวิทยาลัยไม่ได้ จำรหัสผ่านไม่ได้ครับ,1,0.84,หมวดเทคโนโลยีสารสนเทศ
1121,แอดมินครับ หมวกกันน็อคหายที่ลานจอดรถ ตึกวิทย์ รบกวนเจ้าหน้าที่แก้ไขด่วนครับ,ขอร้องเรียนค่ะ กล้อง CCTV ตรง ตึกคณะนิติศาสตร์ ใช้งานไม่ได้ อยากขอเปิดดูของหาย เดือดร้อนมากค่ะ ขอบคุณค่ะ,0,0.33,หมวดความปลอดภัยและจราจร (ต่างประเด็น)
1122,รถเมล์ มพ. สาย 2 รอนานเกิน 45 นาทีแล้วไม่มา ช่วยตรวจสอบทีครับ,แอดมินครับ รถเมล์มอสาย มอ ขับปาดซ้ายปาดขวา เบรกแรง กลัวอันตราย ขอบคุณครับ,0,0.21,หมวดการเดินทางและระบบขนส่ง (ต่างประเด็น)
1123,แจ้งเรื่องครับ: รถเมล์ มพ. สาย 1 รอนานเกิน 45 นาทีแล้วไม่มา เป็นแบบนี้มาหลายวันแล้วครับ,ช่วยประสานงานทีครับ รอรถเมล์มอสาย มอ นานมาก รถขาดช่วง นิสิตไปเรียนไม่ทัน ปล่อยไว้นานแล้ว,0,0.31,หมวดการเดินทางและระบบขนส่ง (ต่างประเด็น)
1124,รถเมล์ มพ. ไม่จอดรับนิสิตที่ป้าย ตึก PKY ขอบคุณครับ,ขอร้องเรียนค่ะ ลูกบิดประตูห้องน้ำ ตึกสงวนเสริมศรี หลุด ล็อคไม่ได้ช่วยซ่อมที ช่วยตรวจสอบทีครับ,0,0.08,ต่างหมวดหมู่
