text_a,text_b,score,label_type
เว็บลงทะเบียนเรียน Reg UP ล่ม เข้าสู่ระบบไม่ได้ หน้าจอขึ้น 504 Gateway Timeout,ระบบ REG ม.พะเยา ค้าง เข้าเช็คผลการเรียนและลงทะเบียนวิชาไม่ได้เลย,0.9212,DUPLICATE
สอบถามขั้นตอนการขอทุนการศึกษานิสิตขาดแคลนทุนทรัพย์,มีคนร้ายขโมยหมวกกันน็อคตรงลานจอดรถ ป้ายหอพักใน,0.0088,DIFFERENT
สอบถามขั้นตอนการขอทุนการศึกษานิสิตขาดแคลนทุนทรัพย์,มีคนร้ายขโมยหมวกกันน็อคตรงลานจอดรถ คณะศิลปศาสตร์,0.0151,DIFFERENT
คนขับรถชัตเติลบัสสาย 3 (สีแดง) ขับเร็วและเบรกกระชากแรงมากตรง ประตู 1 ม.พะเยา,รถเมล์ มพ. สาย 3 (สีแดง) ซิ่งเร็ว เบรกกะทันหัน ผู้โดยสารเกือบหัวทิ่มแถว ประตูหน้ามอ,0.9433,DUPLICATE
สอบถามขั้นตอนการขอทุนการศึกษานิสิตขาดแคลนทุนทรัพย์,มีคนร้ายขโมยหมวกกันน็อคตรงลานจอดรถ ป้ายหอพักใน,0.0148,DIFFERENT
กิ่งไม้ใหญ่หักโค่นพาดขวางถนนตรง กองพัฒนานิสิต DSA รถสัญจรไม่ได้,ต้นไม้ล้มขวางทางจราจรบริเวณ ตึกกิจกรรมนิสิต DSA รถผ่านไม่ได้ การจราจรติดขัด,0.949,DUPLICATE
ไฟในห้องน้ำหญิง คณะเภสัชศาสตร์ ดับสนิท มืดมาก มองไม่เห็นทาง,หลอดไฟห้องน้ำหญิง ตึกเภสัช ขาด เสีย มืดตึ๊ดตื๋อ เข้าใช้งานไม่ได้,0.9474,DUPLICATE
พบแมลงสาบและสิ่งสกปรกปนเปื้อนในจานข้าวที่ กองพัฒนานิสิต DSA,เจอแมลงสาบตัวเล็กในอาหารร้านข้าวที่ ตึกกิจกรรมนิสิต DSA สกปรกมาก ไม่ถูกสุขอนามัย,0.982,DUPLICATE
รถเมล์มอสาย 2 รอนานมาก ไม่ยอมจอดรับที่ป้าย,อาหารที่โรงอาหาร โรงอาหารสงวนเสริมศรี มีรสเปรี้ยวบูด กินแล้วท้องเสีย,0.0201,DIFFERENT
คนขับรถชัตเติลบัสสาย 1 (สีม่วง) ขับเร็วและเบรกกระชากแรงมากตรง ทางเดิน Skywalk,รถเมล์ มพ. สาย 1 (สีม่วง) ซิ่งเร็ว เบรกกะทันหัน ผู้โดยสารเกือบหัวทิ่มแถว สะพานสกายวอล์ค,0.9286,DUPLICATE
หลอดไฟทางเดินหน้า โรงอาหารกลาง ดับสนิท มืดมาก,ถังขยะหน้า โรงอาหารกลาง ขยะล้นถัง ส่งกลิ่นเหม็นเน่า,0.0951,DIFFERENT
เครื่องปรับอากาศห้อง 1103 คณะพยาบาลศาสตร์ เสีย ไม่เย็น,เครื่องปรับอากาศห้อง 3103 คณะพยาบาลศาสตร์ เสีย ไม่เย็น,0.1602,DIFFERENT
พบแมลงสาบและสิ่งสกปรกปนเปื้อนในจานข้าวที่ คณะนิติศาสตร์,เจอแมลงสาบตัวเล็กในอาหารร้านข้าวที่ ตึกนิติศาสตร์ สกปรกมาก ไม่ถูกสุขอนามัย,0.9837,DUPLICATE
สัญญาณอินเทอร์เน็ต UP-WiFi โรงอาหารสงวนเสริมศรี หลุดบ่อยมาก เชื่อมต่อไม่ได้เลย,เน็ตไวไฟ UP-WiFi ที่ โรงอาหาร PKY ต่อไม่ติด หลุดทุก 5 นาที ทำงานไม่ได้,0.9326,DUPLICATE
แอร์ห้อง 3303 ตึก ICT มีน้ำรั่วหยดและไม่เย็นเลย,สายชำระห้องน้ำหญิงชั้น 6 ตึก ICT แตก น้ำนองพื้น,0.0357,DIFFERENT
หลอดไฟทางเดินหน้า คณะวิทยาศาสตร์ ดับสนิท มืดมาก,ถังขยะหน้า คณะวิทยาศาสตร์ ขยะล้นถัง ส่งกลิ่นเหม็นเน่า,0.0861,DIFFERENT
สายชำระและก๊อกน้ำห้องน้ำชั้น 6 คณะแพทยศาสตร์ แตก น้ำไหลนองเต็มพื้น,สายฉีดก้นกับก๊อกน้ำชำรุด น้ำรั่วท่วมห้องน้ำชั้น 6 ตึกแพทย์,0.9425,DUPLICATE
ก๊อกน้ำและท่อประปาที่ โรงอาหารสงวนเสริมศรี ไหลช้ามาก มีสีขุ่นเหลือง,ทางเดิน Skywalk ลื่นมากหลังฝนตก มีนิสิตลื่นล้มหลายคน,0.0737,DIFFERENT
รถเมล์มอสาย 1 รอนานมาก ไม่ยอมจอดรับที่ป้าย,อาหารที่โรงอาหาร คณะศิลปศาสตร์ มีรสเปรี้ยวบูด กินแล้วท้องเสีย,0.0241,DIFFERENT
สอบถามขั้นตอนการขอทุนการศึกษานิสิตขาดแคลนทุนทรัพย์,มีคนร้ายขโมยหมวกกันน็อคตรงลานจอดรถ ตึก CE,0.0,DIFFERENT
แอร์ห้อง 1303 คณะเกษตรศาสตร์ มีน้ำรั่วหยดและไม่เย็นเลย ร้อนมาก,เครื่องปรับอากาศห้อง 1303 ตึกเกษตร น้ำหยดลงพื้น แอร์ไม่ฉ่ำเลย นั่งเรียนไม่ได้,0.9592,DUPLICATE
สายชำระและก๊อกน้ำห้องน้ำชั้น 5 กองพัฒนานิสิต DSA แตก น้ำไหลนองเต็มพื้น,สายฉีดก้นกับก๊อกน้ำชำรุด น้ำรั่วท่วมห้องน้ำชั้น 5 ตึกกิจกรรมนิสิต DSA,0.9727,DUPLICATE
สอบถามขั้นตอนการขอทุนการศึกษานิสิตขาดแคลนทุนทรัพย์,มีคนร้ายขโมยหมวกกันน็อคตรงลานจอดรถ ตึก CE,0.0238,DIFFERENT
พบแมลงสาบและสิ่งสกปรกปนเปื้อนในจานข้าวที่ โรงอาหารกลาง,เจอแมลงสาบตัวเล็กในอาหารร้านข้าวที่ โรงอาหารใหญ่ สกปรกมาก ไม่ถูกสุขอนามัย,0.96,DUPLICATE
สอบถามขั้นตอนการขอทุนการศึกษานิสิตขาดแคลนทุนทรัพย์,มีคนร้ายขโมยหมวกกันน็อคตรงลานจอดรถ คณะพยาบาลศาสตร์,0.0,DIFFERENT
เว็บลงทะเบียนเรียน Reg UP ล่ม เข้าสู่ระบบไม่ได้ หน้าจอขึ้น 504 Gateway Timeout,ระบบ REG ม.พะเยา ค้าง เข้าเช็คผลการเรียนและลงทะเบียนวิชาไม่ได้เลย,0.93,DUPLICATE
เครื่องปรับอากาศห้อง 1204 ป้ายรถเมล์หน้า ม. เสีย ไม่เย็น,เครื่องปรับอากาศห้อง 3104 ป้ายรถเมล์หน้า ม. เสีย ไม่เย็น,0.1417,DIFFERENT
สอบถามขั้นตอนการขอทุนการศึกษานิสิตขาดแคลนทุนทรัพย์,มีคนร้ายขโมยหมวกกันน็อคตรงลานจอดรถ โรงอาหารกลาง,0.0267,DIFFERENT
มีคนร้ายกรีดเบาะรถและขโมยหมวกกันน็อคตรงลานจอด ประตู 1 ม.พะเยา,โดนขโมยหมวกกันน็อคและเบาะรถจักรยานยนต์โดนกรีดที่ลานจอดรถ ประตูหน้ามอ,0.9461,DUPLICATE
คนขับรถชัตเติลบัสสาย 4 (สีน้ำเงิน) ขับเร็วและเบรกกระชากแรงมากตรง ทางเดิน Skywalk,รถเมล์ มพ. สาย 4 (สีน้ำเงิน) ซิ่งเร็ว เบรกกะทันหัน ผู้โดยสารเกือบหัวทิ่มแถว สะพานสกายวอล์ค,0.9515,DUPLICATE
รถเมล์มอสาย 1 (สีม่วง) รอนานมากเกิน 45 นาที รถไม่พอ นิสิตยืนล้นป้าย ตึก EN,รอรถบัส มพ. สาย 1 (สีม่วง) ที่ อาคารคณะวิศวกรรมศาสตร์ นานมาก คนเบียดกันแน่น รถขาดระยะ,0.9425,DUPLICATE
ถังขยะหน้า คณะศิลปศาสตร์ ขยะล้นถัง ส่งกลิ่นเหม็นเน่า ไม่มีเจ้าหน้าที่มาเก็บ,ขยะเน่าล้นถังขยะบริเวณ ตึกศิลปศาสตร์ เหม็นคลุ้งมาก เกลื่อนเต็มพื้น,0.9777,DUPLICATE
รถเมล์มอสาย 4 รอนานมาก ไม่ยอมจอดรับที่ป้าย,อาหารที่โรงอาหาร โรงอาหารกลาง มีรสเปรี้ยวบูด กินแล้วท้องเสีย,0.028,DIFFERENT
คนขับรถชัตเติลบัสสาย 1 (สีม่วง) ขับเร็วและเบรกกระชากแรงมากตรง ตึก CE,รถเมล์ มพ. สาย 1 (สีม่วง) ซิ่งเร็ว เบรกกะทันหัน ผู้โดยสารเกือบหัวทิ่มแถว อาคารเรียนรวม CE,0.9427,DUPLICATE
สายชำระและก๊อกน้ำห้องน้ำชั้น 4 กองพัฒนานิสิต DSA แตก น้ำไหลนองเต็มพื้น,สายฉีดก้นกับก๊อกน้ำชำรุด น้ำรั่วท่วมห้องน้ำชั้น 4 ตึกกิจกรรมนิสิต DSA,0.9397,DUPLICATE
สัญญาณอินเทอร์เน็ต UP-WiFi ป้ายรถเมล์หน้า ม. หลุดบ่อยมาก เชื่อมต่อไม่ได้เลย,เน็ตไวไฟ UP-WiFi ที่ ป้ายรถบัสหน้ามหาวิทยาลัยพะเยา ต่อไม่ติด หลุดทุก 5 นาที ทำงานไม่ได้,0.9846,DUPLICATE
หลอดไฟทางเดินหน้า คณะพยาบาลศาสตร์ ดับสนิท มืดมาก,ถังขยะหน้า คณะพยาบาลศาสตร์ ขยะล้นถัง ส่งกลิ่นเหม็นเน่า,0.066,DIFFERENT
มีคนร้ายกรีดเบาะรถและขโมยหมวกกันน็อคตรงลานจอด คณะวิทยาศาสตร์,โดนขโมยหมวกกันน็อคและเบาะรถจักรยานยนต์โดนกรีดที่ลานจอดรถ ตึกวิทย์,0.964,DUPLICATE
หลอดไฟทางเดินหน้า ตึก ICT ดับสนิท มืดมาก,ถังขยะหน้า ตึก ICT ขยะล้นถัง ส่งกลิ่นเหม็นเน่า,0.0748,DIFFERENT
สายชำระและก๊อกน้ำห้องน้ำชั้น 4 คณะแพทยศาสตร์ แตก น้ำไหลนองเต็มพื้น,สายฉีดก้นกับก๊อกน้ำชำรุด น้ำรั่วท่วมห้องน้ำชั้น 4 ตึกแพทย์,0.9293,DUPLICATE
ตารางสอบปลายภาควิชา GEN001 ชนกัน ขอทำเรื่องสอบซ้ำ,ลิฟต์โดยสาร โรงอาหารสงวนเสริมศรี ค้างที่ชั้น 3 ใช้งานไม่ได้,0.0,DIFFERENT
ก๊อกน้ำและท่อประปาที่ ทางเดิน Skywalk ไหลช้ามาก มีสีขุ่นเหลือง,ทางเดิน Skywalk ลื่นมากหลังฝนตก มีนิสิตลื่นล้มหลายคน,0.0785,DIFFERENT
เครื่องปรับอากาศห้อง 1401 หอพักลุมพินี เสีย ไม่เย็น,เครื่องปรับอากาศห้อง 3301 หอพักลุมพินี เสีย ไม่เย็น,0.1591,DIFFERENT
ไฟในห้องน้ำหญิง ประตู 1 ม.พะเยา ดับสนิท มืดมาก มองไม่เห็นทาง,หลอดไฟห้องน้ำหญิง ประตูหน้ามอ ขาด เสีย มืดตึ๊ดตื๋อ เข้าใช้งานไม่ได้,0.9865,DUPLICATE
รถเมล์มอสาย 4 (สีน้ำเงิน) รอนานมากเกิน 45 นาที รถไม่พอ นิสิตยืนล้นป้าย คณะนิติศาสตร์,รอรถบัส มพ. สาย 4 (สีน้ำเงิน) ที่ ตึกนิติศาสตร์ นานมาก คนเบียดกันแน่น รถขาดระยะ,0.9724,DUPLICATE
ถังขยะหน้า คณะเกษตรศาสตร์ ขยะล้นถัง ส่งกลิ่นเหม็นเน่า ไม่มีเจ้าหน้าที่มาเก็บ,ขยะเน่าล้นถังขยะบริเวณ ตึกเกษตร เหม็นคลุ้งมาก เกลื่อนเต็มพื้น,0.9359,DUPLICATE
มีคนร้ายกรีดเบาะรถและขโมยหมวกกันน็อคตรงลานจอด กองพัฒนานิสิต DSA,โดนขโมยหมวกกันน็อคและเบาะรถจักรยานยนต์โดนกรีดที่ลานจอดรถ ตึกกิจกรรมนิสิต DSA,0.9684,DUPLICATE
รถเมล์มอสาย 1 (สีม่วง) รอนานมากเกิน 45 นาที รถไม่พอ นิสิตยืนล้นป้าย ตึก PKY,รอรถบัส มพ. สาย 1 (สีม่วง) ที่ อาคารสงวนเสริมศรี นานมาก คนเบียดกันแน่น รถขาดระยะ,0.9228,DUPLICATE
แอร์ห้อง 2301 ตึก PKY มีน้ำรั่วหยดและไม่เย็นเลย,สายชำระห้องน้ำหญิงชั้น 5 ตึก PKY แตก น้ำนองพื้น,0.052,DIFFERENT
คนขับรถชัตเติลบัสสาย 4 (สีน้ำเงิน) ขับเร็วและเบรกกระชากแรงมากตรง คณะแพทยศาสตร์,รถเมล์ มพ. สาย 4 (สีน้ำเงิน) ซิ่งเร็ว เบรกกะทันหัน ผู้โดยสารเกือบหัวทิ่มแถว ตึกแพทย์,0.9184,DUPLICATE
แอร์ห้อง 4402 คณะนิติศาสตร์ มีน้ำรั่วหยดและไม่เย็นเลย,สายชำระห้องน้ำหญิงชั้น 1 คณะนิติศาสตร์ แตก น้ำนองพื้น,0.0349,DIFFERENT
แอร์ห้อง 2302 คณะเกษตรศาสตร์ มีน้ำรั่วหยดและไม่เย็นเลย,สายชำระห้องน้ำหญิงชั้น 2 คณะเกษตรศาสตร์ แตก น้ำนองพื้น,0.0516,DIFFERENT
เครื่องปรับอากาศห้อง 1304 คณะศิลปศาสตร์ เสีย ไม่เย็น,เครื่องปรับอากาศห้อง 3101 คณะศิลปศาสตร์ เสีย ไม่เย็น,0.1447,DIFFERENT
ลิฟต์โดยสาร ตึก PKY ค้างที่ชั้น 8 ประตูปิดไม่สนิท น่ากลัวมาก,ลิฟต์ อาคารสงวนเสริมศรี เสีย ติดค้างอยู่ที่ชั้น 8 กดปุ่มเปิดไม่ไป,0.9362,DUPLICATE
ตารางสอบปลายภาควิชา GEN001 ชนกัน ขอทำเรื่องสอบซ้ำ,ลิฟต์โดยสาร คณะเภสัชศาสตร์ ค้างที่ชั้น 2 ใช้งานไม่ได้,0.0129,DIFFERENT
ลิฟต์โดยสาร คณะศิลปศาสตร์ ค้างที่ชั้น 2 ประตูปิดไม่สนิท น่ากลัวมาก,ลิฟต์ ตึกศิลปศาสตร์ เสีย ติดค้างอยู่ที่ชั้น 2 กดปุ่มเปิดไม่ไป,0.9534,DUPLICATE
สอบถามขั้นตอนการขอทุนการศึกษานิสิตขาดแคลนทุนทรัพย์,มีคนร้ายขโมยหมวกกันน็อคตรงลานจอดรถ คณะวิทยาศาสตร์,0.0217,DIFFERENT
ถังขยะหน้า คณะเภสัชศาสตร์ ขยะล้นถัง ส่งกลิ่นเหม็นเน่า ไม่มีเจ้าหน้าที่มาเก็บ,ขยะเน่าล้นถังขยะบริเวณ ตึกเภสัช เหม็นคลุ้งมาก เกลื่อนเต็มพื้น,0.9403,DUPLICATE
คนขับรถชัตเติลบัสสาย 2 (สีเขียว) ขับเร็วและเบรกกระชากแรงมากตรง ตึก CE,รถเมล์ มพ. สาย 2 (สีเขียว) ซิ่งเร็ว เบรกกะทันหัน ผู้โดยสารเกือบหัวทิ่มแถว อาคารเรียนรวม CE,0.9375,DUPLICATE
สัญญาณเน็ต UP-WiFi คณะแพทยศาสตร์ หลุดบ่อย เล่นไม่ได้,สุนัขจรจัดดุมาก วิ่งไล่กวดนิสิตตรง คณะแพทยศาสตร์,0.011,DIFFERENT
รถเมล์มอสาย 1 (สีม่วง) รอนานมากเกิน 45 นาที รถไม่พอ นิสิตยืนล้นป้าย กองพัฒนานิสิต DSA,รอรถบัส มพ. สาย 1 (สีม่วง) ที่ ตึกกิจกรรมนิสิต DSA นานมาก คนเบียดกันแน่น รถขาดระยะ,0.9535,DUPLICATE
สอบถามขั้นตอนการขอทุนการศึกษานิสิตขาดแคลนทุนทรัพย์,มีคนร้ายขโมยหมวกกันน็อคตรงลานจอดรถ ตึก PKY,0.0217,DIFFERENT
พบแมลงสาบและสิ่งสกปรกปนเปื้อนในจานข้าวที่ ป้ายรถเมล์หน้า ม.,เจอแมลงสาบตัวเล็กในอาหารร้านข้าวที่ ป้ายรถบัสหน้ามหาวิทยาลัยพะเยา สกปรกมาก ไม่ถูกสุขอนามัย,0.941,DUPLICATE
ก๊อกน้ำและท่อประปาที่ ป้ายหอพักใน ไหลช้ามาก มีสีขุ่นเหลือง,ทางเดิน Skywalk ลื่นมากหลังฝนตก มีนิสิตลื่นล้มหลายคน,0.0785,DIFFERENT
สัญญาณเน็ต UP-WiFi ตึก EN หลุดบ่อย เล่นไม่ได้,สุนัขจรจัดดุมาก วิ่งไล่กวดนิสิตตรง ตึก EN,0.0115,DIFFERENT
หลอดไฟทางเดินหน้า โรงอาหารสงวนเสริมศรี ดับสนิท มืดมาก,ถังขยะหน้า โรงอาหารสงวนเสริมศรี ขยะล้นถัง ส่งกลิ่นเหม็นเน่า,0.1058,DIFFERENT
สายชำระและก๊อกน้ำห้องน้ำชั้น 5 คณะแพทยศาสตร์ แตก น้ำไหลนองเต็มพื้น,สายฉีดก้นกับก๊อกน้ำชำรุด น้ำรั่วท่วมห้องน้ำชั้น 5 ตึกแพทย์,0.9394,DUPLICATE
ถังขยะหน้า ตึก EN ขยะล้นถัง ส่งกลิ่นเหม็นเน่า ไม่มีเจ้าหน้าที่มาเก็บ,ขยะเน่าล้นถังขยะบริเวณ อาคารคณะวิศวกรรมศาสตร์ เหม็นคลุ้งมาก เกลื่อนเต็มพื้น,0.937,DUPLICATE
หลอดไฟทางเดินหน้า ประตู 1 ม.พะเยา ดับสนิท มืดมาก,ถังขยะหน้า ประตู 1 ม.พะเยา ขยะล้นถัง ส่งกลิ่นเหม็นเน่า,0.0659,DIFFERENT
สัญญาณเน็ต UP-WiFi ทางเดิน Skywalk หลุดบ่อย เล่นไม่ได้,สุนัขจรจัดดุมาก วิ่งไล่กวดนิสิตตรง ทางเดิน Skywalk,0.0334,DIFFERENT
มีคนร้ายกรีดเบาะรถและขโมยหมวกกันน็อคตรงลานจอด ประตู 1 ม.พะเยา,โดนขโมยหมวกกันน็อคและเบาะรถจักรยานยนต์โดนกรีดที่ลานจอดรถ ประตูหน้ามอ,0.9735,DUPLICATE
มีคนร้ายกรีดเบาะรถและขโมยหมวกกันน็อคตรงลานจอด คณะแพทยศาสตร์,โดนขโมยหมวกกันน็อคและเบาะรถจักรยานยนต์โดนกรีดที่ลานจอดรถ ตึกแพทย์,0.958,DUPLICATE
กิ่งไม้ใหญ่หักโค่นพาดขวางถนนตรง โรงอาหารกลาง รถสัญจรไม่ได้,ต้นไม้ล้มขวางทางจราจรบริเวณ โรงอาหารใหญ่ รถผ่านไม่ได้ การจราจรติดขัด,0.9772,DUPLICATE
เครื่องปรับอากาศห้อง 1304 โรงอาหารกลาง เสีย ไม่เย็น,เครื่องปรับอากาศห้อง 3202 โรงอาหารกลาง เสีย ไม่เย็น,0.1318,DIFFERENT
สัญญาณเน็ต UP-WiFi โรงอาหารสงวนเสริมศรี หลุดบ่อย เล่นไม่ได้,สุนัขจรจัดดุมาก วิ่งไล่กวดนิสิตตรง โรงอาหารสงวนเสริมศรี,0.0249,DIFFERENT
ตารางสอบปลายภาควิชา GEN001 ชนกัน ขอทำเรื่องสอบซ้ำ,ลิฟต์โดยสาร คณะวิทยาศาสตร์ ค้างที่ชั้น 8 ใช้งานไม่ได้,0.0244,DIFFERENT
ตารางสอบปลายภาควิชา GEN001 ชนกัน ขอทำเรื่องสอบซ้ำ,ลิฟต์โดยสาร คณะศิลปศาสตร์ ค้างที่ชั้น 1 ใช้งานไม่ได้,0.0,DIFFERENT
ตารางสอบปลายภาควิชา GEN001 ชนกัน ขอทำเรื่องสอบซ้ำ,ลิฟต์โดยสาร ป้ายรถเมล์หน้า ม. ค้างที่ชั้น 4 ใช้งานไม่ได้,0.0208,DIFFERENT
ลิฟต์โดยสาร หอพักลุมพินี ค้างที่ชั้น 7 ประตูปิดไม่สนิท น่ากลัวมาก,ลิฟต์ หอพักใน มพ. เสีย ติดค้างอยู่ที่ชั้น 7 กดปุ่มเปิดไม่ไป,0.9642,DUPLICATE
สัญญาณอินเทอร์เน็ต UP-WiFi คณะศิลปศาสตร์ หลุดบ่อยมาก เชื่อมต่อไม่ได้เลย,เน็ตไวไฟ UP-WiFi ที่ ตึกศิลปศาสตร์ ต่อไม่ติด หลุดทุก 5 นาที ทำงานไม่ได้,0.9384,DUPLICATE
สัญญาณอินเทอร์เน็ต UP-WiFi คณะศิลปศาสตร์ หลุดบ่อยมาก เชื่อมต่อไม่ได้เลย,เน็ตไวไฟ UP-WiFi ที่ ตึกศิลปศาสตร์ ต่อไม่ติด หลุดทุก 5 นาที ทำงานไม่ได้,0.958,DUPLICATE
เว็บลงทะเบียนเรียน Reg UP ล่ม เข้าสู่ระบบไม่ได้ หน้าจอขึ้น 504 Gateway Timeout,ระบบ REG ม.พะเยา ค้าง เข้าเช็คผลการเรียนและลงทะเบียนวิชาไม่ได้เลย,0.9298,DUPLICATE
สัญญาณเน็ต UP-WiFi หอพักลุมพินี หลุดบ่อย เล่นไม่ได้,สุนัขจรจัดดุมาก วิ่งไล่กวดนิสิตตรง หอพักลุมพินี,0.0395,DIFFERENT
โปรเจกเตอร์ห้อง 4301 คณะนิติศาสตร์ เปิดไม่ติด ภาพไม่ขึ้นจอ อาจารย์สอนไม่ได้,เครื่องฉายโปรเจกเตอร์ห้องเรียน 4301 ตึกนิติศาสตร์ พัง จอภาพมืดสนิท,0.9346,DUPLICATE
หลอดไฟทางเดินหน้า ตึก EN ดับสนิท มืดมาก,ถังขยะหน้า ตึก EN ขยะล้นถัง ส่งกลิ่นเหม็นเน่า,0.0634,DIFFERENT
ไฟในห้องน้ำหญิง ป้ายหอพักใน ดับสนิท มืดมาก มองไม่เห็นทาง,หลอดไฟห้องน้ำหญิง ป้ายรอรถหอใน มพ. ขาด เสีย มืดตึ๊ดตื๋อ เข้าใช้งานไม่ได้,0.9419,DUPLICATE
สุนัขจรจัดฝูงใหญ่ดุมาก วิ่งไล่กวดรถมอเตอร์ไซค์ตรง คณะเภสัชศาสตร์,หมาจรจัดตรง ตึกเภสัช ดุ วิ่งไล่เห่านิสิตที่เดินผ่านตอนกลางคืน,0.9282,DUPLICATE
รถเมล์มอสาย 1 รอนานมาก ไม่ยอมจอดรับที่ป้าย,อาหารที่โรงอาหาร ตึก ICT มีรสเปรี้ยวบูด กินแล้วท้องเสีย,0.0294,DIFFERENT
ตารางสอบปลายภาควิชา GEN001 ชนกัน ขอทำเรื่องสอบซ้ำ,ลิฟต์โดยสาร หอพักลุมพินี ค้างที่ชั้น 2 ใช้งานไม่ได้,0.0065,DIFFERENT
สายชำระและก๊อกน้ำห้องน้ำชั้น 6 โรงอาหารสงวนเสริมศรี แตก น้ำไหลนองเต็มพื้น,สายฉีดก้นกับก๊อกน้ำชำรุด น้ำรั่วท่วมห้องน้ำชั้น 6 โรงอาหาร PKY,0.9785,DUPLICATE
สัญญาณเน็ต UP-WiFi ประตู 1 ม.พะเยา หลุดบ่อย เล่นไม่ได้,สุนัขจรจัดดุมาก วิ่งไล่กวดนิสิตตรง ประตู 1 ม.พะเยา,0.0579,DIFFERENT
คนขับรถชัตเติลบัสสาย 4 (สีน้ำเงิน) ขับเร็วและเบรกกระชากแรงมากตรง ตึก CE,รถเมล์ มพ. สาย 4 (สีน้ำเงิน) ซิ่งเร็ว เบรกกะทันหัน ผู้โดยสารเกือบหัวทิ่มแถว อาคารเรียนรวม CE,0.934,DUPLICATE
ก๊อกน้ำและท่อประปาที่ คณะนิติศาสตร์ ไหลช้ามาก มีสีขุ่นเหลือง,ทางเดิน Skywalk ลื่นมากหลังฝนตก มีนิสิตลื่นล้มหลายคน,0.0769,DIFFERENT
สัญญาณเน็ต UP-WiFi คณะเกษตรศาสตร์ หลุดบ่อย เล่นไม่ได้,สุนัขจรจัดดุมาก วิ่งไล่กวดนิสิตตรง คณะเกษตรศาสตร์,0.0598,DIFFERENT
สัญญาณเน็ต UP-WiFi หอพักลุมพินี หลุดบ่อย เล่นไม่ได้,สุนัขจรจัดดุมาก วิ่งไล่กวดนิสิตตรง หอพักลุมพินี,0.0389,DIFFERENT
สายชำระและก๊อกน้ำห้องน้ำชั้น 4 โรงอาหารสงวนเสริมศรี แตก น้ำไหลนองเต็มพื้น,สายฉีดก้นกับก๊อกน้ำชำรุด น้ำรั่วท่วมห้องน้ำชั้น 4 โรงอาหาร PKY,0.9598,DUPLICATE
หลอดไฟทางเดินหน้า ประตู 1 ม.พะเยา ดับสนิท มืดมาก,ถังขยะหน้า ประตู 1 ม.พะเยา ขยะล้นถัง ส่งกลิ่นเหม็นเน่า,0.1017,DIFFERENT
สุนัขจรจัดฝูงใหญ่ดุมาก วิ่งไล่กวดรถมอเตอร์ไซค์ตรง คณะพยาบาลศาสตร์,หมาจรจัดตรง ตึกพยาบาล ดุ วิ่งไล่เห่านิสิตที่เดินผ่านตอนกลางคืน,0.926,DUPLICATE
หลอดไฟทางเดินหน้า ป้ายรถเมล์หน้า ม. ดับสนิท มืดมาก,ถังขยะหน้า ป้ายรถเมล์หน้า ม. ขยะล้นถัง ส่งกลิ่นเหม็นเน่า,0.0942,DIFFERENT
เว็บลงทะเบียนเรียน Reg UP ล่ม เข้าสู่ระบบไม่ได้ หน้าจอขึ้น 504 Gateway Timeout,ระบบ REG ม.พะเยา ค้าง เข้าเช็คผลการเรียนและลงทะเบียนวิชาไม่ได้เลย,0.9698,DUPLICATE
ก๊อกน้ำและท่อประปาที่ กองพัฒนานิสิต DSA ไหลช้ามาก มีสีขุ่นเหลือง,ทางเดิน Skywalk ลื่นมากหลังฝนตก มีนิสิตลื่นล้มหลายคน,0.0431,DIFFERENT
คนขับรถชัตเติลบัสสาย 2 (สีเขียว) ขับเร็วและเบรกกระชากแรงมากตรง ทางเดิน Skywalk,รถเมล์ มพ. สาย 2 (สีเขียว) ซิ่งเร็ว เบรกกะทันหัน ผู้โดยสารเกือบหัวทิ่มแถว สะพานสกายวอล์ค,0.9487,DUPLICATE
โปรเจกเตอร์ห้อง 1201 คณะพยาบาลศาสตร์ เปิดไม่ติด ภาพไม่ขึ้นจอ อาจารย์สอนไม่ได้,เครื่องฉายโปรเจกเตอร์ห้องเรียน 1201 ตึกพยาบาล พัง จอภาพมืดสนิท,0.9412,DUPLICATE
รถเมล์มอสาย 1 รอนานมาก ไม่ยอมจอดรับที่ป้าย,อาหารที่โรงอาหาร ตึก PKY มีรสเปรี้ยวบูด กินแล้วท้องเสีย,0.0353,DIFFERENT
สัญญาณเน็ต UP-WiFi ตึก ICT หลุดบ่อย เล่นไม่ได้,สุนัขจรจัดดุมาก วิ่งไล่กวดนิสิตตรง ตึก ICT,0.0431,DIFFERENT
รถเมล์มอสาย 2 รอนานมาก ไม่ยอมจอดรับที่ป้าย,อาหารที่โรงอาหาร คณะวิทยาศาสตร์ มีรสเปรี้ยวบูด กินแล้วท้องเสีย,0.0441,DIFFERENT
รถเมล์มอสาย 4 รอนานมาก ไม่ยอมจอดรับที่ป้าย,อาหารที่โรงอาหาร คณะศิลปศาสตร์ มีรสเปรี้ยวบูด กินแล้วท้องเสีย,0.0325,DIFFERENT
สอบถามขั้นตอนการขอทุนการศึกษานิสิตขาดแคลนทุนทรัพย์,มีคนร้ายขโมยหมวกกันน็อคตรงลานจอดรถ คณะนิติศาสตร์,0.0306,DIFFERENT
โปรเจกเตอร์ห้อง 1203 ทางเดิน Skywalk เปิดไม่ติด ภาพไม่ขึ้นจอ อาจารย์สอนไม่ได้,เครื่องฉายโปรเจกเตอร์ห้องเรียน 1203 สะพานสกายวอล์ค พัง จอภาพมืดสนิท,0.959,DUPLICATE
ก๊อกน้ำและท่อประปาที่ ตึก ICT ไหลช้ามาก มีสีขุ่นเหลือง,ทางเดิน Skywalk ลื่นมากหลังฝนตก มีนิสิตลื่นล้มหลายคน,0.087,DIFFERENT
สัญญาณเน็ต UP-WiFi ตึก ICT หลุดบ่อย เล่นไม่ได้,สุนัขจรจัดดุมาก วิ่งไล่กวดนิสิตตรง ตึก ICT,0.0214,DIFFERENT
แอร์ห้อง 3403 คณะวิทยาศาสตร์ มีน้ำรั่วหยดและไม่เย็นเลย ร้อนมาก,เครื่องปรับอากาศห้อง 3403 ตึกวิทย์ น้ำหยดลงพื้น แอร์ไม่ฉ่ำเลย นั่งเรียนไม่ได้,0.9406,DUPLICATE
สอบถามขั้นตอนการขอทุนการศึกษานิสิตขาดแคลนทุนทรัพย์,มีคนร้ายขโมยหมวกกันน็อคตรงลานจอดรถ ตึก EN,0.01,DIFFERENT
เครื่องปรับอากาศห้อง 1401 ป้ายหอพักใน เสีย ไม่เย็น,เครื่องปรับอากาศห้อง 3302 ป้ายหอพักใน เสีย ไม่เย็น,0.1339,DIFFERENT
สัญญาณอินเทอร์เน็ต UP-WiFi ตึก EN หลุดบ่อยมาก เชื่อมต่อไม่ได้เลย,เน็ตไวไฟ UP-WiFi ที่ อาคารคณะวิศวกรรมศาสตร์ ต่อไม่ติด หลุดทุก 5 นาที ทำงานไม่ได้,0.9893,DUPLICATE
ก๊อกน้ำและท่อประปาที่ ประตู 1 ม.พะเยา ไหลช้ามาก มีสีขุ่นเหลือง,ทางเดิน Skywalk ลื่นมากหลังฝนตก มีนิสิตลื่นล้มหลายคน,0.047,DIFFERENT
ก๊อกน้ำและท่อประปาที่ ป้ายรถเมล์หน้า ม. ไหลช้ามาก มีสีขุ่นเหลือง,ทางเดิน Skywalk ลื่นมากหลังฝนตก มีนิสิตลื่นล้มหลายคน,0.0454,DIFFERENT
ไฟในห้องน้ำหญิง ป้ายหอพักใน ดับสนิท มืดมาก มองไม่เห็นทาง,หลอดไฟห้องน้ำหญิง ป้ายรอรถหอใน มพ. ขาด เสีย มืดตึ๊ดตื๋อ เข้าใช้งานไม่ได้,0.957,DUPLICATE
สัญญาณเน็ต UP-WiFi กองพัฒนานิสิต DSA หลุดบ่อย เล่นไม่ได้,สุนัขจรจัดดุมาก วิ่งไล่กวดนิสิตตรง กองพัฒนานิสิต DSA,0.0578,DIFFERENT
สายชำระและก๊อกน้ำห้องน้ำชั้น 7 ตึก EN แตก น้ำไหลนองเต็มพื้น,สายฉีดก้นกับก๊อกน้ำชำรุด น้ำรั่วท่วมห้องน้ำชั้น 7 อาคารคณะวิศวกรรมศาสตร์,0.9257,DUPLICATE
สัญญาณอินเทอร์เน็ต UP-WiFi ป้ายรถเมล์หน้า ม. หลุดบ่อยมาก เชื่อมต่อไม่ได้เลย,เน็ตไวไฟ UP-WiFi ที่ ป้ายรถบัสหน้ามหาวิทยาลัยพะเยา ต่อไม่ติด หลุดทุก 5 นาที ทำงานไม่ได้,0.9453,DUPLICATE
ถังขยะหน้า ตึก ICT ขยะล้นถัง ส่งกลิ่นเหม็นเน่า ไม่มีเจ้าหน้าที่มาเก็บ,ขยะเน่าล้นถังขยะบริเวณ อาคารเทคโนโลยีสารสนเทศและการสื่อสาร เหม็นคลุ้งมาก เกลื่อนเต็มพื้น,0.9786,DUPLICATE
ก๊อกน้ำและท่อประปาที่ คณะเกษตรศาสตร์ ไหลช้ามาก มีสีขุ่นเหลือง,ทางเดิน Skywalk ลื่นมากหลังฝนตก มีนิสิตลื่นล้มหลายคน,0.0599,DIFFERENT
โปรเจกเตอร์ห้อง 1304 กองพัฒนานิสิต DSA เปิดไม่ติด ภาพไม่ขึ้นจอ อาจารย์สอนไม่ได้,เครื่องฉายโปรเจกเตอร์ห้องเรียน 1304 ตึกกิจกรรมนิสิต DSA พัง จอภาพมืดสนิท,0.9412,DUPLICATE
ก๊อกน้ำและท่อประปาที่ คณะแพทยศาสตร์ ไหลช้ามาก มีสีขุ่นเหลือง,ทางเดิน Skywalk ลื่นมากหลังฝนตก มีนิสิตลื่นล้มหลายคน,0.0745,DIFFERENT
รถเมล์มอสาย 4 (สีน้ำเงิน) รอนานมากเกิน 45 นาที รถไม่พอ นิสิตยืนล้นป้าย คณะนิติศาสตร์,รอรถบัส มพ. สาย 4 (สีน้ำเงิน) ที่ ตึกนิติศาสตร์ นานมาก คนเบียดกันแน่น รถขาดระยะ,0.9722,DUPLICATE
สายชำระและก๊อกน้ำห้องน้ำชั้น 4 คณะเภสัชศาสตร์ แตก น้ำไหลนองเต็มพื้น,สายฉีดก้นกับก๊อกน้ำชำรุด น้ำรั่วท่วมห้องน้ำชั้น 4 ตึกเภสัช,0.9503,DUPLICATE
รถเมล์มอสาย 1 (สีม่วง) รอนานมากเกิน 45 นาที รถไม่พอ นิสิตยืนล้นป้าย คณะพยาบาลศาสตร์,รอรถบัส มพ. สาย 1 (สีม่วง) ที่ ตึกพยาบาล นานมาก คนเบียดกันแน่น รถขาดระยะ,0.9472,DUPLICATE
แอร์ห้อง 4404 ป้ายหอพักใน มีน้ำรั่วหยดและไม่เย็นเลย,สายชำระห้องน้ำหญิงชั้น 7 ป้ายหอพักใน แตก น้ำนองพื้น,0.0361,DIFFERENT
กิ่งไม้ใหญ่หักโค่นพาดขวางถนนตรง โรงอาหารสงวนเสริมศรี รถสัญจรไม่ได้,ต้นไม้ล้มขวางทางจราจรบริเวณ โรงอาหาร PKY รถผ่านไม่ได้ การจราจรติดขัด,0.9763,DUPLICATE
แอร์ห้อง 1302 คณะเกษตรศาสตร์ มีน้ำรั่วหยดและไม่เย็นเลย ร้อนมาก,เครื่องปรับอากาศห้อง 1302 ตึกเกษตร น้ำหยดลงพื้น แอร์ไม่ฉ่ำเลย นั่งเรียนไม่ได้,0.9372,DUPLICATE
เว็บลงทะเบียนเรียน Reg UP ล่ม เข้าสู่ระบบไม่ได้ หน้าจอขึ้น 504 Gateway Timeout,ระบบ REG ม.พะเยา ค้าง เข้าเช็คผลการเรียนและลงทะเบียนวิชาไม่ได้เลย,0.9536,DUPLICATE
รถเมล์มอสาย 1 รอนานมาก ไม่ยอมจอดรับที่ป้าย,อาหารที่โรงอาหาร คณะนิติศาสตร์ มีรสเปรี้ยวบูด กินแล้วท้องเสีย,0.0169,DIFFERENT
หลอดไฟทางเดินหน้า คณะเกษตรศาสตร์ ดับสนิท มืดมาก,ถังขยะหน้า คณะเกษตรศาสตร์ ขยะล้นถัง ส่งกลิ่นเหม็นเน่า,0.0744,DIFFERENT
ถังขยะหน้า ทางเดิน Skywalk ขยะล้นถัง ส่งกลิ่นเหม็นเน่า ไม่มีเจ้าหน้าที่มาเก็บ,ขยะเน่าล้นถังขยะบริเวณ สะพานสกายวอล์ค เหม็นคลุ้งมาก เกลื่อนเต็มพื้น,0.945,DUPLICATE
สอบถามขั้นตอนการขอทุนการศึกษานิสิตขาดแคลนทุนทรัพย์,มีคนร้ายขโมยหมวกกันน็อคตรงลานจอดรถ คณะพยาบาลศาสตร์,0.0289,DIFFERENT
แอร์ห้อง 2303 คณะพยาบาลศาสตร์ มีน้ำรั่วหยดและไม่เย็นเลย,สายชำระห้องน้ำหญิงชั้น 2 คณะพยาบาลศาสตร์ แตก น้ำนองพื้น,0.0338,DIFFERENT
พบแมลงสาบและสิ่งสกปรกปนเปื้อนในจานข้าวที่ กองพัฒนานิสิต DSA,เจอแมลงสาบตัวเล็กในอาหารร้านข้าวที่ ตึกกิจกรรมนิสิต DSA สกปรกมาก ไม่ถูกสุขอนามัย,0.9559,DUPLICATE
แอร์ห้อง 2203 โรงอาหารกลาง มีน้ำรั่วหยดและไม่เย็นเลย,สายชำระห้องน้ำหญิงชั้น 7 โรงอาหารกลาง แตก น้ำนองพื้น,0.0795,DIFFERENT
กิ่งไม้ใหญ่หักโค่นพาดขวางถนนตรง กองพัฒนานิสิต DSA รถสัญจรไม่ได้,ต้นไม้ล้มขวางทางจราจรบริเวณ ตึกกิจกรรมนิสิต DSA รถผ่านไม่ได้ การจราจรติดขัด,0.9289,DUPLICATE
สายชำระและก๊อกน้ำห้องน้ำชั้น 8 ป้ายรถเมล์หน้า ม. แตก น้ำไหลนองเต็มพื้น,สายฉีดก้นกับก๊อกน้ำชำรุด น้ำรั่วท่วมห้องน้ำชั้น 8 ป้ายรถบัสหน้ามหาวิทยาลัยพะเยา,0.9346,DUPLICATE
เครื่องปรับอากาศห้อง 1103 คณะวิทยาศาสตร์ เสีย ไม่เย็น,เครื่องปรับอากาศห้อง 3304 คณะวิทยาศาสตร์ เสีย ไม่เย็น,0.1397,DIFFERENT
ถังขยะหน้า คณะวิทยาศาสตร์ ขยะล้นถัง ส่งกลิ่นเหม็นเน่า ไม่มีเจ้าหน้าที่มาเก็บ,ขยะเน่าล้นถังขยะบริเวณ ตึกวิทย์ เหม็นคลุ้งมาก เกลื่อนเต็มพื้น,0.988,DUPLICATE
ตารางสอบปลายภาควิชา GEN001 ชนกัน ขอทำเรื่องสอบซ้ำ,ลิฟต์โดยสาร คณะเกษตรศาสตร์ ค้างที่ชั้น 8 ใช้งานไม่ได้,0.0224,DIFFERENT
สุนัขจรจัดฝูงใหญ่ดุมาก วิ่งไล่กวดรถมอเตอร์ไซค์ตรง กองพัฒนานิสิต DSA,หมาจรจัดตรง ตึกกิจกรรมนิสิต DSA ดุ วิ่งไล่เห่านิสิตที่เดินผ่านตอนกลางคืน,0.926,DUPLICATE
หลอดไฟทางเดินหน้า โรงอาหารกลาง ดับสนิท มืดมาก,ถังขยะหน้า โรงอาหารกลาง ขยะล้นถัง ส่งกลิ่นเหม็นเน่า,0.0725,DIFFERENT
เครื่องปรับอากาศห้อง 1301 ตึก PKY เสีย ไม่เย็น,เครื่องปรับอากาศห้อง 3301 ตึก PKY เสีย ไม่เย็น,0.1536,DIFFERENT
สัญญาณอินเทอร์เน็ต UP-WiFi คณะเภสัชศาสตร์ หลุดบ่อยมาก เชื่อมต่อไม่ได้เลย,เน็ตไวไฟ UP-WiFi ที่ ตึกเภสัช ต่อไม่ติด หลุดทุก 5 นาที ทำงานไม่ได้,0.9728,DUPLICATE
ตารางสอบปลายภาควิชา GEN001 ชนกัน ขอทำเรื่องสอบซ้ำ,ลิฟต์โดยสาร คณะวิทยาศาสตร์ ค้างที่ชั้น 6 ใช้งานไม่ได้,0.0167,DIFFERENT
ก๊อกน้ำและท่อประปาที่ โรงอาหารสงวนเสริมศรี ไหลช้ามาก มีสีขุ่นเหลือง,ทางเดิน Skywalk ลื่นมากหลังฝนตก มีนิสิตลื่นล้มหลายคน,0.0637,DIFFERENT
เครื่องปรับอากาศห้อง 1102 ตึก ICT เสีย ไม่เย็น,เครื่องปรับอากาศห้อง 3103 ตึก ICT เสีย ไม่เย็น,0.1517,DIFFERENT
ก๊อกน้ำและท่อประปาที่ คณะพยาบาลศาสตร์ ไหลช้ามาก มีสีขุ่นเหลือง,ทางเดิน Skywalk ลื่นมากหลังฝนตก มีนิสิตลื่นล้มหลายคน,0.0459,DIFFERENT
สอบถามขั้นตอนการขอทุนการศึกษานิสิตขาดแคลนทุนทรัพย์,มีคนร้ายขโมยหมวกกันน็อคตรงลานจอดรถ ตึก CE,0.0116,DIFFERENT
แอร์ห้อง 4403 คณะเภสัชศาสตร์ มีน้ำรั่วหยดและไม่เย็นเลย ร้อนมาก,เครื่องปรับอากาศห้อง 4403 ตึกเภสัช น้ำหยดลงพื้น แอร์ไม่ฉ่ำเลย นั่งเรียนไม่ได้,0.9539,DUPLICATE
เว็บลงทะเบียนเรียน Reg UP ล่ม เข้าสู่ระบบไม่ได้ หน้าจอขึ้น 504 Gateway Timeout,ระบบ REG ม.พะเยา ค้าง เข้าเช็คผลการเรียนและลงทะเบียนวิชาไม่ได้เลย,0.9518,DUPLICATE
สุนัขจรจัดฝูงใหญ่ดุมาก วิ่งไล่กวดรถมอเตอร์ไซค์ตรง โรงอาหารกลาง,หมาจรจัดตรง โรงอาหารใหญ่ ดุ วิ่งไล่เห่านิสิตที่เดินผ่านตอนกลางคืน,0.9535,DUPLICATE
เครื่องปรับอากาศห้อง 1301 คณะเภสัชศาสตร์ เสีย ไม่เย็น,เครื่องปรับอากาศห้อง 3201 คณะเภสัชศาสตร์ เสีย ไม่เย็น,0.1462,DIFFERENT
ถังขยะหน้า คณะเกษตรศาสตร์ ขยะล้นถัง ส่งกลิ่นเหม็นเน่า ไม่มีเจ้าหน้าที่มาเก็บ,ขยะเน่าล้นถังขยะบริเวณ ตึกเกษตร เหม็นคลุ้งมาก เกลื่อนเต็มพื้น,0.9549,DUPLICATE
สอบถามขั้นตอนการขอทุนการศึกษานิสิตขาดแคลนทุนทรัพย์,มีคนร้ายขโมยหมวกกันน็อคตรงลานจอดรถ คณะเภสัชศาสตร์,0.0,DIFFERENT
ก๊อกน้ำและท่อประปาที่ ทางเดิน Skywalk ไหลช้ามาก มีสีขุ่นเหลือง,ทางเดิน Skywalk ลื่นมากหลังฝนตก มีนิสิตลื่นล้มหลายคน,0.0824,DIFFERENT
ลิฟต์โดยสาร คณะพยาบาลศาสตร์ ค้างที่ชั้น 8 ประตูปิดไม่สนิท น่ากลัวมาก,ลิฟต์ ตึกพยาบาล เสีย ติดค้างอยู่ที่ชั้น 8 กดปุ่มเปิดไม่ไป,0.9298,DUPLICATE
หลอดไฟทางเดินหน้า ตึก PKY ดับสนิท มืดมาก,ถังขยะหน้า ตึก PKY ขยะล้นถัง ส่งกลิ่นเหม็นเน่า,0.1009,DIFFERENT
ก๊อกน้ำและท่อประปาที่ ตึก PKY ไหลช้ามาก มีสีขุ่นเหลือง,ทางเดิน Skywalk ลื่นมากหลังฝนตก มีนิสิตลื่นล้มหลายคน,0.0897,DIFFERENT
สัญญาณเน็ต UP-WiFi กองพัฒนานิสิต DSA หลุดบ่อย เล่นไม่ได้,สุนัขจรจัดดุมาก วิ่งไล่กวดนิสิตตรง กองพัฒนานิสิต DSA,0.0402,DIFFERENT
สายชำระและก๊อกน้ำห้องน้ำชั้น 5 ตึก EN แตก น้ำไหลนองเต็มพื้น,สายฉีดก้นกับก๊อกน้ำชำรุด น้ำรั่วท่วมห้องน้ำชั้น 5 อาคารคณะวิศวกรรมศาสตร์,0.9674,DUPLICATE
หลอดไฟทางเดินหน้า โรงอาหารกลาง ดับสนิท มืดมาก,ถังขยะหน้า โรงอาหารกลาง ขยะล้นถัง ส่งกลิ่นเหม็นเน่า,0.0603,DIFFERENT
ลิฟต์โดยสาร คณะศิลปศาสตร์ ค้างที่ชั้น 3 ประตูปิดไม่สนิท น่ากลัวมาก,ลิฟต์ ตึกศิลปศาสตร์ เสีย ติดค้างอยู่ที่ชั้น 3 กดปุ่มเปิดไม่ไป,0.9411,DUPLICATE
โปรเจกเตอร์ห้อง 2101 ทางเดิน Skywalk เปิดไม่ติด ภาพไม่ขึ้นจอ อาจารย์สอนไม่ได้,เครื่องฉายโปรเจกเตอร์ห้องเรียน 2101 สะพานสกายวอล์ค พัง จอภาพมืดสนิท,0.98,DUPLICATE
กิ่งไม้ใหญ่หักโค่นพาดขวางถนนตรง คณะแพทยศาสตร์ รถสัญจรไม่ได้,ต้นไม้ล้มขวางทางจราจรบริเวณ ตึกแพทย์ รถผ่านไม่ได้ การจราจรติดขัด,0.9321,DUPLICATE
เว็บลงทะเบียนเรียน Reg UP ล่ม เข้าสู่ระบบไม่ได้ หน้าจอขึ้น 504 Gateway Timeout,ระบบ REG ม.พะเยา ค้าง เข้าเช็คผลการเรียนและลงทะเบียนวิชาไม่ได้เลย,0.9342,DUPLICATE
ลิฟต์โดยสาร ตึก EN ค้างที่ชั้น 3 ประตูปิดไม่สนิท น่ากลัวมาก,ลิฟต์ อาคารคณะวิศวกรรมศาสตร์ เสีย ติดค้างอยู่ที่ชั้น 3 กดปุ่มเปิดไม่ไป,0.9394,DUPLICATE
รถเมล์มอสาย 1 (สีม่วง) รอนานมากเกิน 45 นาที รถไม่พอ นิสิตยืนล้นป้าย คณะเภสัชศาสตร์,รอรถบัส มพ. สาย 1 (สีม่วง) ที่ ตึกเภสัช นานมาก คนเบียดกันแน่น รถขาดระยะ,0.937,DUPLICATE
แอร์ห้อง 4204 คณะนิติศาสตร์ มีน้ำรั่วหยดและไม่เย็นเลย ร้อนมาก,เครื่องปรับอากาศห้อง 4204 ตึกนิติศาสตร์ น้ำหยดลงพื้น แอร์ไม่ฉ่ำเลย นั่งเรียนไม่ได้,0.9567,DUPLICATE
เครื่องปรับอากาศห้อง 1103 คณะศิลปศาสตร์ เสีย ไม่เย็น,เครื่องปรับอากาศห้อง 3201 คณะศิลปศาสตร์ เสีย ไม่เย็น,0.1495,DIFFERENT
โปรเจกเตอร์ห้อง 4101 คณะศิลปศาสตร์ เปิดไม่ติด ภาพไม่ขึ้นจอ อาจารย์สอนไม่ได้,เครื่องฉายโปรเจกเตอร์ห้องเรียน 4101 ตึกศิลปศาสตร์ พัง จอภาพมืดสนิท,0.9459,DUPLICATE
ลิฟต์โดยสาร ทางเดิน Skywalk ค้างที่ชั้น 1 ประตูปิดไม่สนิท น่ากลัวมาก,ลิฟต์ สะพานสกายวอล์ค เสีย ติดค้างอยู่ที่ชั้น 1 กดปุ่มเปิดไม่ไป,0.9346,DUPLICATE
เครื่องปรับอากาศห้อง 1302 คณะพยาบาลศาสตร์ เสีย ไม่เย็น,เครื่องปรับอากาศห้อง 3202 คณะพยาบาลศาสตร์ เสีย ไม่เย็น,0.1645,DIFFERENT
เครื่องปรับอากาศห้อง 1203 ป้ายหอพักใน เสีย ไม่เย็น,เครื่องปรับอากาศห้อง 3201 ป้ายหอพักใน เสีย ไม่เย็น,0.1337,DIFFERENT
ก๊อกน้ำและท่อประปาที่ คณะนิติศาสตร์ ไหลช้ามาก มีสีขุ่นเหลือง,ทางเดิน Skywalk ลื่นมากหลังฝนตก มีนิสิตลื่นล้มหลายคน,0.0809,DIFFERENT
สัญญาณอินเทอร์เน็ต UP-WiFi ตึก CE หลุดบ่อยมาก เชื่อมต่อไม่ได้เลย,เน็ตไวไฟ UP-WiFi ที่ อาคารเรียนรวม CE ต่อไม่ติด หลุดทุก 5 นาที ทำงานไม่ได้,0.977,DUPLICATE
สุนัขจรจัดฝูงใหญ่ดุมาก วิ่งไล่กวดรถมอเตอร์ไซค์ตรง คณะแพทยศาสตร์,หมาจรจัดตรง ตึกแพทย์ ดุ วิ่งไล่เห่านิสิตที่เดินผ่านตอนกลางคืน,0.9576,DUPLICATE
สายชำระและก๊อกน้ำห้องน้ำชั้น 5 หอพักลุมพินี แตก น้ำไหลนองเต็มพื้น,สายฉีดก้นกับก๊อกน้ำชำรุด น้ำรั่วท่วมห้องน้ำชั้น 5 หอพักใน มพ.,0.973,DUPLICATE
คนขับรถชัตเติลบัสสาย 3 (สีแดง) ขับเร็วและเบรกกระชากแรงมากตรง ตึก CE,รถเมล์ มพ. สาย 3 (สีแดง) ซิ่งเร็ว เบรกกะทันหัน ผู้โดยสารเกือบหัวทิ่มแถว อาคารเรียนรวม CE,0.9502,DUPLICATE
หลอดไฟทางเดินหน้า โรงอาหารสงวนเสริมศรี ดับสนิท มืดมาก,ถังขยะหน้า โรงอาหารสงวนเสริมศรี ขยะล้นถัง ส่งกลิ่นเหม็นเน่า,0.0787,DIFFERENT
ไฟในห้องน้ำหญิง ตึก CE ดับสนิท มืดมาก มองไม่เห็นทาง,หลอดไฟห้องน้ำหญิง อาคารเรียนรวม CE ขาด เสีย มืดตึ๊ดตื๋อ เข้าใช้งานไม่ได้,0.9389,DUPLICATE
สายชำระและก๊อกน้ำห้องน้ำชั้น 3 ตึก ICT แตก น้ำไหลนองเต็มพื้น,สายฉีดก้นกับก๊อกน้ำชำรุด น้ำรั่วท่วมห้องน้ำชั้น 3 อาคารเทคโนโลยีสารสนเทศและการสื่อสาร,0.923,DUPLICATE
หลอดไฟทางเดินหน้า ตึก EN ดับสนิท มืดมาก,ถังขยะหน้า ตึก EN ขยะล้นถัง ส่งกลิ่นเหม็นเน่า,0.0652,DIFFERENT
สัญญาณเน็ต UP-WiFi ตึก ICT หลุดบ่อย เล่นไม่ได้,สุนัขจรจัดดุมาก วิ่งไล่กวดนิสิตตรง ตึก ICT,0.0361,DIFFERENT
เว็บลงทะเบียนเรียน Reg UP ล่ม เข้าสู่ระบบไม่ได้ หน้าจอขึ้น 504 Gateway Timeout,ระบบ REG ม.พะเยา ค้าง เข้าเช็คผลการเรียนและลงทะเบียนวิชาไม่ได้เลย,0.9103,DUPLICATE
สุนัขจรจัดฝูงใหญ่ดุมาก วิ่งไล่กวดรถมอเตอร์ไซค์ตรง คณะพยาบาลศาสตร์,หมาจรจัดตรง ตึกพยาบาล ดุ วิ่งไล่เห่านิสิตที่เดินผ่านตอนกลางคืน,0.9621,DUPLICATE
สัญญาณเน็ต UP-WiFi คณะเภสัชศาสตร์ หลุดบ่อย เล่นไม่ได้,สุนัขจรจัดดุมาก วิ่งไล่กวดนิสิตตรง คณะเภสัชศาสตร์,0.0271,DIFFERENT
มีคนร้ายกรีดเบาะรถและขโมยหมวกกันน็อคตรงลานจอด ป้ายหอพักใน,โดนขโมยหมวกกันน็อคและเบาะรถจักรยานยนต์โดนกรีดที่ลานจอดรถ ป้ายรอรถหอใน มพ.,0.9456,DUPLICATE
ลิฟต์โดยสาร หอพักลุมพินี ค้างที่ชั้น 2 ประตูปิดไม่สนิท น่ากลัวมาก,ลิฟต์ หอพักใน มพ. เสีย ติดค้างอยู่ที่ชั้น 2 กดปุ่มเปิดไม่ไป,0.9345,DUPLICATE
สัญญาณอินเทอร์เน็ต UP-WiFi ตึก EN หลุดบ่อยมาก เชื่อมต่อไม่ได้เลย,เน็ตไวไฟ UP-WiFi ที่ อาคารคณะวิศวกรรมศาสตร์ ต่อไม่ติด หลุดทุก 5 นาที ทำงานไม่ได้,0.9602,DUPLICATE
สุนัขจรจัดฝูงใหญ่ดุมาก วิ่งไล่กวดรถมอเตอร์ไซค์ตรง ตึก PKY,หมาจรจัดตรง อาคารสงวนเสริมศรี ดุ วิ่งไล่เห่านิสิตที่เดินผ่านตอนกลางคืน,0.9315,DUPLICATE
หลอดไฟทางเดินหน้า คณะเกษตรศาสตร์ ดับสนิท มืดมาก,ถังขยะหน้า คณะเกษตรศาสตร์ ขยะล้นถัง ส่งกลิ่นเหม็นเน่า,0.0665,DIFFERENT
ตารางสอบปลายภาควิชา GEN001 ชนกัน ขอทำเรื่องสอบซ้ำ,ลิฟต์โดยสาร คณะแพทยศาสตร์ ค้างที่ชั้น 1 ใช้งานไม่ได้,0.0,DIFFERENT
ตารางสอบปลายภาควิชา GEN001 ชนกัน ขอทำเรื่องสอบซ้ำ,ลิฟต์โดยสาร ป้ายรถเมล์หน้า ม. ค้างที่ชั้น 8 ใช้งานไม่ได้,0.0364,DIFFERENT
สุนัขจรจัดฝูงใหญ่ดุมาก วิ่งไล่กวดรถมอเตอร์ไซค์ตรง หอพักลุมพินี,หมาจรจัดตรง หอพักใน มพ. ดุ วิ่งไล่เห่านิสิตที่เดินผ่านตอนกลางคืน,0.9238,DUPLICATE
ลิฟต์โดยสาร ป้ายรถเมล์หน้า ม. ค้างที่ชั้น 5 ประตูปิดไม่สนิท น่ากลัวมาก,ลิฟต์ ป้ายรถบัสหน้ามหาวิทยาลัยพะเยา เสีย ติดค้างอยู่ที่ชั้น 5 กดปุ่มเปิดไม่ไป,0.9371,DUPLICATE
สุนัขจรจัดฝูงใหญ่ดุมาก วิ่งไล่กวดรถมอเตอร์ไซค์ตรง ตึก CE,หมาจรจัดตรง อาคารเรียนรวม CE ดุ วิ่งไล่เห่านิสิตที่เดินผ่านตอนกลางคืน,0.9396,DUPLICATE
แอร์ห้อง 4402 คณะศิลปศาสตร์ มีน้ำรั่วหยดและไม่เย็นเลย,สายชำระห้องน้ำหญิงชั้น 7 คณะศิลปศาสตร์ แตก น้ำนองพื้น,0.0527,DIFFERENT
ก๊อกน้ำและท่อประปาที่ คณะพยาบาลศาสตร์ ไหลช้ามาก มีสีขุ่นเหลือง,ทางเดิน Skywalk ลื่นมากหลังฝนตก มีนิสิตลื่นล้มหลายคน,0.071,DIFFERENT
เครื่องปรับอากาศห้อง 1101 โรงอาหารสงวนเสริมศรี เสีย ไม่เย็น,เครื่องปรับอากาศห้อง 3204 โรงอาหารสงวนเสริมศรี เสีย ไม่เย็น,0.1734,DIFFERENT
หลอดไฟทางเดินหน้า คณะนิติศาสตร์ ดับสนิท มืดมาก,ถังขยะหน้า คณะนิติศาสตร์ ขยะล้นถัง ส่งกลิ่นเหม็นเน่า,0.0863,DIFFERENT
สอบถามขั้นตอนการขอทุนการศึกษานิสิตขาดแคลนทุนทรัพย์,มีคนร้ายขโมยหมวกกันน็อคตรงลานจอดรถ ป้ายหอพักใน,0.0176,DIFFERENT
เว็บลงทะเบียนเรียน Reg UP ล่ม เข้าสู่ระบบไม่ได้ หน้าจอขึ้น 504 Gateway Timeout,ระบบ REG ม.พะเยา ค้าง เข้าเช็คผลการเรียนและลงทะเบียนวิชาไม่ได้เลย,0.9181,DUPLICATE
คนขับรถชัตเติลบัสสาย 1 (สีม่วง) ขับเร็วและเบรกกระชากแรงมากตรง คณะเภสัชศาสตร์,รถเมล์ มพ. สาย 1 (สีม่วง) ซิ่งเร็ว เบรกกะทันหัน ผู้โดยสารเกือบหัวทิ่มแถว ตึกเภสัช,0.918,DUPLICATE
คนขับรถชัตเติลบัสสาย 2 (สีเขียว) ขับเร็วและเบรกกระชากแรงมากตรง ตึก CE,รถเมล์ มพ. สาย 2 (สีเขียว) ซิ่งเร็ว เบรกกะทันหัน ผู้โดยสารเกือบหัวทิ่มแถว อาคารเรียนรวม CE,0.9265,DUPLICATE
สัญญาณเน็ต UP-WiFi ป้ายรถเมล์หน้า ม. หลุดบ่อย เล่นไม่ได้,สุนัขจรจัดดุมาก วิ่งไล่กวดนิสิตตรง ป้ายรถเมล์หน้า ม.,0.0433,DIFFERENT
ก๊อกน้ำและท่อประปาที่ คณะพยาบาลศาสตร์ ไหลช้ามาก มีสีขุ่นเหลือง,ทางเดิน Skywalk ลื่นมากหลังฝนตก มีนิสิตลื่นล้มหลายคน,0.0628,DIFFERENT
รถเมล์มอสาย 3 รอนานมาก ไม่ยอมจอดรับที่ป้าย,อาหารที่โรงอาหาร คณะเภสัชศาสตร์ มีรสเปรี้ยวบูด กินแล้วท้องเสีย,0.0189,DIFFERENT
รถเมล์มอสาย 2 รอนานมาก ไม่ยอมจอดรับที่ป้าย,อาหารที่โรงอาหาร กองพัฒนานิสิต DSA มีรสเปรี้ยวบูด กินแล้วท้องเสีย,0.0245,DIFFERENT
สัญญาณเน็ต UP-WiFi คณะแพทยศาสตร์ หลุดบ่อย เล่นไม่ได้,สุนัขจรจัดดุมาก วิ่งไล่กวดนิสิตตรง คณะแพทยศาสตร์,0.045,DIFFERENT
แอร์ห้อง 4104 คณะพยาบาลศาสตร์ มีน้ำรั่วหยดและไม่เย็นเลย,สายชำระห้องน้ำหญิงชั้น 7 คณะพยาบาลศาสตร์ แตก น้ำนองพื้น,0.0687,DIFFERENT
รถเมล์มอสาย 3 (สีแดง) รอนานมากเกิน 45 นาที รถไม่พอ นิสิตยืนล้นป้าย คณะนิติศาสตร์,รอรถบัส มพ. สาย 3 (สีแดง) ที่ ตึกนิติศาสตร์ นานมาก คนเบียดกันแน่น รถขาดระยะ,0.9284,DUPLICATE
เครื่องปรับอากาศห้อง 1304 คณะนิติศาสตร์ เสีย ไม่เย็น,เครื่องปรับอากาศห้อง 3403 คณะนิติศาสตร์ เสีย ไม่เย็น,0.1376,DIFFERENT
สุนัขจรจัดฝูงใหญ่ดุมาก วิ่งไล่กวดรถมอเตอร์ไซค์ตรง ตึก CE,หมาจรจัดตรง อาคารเรียนรวม CE ดุ วิ่งไล่เห่านิสิตที่เดินผ่านตอนกลางคืน,0.9511,DUPLICATE
ก๊อกน้ำและท่อประปาที่ คณะเภสัชศาสตร์ ไหลช้ามาก มีสีขุ่นเหลือง,ทางเดิน Skywalk ลื่นมากหลังฝนตก มีนิสิตลื่นล้มหลายคน,0.0432,DIFFERENT
รถเมล์มอสาย 4 รอนานมาก ไม่ยอมจอดรับที่ป้าย,อาหารที่โรงอาหาร ตึก CE มีรสเปรี้ยวบูด กินแล้วท้องเสีย,0.0373,DIFFERENT
สุนัขจรจัดฝูงใหญ่ดุมาก วิ่งไล่กวดรถมอเตอร์ไซค์ตรง โรงอาหารกลาง,หมาจรจัดตรง โรงอาหารใหญ่ ดุ วิ่งไล่เห่านิสิตที่เดินผ่านตอนกลางคืน,0.9311,DUPLICATE
สุนัขจรจัดฝูงใหญ่ดุมาก วิ่งไล่กวดรถมอเตอร์ไซค์ตรง คณะนิติศาสตร์,หมาจรจัดตรง ตึกนิติศาสตร์ ดุ วิ่งไล่เห่านิสิตที่เดินผ่านตอนกลางคืน,0.9605,DUPLICATE
รถเมล์มอสาย 1 (สีม่วง) รอนานมากเกิน 45 นาที รถไม่พอ นิสิตยืนล้นป้าย ป้ายหอพักใน,รอรถบัส มพ. สาย 1 (สีม่วง) ที่ ป้ายรอรถหอใน มพ. นานมาก คนเบียดกันแน่น รถขาดระยะ,0.923,DUPLICATE
ลิฟต์โดยสาร ป้ายรถเมล์หน้า ม. ค้างที่ชั้น 1 ประตูปิดไม่สนิท น่ากลัวมาก,ลิฟต์ ป้ายรถบัสหน้ามหาวิทยาลัยพะเยา เสีย ติดค้างอยู่ที่ชั้น 1 กดปุ่มเปิดไม่ไป,0.9211,DUPLICATE
หลอดไฟทางเดินหน้า ประตู 1 ม.พะเยา ดับสนิท มืดมาก,ถังขยะหน้า ประตู 1 ม.พะเยา ขยะล้นถัง ส่งกลิ่นเหม็นเน่า,0.1043,DIFFERENT
เครื่องปรับอากาศห้อง 1301 โรงอาหารกลาง เสีย ไม่เย็น,เครื่องปรับอากาศห้อง 3303 โรงอาหารกลาง เสีย ไม่เย็น,0.1651,DIFFERENT
สุนัขจรจัดฝูงใหญ่ดุมาก วิ่งไล่กวดรถมอเตอร์ไซค์ตรง ตึก ICT,หมาจรจัดตรง อาคารเทคโนโลยีสารสนเทศและการสื่อสาร ดุ วิ่งไล่เห่านิสิตที่เดินผ่านตอนกลางคืน,0.9323,DUPLICATE
ก๊อกน้ำและท่อประปาที่ คณะศิลปศาสตร์ ไหลช้ามาก มีสีขุ่นเหลือง,ทางเดิน Skywalk ลื่นมากหลังฝนตก มีนิสิตลื่นล้มหลายคน,0.043,DIFFERENT
สัญญาณเน็ต UP-WiFi คณะพยาบาลศาสตร์ หลุดบ่อย เล่นไม่ได้,สุนัขจรจัดดุมาก วิ่งไล่กวดนิสิตตรง คณะพยาบาลศาสตร์,0.0537,DIFFERENT
ลิฟต์โดยสาร ตึก ICT ค้างที่ชั้น 4 ประตูปิดไม่สนิท น่ากลัวมาก,ลิฟต์ อาคารเทคโนโลยีสารสนเทศและการสื่อสาร เสีย ติดค้างอยู่ที่ชั้น 4 กดปุ่มเปิดไม่ไป,0.9209,DUPLICATE
เว็บลงทะเบียนเรียน Reg UP ล่ม เข้าสู่ระบบไม่ได้ หน้าจอขึ้น 504 Gateway Timeout,ระบบ REG ม.พะเยา ค้าง เข้าเช็คผลการเรียนและลงทะเบียนวิชาไม่ได้เลย,0.9606,DUPLICATE
สายชำระและก๊อกน้ำห้องน้ำชั้น 5 ตึก CE แตก น้ำไหลนองเต็มพื้น,สายฉีดก้นกับก๊อกน้ำชำรุด น้ำรั่วท่วมห้องน้ำชั้น 5 อาคารเรียนรวม CE,0.935,DUPLICATE
รถเมล์มอสาย 2 รอนานมาก ไม่ยอมจอดรับที่ป้าย,อาหารที่โรงอาหาร หอพักลุมพินี มีรสเปรี้ยวบูด กินแล้วท้องเสีย,0.0457,DIFFERENT
ลิฟต์โดยสาร คณะนิติศาสตร์ ค้างที่ชั้น 4 ประตูปิดไม่สนิท น่ากลัวมาก,ลิฟต์ ตึกนิติศาสตร์ เสีย ติดค้างอยู่ที่ชั้น 4 กดปุ่มเปิดไม่ไป,0.9782,DUPLICATE
ก๊อกน้ำและท่อประปาที่ ตึก PKY ไหลช้ามาก มีสีขุ่นเหลือง,ทางเดิน Skywalk ลื่นมากหลังฝนตก มีนิสิตลื่นล้มหลายคน,0.0432,DIFFERENT
โปรเจกเตอร์ห้อง 2401 คณะศิลปศาสตร์ เปิดไม่ติด ภาพไม่ขึ้นจอ อาจารย์สอนไม่ได้,เครื่องฉายโปรเจกเตอร์ห้องเรียน 2401 ตึกศิลปศาสตร์ พัง จอภาพมืดสนิท,0.9282,DUPLICATE
พบแมลงสาบและสิ่งสกปรกปนเปื้อนในจานข้าวที่ ตึก PKY,เจอแมลงสาบตัวเล็กในอาหารร้านข้าวที่ อาคารสงวนเสริมศรี สกปรกมาก ไม่ถูกสุขอนามัย,0.9929,DUPLICATE
พบแมลงสาบและสิ่งสกปรกปนเปื้อนในจานข้าวที่ คณะเภสัชศาสตร์,เจอแมลงสาบตัวเล็กในอาหารร้านข้าวที่ ตึกเภสัช สกปรกมาก ไม่ถูกสุขอนามัย,0.964,DUPLICATE
สอบถามขั้นตอนการขอทุนการศึกษานิสิตขาดแคลนทุนทรัพย์,มีคนร้ายขโมยหมวกกันน็อคตรงลานจอดรถ คณะแพทยศาสตร์,0.0,DIFFERENT
ถังขยะหน้า คณะศิลปศาสตร์ ขยะล้นถัง ส่งกลิ่นเหม็นเน่า ไม่มีเจ้าหน้าที่มาเก็บ,ขยะเน่าล้นถังขยะบริเวณ ตึกศิลปศาสตร์ เหม็นคลุ้งมาก เกลื่อนเต็มพื้น,0.9544,DUPLICATE
สุนัขจรจัดฝูงใหญ่ดุมาก วิ่งไล่กวดรถมอเตอร์ไซค์ตรง โรงอาหารสงวนเสริมศรี,หมาจรจัดตรง โรงอาหาร PKY ดุ วิ่งไล่เห่านิสิตที่เดินผ่านตอนกลางคืน,0.9604,DUPLICATE
สัญญาณเน็ต UP-WiFi โรงอาหารสงวนเสริมศรี หลุดบ่อย เล่นไม่ได้,สุนัขจรจัดดุมาก วิ่งไล่กวดนิสิตตรง โรงอาหารสงวนเสริมศรี,0.0465,DIFFERENT
ไฟในห้องน้ำหญิง คณะเกษตรศาสตร์ ดับสนิท มืดมาก มองไม่เห็นทาง,หลอดไฟห้องน้ำหญิง ตึกเกษตร ขาด เสีย มืดตึ๊ดตื๋อ เข้าใช้งานไม่ได้,0.9543,DUPLICATE
พบแมลงสาบและสิ่งสกปรกปนเปื้อนในจานข้าวที่ หอพักลุมพินี,เจอแมลงสาบตัวเล็กในอาหารร้านข้าวที่ หอพักใน มพ. สกปรกมาก ไม่ถูกสุขอนามัย,0.9991,DUPLICATE
สุนัขจรจัดฝูงใหญ่ดุมาก วิ่งไล่กวดรถมอเตอร์ไซค์ตรง โรงอาหารสงวนเสริมศรี,หมาจรจัดตรง โรงอาหาร PKY ดุ วิ่งไล่เห่านิสิตที่เดินผ่านตอนกลางคืน,0.9547,DUPLICATE
แอร์ห้อง 1203 คณะเกษตรศาสตร์ มีน้ำรั่วหยดและไม่เย็นเลย ร้อนมาก,เครื่องปรับอากาศห้อง 1203 ตึกเกษตร น้ำหยดลงพื้น แอร์ไม่ฉ่ำเลย นั่งเรียนไม่ได้,0.9524,DUPLICATE
ลิฟต์โดยสาร หอพักลุมพินี ค้างที่ชั้น 3 ประตูปิดไม่สนิท น่ากลัวมาก,ลิฟต์ หอพักใน มพ. เสีย ติดค้างอยู่ที่ชั้น 3 กดปุ่มเปิดไม่ไป,0.9299,DUPLICATE
ก๊อกน้ำและท่อประปาที่ คณะศิลปศาสตร์ ไหลช้ามาก มีสีขุ่นเหลือง,ทางเดิน Skywalk ลื่นมากหลังฝนตก มีนิสิตลื่นล้มหลายคน,0.0719,DIFFERENT
สัญญาณอินเทอร์เน็ต UP-WiFi กองพัฒนานิสิต DSA หลุดบ่อยมาก เชื่อมต่อไม่ได้เลย,เน็ตไวไฟ UP-WiFi ที่ ตึกกิจกรรมนิสิต DSA ต่อไม่ติด หลุดทุก 5 นาที ทำงานไม่ได้,0.9656,DUPLICATE
ไฟในห้องน้ำหญิง หอพักลุมพินี ดับสนิท มืดมาก มองไม่เห็นทาง,หลอดไฟห้องน้ำหญิง หอพักใน มพ. ขาด เสีย มืดตึ๊ดตื๋อ เข้าใช้งานไม่ได้,0.9881,DUPLICATE
สอบถามขั้นตอนการขอทุนการศึกษานิสิตขาดแคลนทุนทรัพย์,มีคนร้ายขโมยหมวกกันน็อคตรงลานจอดรถ ป้ายรถเมล์หน้า ม.,0.0214,DIFFERENT
ตารางสอบปลายภาควิชา GEN001 ชนกัน ขอทำเรื่องสอบซ้ำ,ลิฟต์โดยสาร โรงอาหารกลาง ค้างที่ชั้น 6 ใช้งานไม่ได้,0.03,DIFFERENT
ตารางสอบปลายภาควิชา GEN001 ชนกัน ขอทำเรื่องสอบซ้ำ,ลิฟต์โดยสาร คณะเกษตรศาสตร์ ค้างที่ชั้น 7 ใช้งานไม่ได้,0.0354,DIFFERENT
ตารางสอบปลายภาควิชา GEN001 ชนกัน ขอทำเรื่องสอบซ้ำ,ลิฟต์โดยสาร ตึก EN ค้างที่ชั้น 3 ใช้งานไม่ได้,0.018,DIFFERENT
รถเมล์มอสาย 2 (สีเขียว) รอนานมากเกิน 45 นาที รถไม่พอ นิสิตยืนล้นป้าย ป้ายหอพักใน,รอรถบัส มพ. สาย 2 (สีเขียว) ที่ ป้ายรอรถหอใน มพ. นานมาก คนเบียดกันแน่น รถขาดระยะ,0.9561,DUPLICATE
รถเมล์มอสาย 2 รอนานมาก ไม่ยอมจอดรับที่ป้าย,อาหารที่โรงอาหาร คณะพยาบาลศาสตร์ มีรสเปรี้ยวบูด กินแล้วท้องเสีย,0.0303,DIFFERENT
ถังขยะหน้า กองพัฒนานิสิต DSA ขยะล้นถัง ส่งกลิ่นเหม็นเน่า ไม่มีเจ้าหน้าที่มาเก็บ,ขยะเน่าล้นถังขยะบริเวณ ตึกกิจกรรมนิสิต DSA เหม็นคลุ้งมาก เกลื่อนเต็มพื้น,0.9573,DUPLICATE
สุนัขจรจัดฝูงใหญ่ดุมาก วิ่งไล่กวดรถมอเตอร์ไซค์ตรง ทางเดิน Skywalk,หมาจรจัดตรง สะพานสกายวอล์ค ดุ วิ่งไล่เห่านิสิตที่เดินผ่านตอนกลางคืน,0.9765,DUPLICATE
กิ่งไม้ใหญ่หักโค่นพาดขวางถนนตรง คณะเภสัชศาสตร์ รถสัญจรไม่ได้,ต้นไม้ล้มขวางทางจราจรบริเวณ ตึกเภสัช รถผ่านไม่ได้ การจราจรติดขัด,0.9616,DUPLICATE
หลอดไฟทางเดินหน้า คณะแพทยศาสตร์ ดับสนิท มืดมาก,ถังขยะหน้า คณะแพทยศาสตร์ ขยะล้นถัง ส่งกลิ่นเหม็นเน่า,0.0899,DIFFERENT
เครื่องปรับอากาศห้อง 1103 กองพัฒนานิสิต DSA เสีย ไม่เย็น,เครื่องปรับอากาศห้อง 3202 กองพัฒนานิสิต DSA เสีย ไม่เย็น,0.146,DIFFERENT
รถเมล์มอสาย 3 รอนานมาก ไม่ยอมจอดรับที่ป้าย,อาหารที่โรงอาหาร ตึก EN มีรสเปรี้ยวบูด กินแล้วท้องเสีย,0.046,DIFFERENT
โปรเจกเตอร์ห้อง 3403 โรงอาหารกลาง เปิดไม่ติด ภาพไม่ขึ้นจอ อาจารย์สอนไม่ได้,เครื่องฉายโปรเจกเตอร์ห้องเรียน 3403 โรงอาหารใหญ่ พัง จอภาพมืดสนิท,0.9212,DUPLICATE
เครื่องปรับอากาศห้อง 1104 กองพัฒนานิสิต DSA เสีย ไม่เย็น,เครื่องปรับอากาศห้อง 3402 กองพัฒนานิสิต DSA เสีย ไม่เย็น,0.1626,DIFFERENT
พบแมลงสาบและสิ่งสกปรกปนเปื้อนในจานข้าวที่ คณะวิทยาศาสตร์,เจอแมลงสาบตัวเล็กในอาหารร้านข้าวที่ ตึกวิทย์ สกปรกมาก ไม่ถูกสุขอนามัย,0.9621,DUPLICATE
กิ่งไม้ใหญ่หักโค่นพาดขวางถนนตรง คณะพยาบาลศาสตร์ รถสัญจรไม่ได้,ต้นไม้ล้มขวางทางจราจรบริเวณ ตึกพยาบาล รถผ่านไม่ได้ การจราจรติดขัด,0.9228,DUPLICATE
สายชำระและก๊อกน้ำห้องน้ำชั้น 6 ตึก CE แตก น้ำไหลนองเต็มพื้น,สายฉีดก้นกับก๊อกน้ำชำรุด น้ำรั่วท่วมห้องน้ำชั้น 6 อาคารเรียนรวม CE,0.9342,DUPLICATE
เว็บลงทะเบียนเรียน Reg UP ล่ม เข้าสู่ระบบไม่ได้ หน้าจอขึ้น 504 Gateway Timeout,ระบบ REG ม.พะเยา ค้าง เข้าเช็คผลการเรียนและลงทะเบียนวิชาไม่ได้เลย,0.9275,DUPLICATE
ตารางสอบปลายภาควิชา GEN001 ชนกัน ขอทำเรื่องสอบซ้ำ,ลิฟต์โดยสาร ตึก CE ค้างที่ชั้น 4 ใช้งานไม่ได้,0.0269,DIFFERENT
หลอดไฟทางเดินหน้า ประตู 1 ม.พะเยา ดับสนิท มืดมาก,ถังขยะหน้า ประตู 1 ม.พะเยา ขยะล้นถัง ส่งกลิ่นเหม็นเน่า,0.0628,DIFFERENT
สัญญาณอินเทอร์เน็ต UP-WiFi หอพักลุมพินี หลุดบ่อยมาก เชื่อมต่อไม่ได้เลย,เน็ตไวไฟ UP-WiFi ที่ หอพักใน มพ. ต่อไม่ติด หลุดทุก 5 นาที ทำงานไม่ได้,0.9795,DUPLICATE
แอร์ห้อง 1301 ตึก ICT มีน้ำรั่วหยดและไม่เย็นเลย,สายชำระห้องน้ำหญิงชั้น 3 ตึก ICT แตก น้ำนองพื้น,0.0466,DIFFERENT
ถังขยะหน้า คณะนิติศาสตร์ ขยะล้นถัง ส่งกลิ่นเหม็นเน่า ไม่มีเจ้าหน้าที่มาเก็บ,ขยะเน่าล้นถังขยะบริเวณ ตึกนิติศาสตร์ เหม็นคลุ้งมาก เกลื่อนเต็มพื้น,0.9539,DUPLICATE
หลอดไฟทางเดินหน้า คณะเภสัชศาสตร์ ดับสนิท มืดมาก,ถังขยะหน้า คณะเภสัชศาสตร์ ขยะล้นถัง ส่งกลิ่นเหม็นเน่า,0.0724,DIFFERENT
ไฟในห้องน้ำหญิง คณะศิลปศาสตร์ ดับสนิท มืดมาก มองไม่เห็นทาง,หลอดไฟห้องน้ำหญิง ตึกศิลปศาสตร์ ขาด เสีย มืดตึ๊ดตื๋อ เข้าใช้งานไม่ได้,0.9308,DUPLICATE
มีคนร้ายกรีดเบาะรถและขโมยหมวกกันน็อคตรงลานจอด คณะวิทยาศาสตร์,โดนขโมยหมวกกันน็อคและเบาะรถจักรยานยนต์โดนกรีดที่ลานจอดรถ ตึกวิทย์,0.9578,DUPLICATE
หลอดไฟทางเดินหน้า คณะศิลปศาสตร์ ดับสนิท มืดมาก,ถังขยะหน้า คณะศิลปศาสตร์ ขยะล้นถัง ส่งกลิ่นเหม็นเน่า,0.0988,DIFFERENT
สอบถามขั้นตอนการขอทุนการศึกษานิสิตขาดแคลนทุนทรัพย์,มีคนร้ายขโมยหมวกกันน็อคตรงลานจอดรถ คณะเภสัชศาสตร์,0.0,DIFFERENT
แอร์ห้อง 3103 คณะเกษตรศาสตร์ มีน้ำรั่วหยดและไม่เย็นเลย ร้อนมาก,เครื่องปรับอากาศห้อง 3103 ตึกเกษตร น้ำหยดลงพื้น แอร์ไม่ฉ่ำเลย นั่งเรียนไม่ได้,0.9646,DUPLICATE
สัญญาณเน็ต UP-WiFi ตึก PKY หลุดบ่อย เล่นไม่ได้,สุนัขจรจัดดุมาก วิ่งไล่กวดนิสิตตรง ตึก PKY,0.0434,DIFFERENT
ไฟในห้องน้ำหญิง ป้ายรถเมล์หน้า ม. ดับสนิท มืดมาก มองไม่เห็นทาง,หลอดไฟห้องน้ำหญิง ป้ายรถบัสหน้ามหาวิทยาลัยพะเยา ขาด เสีย มืดตึ๊ดตื๋อ เข้าใช้งานไม่ได้,0.9889,DUPLICATE
หลอดไฟทางเดินหน้า ตึก CE ดับสนิท มืดมาก,ถังขยะหน้า ตึก CE ขยะล้นถัง ส่งกลิ่นเหม็นเน่า,0.1036,DIFFERENT
ตารางสอบปลายภาควิชา GEN001 ชนกัน ขอทำเรื่องสอบซ้ำ,ลิฟต์โดยสาร คณะเภสัชศาสตร์ ค้างที่ชั้น 1 ใช้งานไม่ได้,0.0156,DIFFERENT
ก๊อกน้ำและท่อประปาที่ ทางเดิน Skywalk ไหลช้ามาก มีสีขุ่นเหลือง,ทางเดิน Skywalk ลื่นมากหลังฝนตก มีนิสิตลื่นล้มหลายคน,0.0886,DIFFERENT
แอร์ห้อง 3103 หอพักลุมพินี มีน้ำรั่วหยดและไม่เย็นเลย,สายชำระห้องน้ำหญิงชั้น 7 หอพักลุมพินี แตก น้ำนองพื้น,0.0476,DIFFERENT
ถังขยะหน้า หอพักลุมพินี ขยะล้นถัง ส่งกลิ่นเหม็นเน่า ไม่มีเจ้าหน้าที่มาเก็บ,ขยะเน่าล้นถังขยะบริเวณ หอพักใน มพ. เหม็นคลุ้งมาก เกลื่อนเต็มพื้น,0.9399,DUPLICATE
เครื่องปรับอากาศห้อง 1304 คณะพยาบาลศาสตร์ เสีย ไม่เย็น,เครื่องปรับอากาศห้อง 3203 คณะพยาบาลศาสตร์ เสีย ไม่เย็น,0.1612,DIFFERENT
สัญญาณเน็ต UP-WiFi โรงอาหารสงวนเสริมศรี หลุดบ่อย เล่นไม่ได้,สุนัขจรจัดดุมาก วิ่งไล่กวดนิสิตตรง โรงอาหารสงวนเสริมศรี,0.0511,DIFFERENT
รถเมล์มอสาย 4 (สีน้ำเงิน) รอนานมากเกิน 45 นาที รถไม่พอ นิสิตยืนล้นป้าย กองพัฒนานิสิต DSA,รอรถบัส มพ. สาย 4 (สีน้ำเงิน) ที่ ตึกกิจกรรมนิสิต DSA นานมาก คนเบียดกันแน่น รถขาดระยะ,0.9572,DUPLICATE
รถเมล์มอสาย 4 (สีน้ำเงิน) รอนานมากเกิน 45 นาที รถไม่พอ นิสิตยืนล้นป้าย ตึก PKY,รอรถบัส มพ. สาย 4 (สีน้ำเงิน) ที่ อาคารสงวนเสริมศรี นานมาก คนเบียดกันแน่น รถขาดระยะ,0.9359,DUPLICATE
สอบถามขั้นตอนการขอทุนการศึกษานิสิตขาดแคลนทุนทรัพย์,มีคนร้ายขโมยหมวกกันน็อคตรงลานจอดรถ คณะนิติศาสตร์,0.008,DIFFERENT
มีคนร้ายกรีดเบาะรถและขโมยหมวกกันน็อคตรงลานจอด กองพัฒนานิสิต DSA,โดนขโมยหมวกกันน็อคและเบาะรถจักรยานยนต์โดนกรีดที่ลานจอดรถ ตึกกิจกรรมนิสิต DSA,0.9357,DUPLICATE
เครื่องปรับอากาศห้อง 1101 ตึก CE เสีย ไม่เย็น,เครื่องปรับอากาศห้อง 3304 ตึก CE เสีย ไม่เย็น,0.1639,DIFFERENT
หลอดไฟทางเดินหน้า ประตู 1 ม.พะเยา ดับสนิท มืดมาก,ถังขยะหน้า ประตู 1 ม.พะเยา ขยะล้นถัง ส่งกลิ่นเหม็นเน่า,0.0982,DIFFERENT
เครื่องปรับอากาศห้อง 1204 ตึก PKY เสีย ไม่เย็น,เครื่องปรับอากาศห้อง 3301 ตึก PKY เสีย ไม่เย็น,0.1301,DIFFERENT
สายชำระและก๊อกน้ำห้องน้ำชั้น 2 คณะเภสัชศาสตร์ แตก น้ำไหลนองเต็มพื้น,สายฉีดก้นกับก๊อกน้ำชำรุด น้ำรั่วท่วมห้องน้ำชั้น 2 ตึกเภสัช,0.9771,DUPLICATE
แอร์ห้อง 4102 คณะแพทยศาสตร์ มีน้ำรั่วหยดและไม่เย็นเลย,สายชำระห้องน้ำหญิงชั้น 3 คณะแพทยศาสตร์ แตก น้ำนองพื้น,0.0672,DIFFERENT
ไฟในห้องน้ำหญิง ตึก PKY ดับสนิท มืดมาก มองไม่เห็นทาง,หลอดไฟห้องน้ำหญิง อาคารสงวนเสริมศรี ขาด เสีย มืดตึ๊ดตื๋อ เข้าใช้งานไม่ได้,0.9702,DUPLICATE
สุนัขจรจัดฝูงใหญ่ดุมาก วิ่งไล่กวดรถมอเตอร์ไซค์ตรง โรงอาหารกลาง,หมาจรจัดตรง โรงอาหารใหญ่ ดุ วิ่งไล่เห่านิสิตที่เดินผ่านตอนกลางคืน,0.9426,DUPLICATE
เครื่องปรับอากาศห้อง 1201 ตึก PKY เสีย ไม่เย็น,เครื่องปรับอากาศห้อง 3104 ตึก PKY เสีย ไม่เย็น,0.1495,DIFFERENT
ตารางสอบปลายภาควิชา GEN001 ชนกัน ขอทำเรื่องสอบซ้ำ,ลิฟต์โดยสาร ตึก CE ค้างที่ชั้น 2 ใช้งานไม่ได้,0.0,DIFFERENT
พบแมลงสาบและสิ่งสกปรกปนเปื้อนในจานข้าวที่ ป้ายรถเมล์หน้า ม.,เจอแมลงสาบตัวเล็กในอาหารร้านข้าวที่ ป้ายรถบัสหน้ามหาวิทยาลัยพะเยา สกปรกมาก ไม่ถูกสุขอนามัย,0.9822,DUPLICATE
พบแมลงสาบและสิ่งสกปรกปนเปื้อนในจานข้าวที่ กองพัฒนานิสิต DSA,เจอแมลงสาบตัวเล็กในอาหารร้านข้าวที่ ตึกกิจกรรมนิสิต DSA สกปรกมาก ไม่ถูกสุขอนามัย,0.9431,DUPLICATE
สัญญาณเน็ต UP-WiFi ทางเดิน Skywalk หลุดบ่อย เล่นไม่ได้,สุนัขจรจัดดุมาก วิ่งไล่กวดนิสิตตรง ทางเดิน Skywalk,0.0585,DIFFERENT
สอบถามขั้นตอนการขอทุนการศึกษานิสิตขาดแคลนทุนทรัพย์,มีคนร้ายขโมยหมวกกันน็อคตรงลานจอดรถ คณะแพทยศาสตร์,0.0224,DIFFERENT
พบแมลงสาบและสิ่งสกปรกปนเปื้อนในจานข้าวที่ ประตู 1 ม.พะเยา,เจอแมลงสาบตัวเล็กในอาหารร้านข้าวที่ ประตูหน้ามอ สกปรกมาก ไม่ถูกสุขอนามัย,0.9657,DUPLICATE
แอร์ห้อง 2204 คณะแพทยศาสตร์ มีน้ำรั่วหยดและไม่เย็นเลย,สายชำระห้องน้ำหญิงชั้น 7 คณะแพทยศาสตร์ แตก น้ำนองพื้น,0.0586,DIFFERENT
สายชำระและก๊อกน้ำห้องน้ำชั้น 1 กองพัฒนานิสิต DSA แตก น้ำไหลนองเต็มพื้น,สายฉีดก้นกับก๊อกน้ำชำรุด น้ำรั่วท่วมห้องน้ำชั้น 1 ตึกกิจกรรมนิสิต DSA,0.9576,DUPLICATE
พบแมลงสาบและสิ่งสกปรกปนเปื้อนในจานข้าวที่ คณะนิติศาสตร์,เจอแมลงสาบตัวเล็กในอาหารร้านข้าวที่ ตึกนิติศาสตร์ สกปรกมาก ไม่ถูกสุขอนามัย,0.9555,DUPLICATE
สัญญาณอินเทอร์เน็ต UP-WiFi ป้ายหอพักใน หลุดบ่อยมาก เชื่อมต่อไม่ได้เลย,เน็ตไวไฟ UP-WiFi ที่ ป้ายรอรถหอใน มพ. ต่อไม่ติด หลุดทุก 5 นาที ทำงานไม่ได้,0.9603,DUPLICATE
รถเมล์มอสาย 3 รอนานมาก ไม่ยอมจอดรับที่ป้าย,อาหารที่โรงอาหาร ป้ายหอพักใน มีรสเปรี้ยวบูด กินแล้วท้องเสีย,0.035,DIFFERENT
ถังขยะหน้า โรงอาหารกลาง ขยะล้นถัง ส่งกลิ่นเหม็นเน่า ไม่มีเจ้าหน้าที่มาเก็บ,ขยะเน่าล้นถังขยะบริเวณ โรงอาหารใหญ่ เหม็นคลุ้งมาก เกลื่อนเต็มพื้น,0.965,DUPLICATE
รถเมล์มอสาย 2 รอนานมาก ไม่ยอมจอดรับที่ป้าย,อาหารที่โรงอาหาร ตึก CE มีรสเปรี้ยวบูด กินแล้วท้องเสีย,0.0382,DIFFERENT
รถเมล์มอสาย 2 รอนานมาก ไม่ยอมจอดรับที่ป้าย,อาหารที่โรงอาหาร ป้ายรถเมล์หน้า ม. มีรสเปรี้ยวบูด กินแล้วท้องเสีย,0.0284,DIFFERENT
สัญญาณอินเทอร์เน็ต UP-WiFi ทางเดิน Skywalk หลุดบ่อยมาก เชื่อมต่อไม่ได้เลย,เน็ตไวไฟ UP-WiFi ที่ สะพานสกายวอล์ค ต่อไม่ติด หลุดทุก 5 นาที ทำงานไม่ได้,0.9409,DUPLICATE
กิ่งไม้ใหญ่หักโค่นพาดขวางถนนตรง โรงอาหารสงวนเสริมศรี รถสัญจรไม่ได้,ต้นไม้ล้มขวางทางจราจรบริเวณ โรงอาหาร PKY รถผ่านไม่ได้ การจราจรติดขัด,0.9716,DUPLICATE
สุนัขจรจัดฝูงใหญ่ดุมาก วิ่งไล่กวดรถมอเตอร์ไซค์ตรง ตึก ICT,หมาจรจัดตรง อาคารเทคโนโลยีสารสนเทศและการสื่อสาร ดุ วิ่งไล่เห่านิสิตที่เดินผ่านตอนกลางคืน,0.9238,DUPLICATE
ตารางสอบปลายภาควิชา GEN001 ชนกัน ขอทำเรื่องสอบซ้ำ,ลิฟต์โดยสาร โรงอาหารกลาง ค้างที่ชั้น 1 ใช้งานไม่ได้,0.0272,DIFFERENT
สัญญาณเน็ต UP-WiFi ประตู 1 ม.พะเยา หลุดบ่อย เล่นไม่ได้,สุนัขจรจัดดุมาก วิ่งไล่กวดนิสิตตรง ประตู 1 ม.พะเยา,0.0461,DIFFERENT
แอร์ห้อง 2404 ประตู 1 ม.พะเยา มีน้ำรั่วหยดและไม่เย็นเลย ร้อนมาก,เครื่องปรับอากาศห้อง 2404 ประตูหน้ามอ น้ำหยดลงพื้น แอร์ไม่ฉ่ำเลย นั่งเรียนไม่ได้,0.9765,DUPLICATE
ลิฟต์โดยสาร คณะนิติศาสตร์ ค้างที่ชั้น 6 ประตูปิดไม่สนิท น่ากลัวมาก,ลิฟต์ ตึกนิติศาสตร์ เสีย ติดค้างอยู่ที่ชั้น 6 กดปุ่มเปิดไม่ไป,0.9782,DUPLICATE
รถเมล์มอสาย 3 รอนานมาก ไม่ยอมจอดรับที่ป้าย,อาหารที่โรงอาหาร โรงอาหารกลาง มีรสเปรี้ยวบูด กินแล้วท้องเสีย,0.0304,DIFFERENT
สายชำระและก๊อกน้ำห้องน้ำชั้น 5 กองพัฒนานิสิต DSA แตก น้ำไหลนองเต็มพื้น,สายฉีดก้นกับก๊อกน้ำชำรุด น้ำรั่วท่วมห้องน้ำชั้น 5 ตึกกิจกรรมนิสิต DSA,0.935,DUPLICATE
แอร์ห้อง 1103 ป้ายหอพักใน มีน้ำรั่วหยดและไม่เย็นเลย,สายชำระห้องน้ำหญิงชั้น 1 ป้ายหอพักใน แตก น้ำนองพื้น,0.068,DIFFERENT
ถังขยะหน้า คณะพยาบาลศาสตร์ ขยะล้นถัง ส่งกลิ่นเหม็นเน่า ไม่มีเจ้าหน้าที่มาเก็บ,ขยะเน่าล้นถังขยะบริเวณ ตึกพยาบาล เหม็นคลุ้งมาก เกลื่อนเต็มพื้น,0.9706,DUPLICATE
รถเมล์มอสาย 2 รอนานมาก ไม่ยอมจอดรับที่ป้าย,อาหารที่โรงอาหาร ตึก PKY มีรสเปรี้ยวบูด กินแล้วท้องเสีย,0.0333,DIFFERENT
สอบถามขั้นตอนการขอทุนการศึกษานิสิตขาดแคลนทุนทรัพย์,มีคนร้ายขโมยหมวกกันน็อคตรงลานจอดรถ ป้ายรถเมล์หน้า ม.,0.0092,DIFFERENT
สัญญาณอินเทอร์เน็ต UP-WiFi คณะพยาบาลศาสตร์ หลุดบ่อยมาก เชื่อมต่อไม่ได้เลย,เน็ตไวไฟ UP-WiFi ที่ ตึกพยาบาล ต่อไม่ติด หลุดทุก 5 นาที ทำงานไม่ได้,0.9827,DUPLICATE
ลิฟต์โดยสาร โรงอาหารสงวนเสริมศรี ค้างที่ชั้น 4 ประตูปิดไม่สนิท น่ากลัวมาก,ลิฟต์ โรงอาหาร PKY เสีย ติดค้างอยู่ที่ชั้น 4 กดปุ่มเปิดไม่ไป,0.9254,DUPLICATE
เว็บลงทะเบียนเรียน Reg UP ล่ม เข้าสู่ระบบไม่ได้ หน้าจอขึ้น 504 Gateway Timeout,ระบบ REG ม.พะเยา ค้าง เข้าเช็คผลการเรียนและลงทะเบียนวิชาไม่ได้เลย,0.9384,DUPLICATE
สุนัขจรจัดฝูงใหญ่ดุมาก วิ่งไล่กวดรถมอเตอร์ไซค์ตรง ประตู 1 ม.พะเยา,หมาจรจัดตรง ประตูหน้ามอ ดุ วิ่งไล่เห่านิสิตที่เดินผ่านตอนกลางคืน,0.9756,DUPLICATE
เครื่องปรับอากาศห้อง 1101 ตึก PKY เสีย ไม่เย็น,เครื่องปรับอากาศห้อง 3202 ตึก PKY เสีย ไม่เย็น,0.163,DIFFERENT
เครื่องปรับอากาศห้อง 1303 คณะแพทยศาสตร์ เสีย ไม่เย็น,เครื่องปรับอากาศห้อง 3201 คณะแพทยศาสตร์ เสีย ไม่เย็น,0.1427,DIFFERENT
ตารางสอบปลายภาควิชา GEN001 ชนกัน ขอทำเรื่องสอบซ้ำ,ลิฟต์โดยสาร โรงอาหารสงวนเสริมศรี ค้างที่ชั้น 5 ใช้งานไม่ได้,0.0,DIFFERENT
สัญญาณอินเทอร์เน็ต UP-WiFi ตึก PKY หลุดบ่อยมาก เชื่อมต่อไม่ได้เลย,เน็ตไวไฟ UP-WiFi ที่ อาคารสงวนเสริมศรี ต่อไม่ติด หลุดทุก 5 นาที ทำงานไม่ได้,0.9365,DUPLICATE
เว็บลงทะเบียนเรียน Reg UP ล่ม เข้าสู่ระบบไม่ได้ หน้าจอขึ้น 504 Gateway Timeout,ระบบ REG ม.พะเยา ค้าง เข้าเช็คผลการเรียนและลงทะเบียนวิชาไม่ได้เลย,0.9557,DUPLICATE
สายชำระและก๊อกน้ำห้องน้ำชั้น 2 ป้ายหอพักใน แตก น้ำไหลนองเต็มพื้น,สายฉีดก้นกับก๊อกน้ำชำรุด น้ำรั่วท่วมห้องน้ำชั้น 2 ป้ายรอรถหอใน มพ.,0.947,DUPLICATE
สอบถามขั้นตอนการขอทุนการศึกษานิสิตขาดแคลนทุนทรัพย์,มีคนร้ายขโมยหมวกกันน็อคตรงลานจอดรถ โรงอาหารกลาง,0.0,DIFFERENT
กิ่งไม้ใหญ่หักโค่นพาดขวางถนนตรง ตึก EN รถสัญจรไม่ได้,ต้นไม้ล้มขวางทางจราจรบริเวณ อาคารคณะวิศวกรรมศาสตร์ รถผ่านไม่ได้ การจราจรติดขัด,0.9564,DUPLICATE
เว็บลงทะเบียนเรียน Reg UP ล่ม เข้าสู่ระบบไม่ได้ หน้าจอขึ้น 504 Gateway Timeout,ระบบ REG ม.พะเยา ค้าง เข้าเช็คผลการเรียนและลงทะเบียนวิชาไม่ได้เลย,0.9527,DUPLICATE
หลอดไฟทางเดินหน้า ตึก EN ดับสนิท มืดมาก,ถังขยะหน้า ตึก EN ขยะล้นถัง ส่งกลิ่นเหม็นเน่า,0.088,DIFFERENT
โปรเจกเตอร์ห้อง 3404 คณะวิทยาศาสตร์ เปิดไม่ติด ภาพไม่ขึ้นจอ อาจารย์สอนไม่ได้,เครื่องฉายโปรเจกเตอร์ห้องเรียน 3404 ตึกวิทย์ พัง จอภาพมืดสนิท,0.9411,DUPLICATE
แอร์ห้อง 2104 ตึก ICT มีน้ำรั่วหยดและไม่เย็นเลย ร้อนมาก,เครื่องปรับอากาศห้อง 2104 อาคารเทคโนโลยีสารสนเทศและการสื่อสาร น้ำหยดลงพื้น แอร์ไม่ฉ่ำเลย นั่งเรียนไม่ได้,0.954,DUPLICATE
โปรเจกเตอร์ห้อง 1103 คณะเภสัชศาสตร์ เปิดไม่ติด ภาพไม่ขึ้นจอ อาจารย์สอนไม่ได้,เครื่องฉายโปรเจกเตอร์ห้องเรียน 1103 ตึกเภสัช พัง จอภาพมืดสนิท,0.9297,DUPLICATE
สายชำระและก๊อกน้ำห้องน้ำชั้น 1 โรงอาหารสงวนเสริมศรี แตก น้ำไหลนองเต็มพื้น,สายฉีดก้นกับก๊อกน้ำชำรุด น้ำรั่วท่วมห้องน้ำชั้น 1 โรงอาหาร PKY,0.9511,DUPLICATE
แอร์ห้อง 4202 ตึก PKY มีน้ำรั่วหยดและไม่เย็นเลย,สายชำระห้องน้ำหญิงชั้น 1 ตึก PKY แตก น้ำนองพื้น,0.0684,DIFFERENT
ตารางสอบปลายภาควิชา GEN001 ชนกัน ขอทำเรื่องสอบซ้ำ,ลิฟต์โดยสาร โรงอาหารกลาง ค้างที่ชั้น 5 ใช้งานไม่ได้,0.0,DIFFERENT
โปรเจกเตอร์ห้อง 2402 ทางเดิน Skywalk เปิดไม่ติด ภาพไม่ขึ้นจอ อาจารย์สอนไม่ได้,เครื่องฉายโปรเจกเตอร์ห้องเรียน 2402 สะพานสกายวอล์ค พัง จอภาพมืดสนิท,0.9479,DUPLICATE
สอบถามขั้นตอนการขอทุนการศึกษานิสิตขาดแคลนทุนทรัพย์,มีคนร้ายขโมยหมวกกันน็อคตรงลานจอดรถ ทางเดิน Skywalk,0.0,DIFFERENT
แอร์ห้อง 1202 คณะเภสัชศาสตร์ มีน้ำรั่วหยดและไม่เย็นเลย,สายชำระห้องน้ำหญิงชั้น 4 คณะเภสัชศาสตร์ แตก น้ำนองพื้น,0.0487,DIFFERENT
เว็บลงทะเบียนเรียน Reg UP ล่ม เข้าสู่ระบบไม่ได้ หน้าจอขึ้น 504 Gateway Timeout,ระบบ REG ม.พะเยา ค้าง เข้าเช็คผลการเรียนและลงทะเบียนวิชาไม่ได้เลย,0.9388,DUPLICATE
ถังขยะหน้า ป้ายหอพักใน ขยะล้นถัง ส่งกลิ่นเหม็นเน่า ไม่มีเจ้าหน้าที่มาเก็บ,ขยะเน่าล้นถังขยะบริเวณ ป้ายรอรถหอใน มพ. เหม็นคลุ้งมาก เกลื่อนเต็มพื้น,0.9809,DUPLICATE
รถเมล์มอสาย 3 (สีแดง) รอนานมากเกิน 45 นาที รถไม่พอ นิสิตยืนล้นป้าย คณะเกษตรศาสตร์,รอรถบัส มพ. สาย 3 (สีแดง) ที่ ตึกเกษตร นานมาก คนเบียดกันแน่น รถขาดระยะ,0.9681,DUPLICATE
ลิฟต์โดยสาร คณะเกษตรศาสตร์ ค้างที่ชั้น 3 ประตูปิดไม่สนิท น่ากลัวมาก,ลิฟต์ ตึกเกษตร เสีย ติดค้างอยู่ที่ชั้น 3 กดปุ่มเปิดไม่ไป,0.9708,DUPLICATE
เว็บลงทะเบียนเรียน Reg UP ล่ม เข้าสู่ระบบไม่ได้ หน้าจอขึ้น 504 Gateway Timeout,ระบบ REG ม.พะเยา ค้าง เข้าเช็คผลการเรียนและลงทะเบียนวิชาไม่ได้เลย,0.9369,DUPLICATE
รถเมล์มอสาย 3 รอนานมาก ไม่ยอมจอดรับที่ป้าย,อาหารที่โรงอาหาร คณะพยาบาลศาสตร์ มีรสเปรี้ยวบูด กินแล้วท้องเสีย,0.0272,DIFFERENT
สัญญาณอินเทอร์เน็ต UP-WiFi โรงอาหารสงวนเสริมศรี หลุดบ่อยมาก เชื่อมต่อไม่ได้เลย,เน็ตไวไฟ UP-WiFi ที่ โรงอาหาร PKY ต่อไม่ติด หลุดทุก 5 นาที ทำงานไม่ได้,0.9679,DUPLICATE
แอร์ห้อง 4302 ตึก PKY มีน้ำรั่วหยดและไม่เย็นเลย ร้อนมาก,เครื่องปรับอากาศห้อง 4302 อาคารสงวนเสริมศรี น้ำหยดลงพื้น แอร์ไม่ฉ่ำเลย นั่งเรียนไม่ได้,0.9614,DUPLICATE
แอร์ห้อง 3204 ประตู 1 ม.พะเยา มีน้ำรั่วหยดและไม่เย็นเลย,สายชำระห้องน้ำหญิงชั้น 7 ประตู 1 ม.พะเยา แตก น้ำนองพื้น,0.041,DIFFERENT
แอร์ห้อง 2401 ตึก ICT มีน้ำรั่วหยดและไม่เย็นเลย,สายชำระห้องน้ำหญิงชั้น 5 ตึก ICT แตก น้ำนองพื้น,0.0435,DIFFERENT
เครื่องปรับอากาศห้อง 1404 ป้ายหอพักใน เสีย ไม่เย็น,เครื่องปรับอากาศห้อง 3101 ป้ายหอพักใน เสีย ไม่เย็น,0.1644,DIFFERENT
ก๊อกน้ำและท่อประปาที่ คณะพยาบาลศาสตร์ ไหลช้ามาก มีสีขุ่นเหลือง,ทางเดิน Skywalk ลื่นมากหลังฝนตก มีนิสิตลื่นล้มหลายคน,0.0757,DIFFERENT
กิ่งไม้ใหญ่หักโค่นพาดขวางถนนตรง คณะนิติศาสตร์ รถสัญจรไม่ได้,ต้นไม้ล้มขวางทางจราจรบริเวณ ตึกนิติศาสตร์ รถผ่านไม่ได้ การจราจรติดขัด,0.958,DUPLICATE
แอร์ห้อง 4203 โรงอาหารกลาง มีน้ำรั่วหยดและไม่เย็นเลย ร้อนมาก,เครื่องปรับอากาศห้อง 4203 โรงอาหารใหญ่ น้ำหยดลงพื้น แอร์ไม่ฉ่ำเลย นั่งเรียนไม่ได้,0.9379,DUPLICATE
คนขับรถชัตเติลบัสสาย 1 (สีม่วง) ขับเร็วและเบรกกระชากแรงมากตรง ป้ายรถเมล์หน้า ม.,รถเมล์ มพ. สาย 1 (สีม่วง) ซิ่งเร็ว เบรกกะทันหัน ผู้โดยสารเกือบหัวทิ่มแถว ป้ายรถบัสหน้ามหาวิทยาลัยพะเยา,0.9645,DUPLICATE
แอร์ห้อง 4303 คณะพยาบาลศาสตร์ มีน้ำรั่วหยดและไม่เย็นเลย,สายชำระห้องน้ำหญิงชั้น 7 คณะพยาบาลศาสตร์ แตก น้ำนองพื้น,0.0615,DIFFERENT
รถเมล์มอสาย 4 (สีน้ำเงิน) รอนานมากเกิน 45 นาที รถไม่พอ นิสิตยืนล้นป้าย คณะศิลปศาสตร์,รอรถบัส มพ. สาย 4 (สีน้ำเงิน) ที่ ตึกศิลปศาสตร์ นานมาก คนเบียดกันแน่น รถขาดระยะ,0.9669,DUPLICATE
รถเมล์มอสาย 1 รอนานมาก ไม่ยอมจอดรับที่ป้าย,อาหารที่โรงอาหาร คณะพยาบาลศาสตร์ มีรสเปรี้ยวบูด กินแล้วท้องเสีย,0.046,DIFFERENT
เว็บลงทะเบียนเรียน Reg UP ล่ม เข้าสู่ระบบไม่ได้ หน้าจอขึ้น 504 Gateway Timeout,ระบบ REG ม.พะเยา ค้าง เข้าเช็คผลการเรียนและลงทะเบียนวิชาไม่ได้เลย,0.941,DUPLICATE
คนขับรถชัตเติลบัสสาย 1 (สีม่วง) ขับเร็วและเบรกกระชากแรงมากตรง หอพักลุมพินี,รถเมล์ มพ. สาย 1 (สีม่วง) ซิ่งเร็ว เบรกกะทันหัน ผู้โดยสารเกือบหัวทิ่มแถว หอพักใน มพ.,0.9259,DUPLICATE
สุนัขจรจัดฝูงใหญ่ดุมาก วิ่งไล่กวดรถมอเตอร์ไซค์ตรง โรงอาหารกลาง,หมาจรจัดตรง โรงอาหารใหญ่ ดุ วิ่งไล่เห่านิสิตที่เดินผ่านตอนกลางคืน,0.9665,DUPLICATE
รถเมล์มอสาย 1 (สีม่วง) รอนานมากเกิน 45 นาที รถไม่พอ นิสิตยืนล้นป้าย หอพักลุมพินี,รอรถบัส มพ. สาย 1 (สีม่วง) ที่ หอพักใน มพ. นานมาก คนเบียดกันแน่น รถขาดระยะ,0.9319,DUPLICATE
ไฟในห้องน้ำหญิง กองพัฒนานิสิต DSA ดับสนิท มืดมาก มองไม่เห็นทาง,หลอดไฟห้องน้ำหญิง ตึกกิจกรรมนิสิต DSA ขาด เสีย มืดตึ๊ดตื๋อ เข้าใช้งานไม่ได้,0.9346,DUPLICATE
โปรเจกเตอร์ห้อง 1301 คณะพยาบาลศาสตร์ เปิดไม่ติด ภาพไม่ขึ้นจอ อาจารย์สอนไม่ได้,เครื่องฉายโปรเจกเตอร์ห้องเรียน 1301 ตึกพยาบาล พัง จอภาพมืดสนิท,0.966,DUPLICATE
สุนัขจรจัดฝูงใหญ่ดุมาก วิ่งไล่กวดรถมอเตอร์ไซค์ตรง ทางเดิน Skywalk,หมาจรจัดตรง สะพานสกายวอล์ค ดุ วิ่งไล่เห่านิสิตที่เดินผ่านตอนกลางคืน,0.9648,DUPLICATE
สอบถามขั้นตอนการขอทุนการศึกษานิสิตขาดแคลนทุนทรัพย์,มีคนร้ายขโมยหมวกกันน็อคตรงลานจอดรถ ป้ายหอพักใน,0.0091,DIFFERENT
สุนัขจรจัดฝูงใหญ่ดุมาก วิ่งไล่กวดรถมอเตอร์ไซค์ตรง หอพักลุมพินี,หมาจรจัดตรง หอพักใน มพ. ดุ วิ่งไล่เห่านิสิตที่เดินผ่านตอนกลางคืน,0.9263,DUPLICATE
สัญญาณเน็ต UP-WiFi หอพักลุมพินี หลุดบ่อย เล่นไม่ได้,สุนัขจรจัดดุมาก วิ่งไล่กวดนิสิตตรง หอพักลุมพินี,0.0346,DIFFERENT
รถเมล์มอสาย 4 (สีน้ำเงิน) รอนานมากเกิน 45 นาที รถไม่พอ นิสิตยืนล้นป้าย ตึก EN,รอรถบัส มพ. สาย 4 (สีน้ำเงิน) ที่ อาคารคณะวิศวกรรมศาสตร์ นานมาก คนเบียดกันแน่น รถขาดระยะ,0.9486,DUPLICATE
เว็บลงทะเบียนเรียน Reg UP ล่ม เข้าสู่ระบบไม่ได้ หน้าจอขึ้น 504 Gateway Timeout,ระบบ REG ม.พะเยา ค้าง เข้าเช็คผลการเรียนและลงทะเบียนวิชาไม่ได้เลย,0.9658,DUPLICATE
แอร์ห้อง 4301 ตึก CE มีน้ำรั่วหยดและไม่เย็นเลย ร้อนมาก,เครื่องปรับอากาศห้อง 4301 อาคารเรียนรวม CE น้ำหยดลงพื้น แอร์ไม่ฉ่ำเลย นั่งเรียนไม่ได้,0.9781,DUPLICATE
แอร์ห้อง 3301 คณะศิลปศาสตร์ มีน้ำรั่วหยดและไม่เย็นเลย,สายชำระห้องน้ำหญิงชั้น 6 คณะศิลปศาสตร์ แตก น้ำนองพื้น,0.0506,DIFFERENT
หลอดไฟทางเดินหน้า คณะพยาบาลศาสตร์ ดับสนิท มืดมาก,ถังขยะหน้า คณะพยาบาลศาสตร์ ขยะล้นถัง ส่งกลิ่นเหม็นเน่า,0.1067,DIFFERENT
สัญญาณเน็ต UP-WiFi หอพักลุมพินี หลุดบ่อย เล่นไม่ได้,สุนัขจรจัดดุมาก วิ่งไล่กวดนิสิตตรง หอพักลุมพินี,0.0437,DIFFERENT
รถเมล์มอสาย 4 รอนานมาก ไม่ยอมจอดรับที่ป้าย,อาหารที่โรงอาหาร หอพักลุมพินี มีรสเปรี้ยวบูด กินแล้วท้องเสีย,0.0444,DIFFERENT
แอร์ห้อง 3103 ป้ายรถเมล์หน้า ม. มีน้ำรั่วหยดและไม่เย็นเลย,สายชำระห้องน้ำหญิงชั้น 3 ป้ายรถเมล์หน้า ม. แตก น้ำนองพื้น,0.0538,DIFFERENT
แอร์ห้อง 3201 ทางเดิน Skywalk มีน้ำรั่วหยดและไม่เย็นเลย ร้อนมาก,เครื่องปรับอากาศห้อง 3201 สะพานสกายวอล์ค น้ำหยดลงพื้น แอร์ไม่ฉ่ำเลย นั่งเรียนไม่ได้,0.9793,DUPLICATE
ตารางสอบปลายภาควิชา GEN001 ชนกัน ขอทำเรื่องสอบซ้ำ,ลิฟต์โดยสาร คณะพยาบาลศาสตร์ ค้างที่ชั้น 2 ใช้งานไม่ได้,0.0154,DIFFERENT
คนขับรถชัตเติลบัสสาย 4 (สีน้ำเงิน) ขับเร็วและเบรกกระชากแรงมากตรง คณะเภสัชศาสตร์,รถเมล์ มพ. สาย 4 (สีน้ำเงิน) ซิ่งเร็ว เบรกกะทันหัน ผู้โดยสารเกือบหัวทิ่มแถว ตึกเภสัช,0.9489,DUPLICATE
รถเมล์มอสาย 1 รอนานมาก ไม่ยอมจอดรับที่ป้าย,อาหารที่โรงอาหาร คณะศิลปศาสตร์ มีรสเปรี้ยวบูด กินแล้วท้องเสีย,0.0221,DIFFERENT
ก๊อกน้ำและท่อประปาที่ ตึก CE ไหลช้ามาก มีสีขุ่นเหลือง,ทางเดิน Skywalk ลื่นมากหลังฝนตก มีนิสิตลื่นล้มหลายคน,0.0558,DIFFERENT
หลอดไฟทางเดินหน้า คณะเกษตรศาสตร์ ดับสนิท มืดมาก,ถังขยะหน้า คณะเกษตรศาสตร์ ขยะล้นถัง ส่งกลิ่นเหม็นเน่า,0.0722,DIFFERENT
สุนัขจรจัดฝูงใหญ่ดุมาก วิ่งไล่กวดรถมอเตอร์ไซค์ตรง ตึก ICT,หมาจรจัดตรง อาคารเทคโนโลยีสารสนเทศและการสื่อสาร ดุ วิ่งไล่เห่านิสิตที่เดินผ่านตอนกลางคืน,0.9451,DUPLICATE
แอร์ห้อง 4301 หอพักลุมพินี มีน้ำรั่วหยดและไม่เย็นเลย ร้อนมาก,เครื่องปรับอากาศห้อง 4301 หอพักใน มพ. น้ำหยดลงพื้น แอร์ไม่ฉ่ำเลย นั่งเรียนไม่ได้,0.9418,DUPLICATE
พบแมลงสาบและสิ่งสกปรกปนเปื้อนในจานข้าวที่ ตึก PKY,เจอแมลงสาบตัวเล็กในอาหารร้านข้าวที่ อาคารสงวนเสริมศรี สกปรกมาก ไม่ถูกสุขอนามัย,0.9735,DUPLICATE
สุนัขจรจัดฝูงใหญ่ดุมาก วิ่งไล่กวดรถมอเตอร์ไซค์ตรง คณะวิทยาศาสตร์,หมาจรจัดตรง ตึกวิทย์ ดุ วิ่งไล่เห่านิสิตที่เดินผ่านตอนกลางคืน,0.9547,DUPLICATE
รถเมล์มอสาย 4 (สีน้ำเงิน) รอนานมากเกิน 45 นาที รถไม่พอ นิสิตยืนล้นป้าย กองพัฒนานิสิต DSA,รอรถบัส มพ. สาย 4 (สีน้ำเงิน) ที่ ตึกกิจกรรมนิสิต DSA นานมาก คนเบียดกันแน่น รถขาดระยะ,0.9255,DUPLICATE
เครื่องปรับอากาศห้อง 1302 หอพักลุมพินี เสีย ไม่เย็น,เครื่องปรับอากาศห้อง 3101 หอพักลุมพินี เสีย ไม่เย็น,0.1678,DIFFERENT
เครื่องปรับอากาศห้อง 1102 ทางเดิน Skywalk เสีย ไม่เย็น,เครื่องปรับอากาศห้อง 3203 ทางเดิน Skywalk เสีย ไม่เย็น,0.1613,DIFFERENT
คนขับรถชัตเติลบัสสาย 1 (สีม่วง) ขับเร็วและเบรกกระชากแรงมากตรง คณะแพทยศาสตร์,รถเมล์ มพ. สาย 1 (สีม่วง) ซิ่งเร็ว เบรกกะทันหัน ผู้โดยสารเกือบหัวทิ่มแถว ตึกแพทย์,0.9503,DUPLICATE
ตารางสอบปลายภาควิชา GEN001 ชนกัน ขอทำเรื่องสอบซ้ำ,ลิฟต์โดยสาร กองพัฒนานิสิต DSA ค้างที่ชั้น 5 ใช้งานไม่ได้,0.0005,DIFFERENT
คนขับรถชัตเติลบัสสาย 2 (สีเขียว) ขับเร็วและเบรกกระชากแรงมากตรง ป้ายรถเมล์หน้า ม.,รถเมล์ มพ. สาย 2 (สีเขียว) ซิ่งเร็ว เบรกกะทันหัน ผู้โดยสารเกือบหัวทิ่มแถว ป้ายรถบัสหน้ามหาวิทยาลัยพะเยา,0.9474,DUPLICATE
ถังขยะหน้า คณะแพทยศาสตร์ ขยะล้นถัง ส่งกลิ่นเหม็นเน่า ไม่มีเจ้าหน้าที่มาเก็บ,ขยะเน่าล้นถังขยะบริเวณ ตึกแพทย์ เหม็นคลุ้งมาก เกลื่อนเต็มพื้น,0.9646,DUPLICATE
สอบถามขั้นตอนการขอทุนการศึกษานิสิตขาดแคลนทุนทรัพย์,มีคนร้ายขโมยหมวกกันน็อคตรงลานจอดรถ ประตู 1 ม.พะเยา,0.0389,DIFFERENT
สัญญาณเน็ต UP-WiFi ตึก CE หลุดบ่อย เล่นไม่ได้,สุนัขจรจัดดุมาก วิ่งไล่กวดนิสิตตรง ตึก CE,0.0119,DIFFERENT
ก๊อกน้ำและท่อประปาที่ คณะแพทยศาสตร์ ไหลช้ามาก มีสีขุ่นเหลือง,ทางเดิน Skywalk ลื่นมากหลังฝนตก มีนิสิตลื่นล้มหลายคน,0.065,DIFFERENT
หลอดไฟทางเดินหน้า กองพัฒนานิสิต DSA ดับสนิท มืดมาก,ถังขยะหน้า กองพัฒนานิสิต DSA ขยะล้นถัง ส่งกลิ่นเหม็นเน่า,0.0879,DIFFERENT
สายชำระและก๊อกน้ำห้องน้ำชั้น 1 คณะวิทยาศาสตร์ แตก น้ำไหลนองเต็มพื้น,สายฉีดก้นกับก๊อกน้ำชำรุด น้ำรั่วท่วมห้องน้ำชั้น 1 ตึกวิทย์,0.9573,DUPLICATE
สัญญาณอินเทอร์เน็ต UP-WiFi ตึก PKY หลุดบ่อยมาก เชื่อมต่อไม่ได้เลย,เน็ตไวไฟ UP-WiFi ที่ อาคารสงวนเสริมศรี ต่อไม่ติด หลุดทุก 5 นาที ทำงานไม่ได้,0.9668,DUPLICATE
ก๊อกน้ำและท่อประปาที่ คณะศิลปศาสตร์ ไหลช้ามาก มีสีขุ่นเหลือง,ทางเดิน Skywalk ลื่นมากหลังฝนตก มีนิสิตลื่นล้มหลายคน,0.0436,DIFFERENT
ลิฟต์โดยสาร กองพัฒนานิสิต DSA ค้างที่ชั้น 8 ประตูปิดไม่สนิท น่ากลัวมาก,ลิฟต์ ตึกกิจกรรมนิสิต DSA เสีย ติดค้างอยู่ที่ชั้น 8 กดปุ่มเปิดไม่ไป,0.921,DUPLICATE
สอบถามขั้นตอนการขอทุนการศึกษานิสิตขาดแคลนทุนทรัพย์,มีคนร้ายขโมยหมวกกันน็อคตรงลานจอดรถ โรงอาหารกลาง,0.0186,DIFFERENT
แอร์ห้อง 3202 โรงอาหารสงวนเสริมศรี มีน้ำรั่วหยดและไม่เย็นเลย,สายชำระห้องน้ำหญิงชั้น 8 โรงอาหารสงวนเสริมศรี แตก น้ำนองพื้น,0.06,DIFFERENT
สอบถามขั้นตอนการขอทุนการศึกษานิสิตขาดแคลนทุนทรัพย์,มีคนร้ายขโมยหมวกกันน็อคตรงลานจอดรถ คณะแพทยศาสตร์,0.0212,DIFFERENT
ก๊อกน้ำและท่อประปาที่ ประตู 1 ม.พะเยา ไหลช้ามาก มีสีขุ่นเหลือง,ทางเดิน Skywalk ลื่นมากหลังฝนตก มีนิสิตลื่นล้มหลายคน,0.0759,DIFFERENT
สัญญาณเน็ต UP-WiFi ทางเดิน Skywalk หลุดบ่อย เล่นไม่ได้,สุนัขจรจัดดุมาก วิ่งไล่กวดนิสิตตรง ทางเดิน Skywalk,0.019,DIFFERENT
ไฟในห้องน้ำหญิง ตึก ICT ดับสนิท มืดมาก มองไม่เห็นทาง,หลอดไฟห้องน้ำหญิง อาคารเทคโนโลยีสารสนเทศและการสื่อสาร ขาด เสีย มืดตึ๊ดตื๋อ เข้าใช้งานไม่ได้,0.962,DUPLICATE
คนขับรถชัตเติลบัสสาย 1 (สีม่วง) ขับเร็วและเบรกกระชากแรงมากตรง คณะนิติศาสตร์,รถเมล์ มพ. สาย 1 (สีม่วง) ซิ่งเร็ว เบรกกะทันหัน ผู้โดยสารเกือบหัวทิ่มแถว ตึกนิติศาสตร์,0.9243,DUPLICATE
สัญญาณเน็ต UP-WiFi กองพัฒนานิสิต DSA หลุดบ่อย เล่นไม่ได้,สุนัขจรจัดดุมาก วิ่งไล่กวดนิสิตตรง กองพัฒนานิสิต DSA,0.0516,DIFFERENT
รถเมล์มอสาย 3 รอนานมาก ไม่ยอมจอดรับที่ป้าย,อาหารที่โรงอาหาร ตึก CE มีรสเปรี้ยวบูด กินแล้วท้องเสีย,0.0445,DIFFERENT
เครื่องปรับอากาศห้อง 1204 ตึก EN เสีย ไม่เย็น,เครื่องปรับอากาศห้อง 3203 ตึก EN เสีย ไม่เย็น,0.1786,DIFFERENT
สัญญาณอินเทอร์เน็ต UP-WiFi ตึก EN หลุดบ่อยมาก เชื่อมต่อไม่ได้เลย,เน็ตไวไฟ UP-WiFi ที่ อาคารคณะวิศวกรรมศาสตร์ ต่อไม่ติด หลุดทุก 5 นาที ทำงานไม่ได้,0.9898,DUPLICATE
กิ่งไม้ใหญ่หักโค่นพาดขวางถนนตรง คณะเภสัชศาสตร์ รถสัญจรไม่ได้,ต้นไม้ล้มขวางทางจราจรบริเวณ ตึกเภสัช รถผ่านไม่ได้ การจราจรติดขัด,0.9772,DUPLICATE
ถังขยะหน้า ตึก EN ขยะล้นถัง ส่งกลิ่นเหม็นเน่า ไม่มีเจ้าหน้าที่มาเก็บ,ขยะเน่าล้นถังขยะบริเวณ อาคารคณะวิศวกรรมศาสตร์ เหม็นคลุ้งมาก เกลื่อนเต็มพื้น,0.987,DUPLICATE
หลอดไฟทางเดินหน้า ตึก ICT ดับสนิท มืดมาก,ถังขยะหน้า ตึก ICT ขยะล้นถัง ส่งกลิ่นเหม็นเน่า,0.0983,DIFFERENT
สัญญาณอินเทอร์เน็ต UP-WiFi ประตู 1 ม.พะเยา หลุดบ่อยมาก เชื่อมต่อไม่ได้เลย,เน็ตไวไฟ UP-WiFi ที่ ประตูหน้ามอ ต่อไม่ติด หลุดทุก 5 นาที ทำงานไม่ได้,0.9476,DUPLICATE
ตารางสอบปลายภาควิชา GEN001 ชนกัน ขอทำเรื่องสอบซ้ำ,ลิฟต์โดยสาร ตึก EN ค้างที่ชั้น 4 ใช้งานไม่ได้,0.0399,DIFFERENT
มีคนร้ายกรีดเบาะรถและขโมยหมวกกันน็อคตรงลานจอด คณะพยาบาลศาสตร์,โดนขโมยหมวกกันน็อคและเบาะรถจักรยานยนต์โดนกรีดที่ลานจอดรถ ตึกพยาบาล,0.962,DUPLICATE
เว็บลงทะเบียนเรียน Reg UP ล่ม เข้าสู่ระบบไม่ได้ หน้าจอขึ้น 504 Gateway Timeout,ระบบ REG ม.พะเยา ค้าง เข้าเช็คผลการเรียนและลงทะเบียนวิชาไม่ได้เลย,0.9224,DUPLICATE
สอบถามขั้นตอนการขอทุนการศึกษานิสิตขาดแคลนทุนทรัพย์,มีคนร้ายขโมยหมวกกันน็อคตรงลานจอดรถ ตึก ICT,0.0001,DIFFERENT
รถเมล์มอสาย 3 รอนานมาก ไม่ยอมจอดรับที่ป้าย,อาหารที่โรงอาหาร คณะนิติศาสตร์ มีรสเปรี้ยวบูด กินแล้วท้องเสีย,0.0478,DIFFERENT
สัญญาณอินเทอร์เน็ต UP-WiFi คณะเภสัชศาสตร์ หลุดบ่อยมาก เชื่อมต่อไม่ได้เลย,เน็ตไวไฟ UP-WiFi ที่ ตึกเภสัช ต่อไม่ติด หลุดทุก 5 นาที ทำงานไม่ได้,0.9324,DUPLICATE
กิ่งไม้ใหญ่หักโค่นพาดขวางถนนตรง คณะวิทยาศาสตร์ รถสัญจรไม่ได้,ต้นไม้ล้มขวางทางจราจรบริเวณ ตึกวิทย์ รถผ่านไม่ได้ การจราจรติดขัด,0.9639,DUPLICATE
สอบถามขั้นตอนการขอทุนการศึกษานิสิตขาดแคลนทุนทรัพย์,มีคนร้ายขโมยหมวกกันน็อคตรงลานจอดรถ คณะพยาบาลศาสตร์,0.0027,DIFFERENT
รถเมล์มอสาย 2 (สีเขียว) รอนานมากเกิน 45 นาที รถไม่พอ นิสิตยืนล้นป้าย โรงอาหารกลาง,รอรถบัส มพ. สาย 2 (สีเขียว) ที่ โรงอาหารใหญ่ นานมาก คนเบียดกันแน่น รถขาดระยะ,0.9796,DUPLICATE
ตารางสอบปลายภาควิชา GEN001 ชนกัน ขอทำเรื่องสอบซ้ำ,ลิฟต์โดยสาร หอพักลุมพินี ค้างที่ชั้น 1 ใช้งานไม่ได้,0.0312,DIFFERENT
พบแมลงสาบและสิ่งสกปรกปนเปื้อนในจานข้าวที่ คณะเกษตรศาสตร์,เจอแมลงสาบตัวเล็กในอาหารร้านข้าวที่ ตึกเกษตร สกปรกมาก ไม่ถูกสุขอนามัย,0.9868,DUPLICATE
กิ่งไม้ใหญ่หักโค่นพาดขวางถนนตรง คณะศิลปศาสตร์ รถสัญจรไม่ได้,ต้นไม้ล้มขวางทางจราจรบริเวณ ตึกศิลปศาสตร์ รถผ่านไม่ได้ การจราจรติดขัด,0.9319,DUPLICATE
มีคนร้ายกรีดเบาะรถและขโมยหมวกกันน็อคตรงลานจอด คณะศิลปศาสตร์,โดนขโมยหมวกกันน็อคและเบาะรถจักรยานยนต์โดนกรีดที่ลานจอดรถ ตึกศิลปศาสตร์,0.9626,DUPLICATE
หลอดไฟทางเดินหน้า ตึก PKY ดับสนิท มืดมาก,ถังขยะหน้า ตึก PKY ขยะล้นถัง ส่งกลิ่นเหม็นเน่า,0.0904,DIFFERENT
ถังขยะหน้า โรงอาหารกลาง ขยะล้นถัง ส่งกลิ่นเหม็นเน่า ไม่มีเจ้าหน้าที่มาเก็บ,ขยะเน่าล้นถังขยะบริเวณ โรงอาหารใหญ่ เหม็นคลุ้งมาก เกลื่อนเต็มพื้น,0.9663,DUPLICATE
ไฟในห้องน้ำหญิง ตึก ICT ดับสนิท มืดมาก มองไม่เห็นทาง,หลอดไฟห้องน้ำหญิง อาคารเทคโนโลยีสารสนเทศและการสื่อสาร ขาด เสีย มืดตึ๊ดตื๋อ เข้าใช้งานไม่ได้,0.9604,DUPLICATE
สัญญาณเน็ต UP-WiFi คณะพยาบาลศาสตร์ หลุดบ่อย เล่นไม่ได้,สุนัขจรจัดดุมาก วิ่งไล่กวดนิสิตตรง คณะพยาบาลศาสตร์,0.0332,DIFFERENT
ลิฟต์โดยสาร ทางเดิน Skywalk ค้างที่ชั้น 8 ประตูปิดไม่สนิท น่ากลัวมาก,ลิฟต์ สะพานสกายวอล์ค เสีย ติดค้างอยู่ที่ชั้น 8 กดปุ่มเปิดไม่ไป,0.9258,DUPLICATE
มีคนร้ายกรีดเบาะรถและขโมยหมวกกันน็อคตรงลานจอด หอพักลุมพินี,โดนขโมยหมวกกันน็อคและเบาะรถจักรยานยนต์โดนกรีดที่ลานจอดรถ หอพักใน มพ.,0.9512,DUPLICATE
หลอดไฟทางเดินหน้า ป้ายหอพักใน ดับสนิท มืดมาก,ถังขยะหน้า ป้ายหอพักใน ขยะล้นถัง ส่งกลิ่นเหม็นเน่า,0.0614,DIFFERENT
เครื่องปรับอากาศห้อง 1304 ตึก EN เสีย ไม่เย็น,เครื่องปรับอากาศห้อง 3204 ตึก EN เสีย ไม่เย็น,0.1714,DIFFERENT
กิ่งไม้ใหญ่หักโค่นพาดขวางถนนตรง คณะนิติศาสตร์ รถสัญจรไม่ได้,ต้นไม้ล้มขวางทางจราจรบริเวณ ตึกนิติศาสตร์ รถผ่านไม่ได้ การจราจรติดขัด,0.9642,DUPLICATE
ตารางสอบปลายภาควิชา GEN001 ชนกัน ขอทำเรื่องสอบซ้ำ,ลิฟต์โดยสาร คณะพยาบาลศาสตร์ ค้างที่ชั้น 7 ใช้งานไม่ได้,0.0,DIFFERENT
สอบถามขั้นตอนการขอทุนการศึกษานิสิตขาดแคลนทุนทรัพย์,มีคนร้ายขโมยหมวกกันน็อคตรงลานจอดรถ คณะวิทยาศาสตร์,0.0339,DIFFERENT
มีคนร้ายกรีดเบาะรถและขโมยหมวกกันน็อคตรงลานจอด คณะวิทยาศาสตร์,โดนขโมยหมวกกันน็อคและเบาะรถจักรยานยนต์โดนกรีดที่ลานจอดรถ ตึกวิทย์,0.9851,DUPLICATE
ลิฟต์โดยสาร หอพักลุมพินี ค้างที่ชั้น 5 ประตูปิดไม่สนิท น่ากลัวมาก,ลิฟต์ หอพักใน มพ. เสีย ติดค้างอยู่ที่ชั้น 5 กดปุ่มเปิดไม่ไป,0.9281,DUPLICATE
ไฟในห้องน้ำหญิง ป้ายหอพักใน ดับสนิท มืดมาก มองไม่เห็นทาง,หลอดไฟห้องน้ำหญิง ป้ายรอรถหอใน มพ. ขาด เสีย มืดตึ๊ดตื๋อ เข้าใช้งานไม่ได้,0.9517,DUPLICATE
คนขับรถชัตเติลบัสสาย 4 (สีน้ำเงิน) ขับเร็วและเบรกกระชากแรงมากตรง ป้ายรถเมล์หน้า ม.,รถเมล์ มพ. สาย 4 (สีน้ำเงิน) ซิ่งเร็ว เบรกกะทันหัน ผู้โดยสารเกือบหัวทิ่มแถว ป้ายรถบัสหน้ามหาวิทยาลัยพะเยา,0.9101,DUPLICATE
ลิฟต์โดยสาร โรงอาหารสงวนเสริมศรี ค้างที่ชั้น 3 ประตูปิดไม่สนิท น่ากลัวมาก,ลิฟต์ โรงอาหาร PKY เสีย ติดค้างอยู่ที่ชั้น 3 กดปุ่มเปิดไม่ไป,0.9215,DUPLICATE
กิ่งไม้ใหญ่หักโค่นพาดขวางถนนตรง กองพัฒนานิสิต DSA รถสัญจรไม่ได้,ต้นไม้ล้มขวางทางจราจรบริเวณ ตึกกิจกรรมนิสิต DSA รถผ่านไม่ได้ การจราจรติดขัด,0.9271,DUPLICATE
รถเมล์มอสาย 2 (สีเขียว) รอนานมากเกิน 45 นาที รถไม่พอ นิสิตยืนล้นป้าย ตึก EN,รอรถบัส มพ. สาย 2 (สีเขียว) ที่ อาคารคณะวิศวกรรมศาสตร์ นานมาก คนเบียดกันแน่น รถขาดระยะ,0.9361,DUPLICATE
ถังขยะหน้า คณะเกษตรศาสตร์ ขยะล้นถัง ส่งกลิ่นเหม็นเน่า ไม่มีเจ้าหน้าที่มาเก็บ,ขยะเน่าล้นถังขยะบริเวณ ตึกเกษตร เหม็นคลุ้งมาก เกลื่อนเต็มพื้น,0.9847,DUPLICATE
ก๊อกน้ำและท่อประปาที่ ตึก ICT ไหลช้ามาก มีสีขุ่นเหลือง,ทางเดิน Skywalk ลื่นมากหลังฝนตก มีนิสิตลื่นล้มหลายคน,0.0804,DIFFERENT
รถเมล์มอสาย 4 รอนานมาก ไม่ยอมจอดรับที่ป้าย,อาหารที่โรงอาหาร คณะพยาบาลศาสตร์ มีรสเปรี้ยวบูด กินแล้วท้องเสีย,0.0337,DIFFERENT
กิ่งไม้ใหญ่หักโค่นพาดขวางถนนตรง หอพักลุมพินี รถสัญจรไม่ได้,ต้นไม้ล้มขวางทางจราจรบริเวณ หอพักใน มพ. รถผ่านไม่ได้ การจราจรติดขัด,0.9525,DUPLICATE
ลิฟต์โดยสาร ป้ายหอพักใน ค้างที่ชั้น 8 ประตูปิดไม่สนิท น่ากลัวมาก,ลิฟต์ ป้ายรอรถหอใน มพ. เสีย ติดค้างอยู่ที่ชั้น 8 กดปุ่มเปิดไม่ไป,0.9247,DUPLICATE
ถังขยะหน้า คณะวิทยาศาสตร์ ขยะล้นถัง ส่งกลิ่นเหม็นเน่า ไม่มีเจ้าหน้าที่มาเก็บ,ขยะเน่าล้นถังขยะบริเวณ ตึกวิทย์ เหม็นคลุ้งมาก เกลื่อนเต็มพื้น,0.9478,DUPLICATE
สอบถามขั้นตอนการขอทุนการศึกษานิสิตขาดแคลนทุนทรัพย์,มีคนร้ายขโมยหมวกกันน็อคตรงลานจอดรถ คณะเภสัชศาสตร์,0.0126,DIFFERENT
ตารางสอบปลายภาควิชา GEN001 ชนกัน ขอทำเรื่องสอบซ้ำ,ลิฟต์โดยสาร ตึก CE ค้างที่ชั้น 1 ใช้งานไม่ได้,0.0,DIFFERENT
ไฟในห้องน้ำหญิง ทางเดิน Skywalk ดับสนิท มืดมาก มองไม่เห็นทาง,หลอดไฟห้องน้ำหญิง สะพานสกายวอล์ค ขาด เสีย มืดตึ๊ดตื๋อ เข้าใช้งานไม่ได้,0.9726,DUPLICATE
โปรเจกเตอร์ห้อง 4402 คณะวิทยาศาสตร์ เปิดไม่ติด ภาพไม่ขึ้นจอ อาจารย์สอนไม่ได้,เครื่องฉายโปรเจกเตอร์ห้องเรียน 4402 ตึกวิทย์ พัง จอภาพมืดสนิท,0.9364,DUPLICATE
รถเมล์มอสาย 1 รอนานมาก ไม่ยอมจอดรับที่ป้าย,อาหารที่โรงอาหาร ตึก CE มีรสเปรี้ยวบูด กินแล้วท้องเสีย,0.0302,DIFFERENT
กิ่งไม้ใหญ่หักโค่นพาดขวางถนนตรง ตึก ICT รถสัญจรไม่ได้,ต้นไม้ล้มขวางทางจราจรบริเวณ อาคารเทคโนโลยีสารสนเทศและการสื่อสาร รถผ่านไม่ได้ การจราจรติดขัด,0.9445,DUPLICATE
เครื่องปรับอากาศห้อง 1404 คณะเกษตรศาสตร์ เสีย ไม่เย็น,เครื่องปรับอากาศห้อง 3403 คณะเกษตรศาสตร์ เสีย ไม่เย็น,0.1785,DIFFERENT
ไฟในห้องน้ำหญิง ทางเดิน Skywalk ดับสนิท มืดมาก มองไม่เห็นทาง,หลอดไฟห้องน้ำหญิง สะพานสกายวอล์ค ขาด เสีย มืดตึ๊ดตื๋อ เข้าใช้งานไม่ได้,0.94,DUPLICATE
ก๊อกน้ำและท่อประปาที่ คณะแพทยศาสตร์ ไหลช้ามาก มีสีขุ่นเหลือง,ทางเดิน Skywalk ลื่นมากหลังฝนตก มีนิสิตลื่นล้มหลายคน,0.0548,DIFFERENT
คนขับรถชัตเติลบัสสาย 2 (สีเขียว) ขับเร็วและเบรกกระชากแรงมากตรง หอพักลุมพินี,รถเมล์ มพ. สาย 2 (สีเขียว) ซิ่งเร็ว เบรกกะทันหัน ผู้โดยสารเกือบหัวทิ่มแถว หอพักใน มพ.,0.9235,DUPLICATE
สอบถามขั้นตอนการขอทุนการศึกษานิสิตขาดแคลนทุนทรัพย์,มีคนร้ายขโมยหมวกกันน็อคตรงลานจอดรถ ตึก PKY,0.0209,DIFFERENT
สัญญาณเน็ต UP-WiFi ตึก ICT หลุดบ่อย เล่นไม่ได้,สุนัขจรจัดดุมาก วิ่งไล่กวดนิสิตตรง ตึก ICT,0.0266,DIFFERENT
ลิฟต์โดยสาร คณะพยาบาลศาสตร์ ค้างที่ชั้น 7 ประตูปิดไม่สนิท น่ากลัวมาก,ลิฟต์ ตึกพยาบาล เสีย ติดค้างอยู่ที่ชั้น 7 กดปุ่มเปิดไม่ไป,0.9291,DUPLICATE
รถเมล์มอสาย 2 (สีเขียว) รอนานมากเกิน 45 นาที รถไม่พอ นิสิตยืนล้นป้าย คณะนิติศาสตร์,รอรถบัส มพ. สาย 2 (สีเขียว) ที่ ตึกนิติศาสตร์ นานมาก คนเบียดกันแน่น รถขาดระยะ,0.947,DUPLICATE
คนขับรถชัตเติลบัสสาย 4 (สีน้ำเงิน) ขับเร็วและเบรกกระชากแรงมากตรง ตึก ICT,รถเมล์ มพ. สาย 4 (สีน้ำเงิน) ซิ่งเร็ว เบรกกะทันหัน ผู้โดยสารเกือบหัวทิ่มแถว อาคารเทคโนโลยีสารสนเทศและการสื่อสาร,0.9652,DUPLICATE
แอร์ห้อง 2201 ประตู 1 ม.พะเยา มีน้ำรั่วหยดและไม่เย็นเลย,สายชำระห้องน้ำหญิงชั้น 8 ประตู 1 ม.พะเยา แตก น้ำนองพื้น,0.051,DIFFERENT
รถเมล์มอสาย 3 (สีแดง) รอนานมากเกิน 45 นาที รถไม่พอ นิสิตยืนล้นป้าย ป้ายหอพักใน,รอรถบัส มพ. สาย 3 (สีแดง) ที่ ป้ายรอรถหอใน มพ. นานมาก คนเบียดกันแน่น รถขาดระยะ,0.9478,DUPLICATE
สัญญาณเน็ต UP-WiFi คณะเกษตรศาสตร์ หลุดบ่อย เล่นไม่ได้,สุนัขจรจัดดุมาก วิ่งไล่กวดนิสิตตรง คณะเกษตรศาสตร์,0.0536,DIFFERENT
หลอดไฟทางเดินหน้า โรงอาหารสงวนเสริมศรี ดับสนิท มืดมาก,ถังขยะหน้า โรงอาหารสงวนเสริมศรี ขยะล้นถัง ส่งกลิ่นเหม็นเน่า,0.0866,DIFFERENT
สัญญาณเน็ต UP-WiFi คณะวิทยาศาสตร์ หลุดบ่อย เล่นไม่ได้,สุนัขจรจัดดุมาก วิ่งไล่กวดนิสิตตรง คณะวิทยาศาสตร์,0.0335,DIFFERENT
แอร์ห้อง 3201 ทางเดิน Skywalk มีน้ำรั่วหยดและไม่เย็นเลย,สายชำระห้องน้ำหญิงชั้น 3 ทางเดิน Skywalk แตก น้ำนองพื้น,0.0478,DIFFERENT
ก๊อกน้ำและท่อประปาที่ ประตู 1 ม.พะเยา ไหลช้ามาก มีสีขุ่นเหลือง,ทางเดิน Skywalk ลื่นมากหลังฝนตก มีนิสิตลื่นล้มหลายคน,0.0405,DIFFERENT
ตารางสอบปลายภาควิชา GEN001 ชนกัน ขอทำเรื่องสอบซ้ำ,ลิฟต์โดยสาร คณะศิลปศาสตร์ ค้างที่ชั้น 4 ใช้งานไม่ได้,0.0146,DIFFERENT
ก๊อกน้ำและท่อประปาที่ ตึก EN ไหลช้ามาก มีสีขุ่นเหลือง,ทางเดิน Skywalk ลื่นมากหลังฝนตก มีนิสิตลื่นล้มหลายคน,0.076,DIFFERENT
ก๊อกน้ำและท่อประปาที่ คณะศิลปศาสตร์ ไหลช้ามาก มีสีขุ่นเหลือง,ทางเดิน Skywalk ลื่นมากหลังฝนตก มีนิสิตลื่นล้มหลายคน,0.0513,DIFFERENT
แอร์ห้อง 2204 ป้ายรถเมล์หน้า ม. มีน้ำรั่วหยดและไม่เย็นเลย ร้อนมาก,เครื่องปรับอากาศห้อง 2204 ป้ายรถบัสหน้ามหาวิทยาลัยพะเยา น้ำหยดลงพื้น แอร์ไม่ฉ่ำเลย นั่งเรียนไม่ได้,0.9692,DUPLICATE
เครื่องปรับอากาศห้อง 1303 คณะศิลปศาสตร์ เสีย ไม่เย็น,เครื่องปรับอากาศห้อง 3304 คณะศิลปศาสตร์ เสีย ไม่เย็น,0.1631,DIFFERENT
สัญญาณเน็ต UP-WiFi คณะแพทยศาสตร์ หลุดบ่อย เล่นไม่ได้,สุนัขจรจัดดุมาก วิ่งไล่กวดนิสิตตรง คณะแพทยศาสตร์,0.0257,DIFFERENT
ถังขยะหน้า คณะเภสัชศาสตร์ ขยะล้นถัง ส่งกลิ่นเหม็นเน่า ไม่มีเจ้าหน้าที่มาเก็บ,ขยะเน่าล้นถังขยะบริเวณ ตึกเภสัช เหม็นคลุ้งมาก เกลื่อนเต็มพื้น,0.958,DUPLICATE
เครื่องปรับอากาศห้อง 1203 คณะแพทยศาสตร์ เสีย ไม่เย็น,เครื่องปรับอากาศห้อง 3202 คณะแพทยศาสตร์ เสีย ไม่เย็น,0.1607,DIFFERENT
ไฟในห้องน้ำหญิง หอพักลุมพินี ดับสนิท มืดมาก มองไม่เห็นทาง,หลอดไฟห้องน้ำหญิง หอพักใน มพ. ขาด เสีย มืดตึ๊ดตื๋อ เข้าใช้งานไม่ได้,0.971,DUPLICATE
สุนัขจรจัดฝูงใหญ่ดุมาก วิ่งไล่กวดรถมอเตอร์ไซค์ตรง โรงอาหารกลาง,หมาจรจัดตรง โรงอาหารใหญ่ ดุ วิ่งไล่เห่านิสิตที่เดินผ่านตอนกลางคืน,0.9711,DUPLICATE
คนขับรถชัตเติลบัสสาย 3 (สีแดง) ขับเร็วและเบรกกระชากแรงมากตรง ป้ายหอพักใน,รถเมล์ มพ. สาย 3 (สีแดง) ซิ่งเร็ว เบรกกะทันหัน ผู้โดยสารเกือบหัวทิ่มแถว ป้ายรอรถหอใน มพ.,0.9167,DUPLICATE
โปรเจกเตอร์ห้อง 3304 ประตู 1 ม.พะเยา เปิดไม่ติด ภาพไม่ขึ้นจอ อาจารย์สอนไม่ได้,เครื่องฉายโปรเจกเตอร์ห้องเรียน 3304 ประตูหน้ามอ พัง จอภาพมืดสนิท,0.9367,DUPLICATE
หลอดไฟทางเดินหน้า ตึก ICT ดับสนิท มืดมาก,ถังขยะหน้า ตึก ICT ขยะล้นถัง ส่งกลิ่นเหม็นเน่า,0.105,DIFFERENT
ถังขยะหน้า หอพักลุมพินี ขยะล้นถัง ส่งกลิ่นเหม็นเน่า ไม่มีเจ้าหน้าที่มาเก็บ,ขยะเน่าล้นถังขยะบริเวณ หอพักใน มพ. เหม็นคลุ้งมาก เกลื่อนเต็มพื้น,0.9772,DUPLICATE
พบแมลงสาบและสิ่งสกปรกปนเปื้อนในจานข้าวที่ คณะเกษตรศาสตร์,เจอแมลงสาบตัวเล็กในอาหารร้านข้าวที่ ตึกเกษตร สกปรกมาก ไม่ถูกสุขอนามัย,0.9791,DUPLICATE
ถังขยะหน้า คณะเภสัชศาสตร์ ขยะล้นถัง ส่งกลิ่นเหม็นเน่า ไม่มีเจ้าหน้าที่มาเก็บ,ขยะเน่าล้นถังขยะบริเวณ ตึกเภสัช เหม็นคลุ้งมาก เกลื่อนเต็มพื้น,0.9873,DUPLICATE
คนขับรถชัตเติลบัสสาย 3 (สีแดง) ขับเร็วและเบรกกระชากแรงมากตรง ทางเดิน Skywalk,รถเมล์ มพ. สาย 3 (สีแดง) ซิ่งเร็ว เบรกกะทันหัน ผู้โดยสารเกือบหัวทิ่มแถว สะพานสกายวอล์ค,0.9541,DUPLICATE
หลอดไฟทางเดินหน้า กองพัฒนานิสิต DSA ดับสนิท มืดมาก,ถังขยะหน้า กองพัฒนานิสิต DSA ขยะล้นถัง ส่งกลิ่นเหม็นเน่า,0.0951,DIFFERENT
กิ่งไม้ใหญ่หักโค่นพาดขวางถนนตรง คณะศิลปศาสตร์ รถสัญจรไม่ได้,ต้นไม้ล้มขวางทางจราจรบริเวณ ตึกศิลปศาสตร์ รถผ่านไม่ได้ การจราจรติดขัด,0.9754,DUPLICATE
ถังขยะหน้า คณะศิลปศาสตร์ ขยะล้นถัง ส่งกลิ่นเหม็นเน่า ไม่มีเจ้าหน้าที่มาเก็บ,ขยะเน่าล้นถังขยะบริเวณ ตึกศิลปศาสตร์ เหม็นคลุ้งมาก เกลื่อนเต็มพื้น,0.9858,DUPLICATE
มีคนร้ายกรีดเบาะรถและขโมยหมวกกันน็อคตรงลานจอด คณะเกษตรศาสตร์,โดนขโมยหมวกกันน็อคและเบาะรถจักรยานยนต์โดนกรีดที่ลานจอดรถ ตึกเกษตร,0.9408,DUPLICATE
ถังขยะหน้า คณะแพทยศาสตร์ ขยะล้นถัง ส่งกลิ่นเหม็นเน่า ไม่มีเจ้าหน้าที่มาเก็บ,ขยะเน่าล้นถังขยะบริเวณ ตึกแพทย์ เหม็นคลุ้งมาก เกลื่อนเต็มพื้น,0.9532,DUPLICATE
มีคนร้ายกรีดเบาะรถและขโมยหมวกกันน็อคตรงลานจอด ตึก EN,โดนขโมยหมวกกันน็อคและเบาะรถจักรยานยนต์โดนกรีดที่ลานจอดรถ อาคารคณะวิศวกรรมศาสตร์,0.9362,DUPLICATE
หลอดไฟทางเดินหน้า ตึก EN ดับสนิท มืดมาก,ถังขยะหน้า ตึก EN ขยะล้นถัง ส่งกลิ่นเหม็นเน่า,0.0758,DIFFERENT
สัญญาณอินเทอร์เน็ต UP-WiFi ป้ายหอพักใน หลุดบ่อยมาก เชื่อมต่อไม่ได้เลย,เน็ตไวไฟ UP-WiFi ที่ ป้ายรอรถหอใน มพ. ต่อไม่ติด หลุดทุก 5 นาที ทำงานไม่ได้,0.9311,DUPLICATE
สอบถามขั้นตอนการขอทุนการศึกษานิสิตขาดแคลนทุนทรัพย์,มีคนร้ายขโมยหมวกกันน็อคตรงลานจอดรถ หอพักลุมพินี,0.0263,DIFFERENT
รถเมล์มอสาย 2 (สีเขียว) รอนานมากเกิน 45 นาที รถไม่พอ นิสิตยืนล้นป้าย ทางเดิน Skywalk,รอรถบัส มพ. สาย 2 (สีเขียว) ที่ สะพานสกายวอล์ค นานมาก คนเบียดกันแน่น รถขาดระยะ,0.9323,DUPLICATE
ก๊อกน้ำและท่อประปาที่ ตึก ICT ไหลช้ามาก มีสีขุ่นเหลือง,ทางเดิน Skywalk ลื่นมากหลังฝนตก มีนิสิตลื่นล้มหลายคน,0.0599,DIFFERENT
กิ่งไม้ใหญ่หักโค่นพาดขวางถนนตรง คณะนิติศาสตร์ รถสัญจรไม่ได้,ต้นไม้ล้มขวางทางจราจรบริเวณ ตึกนิติศาสตร์ รถผ่านไม่ได้ การจราจรติดขัด,0.9581,DUPLICATE
โปรเจกเตอร์ห้อง 2104 คณะวิทยาศาสตร์ เปิดไม่ติด ภาพไม่ขึ้นจอ อาจารย์สอนไม่ได้,เครื่องฉายโปรเจกเตอร์ห้องเรียน 2104 ตึกวิทย์ พัง จอภาพมืดสนิท,0.9239,DUPLICATE
แอร์ห้อง 3404 คณะพยาบาลศาสตร์ มีน้ำรั่วหยดและไม่เย็นเลย ร้อนมาก,เครื่องปรับอากาศห้อง 3404 ตึกพยาบาล น้ำหยดลงพื้น แอร์ไม่ฉ่ำเลย นั่งเรียนไม่ได้,0.9253,DUPLICATE
สัญญาณอินเทอร์เน็ต UP-WiFi คณะศิลปศาสตร์ หลุดบ่อยมาก เชื่อมต่อไม่ได้เลย,เน็ตไวไฟ UP-WiFi ที่ ตึกศิลปศาสตร์ ต่อไม่ติด หลุดทุก 5 นาที ทำงานไม่ได้,0.9373,DUPLICATE
แอร์ห้อง 4202 คณะวิทยาศาสตร์ มีน้ำรั่วหยดและไม่เย็นเลย,สายชำระห้องน้ำหญิงชั้น 8 คณะวิทยาศาสตร์ แตก น้ำนองพื้น,0.0475,DIFFERENT
รถเมล์มอสาย 3 (สีแดง) รอนานมากเกิน 45 นาที รถไม่พอ นิสิตยืนล้นป้าย คณะศิลปศาสตร์,รอรถบัส มพ. สาย 3 (สีแดง) ที่ ตึกศิลปศาสตร์ นานมาก คนเบียดกันแน่น รถขาดระยะ,0.9307,DUPLICATE
สายชำระและก๊อกน้ำห้องน้ำชั้น 2 ตึก EN แตก น้ำไหลนองเต็มพื้น,สายฉีดก้นกับก๊อกน้ำชำรุด น้ำรั่วท่วมห้องน้ำชั้น 2 อาคารคณะวิศวกรรมศาสตร์,0.9495,DUPLICATE
แอร์ห้อง 4104 ตึก EN มีน้ำรั่วหยดและไม่เย็นเลย,สายชำระห้องน้ำหญิงชั้น 8 ตึก EN แตก น้ำนองพื้น,0.0342,DIFFERENT
ตารางสอบปลายภาควิชา GEN001 ชนกัน ขอทำเรื่องสอบซ้ำ,ลิฟต์โดยสาร ป้ายหอพักใน ค้างที่ชั้น 3 ใช้งานไม่ได้,0.0328,DIFFERENT
สอบถามขั้นตอนการขอทุนการศึกษานิสิตขาดแคลนทุนทรัพย์,มีคนร้ายขโมยหมวกกันน็อคตรงลานจอดรถ ตึก ICT,0.0,DIFFERENT
คนขับรถชัตเติลบัสสาย 4 (สีน้ำเงิน) ขับเร็วและเบรกกระชากแรงมากตรง ตึก EN,รถเมล์ มพ. สาย 4 (สีน้ำเงิน) ซิ่งเร็ว เบรกกะทันหัน ผู้โดยสารเกือบหัวทิ่มแถว อาคารคณะวิศวกรรมศาสตร์,0.9403,DUPLICATE
สายชำระและก๊อกน้ำห้องน้ำชั้น 5 ตึก ICT แตก น้ำไหลนองเต็มพื้น,สายฉีดก้นกับก๊อกน้ำชำรุด น้ำรั่วท่วมห้องน้ำชั้น 5 อาคารเทคโนโลยีสารสนเทศและการสื่อสาร,0.9266,DUPLICATE
ลิฟต์โดยสาร ป้ายหอพักใน ค้างที่ชั้น 8 ประตูปิดไม่สนิท น่ากลัวมาก,ลิฟต์ ป้ายรอรถหอใน มพ. เสีย ติดค้างอยู่ที่ชั้น 8 กดปุ่มเปิดไม่ไป,0.9739,DUPLICATE
สัญญาณอินเทอร์เน็ต UP-WiFi ตึก PKY หลุดบ่อยมาก เชื่อมต่อไม่ได้เลย,เน็ตไวไฟ UP-WiFi ที่ อาคารสงวนเสริมศรี ต่อไม่ติด หลุดทุก 5 นาที ทำงานไม่ได้,0.9457,DUPLICATE
สอบถามขั้นตอนการขอทุนการศึกษานิสิตขาดแคลนทุนทรัพย์,มีคนร้ายขโมยหมวกกันน็อคตรงลานจอดรถ คณะนิติศาสตร์,0.0385,DIFFERENT
สัญญาณเน็ต UP-WiFi คณะวิทยาศาสตร์ หลุดบ่อย เล่นไม่ได้,สุนัขจรจัดดุมาก วิ่งไล่กวดนิสิตตรง คณะวิทยาศาสตร์,0.0389,DIFFERENT
ตารางสอบปลายภาควิชา GEN001 ชนกัน ขอทำเรื่องสอบซ้ำ,ลิฟต์โดยสาร หอพักลุมพินี ค้างที่ชั้น 3 ใช้งานไม่ได้,0.0319,DIFFERENT
เว็บลงทะเบียนเรียน Reg UP ล่ม เข้าสู่ระบบไม่ได้ หน้าจอขึ้น 504 Gateway Timeout,ระบบ REG ม.พะเยา ค้าง เข้าเช็คผลการเรียนและลงทะเบียนวิชาไม่ได้เลย,0.9197,DUPLICATE
รถเมล์มอสาย 1 (สีม่วง) รอนานมากเกิน 45 นาที รถไม่พอ นิสิตยืนล้นป้าย โรงอาหารกลาง,รอรถบัส มพ. สาย 1 (สีม่วง) ที่ โรงอาหารใหญ่ นานมาก คนเบียดกันแน่น รถขาดระยะ,0.9546,DUPLICATE
พบแมลงสาบและสิ่งสกปรกปนเปื้อนในจานข้าวที่ ป้ายรถเมล์หน้า ม.,เจอแมลงสาบตัวเล็กในอาหารร้านข้าวที่ ป้ายรถบัสหน้ามหาวิทยาลัยพะเยา สกปรกมาก ไม่ถูกสุขอนามัย,0.9466,DUPLICATE
กิ่งไม้ใหญ่หักโค่นพาดขวางถนนตรง คณะเกษตรศาสตร์ รถสัญจรไม่ได้,ต้นไม้ล้มขวางทางจราจรบริเวณ ตึกเกษตร รถผ่านไม่ได้ การจราจรติดขัด,0.938,DUPLICATE
หลอดไฟทางเดินหน้า คณะพยาบาลศาสตร์ ดับสนิท มืดมาก,ถังขยะหน้า คณะพยาบาลศาสตร์ ขยะล้นถัง ส่งกลิ่นเหม็นเน่า,0.1016,DIFFERENT
เว็บลงทะเบียนเรียน Reg UP ล่ม เข้าสู่ระบบไม่ได้ หน้าจอขึ้น 504 Gateway Timeout,ระบบ REG ม.พะเยา ค้าง เข้าเช็คผลการเรียนและลงทะเบียนวิชาไม่ได้เลย,0.9483,DUPLICATE
หลอดไฟทางเดินหน้า คณะวิทยาศาสตร์ ดับสนิท มืดมาก,ถังขยะหน้า คณะวิทยาศาสตร์ ขยะล้นถัง ส่งกลิ่นเหม็นเน่า,0.0728,DIFFERENT
สายชำระและก๊อกน้ำห้องน้ำชั้น 3 คณะนิติศาสตร์ แตก น้ำไหลนองเต็มพื้น,สายฉีดก้นกับก๊อกน้ำชำรุด น้ำรั่วท่วมห้องน้ำชั้น 3 ตึกนิติศาสตร์,0.9334,DUPLICATE
ก๊อกน้ำและท่อประปาที่ คณะพยาบาลศาสตร์ ไหลช้ามาก มีสีขุ่นเหลือง,ทางเดิน Skywalk ลื่นมากหลังฝนตก มีนิสิตลื่นล้มหลายคน,0.0899,DIFFERENT
สายชำระและก๊อกน้ำห้องน้ำชั้น 6 คณะนิติศาสตร์ แตก น้ำไหลนองเต็มพื้น,สายฉีดก้นกับก๊อกน้ำชำรุด น้ำรั่วท่วมห้องน้ำชั้น 6 ตึกนิติศาสตร์,0.945,DUPLICATE
แอร์ห้อง 2302 ตึก EN มีน้ำรั่วหยดและไม่เย็นเลย ร้อนมาก,เครื่องปรับอากาศห้อง 2302 อาคารคณะวิศวกรรมศาสตร์ น้ำหยดลงพื้น แอร์ไม่ฉ่ำเลย นั่งเรียนไม่ได้,0.9288,DUPLICATE
สุนัขจรจัดฝูงใหญ่ดุมาก วิ่งไล่กวดรถมอเตอร์ไซค์ตรง คณะพยาบาลศาสตร์,หมาจรจัดตรง ตึกพยาบาล ดุ วิ่งไล่เห่านิสิตที่เดินผ่านตอนกลางคืน,0.9452,DUPLICATE
สอบถามขั้นตอนการขอทุนการศึกษานิสิตขาดแคลนทุนทรัพย์,มีคนร้ายขโมยหมวกกันน็อคตรงลานจอดรถ โรงอาหารสงวนเสริมศรี,0.0148,DIFFERENT
สัญญาณเน็ต UP-WiFi คณะเภสัชศาสตร์ หลุดบ่อย เล่นไม่ได้,สุนัขจรจัดดุมาก วิ่งไล่กวดนิสิตตรง คณะเภสัชศาสตร์,0.0285,DIFFERENT
คนขับรถชัตเติลบัสสาย 2 (สีเขียว) ขับเร็วและเบรกกระชากแรงมากตรง คณะเภสัชศาสตร์,รถเมล์ มพ. สาย 2 (สีเขียว) ซิ่งเร็ว เบรกกะทันหัน ผู้โดยสารเกือบหัวทิ่มแถว ตึกเภสัช,0.9289,DUPLICATE
โปรเจกเตอร์ห้อง 4203 โรงอาหารสงวนเสริมศรี เปิดไม่ติด ภาพไม่ขึ้นจอ อาจารย์สอนไม่ได้,เครื่องฉายโปรเจกเตอร์ห้องเรียน 4203 โรงอาหาร PKY พัง จอภาพมืดสนิท,0.9493,DUPLICATE
หลอดไฟทางเดินหน้า โรงอาหารสงวนเสริมศรี ดับสนิท มืดมาก,ถังขยะหน้า โรงอาหารสงวนเสริมศรี ขยะล้นถัง ส่งกลิ่นเหม็นเน่า,0.0675,DIFFERENT
คนขับรถชัตเติลบัสสาย 3 (สีแดง) ขับเร็วและเบรกกระชากแรงมากตรง โรงอาหารกลาง,รถเมล์ มพ. สาย 3 (สีแดง) ซิ่งเร็ว เบรกกะทันหัน ผู้โดยสารเกือบหัวทิ่มแถว โรงอาหารใหญ่,0.9499,DUPLICATE
มีคนร้ายกรีดเบาะรถและขโมยหมวกกันน็อคตรงลานจอด ป้ายรถเมล์หน้า ม.,โดนขโมยหมวกกันน็อคและเบาะรถจักรยานยนต์โดนกรีดที่ลานจอดรถ ป้ายรถบัสหน้ามหาวิทยาลัยพะเยา,0.9327,DUPLICATE
พบแมลงสาบและสิ่งสกปรกปนเปื้อนในจานข้าวที่ ตึก EN,เจอแมลงสาบตัวเล็กในอาหารร้านข้าวที่ อาคารคณะวิศวกรรมศาสตร์ สกปรกมาก ไม่ถูกสุขอนามัย,0.9471,DUPLICATE
แอร์ห้อง 2302 ตึก ICT มีน้ำรั่วหยดและไม่เย็นเลย ร้อนมาก,เครื่องปรับอากาศห้อง 2302 อาคารเทคโนโลยีสารสนเทศและการสื่อสาร น้ำหยดลงพื้น แอร์ไม่ฉ่ำเลย นั่งเรียนไม่ได้,0.9374,DUPLICATE
สอบถามขั้นตอนการขอทุนการศึกษานิสิตขาดแคลนทุนทรัพย์,มีคนร้ายขโมยหมวกกันน็อคตรงลานจอดรถ คณะเกษตรศาสตร์,0.0107,DIFFERENT
ไฟในห้องน้ำหญิง คณะเภสัชศาสตร์ ดับสนิท มืดมาก มองไม่เห็นทาง,หลอดไฟห้องน้ำหญิง ตึกเภสัช ขาด เสีย มืดตึ๊ดตื๋อ เข้าใช้งานไม่ได้,0.9652,DUPLICATE
สายชำระและก๊อกน้ำห้องน้ำชั้น 6 ป้ายรถเมล์หน้า ม. แตก น้ำไหลนองเต็มพื้น,สายฉีดก้นกับก๊อกน้ำชำรุด น้ำรั่วท่วมห้องน้ำชั้น 6 ป้ายรถบัสหน้ามหาวิทยาลัยพะเยา,0.965,DUPLICATE
หลอดไฟทางเดินหน้า โรงอาหารกลาง ดับสนิท มืดมาก,ถังขยะหน้า โรงอาหารกลาง ขยะล้นถัง ส่งกลิ่นเหม็นเน่า,0.0957,DIFFERENT
คนขับรถชัตเติลบัสสาย 1 (สีม่วง) ขับเร็วและเบรกกระชากแรงมากตรง ตึก EN,รถเมล์ มพ. สาย 1 (สีม่วง) ซิ่งเร็ว เบรกกะทันหัน ผู้โดยสารเกือบหัวทิ่มแถว อาคารคณะวิศวกรรมศาสตร์,0.9435,DUPLICATE
รถเมล์มอสาย 4 รอนานมาก ไม่ยอมจอดรับที่ป้าย,อาหารที่โรงอาหาร คณะเกษตรศาสตร์ มีรสเปรี้ยวบูด กินแล้วท้องเสีย,0.0178,DIFFERENT
สุนัขจรจัดฝูงใหญ่ดุมาก วิ่งไล่กวดรถมอเตอร์ไซค์ตรง ตึก PKY,หมาจรจัดตรง อาคารสงวนเสริมศรี ดุ วิ่งไล่เห่านิสิตที่เดินผ่านตอนกลางคืน,0.9642,DUPLICATE
ตารางสอบปลายภาควิชา GEN001 ชนกัน ขอทำเรื่องสอบซ้ำ,ลิฟต์โดยสาร โรงอาหารสงวนเสริมศรี ค้างที่ชั้น 6 ใช้งานไม่ได้,0.0043,DIFFERENT
ไฟในห้องน้ำหญิง ป้ายรถเมล์หน้า ม. ดับสนิท มืดมาก มองไม่เห็นทาง,หลอดไฟห้องน้ำหญิง ป้ายรถบัสหน้ามหาวิทยาลัยพะเยา ขาด เสีย มืดตึ๊ดตื๋อ เข้าใช้งานไม่ได้,0.982,DUPLICATE
ก๊อกน้ำและท่อประปาที่ ป้ายรถเมล์หน้า ม. ไหลช้ามาก มีสีขุ่นเหลือง,ทางเดิน Skywalk ลื่นมากหลังฝนตก มีนิสิตลื่นล้มหลายคน,0.0588,DIFFERENT
ไฟในห้องน้ำหญิง ตึก PKY ดับสนิท มืดมาก มองไม่เห็นทาง,หลอดไฟห้องน้ำหญิง อาคารสงวนเสริมศรี ขาด เสีย มืดตึ๊ดตื๋อ เข้าใช้งานไม่ได้,0.9771,DUPLICATE
รถเมล์มอสาย 1 รอนานมาก ไม่ยอมจอดรับที่ป้าย,อาหารที่โรงอาหาร คณะวิทยาศาสตร์ มีรสเปรี้ยวบูด กินแล้วท้องเสีย,0.0001,DIFFERENT
หลอดไฟทางเดินหน้า คณะเภสัชศาสตร์ ดับสนิท มืดมาก,ถังขยะหน้า คณะเภสัชศาสตร์ ขยะล้นถัง ส่งกลิ่นเหม็นเน่า,0.1082,DIFFERENT
เว็บลงทะเบียนเรียน Reg UP ล่ม เข้าสู่ระบบไม่ได้ หน้าจอขึ้น 504 Gateway Timeout,ระบบ REG ม.พะเยา ค้าง เข้าเช็คผลการเรียนและลงทะเบียนวิชาไม่ได้เลย,0.9419,DUPLICATE
ลิฟต์โดยสาร ตึก PKY ค้างที่ชั้น 8 ประตูปิดไม่สนิท น่ากลัวมาก,ลิฟต์ อาคารสงวนเสริมศรี เสีย ติดค้างอยู่ที่ชั้น 8 กดปุ่มเปิดไม่ไป,0.9228,DUPLICATE
คนขับรถชัตเติลบัสสาย 1 (สีม่วง) ขับเร็วและเบรกกระชากแรงมากตรง ป้ายหอพักใน,รถเมล์ มพ. สาย 1 (สีม่วง) ซิ่งเร็ว เบรกกะทันหัน ผู้โดยสารเกือบหัวทิ่มแถว ป้ายรอรถหอใน มพ.,0.9154,DUPLICATE
มีคนร้ายกรีดเบาะรถและขโมยหมวกกันน็อคตรงลานจอด คณะศิลปศาสตร์,โดนขโมยหมวกกันน็อคและเบาะรถจักรยานยนต์โดนกรีดที่ลานจอดรถ ตึกศิลปศาสตร์,0.9325,DUPLICATE
รถเมล์มอสาย 3 รอนานมาก ไม่ยอมจอดรับที่ป้าย,อาหารที่โรงอาหาร คณะนิติศาสตร์ มีรสเปรี้ยวบูด กินแล้วท้องเสีย,0.0283,DIFFERENT
รถเมล์มอสาย 1 (สีม่วง) รอนานมากเกิน 45 นาที รถไม่พอ นิสิตยืนล้นป้าย คณะนิติศาสตร์,รอรถบัส มพ. สาย 1 (สีม่วง) ที่ ตึกนิติศาสตร์ นานมาก คนเบียดกันแน่น รถขาดระยะ,0.9722,DUPLICATE
สัญญาณเน็ต UP-WiFi ป้ายหอพักใน หลุดบ่อย เล่นไม่ได้,สุนัขจรจัดดุมาก วิ่งไล่กวดนิสิตตรง ป้ายหอพักใน,0.054,DIFFERENT
พบแมลงสาบและสิ่งสกปรกปนเปื้อนในจานข้าวที่ ประตู 1 ม.พะเยา,เจอแมลงสาบตัวเล็กในอาหารร้านข้าวที่ ประตูหน้ามอ สกปรกมาก ไม่ถูกสุขอนามัย,0.9481,DUPLICATE
สัญญาณเน็ต UP-WiFi ตึก EN หลุดบ่อย เล่นไม่ได้,สุนัขจรจัดดุมาก วิ่งไล่กวดนิสิตตรง ตึก EN,0.028,DIFFERENT
ตารางสอบปลายภาควิชา GEN001 ชนกัน ขอทำเรื่องสอบซ้ำ,ลิฟต์โดยสาร คณะเกษตรศาสตร์ ค้างที่ชั้น 8 ใช้งานไม่ได้,0.0323,DIFFERENT
สัญญาณอินเทอร์เน็ต UP-WiFi หอพักลุมพินี หลุดบ่อยมาก เชื่อมต่อไม่ได้เลย,เน็ตไวไฟ UP-WiFi ที่ หอพักใน มพ. ต่อไม่ติด หลุดทุก 5 นาที ทำงานไม่ได้,0.9364,DUPLICATE
สุนัขจรจัดฝูงใหญ่ดุมาก วิ่งไล่กวดรถมอเตอร์ไซค์ตรง ป้ายรถเมล์หน้า ม.,หมาจรจัดตรง ป้ายรถบัสหน้ามหาวิทยาลัยพะเยา ดุ วิ่งไล่เห่านิสิตที่เดินผ่านตอนกลางคืน,0.9464,DUPLICATE
ตารางสอบปลายภาควิชา GEN001 ชนกัน ขอทำเรื่องสอบซ้ำ,ลิฟต์โดยสาร กองพัฒนานิสิต DSA ค้างที่ชั้น 1 ใช้งานไม่ได้,0.001,DIFFERENT
รถเมล์มอสาย 1 (สีม่วง) รอนานมากเกิน 45 นาที รถไม่พอ นิสิตยืนล้นป้าย คณะศิลปศาสตร์,รอรถบัส มพ. สาย 1 (สีม่วง) ที่ ตึกศิลปศาสตร์ นานมาก คนเบียดกันแน่น รถขาดระยะ,0.9203,DUPLICATE
สัญญาณอินเทอร์เน็ต UP-WiFi ตึก CE หลุดบ่อยมาก เชื่อมต่อไม่ได้เลย,เน็ตไวไฟ UP-WiFi ที่ อาคารเรียนรวม CE ต่อไม่ติด หลุดทุก 5 นาที ทำงานไม่ได้,0.9725,DUPLICATE
รถเมล์มอสาย 4 (สีน้ำเงิน) รอนานมากเกิน 45 นาที รถไม่พอ นิสิตยืนล้นป้าย ตึก CE,รอรถบัส มพ. สาย 4 (สีน้ำเงิน) ที่ อาคารเรียนรวม CE นานมาก คนเบียดกันแน่น รถขาดระยะ,0.9452,DUPLICATE
รถเมล์มอสาย 4 (สีน้ำเงิน) รอนานมากเกิน 45 นาที รถไม่พอ นิสิตยืนล้นป้าย ตึก EN,รอรถบัส มพ. สาย 4 (สีน้ำเงิน) ที่ อาคารคณะวิศวกรรมศาสตร์ นานมาก คนเบียดกันแน่น รถขาดระยะ,0.9203,DUPLICATE
สอบถามขั้นตอนการขอทุนการศึกษานิสิตขาดแคลนทุนทรัพย์,มีคนร้ายขโมยหมวกกันน็อคตรงลานจอดรถ ประตู 1 ม.พะเยา,0.0256,DIFFERENT
ก๊อกน้ำและท่อประปาที่ ตึก PKY ไหลช้ามาก มีสีขุ่นเหลือง,ทางเดิน Skywalk ลื่นมากหลังฝนตก มีนิสิตลื่นล้มหลายคน,0.0894,DIFFERENT
โปรเจกเตอร์ห้อง 3102 คณะแพทยศาสตร์ เปิดไม่ติด ภาพไม่ขึ้นจอ อาจารย์สอนไม่ได้,เครื่องฉายโปรเจกเตอร์ห้องเรียน 3102 ตึกแพทย์ พัง จอภาพมืดสนิท,0.9477,DUPLICATE
ก๊อกน้ำและท่อประปาที่ โรงอาหารกลาง ไหลช้ามาก มีสีขุ่นเหลือง,ทางเดิน Skywalk ลื่นมากหลังฝนตก มีนิสิตลื่นล้มหลายคน,0.0801,DIFFERENT
สุนัขจรจัดฝูงใหญ่ดุมาก วิ่งไล่กวดรถมอเตอร์ไซค์ตรง โรงอาหารกลาง,หมาจรจัดตรง โรงอาหารใหญ่ ดุ วิ่งไล่เห่านิสิตที่เดินผ่านตอนกลางคืน,0.9361,DUPLICATE
แอร์ห้อง 3304 คณะศิลปศาสตร์ มีน้ำรั่วหยดและไม่เย็นเลย,สายชำระห้องน้ำหญิงชั้น 3 คณะศิลปศาสตร์ แตก น้ำนองพื้น,0.0381,DIFFERENT
หลอดไฟทางเดินหน้า คณะเภสัชศาสตร์ ดับสนิท มืดมาก,ถังขยะหน้า คณะเภสัชศาสตร์ ขยะล้นถัง ส่งกลิ่นเหม็นเน่า,0.0976,DIFFERENT
หลอดไฟทางเดินหน้า คณะศิลปศาสตร์ ดับสนิท มืดมาก,ถังขยะหน้า คณะศิลปศาสตร์ ขยะล้นถัง ส่งกลิ่นเหม็นเน่า,0.0819,DIFFERENT
เครื่องปรับอากาศห้อง 1304 ตึก CE เสีย ไม่เย็น,เครื่องปรับอากาศห้อง 3403 ตึก CE เสีย ไม่เย็น,0.1776,DIFFERENT
สอบถามขั้นตอนการขอทุนการศึกษานิสิตขาดแคลนทุนทรัพย์,มีคนร้ายขโมยหมวกกันน็อคตรงลานจอดรถ ป้ายรถเมล์หน้า ม.,0.0202,DIFFERENT
สัญญาณอินเทอร์เน็ต UP-WiFi ป้ายรถเมล์หน้า ม. หลุดบ่อยมาก เชื่อมต่อไม่ได้เลย,เน็ตไวไฟ UP-WiFi ที่ ป้ายรถบัสหน้ามหาวิทยาลัยพะเยา ต่อไม่ติด หลุดทุก 5 นาที ทำงานไม่ได้,0.9532,DUPLICATE
พบแมลงสาบและสิ่งสกปรกปนเปื้อนในจานข้าวที่ ตึก EN,เจอแมลงสาบตัวเล็กในอาหารร้านข้าวที่ อาคารคณะวิศวกรรมศาสตร์ สกปรกมาก ไม่ถูกสุขอนามัย,0.9938,DUPLICATE
สอบถามขั้นตอนการขอทุนการศึกษานิสิตขาดแคลนทุนทรัพย์,มีคนร้ายขโมยหมวกกันน็อคตรงลานจอดรถ ตึก CE,0.0,DIFFERENT
โปรเจกเตอร์ห้อง 3202 ตึก EN เปิดไม่ติด ภาพไม่ขึ้นจอ อาจารย์สอนไม่ได้,เครื่องฉายโปรเจกเตอร์ห้องเรียน 3202 อาคารคณะวิศวกรรมศาสตร์ พัง จอภาพมืดสนิท,0.9668,DUPLICATE
รถเมล์มอสาย 4 รอนานมาก ไม่ยอมจอดรับที่ป้าย,อาหารที่โรงอาหาร คณะพยาบาลศาสตร์ มีรสเปรี้ยวบูด กินแล้วท้องเสีย,0.0383,DIFFERENT
มีคนร้ายกรีดเบาะรถและขโมยหมวกกันน็อคตรงลานจอด คณะพยาบาลศาสตร์,โดนขโมยหมวกกันน็อคและเบาะรถจักรยานยนต์โดนกรีดที่ลานจอดรถ ตึกพยาบาล,0.9439,DUPLICATE
หลอดไฟทางเดินหน้า คณะเกษตรศาสตร์ ดับสนิท มืดมาก,ถังขยะหน้า คณะเกษตรศาสตร์ ขยะล้นถัง ส่งกลิ่นเหม็นเน่า,0.0624,DIFFERENT
สุนัขจรจัดฝูงใหญ่ดุมาก วิ่งไล่กวดรถมอเตอร์ไซค์ตรง ตึก PKY,หมาจรจัดตรง อาคารสงวนเสริมศรี ดุ วิ่งไล่เห่านิสิตที่เดินผ่านตอนกลางคืน,0.9307,DUPLICATE
ไฟในห้องน้ำหญิง หอพักลุมพินี ดับสนิท มืดมาก มองไม่เห็นทาง,หลอดไฟห้องน้ำหญิง หอพักใน มพ. ขาด เสีย มืดตึ๊ดตื๋อ เข้าใช้งานไม่ได้,0.9563,DUPLICATE
ลิฟต์โดยสาร ทางเดิน Skywalk ค้างที่ชั้น 8 ประตูปิดไม่สนิท น่ากลัวมาก,ลิฟต์ สะพานสกายวอล์ค เสีย ติดค้างอยู่ที่ชั้น 8 กดปุ่มเปิดไม่ไป,0.92,DUPLICATE
พบแมลงสาบและสิ่งสกปรกปนเปื้อนในจานข้าวที่ ตึก EN,เจอแมลงสาบตัวเล็กในอาหารร้านข้าวที่ อาคารคณะวิศวกรรมศาสตร์ สกปรกมาก ไม่ถูกสุขอนามัย,0.9821,DUPLICATE
สัญญาณเน็ต UP-WiFi หอพักลุมพินี หลุดบ่อย เล่นไม่ได้,สุนัขจรจัดดุมาก วิ่งไล่กวดนิสิตตรง หอพักลุมพินี,0.0482,DIFFERENT
พบแมลงสาบและสิ่งสกปรกปนเปื้อนในจานข้าวที่ คณะวิทยาศาสตร์,เจอแมลงสาบตัวเล็กในอาหารร้านข้าวที่ ตึกวิทย์ สกปรกมาก ไม่ถูกสุขอนามัย,0.9942,DUPLICATE
คนขับรถชัตเติลบัสสาย 1 (สีม่วง) ขับเร็วและเบรกกระชากแรงมากตรง คณะเภสัชศาสตร์,รถเมล์ มพ. สาย 1 (สีม่วง) ซิ่งเร็ว เบรกกะทันหัน ผู้โดยสารเกือบหัวทิ่มแถว ตึกเภสัช,0.9549,DUPLICATE
กิ่งไม้ใหญ่หักโค่นพาดขวางถนนตรง ตึก EN รถสัญจรไม่ได้,ต้นไม้ล้มขวางทางจราจรบริเวณ อาคารคณะวิศวกรรมศาสตร์ รถผ่านไม่ได้ การจราจรติดขัด,0.9737,DUPLICATE
ตารางสอบปลายภาควิชา GEN001 ชนกัน ขอทำเรื่องสอบซ้ำ,ลิฟต์โดยสาร หอพักลุมพินี ค้างที่ชั้น 7 ใช้งานไม่ได้,0.0125,DIFFERENT
คนขับรถชัตเติลบัสสาย 2 (สีเขียว) ขับเร็วและเบรกกระชากแรงมากตรง ป้ายรถเมล์หน้า ม.,รถเมล์ มพ. สาย 2 (สีเขียว) ซิ่งเร็ว เบรกกะทันหัน ผู้โดยสารเกือบหัวทิ่มแถว ป้ายรถบัสหน้ามหาวิทยาลัยพะเยา,0.9532,DUPLICATE
ถังขยะหน้า โรงอาหารกลาง ขยะล้นถัง ส่งกลิ่นเหม็นเน่า ไม่มีเจ้าหน้าที่มาเก็บ,ขยะเน่าล้นถังขยะบริเวณ โรงอาหารใหญ่ เหม็นคลุ้งมาก เกลื่อนเต็มพื้น,0.944,DUPLICATE
โปรเจกเตอร์ห้อง 4303 ป้ายรถเมล์หน้า ม. เปิดไม่ติด ภาพไม่ขึ้นจอ อาจารย์สอนไม่ได้,เครื่องฉายโปรเจกเตอร์ห้องเรียน 4303 ป้ายรถบัสหน้ามหาวิทยาลัยพะเยา พัง จอภาพมืดสนิท,0.9308,DUPLICATE
หลอดไฟทางเดินหน้า กองพัฒนานิสิต DSA ดับสนิท มืดมาก,ถังขยะหน้า กองพัฒนานิสิต DSA ขยะล้นถัง ส่งกลิ่นเหม็นเน่า,0.0674,DIFFERENT
สายชำระและก๊อกน้ำห้องน้ำชั้น 1 คณะพยาบาลศาสตร์ แตก น้ำไหลนองเต็มพื้น,สายฉีดก้นกับก๊อกน้ำชำรุด น้ำรั่วท่วมห้องน้ำชั้น 1 ตึกพยาบาล,0.947,DUPLICATE
คนขับรถชัตเติลบัสสาย 4 (สีน้ำเงิน) ขับเร็วและเบรกกระชากแรงมากตรง ทางเดิน Skywalk,รถเมล์ มพ. สาย 4 (สีน้ำเงิน) ซิ่งเร็ว เบรกกะทันหัน ผู้โดยสารเกือบหัวทิ่มแถว สะพานสกายวอล์ค,0.9402,DUPLICATE
ถังขยะหน้า คณะพยาบาลศาสตร์ ขยะล้นถัง ส่งกลิ่นเหม็นเน่า ไม่มีเจ้าหน้าที่มาเก็บ,ขยะเน่าล้นถังขยะบริเวณ ตึกพยาบาล เหม็นคลุ้งมาก เกลื่อนเต็มพื้น,0.9625,DUPLICATE
หลอดไฟทางเดินหน้า ตึก ICT ดับสนิท มืดมาก,ถังขยะหน้า ตึก ICT ขยะล้นถัง ส่งกลิ่นเหม็นเน่า,0.1023,DIFFERENT
แอร์ห้อง 1204 คณะศิลปศาสตร์ มีน้ำรั่วหยดและไม่เย็นเลย,สายชำระห้องน้ำหญิงชั้น 2 คณะศิลปศาสตร์ แตก น้ำนองพื้น,0.0538,DIFFERENT
สายชำระและก๊อกน้ำห้องน้ำชั้น 5 ป้ายรถเมล์หน้า ม. แตก น้ำไหลนองเต็มพื้น,สายฉีดก้นกับก๊อกน้ำชำรุด น้ำรั่วท่วมห้องน้ำชั้น 5 ป้ายรถบัสหน้ามหาวิทยาลัยพะเยา,0.9341,DUPLICATE
ลิฟต์โดยสาร ป้ายหอพักใน ค้างที่ชั้น 3 ประตูปิดไม่สนิท น่ากลัวมาก,ลิฟต์ ป้ายรอรถหอใน มพ. เสีย ติดค้างอยู่ที่ชั้น 3 กดปุ่มเปิดไม่ไป,0.9557,DUPLICATE
สัญญาณอินเทอร์เน็ต UP-WiFi กองพัฒนานิสิต DSA หลุดบ่อยมาก เชื่อมต่อไม่ได้เลย,เน็ตไวไฟ UP-WiFi ที่ ตึกกิจกรรมนิสิต DSA ต่อไม่ติด หลุดทุก 5 นาที ทำงานไม่ได้,0.936,DUPLICATE
กิ่งไม้ใหญ่หักโค่นพาดขวางถนนตรง ป้ายหอพักใน รถสัญจรไม่ได้,ต้นไม้ล้มขวางทางจราจรบริเวณ ป้ายรอรถหอใน มพ. รถผ่านไม่ได้ การจราจรติดขัด,0.9664,DUPLICATE
แอร์ห้อง 4103 คณะนิติศาสตร์ มีน้ำรั่วหยดและไม่เย็นเลย,สายชำระห้องน้ำหญิงชั้น 4 คณะนิติศาสตร์ แตก น้ำนองพื้น,0.0793,DIFFERENT
ตารางสอบปลายภาควิชา GEN001 ชนกัน ขอทำเรื่องสอบซ้ำ,ลิฟต์โดยสาร ทางเดิน Skywalk ค้างที่ชั้น 4 ใช้งานไม่ได้,0.0245,DIFFERENT
พบแมลงสาบและสิ่งสกปรกปนเปื้อนในจานข้าวที่ โรงอาหารกลาง,เจอแมลงสาบตัวเล็กในอาหารร้านข้าวที่ โรงอาหารใหญ่ สกปรกมาก ไม่ถูกสุขอนามัย,0.9847,DUPLICATE
ก๊อกน้ำและท่อประปาที่ ป้ายรถเมล์หน้า ม. ไหลช้ามาก มีสีขุ่นเหลือง,ทางเดิน Skywalk ลื่นมากหลังฝนตก มีนิสิตลื่นล้มหลายคน,0.0485,DIFFERENT
สัญญาณเน็ต UP-WiFi หอพักลุมพินี หลุดบ่อย เล่นไม่ได้,สุนัขจรจัดดุมาก วิ่งไล่กวดนิสิตตรง หอพักลุมพินี,0.0545,DIFFERENT
แอร์ห้อง 1404 โรงอาหารสงวนเสริมศรี มีน้ำรั่วหยดและไม่เย็นเลย,สายชำระห้องน้ำหญิงชั้น 1 โรงอาหารสงวนเสริมศรี แตก น้ำนองพื้น,0.0388,DIFFERENT
เครื่องปรับอากาศห้อง 1101 คณะวิทยาศาสตร์ เสีย ไม่เย็น,เครื่องปรับอากาศห้อง 3203 คณะวิทยาศาสตร์ เสีย ไม่เย็น,0.1401,DIFFERENT
สุนัขจรจัดฝูงใหญ่ดุมาก วิ่งไล่กวดรถมอเตอร์ไซค์ตรง ป้ายรถเมล์หน้า ม.,หมาจรจัดตรง ป้ายรถบัสหน้ามหาวิทยาลัยพะเยา ดุ วิ่งไล่เห่านิสิตที่เดินผ่านตอนกลางคืน,0.9648,DUPLICATE
คนขับรถชัตเติลบัสสาย 1 (สีม่วง) ขับเร็วและเบรกกระชากแรงมากตรง คณะพยาบาลศาสตร์,รถเมล์ มพ. สาย 1 (สีม่วง) ซิ่งเร็ว เบรกกะทันหัน ผู้โดยสารเกือบหัวทิ่มแถว ตึกพยาบาล,0.9332,DUPLICATE
เครื่องปรับอากาศห้อง 1103 คณะศิลปศาสตร์ เสีย ไม่เย็น,เครื่องปรับอากาศห้อง 3402 คณะศิลปศาสตร์ เสีย ไม่เย็น,0.151,DIFFERENT
ถังขยะหน้า คณะเภสัชศาสตร์ ขยะล้นถัง ส่งกลิ่นเหม็นเน่า ไม่มีเจ้าหน้าที่มาเก็บ,ขยะเน่าล้นถังขยะบริเวณ ตึกเภสัช เหม็นคลุ้งมาก เกลื่อนเต็มพื้น,0.9527,DUPLICATE
หลอดไฟทางเดินหน้า ทางเดิน Skywalk ดับสนิท มืดมาก,ถังขยะหน้า ทางเดิน Skywalk ขยะล้นถัง ส่งกลิ่นเหม็นเน่า,0.0959,DIFFERENT
รถเมล์มอสาย 3 รอนานมาก ไม่ยอมจอดรับที่ป้าย,อาหารที่โรงอาหาร คณะพยาบาลศาสตร์ มีรสเปรี้ยวบูด กินแล้วท้องเสีย,0.0182,DIFFERENT
แอร์ห้อง 2402 คณะพยาบาลศาสตร์ มีน้ำรั่วหยดและไม่เย็นเลย,สายชำระห้องน้ำหญิงชั้น 4 คณะพยาบาลศาสตร์ แตก น้ำนองพื้น,0.0392,DIFFERENT
หลอดไฟทางเดินหน้า คณะศิลปศาสตร์ ดับสนิท มืดมาก,ถังขยะหน้า คณะศิลปศาสตร์ ขยะล้นถัง ส่งกลิ่นเหม็นเน่า,0.0854,DIFFERENT
แอร์ห้อง 2404 ป้ายหอพักใน มีน้ำรั่วหยดและไม่เย็นเลย ร้อนมาก,เครื่องปรับอากาศห้อง 2404 ป้ายรอรถหอใน มพ. น้ำหยดลงพื้น แอร์ไม่ฉ่ำเลย นั่งเรียนไม่ได้,0.9475,DUPLICATE
ลิฟต์โดยสาร คณะเกษตรศาสตร์ ค้างที่ชั้น 8 ประตูปิดไม่สนิท น่ากลัวมาก,ลิฟต์ ตึกเกษตร เสีย ติดค้างอยู่ที่ชั้น 8 กดปุ่มเปิดไม่ไป,0.934,DUPLICATE
แอร์ห้อง 3101 โรงอาหารสงวนเสริมศรี มีน้ำรั่วหยดและไม่เย็นเลย ร้อนมาก,เครื่องปรับอากาศห้อง 3101 โรงอาหาร PKY น้ำหยดลงพื้น แอร์ไม่ฉ่ำเลย นั่งเรียนไม่ได้,0.9219,DUPLICATE
สัญญาณอินเทอร์เน็ต UP-WiFi คณะแพทยศาสตร์ หลุดบ่อยมาก เชื่อมต่อไม่ได้เลย,เน็ตไวไฟ UP-WiFi ที่ ตึกแพทย์ ต่อไม่ติด หลุดทุก 5 นาที ทำงานไม่ได้,0.9748,DUPLICATE
มีคนร้ายกรีดเบาะรถและขโมยหมวกกันน็อคตรงลานจอด ประตู 1 ม.พะเยา,โดนขโมยหมวกกันน็อคและเบาะรถจักรยานยนต์โดนกรีดที่ลานจอดรถ ประตูหน้ามอ,0.9508,DUPLICATE
หลอดไฟทางเดินหน้า กองพัฒนานิสิต DSA ดับสนิท มืดมาก,ถังขยะหน้า กองพัฒนานิสิต DSA ขยะล้นถัง ส่งกลิ่นเหม็นเน่า,0.0836,DIFFERENT
ลิฟต์โดยสาร คณะเภสัชศาสตร์ ค้างที่ชั้น 7 ประตูปิดไม่สนิท น่ากลัวมาก,ลิฟต์ ตึกเภสัช เสีย ติดค้างอยู่ที่ชั้น 7 กดปุ่มเปิดไม่ไป,0.9514,DUPLICATE
พบแมลงสาบและสิ่งสกปรกปนเปื้อนในจานข้าวที่ ตึก CE,เจอแมลงสาบตัวเล็กในอาหารร้านข้าวที่ อาคารเรียนรวม CE สกปรกมาก ไม่ถูกสุขอนามัย,0.9872,DUPLICATE
ก๊อกน้ำและท่อประปาที่ โรงอาหารสงวนเสริมศรี ไหลช้ามาก มีสีขุ่นเหลือง,ทางเดิน Skywalk ลื่นมากหลังฝนตก มีนิสิตลื่นล้มหลายคน,0.0823,DIFFERENT
สายชำระและก๊อกน้ำห้องน้ำชั้น 1 กองพัฒนานิสิต DSA แตก น้ำไหลนองเต็มพื้น,สายฉีดก้นกับก๊อกน้ำชำรุด น้ำรั่วท่วมห้องน้ำชั้น 1 ตึกกิจกรรมนิสิต DSA,0.969,DUPLICATE
ตารางสอบปลายภาควิชา GEN001 ชนกัน ขอทำเรื่องสอบซ้ำ,ลิฟต์โดยสาร โรงอาหารกลาง ค้างที่ชั้น 3 ใช้งานไม่ได้,0.0281,DIFFERENT
กิ่งไม้ใหญ่หักโค่นพาดขวางถนนตรง โรงอาหารกลาง รถสัญจรไม่ได้,ต้นไม้ล้มขวางทางจราจรบริเวณ โรงอาหารใหญ่ รถผ่านไม่ได้ การจราจรติดขัด,0.9511,DUPLICATE
รถเมล์มอสาย 3 รอนานมาก ไม่ยอมจอดรับที่ป้าย,อาหารที่โรงอาหาร คณะศิลปศาสตร์ มีรสเปรี้ยวบูด กินแล้วท้องเสีย,0.0252,DIFFERENT
รถเมล์มอสาย 4 รอนานมาก ไม่ยอมจอดรับที่ป้าย,อาหารที่โรงอาหาร ตึก ICT มีรสเปรี้ยวบูด กินแล้วท้องเสีย,0.0074,DIFFERENT
สายชำระและก๊อกน้ำห้องน้ำชั้น 3 ตึก EN แตก น้ำไหลนองเต็มพื้น,สายฉีดก้นกับก๊อกน้ำชำรุด น้ำรั่วท่วมห้องน้ำชั้น 3 อาคารคณะวิศวกรรมศาสตร์,0.9424,DUPLICATE
เครื่องปรับอากาศห้อง 1403 โรงอาหารกลาง เสีย ไม่เย็น,เครื่องปรับอากาศห้อง 3201 โรงอาหารกลาง เสีย ไม่เย็น,0.1557,DIFFERENT
ไฟในห้องน้ำหญิง คณะศิลปศาสตร์ ดับสนิท มืดมาก มองไม่เห็นทาง,หลอดไฟห้องน้ำหญิง ตึกศิลปศาสตร์ ขาด เสีย มืดตึ๊ดตื๋อ เข้าใช้งานไม่ได้,0.9667,DUPLICATE
สุนัขจรจัดฝูงใหญ่ดุมาก วิ่งไล่กวดรถมอเตอร์ไซค์ตรง คณะพยาบาลศาสตร์,หมาจรจัดตรง ตึกพยาบาล ดุ วิ่งไล่เห่านิสิตที่เดินผ่านตอนกลางคืน,0.9388,DUPLICATE
เว็บลงทะเบียนเรียน Reg UP ล่ม เข้าสู่ระบบไม่ได้ หน้าจอขึ้น 504 Gateway Timeout,ระบบ REG ม.พะเยา ค้าง เข้าเช็คผลการเรียนและลงทะเบียนวิชาไม่ได้เลย,0.9212,DUPLICATE
ตารางสอบปลายภาควิชา GEN001 ชนกัน ขอทำเรื่องสอบซ้ำ,ลิฟต์โดยสาร ทางเดิน Skywalk ค้างที่ชั้น 8 ใช้งานไม่ได้,0.018,DIFFERENT
คนขับรถชัตเติลบัสสาย 1 (สีม่วง) ขับเร็วและเบรกกระชากแรงมากตรง ตึก ICT,รถเมล์ มพ. สาย 1 (สีม่วง) ซิ่งเร็ว เบรกกะทันหัน ผู้โดยสารเกือบหัวทิ่มแถว อาคารเทคโนโลยีสารสนเทศและการสื่อสาร,0.9245,DUPLICATE
ลิฟต์โดยสาร คณะพยาบาลศาสตร์ ค้างที่ชั้น 7 ประตูปิดไม่สนิท น่ากลัวมาก,ลิฟต์ ตึกพยาบาล เสีย ติดค้างอยู่ที่ชั้น 7 กดปุ่มเปิดไม่ไป,0.9367,DUPLICATE
ก๊อกน้ำและท่อประปาที่ โรงอาหารกลาง ไหลช้ามาก มีสีขุ่นเหลือง,ทางเดิน Skywalk ลื่นมากหลังฝนตก มีนิสิตลื่นล้มหลายคน,0.0564,DIFFERENT
ลิฟต์โดยสาร ประตู 1 ม.พะเยา ค้างที่ชั้น 2 ประตูปิดไม่สนิท น่ากลัวมาก,ลิฟต์ ประตูหน้ามอ เสีย ติดค้างอยู่ที่ชั้น 2 กดปุ่มเปิดไม่ไป,0.9429,DUPLICATE
สุนัขจรจัดฝูงใหญ่ดุมาก วิ่งไล่กวดรถมอเตอร์ไซค์ตรง คณะวิทยาศาสตร์,หมาจรจัดตรง ตึกวิทย์ ดุ วิ่งไล่เห่านิสิตที่เดินผ่านตอนกลางคืน,0.9292,DUPLICATE
กิ่งไม้ใหญ่หักโค่นพาดขวางถนนตรง คณะเภสัชศาสตร์ รถสัญจรไม่ได้,ต้นไม้ล้มขวางทางจราจรบริเวณ ตึกเภสัช รถผ่านไม่ได้ การจราจรติดขัด,0.9471,DUPLICATE
สุนัขจรจัดฝูงใหญ่ดุมาก วิ่งไล่กวดรถมอเตอร์ไซค์ตรง ประตู 1 ม.พะเยา,หมาจรจัดตรง ประตูหน้ามอ ดุ วิ่งไล่เห่านิสิตที่เดินผ่านตอนกลางคืน,0.9331,DUPLICATE
รถเมล์มอสาย 2 รอนานมาก ไม่ยอมจอดรับที่ป้าย,อาหารที่โรงอาหาร คณะแพทยศาสตร์ มีรสเปรี้ยวบูด กินแล้วท้องเสีย,0.0007,DIFFERENT
แอร์ห้อง 1402 คณะศิลปศาสตร์ มีน้ำรั่วหยดและไม่เย็นเลย,สายชำระห้องน้ำหญิงชั้น 1 คณะศิลปศาสตร์ แตก น้ำนองพื้น,0.0763,DIFFERENT
หลอดไฟทางเดินหน้า ประตู 1 ม.พะเยา ดับสนิท มืดมาก,ถังขยะหน้า ประตู 1 ม.พะเยา ขยะล้นถัง ส่งกลิ่นเหม็นเน่า,0.073,DIFFERENT
ตารางสอบปลายภาควิชา GEN001 ชนกัน ขอทำเรื่องสอบซ้ำ,ลิฟต์โดยสาร ตึก EN ค้างที่ชั้น 6 ใช้งานไม่ได้,0.0185,DIFFERENT
เว็บลงทะเบียนเรียน Reg UP ล่ม เข้าสู่ระบบไม่ได้ หน้าจอขึ้น 504 Gateway Timeout,ระบบ REG ม.พะเยา ค้าง เข้าเช็คผลการเรียนและลงทะเบียนวิชาไม่ได้เลย,0.9583,DUPLICATE
หลอดไฟทางเดินหน้า คณะเกษตรศาสตร์ ดับสนิท มืดมาก,ถังขยะหน้า คณะเกษตรศาสตร์ ขยะล้นถัง ส่งกลิ่นเหม็นเน่า,0.0896,DIFFERENT
สัญญาณอินเทอร์เน็ต UP-WiFi หอพักลุมพินี หลุดบ่อยมาก เชื่อมต่อไม่ได้เลย,เน็ตไวไฟ UP-WiFi ที่ หอพักใน มพ. ต่อไม่ติด หลุดทุก 5 นาที ทำงานไม่ได้,0.961,DUPLICATE
สอบถามขั้นตอนการขอทุนการศึกษานิสิตขาดแคลนทุนทรัพย์,มีคนร้ายขโมยหมวกกันน็อคตรงลานจอดรถ ตึก EN,0.0335,DIFFERENT
ลิฟต์โดยสาร คณะแพทยศาสตร์ ค้างที่ชั้น 8 ประตูปิดไม่สนิท น่ากลัวมาก,ลิฟต์ ตึกแพทย์ เสีย ติดค้างอยู่ที่ชั้น 8 กดปุ่มเปิดไม่ไป,0.9533,DUPLICATE
สัญญาณเน็ต UP-WiFi ตึก CE หลุดบ่อย เล่นไม่ได้,สุนัขจรจัดดุมาก วิ่งไล่กวดนิสิตตรง ตึก CE,0.0508,DIFFERENT
กิ่งไม้ใหญ่หักโค่นพาดขวางถนนตรง คณะพยาบาลศาสตร์ รถสัญจรไม่ได้,ต้นไม้ล้มขวางทางจราจรบริเวณ ตึกพยาบาล รถผ่านไม่ได้ การจราจรติดขัด,0.9486,DUPLICATE
คนขับรถชัตเติลบัสสาย 2 (สีเขียว) ขับเร็วและเบรกกระชากแรงมากตรง คณะศิลปศาสตร์,รถเมล์ มพ. สาย 2 (สีเขียว) ซิ่งเร็ว เบรกกะทันหัน ผู้โดยสารเกือบหัวทิ่มแถว ตึกศิลปศาสตร์,0.9313,DUPLICATE
แอร์ห้อง 2103 คณะวิทยาศาสตร์ มีน้ำรั่วหยดและไม่เย็นเลย ร้อนมาก,เครื่องปรับอากาศห้อง 2103 ตึกวิทย์ น้ำหยดลงพื้น แอร์ไม่ฉ่ำเลย นั่งเรียนไม่ได้,0.957,DUPLICATE
เครื่องปรับอากาศห้อง 1201 คณะศิลปศาสตร์ เสีย ไม่เย็น,เครื่องปรับอากาศห้อง 3304 คณะศิลปศาสตร์ เสีย ไม่เย็น,0.162,DIFFERENT
มีคนร้ายกรีดเบาะรถและขโมยหมวกกันน็อคตรงลานจอด ตึก PKY,โดนขโมยหมวกกันน็อคและเบาะรถจักรยานยนต์โดนกรีดที่ลานจอดรถ อาคารสงวนเสริมศรี,0.9503,DUPLICATE
สุนัขจรจัดฝูงใหญ่ดุมาก วิ่งไล่กวดรถมอเตอร์ไซค์ตรง คณะเกษตรศาสตร์,หมาจรจัดตรง ตึกเกษตร ดุ วิ่งไล่เห่านิสิตที่เดินผ่านตอนกลางคืน,0.9598,DUPLICATE
รถเมล์มอสาย 1 (สีม่วง) รอนานมากเกิน 45 นาที รถไม่พอ นิสิตยืนล้นป้าย คณะแพทยศาสตร์,รอรถบัส มพ. สาย 1 (สีม่วง) ที่ ตึกแพทย์ นานมาก คนเบียดกันแน่น รถขาดระยะ,0.9593,DUPLICATE
ก๊อกน้ำและท่อประปาที่ โรงอาหารสงวนเสริมศรี ไหลช้ามาก มีสีขุ่นเหลือง,ทางเดิน Skywalk ลื่นมากหลังฝนตก มีนิสิตลื่นล้มหลายคน,0.0638,DIFFERENT
ถังขยะหน้า คณะศิลปศาสตร์ ขยะล้นถัง ส่งกลิ่นเหม็นเน่า ไม่มีเจ้าหน้าที่มาเก็บ,ขยะเน่าล้นถังขยะบริเวณ ตึกศิลปศาสตร์ เหม็นคลุ้งมาก เกลื่อนเต็มพื้น,0.9603,DUPLICATE
เครื่องปรับอากาศห้อง 1403 คณะนิติศาสตร์ เสีย ไม่เย็น,เครื่องปรับอากาศห้อง 3202 คณะนิติศาสตร์ เสีย ไม่เย็น,0.1586,DIFFERENT
ไฟในห้องน้ำหญิง คณะนิติศาสตร์ ดับสนิท มืดมาก มองไม่เห็นทาง,หลอดไฟห้องน้ำหญิง ตึกนิติศาสตร์ ขาด เสีย มืดตึ๊ดตื๋อ เข้าใช้งานไม่ได้,0.9645,DUPLICATE
สอบถามขั้นตอนการขอทุนการศึกษานิสิตขาดแคลนทุนทรัพย์,มีคนร้ายขโมยหมวกกันน็อคตรงลานจอดรถ คณะวิทยาศาสตร์,0.0,DIFFERENT
เครื่องปรับอากาศห้อง 1203 คณะศิลปศาสตร์ เสีย ไม่เย็น,เครื่องปรับอากาศห้อง 3201 คณะศิลปศาสตร์ เสีย ไม่เย็น,0.1519,DIFFERENT
สุนัขจรจัดฝูงใหญ่ดุมาก วิ่งไล่กวดรถมอเตอร์ไซค์ตรง กองพัฒนานิสิต DSA,หมาจรจัดตรง ตึกกิจกรรมนิสิต DSA ดุ วิ่งไล่เห่านิสิตที่เดินผ่านตอนกลางคืน,0.9377,DUPLICATE
กิ่งไม้ใหญ่หักโค่นพาดขวางถนนตรง ทางเดิน Skywalk รถสัญจรไม่ได้,ต้นไม้ล้มขวางทางจราจรบริเวณ สะพานสกายวอล์ค รถผ่านไม่ได้ การจราจรติดขัด,0.9469,DUPLICATE
ก๊อกน้ำและท่อประปาที่ ตึก PKY ไหลช้ามาก มีสีขุ่นเหลือง,ทางเดิน Skywalk ลื่นมากหลังฝนตก มีนิสิตลื่นล้มหลายคน,0.0596,DIFFERENT
ลิฟต์โดยสาร ป้ายหอพักใน ค้างที่ชั้น 1 ประตูปิดไม่สนิท น่ากลัวมาก,ลิฟต์ ป้ายรอรถหอใน มพ. เสีย ติดค้างอยู่ที่ชั้น 1 กดปุ่มเปิดไม่ไป,0.9526,DUPLICATE
พบแมลงสาบและสิ่งสกปรกปนเปื้อนในจานข้าวที่ คณะพยาบาลศาสตร์,เจอแมลงสาบตัวเล็กในอาหารร้านข้าวที่ ตึกพยาบาล สกปรกมาก ไม่ถูกสุขอนามัย,0.9544,DUPLICATE
เว็บลงทะเบียนเรียน Reg UP ล่ม เข้าสู่ระบบไม่ได้ หน้าจอขึ้น 504 Gateway Timeout,ระบบ REG ม.พะเยา ค้าง เข้าเช็คผลการเรียนและลงทะเบียนวิชาไม่ได้เลย,0.9541,DUPLICATE
แอร์ห้อง 4303 คณะนิติศาสตร์ มีน้ำรั่วหยดและไม่เย็นเลย ร้อนมาก,เครื่องปรับอากาศห้อง 4303 ตึกนิติศาสตร์ น้ำหยดลงพื้น แอร์ไม่ฉ่ำเลย นั่งเรียนไม่ได้,0.9774,DUPLICATE
แอร์ห้อง 2101 คณะวิทยาศาสตร์ มีน้ำรั่วหยดและไม่เย็นเลย,สายชำระห้องน้ำหญิงชั้น 6 คณะวิทยาศาสตร์ แตก น้ำนองพื้น,0.0597,DIFFERENT
สอบถามขั้นตอนการขอทุนการศึกษานิสิตขาดแคลนทุนทรัพย์,มีคนร้ายขโมยหมวกกันน็อคตรงลานจอดรถ ตึก ICT,0.0244,DIFFERENT
คนขับรถชัตเติลบัสสาย 2 (สีเขียว) ขับเร็วและเบรกกระชากแรงมากตรง ป้ายรถเมล์หน้า ม.,รถเมล์ มพ. สาย 2 (สีเขียว) ซิ่งเร็ว เบรกกะทันหัน ผู้โดยสารเกือบหัวทิ่มแถว ป้ายรถบัสหน้ามหาวิทยาลัยพะเยา,0.9508,DUPLICATE
สัญญาณเน็ต UP-WiFi โรงอาหารกลาง หลุดบ่อย เล่นไม่ได้,สุนัขจรจัดดุมาก วิ่งไล่กวดนิสิตตรง โรงอาหารกลาง,0.0297,DIFFERENT
เว็บลงทะเบียนเรียน Reg UP ล่ม เข้าสู่ระบบไม่ได้ หน้าจอขึ้น 504 Gateway Timeout,ระบบ REG ม.พะเยา ค้าง เข้าเช็คผลการเรียนและลงทะเบียนวิชาไม่ได้เลย,0.9286,DUPLICATE
ไฟในห้องน้ำหญิง คณะแพทยศาสตร์ ดับสนิท มืดมาก มองไม่เห็นทาง,หลอดไฟห้องน้ำหญิง ตึกแพทย์ ขาด เสีย มืดตึ๊ดตื๋อ เข้าใช้งานไม่ได้,0.9632,DUPLICATE
สอบถามขั้นตอนการขอทุนการศึกษานิสิตขาดแคลนทุนทรัพย์,มีคนร้ายขโมยหมวกกันน็อคตรงลานจอดรถ ตึก EN,0.0283,DIFFERENT
สอบถามขั้นตอนการขอทุนการศึกษานิสิตขาดแคลนทุนทรัพย์,มีคนร้ายขโมยหมวกกันน็อคตรงลานจอดรถ โรงอาหารกลาง,0.007,DIFFERENT
สุนัขจรจัดฝูงใหญ่ดุมาก วิ่งไล่กวดรถมอเตอร์ไซค์ตรง ป้ายหอพักใน,หมาจรจัดตรง ป้ายรอรถหอใน มพ. ดุ วิ่งไล่เห่านิสิตที่เดินผ่านตอนกลางคืน,0.9317,DUPLICATE
โปรเจกเตอร์ห้อง 1202 คณะวิทยาศาสตร์ เปิดไม่ติด ภาพไม่ขึ้นจอ อาจารย์สอนไม่ได้,เครื่องฉายโปรเจกเตอร์ห้องเรียน 1202 ตึกวิทย์ พัง จอภาพมืดสนิท,0.9749,DUPLICATE
มีคนร้ายกรีดเบาะรถและขโมยหมวกกันน็อคตรงลานจอด หอพักลุมพินี,โดนขโมยหมวกกันน็อคและเบาะรถจักรยานยนต์โดนกรีดที่ลานจอดรถ หอพักใน มพ.,0.9642,DUPLICATE
สัญญาณเน็ต UP-WiFi ป้ายหอพักใน หลุดบ่อย เล่นไม่ได้,สุนัขจรจัดดุมาก วิ่งไล่กวดนิสิตตรง ป้ายหอพักใน,0.0443,DIFFERENT
หลอดไฟทางเดินหน้า ป้ายรถเมล์หน้า ม. ดับสนิท มืดมาก,ถังขยะหน้า ป้ายรถเมล์หน้า ม. ขยะล้นถัง ส่งกลิ่นเหม็นเน่า,0.1097,DIFFERENT
รถเมล์มอสาย 4 (สีน้ำเงิน) รอนานมากเกิน 45 นาที รถไม่พอ นิสิตยืนล้นป้าย คณะนิติศาสตร์,รอรถบัส มพ. สาย 4 (สีน้ำเงิน) ที่ ตึกนิติศาสตร์ นานมาก คนเบียดกันแน่น รถขาดระยะ,0.9261,DUPLICATE
ลิฟต์โดยสาร ตึก EN ค้างที่ชั้น 3 ประตูปิดไม่สนิท น่ากลัวมาก,ลิฟต์ อาคารคณะวิศวกรรมศาสตร์ เสีย ติดค้างอยู่ที่ชั้น 3 กดปุ่มเปิดไม่ไป,0.9783,DUPLICATE
หลอดไฟทางเดินหน้า กองพัฒนานิสิต DSA ดับสนิท มืดมาก,ถังขยะหน้า กองพัฒนานิสิต DSA ขยะล้นถัง ส่งกลิ่นเหม็นเน่า,0.105,DIFFERENT
ตารางสอบปลายภาควิชา GEN001 ชนกัน ขอทำเรื่องสอบซ้ำ,ลิฟต์โดยสาร ป้ายรถเมล์หน้า ม. ค้างที่ชั้น 5 ใช้งานไม่ได้,0.0219,DIFFERENT
แอร์ห้อง 2203 คณะพยาบาลศาสตร์ มีน้ำรั่วหยดและไม่เย็นเลย,สายชำระห้องน้ำหญิงชั้น 6 คณะพยาบาลศาสตร์ แตก น้ำนองพื้น,0.031,DIFFERENT
พบแมลงสาบและสิ่งสกปรกปนเปื้อนในจานข้าวที่ ป้ายรถเมล์หน้า ม.,เจอแมลงสาบตัวเล็กในอาหารร้านข้าวที่ ป้ายรถบัสหน้ามหาวิทยาลัยพะเยา สกปรกมาก ไม่ถูกสุขอนามัย,0.9957,DUPLICATE
กิ่งไม้ใหญ่หักโค่นพาดขวางถนนตรง ป้ายหอพักใน รถสัญจรไม่ได้,ต้นไม้ล้มขวางทางจราจรบริเวณ ป้ายรอรถหอใน มพ. รถผ่านไม่ได้ การจราจรติดขัด,0.9604,DUPLICATE
คนขับรถชัตเติลบัสสาย 2 (สีเขียว) ขับเร็วและเบรกกระชากแรงมากตรง คณะนิติศาสตร์,รถเมล์ มพ. สาย 2 (สีเขียว) ซิ่งเร็ว เบรกกะทันหัน ผู้โดยสารเกือบหัวทิ่มแถว ตึกนิติศาสตร์,0.9373,DUPLICATE
ไฟในห้องน้ำหญิง กองพัฒนานิสิต DSA ดับสนิท มืดมาก มองไม่เห็นทาง,หลอดไฟห้องน้ำหญิง ตึกกิจกรรมนิสิต DSA ขาด เสีย มืดตึ๊ดตื๋อ เข้าใช้งานไม่ได้,0.986,DUPLICATE
โปรเจกเตอร์ห้อง 4301 ตึก CE เปิดไม่ติด ภาพไม่ขึ้นจอ อาจารย์สอนไม่ได้,เครื่องฉายโปรเจกเตอร์ห้องเรียน 4301 อาคารเรียนรวม CE พัง จอภาพมืดสนิท,0.9361,DUPLICATE
สอบถามขั้นตอนการขอทุนการศึกษานิสิตขาดแคลนทุนทรัพย์,มีคนร้ายขโมยหมวกกันน็อคตรงลานจอดรถ ป้ายหอพักใน,0.0379,DIFFERENT
สัญญาณอินเทอร์เน็ต UP-WiFi หอพักลุมพินี หลุดบ่อยมาก เชื่อมต่อไม่ได้เลย,เน็ตไวไฟ UP-WiFi ที่ หอพักใน มพ. ต่อไม่ติด หลุดทุก 5 นาที ทำงานไม่ได้,0.9701,DUPLICATE
รถเมล์มอสาย 2 รอนานมาก ไม่ยอมจอดรับที่ป้าย,อาหารที่โรงอาหาร ทางเดิน Skywalk มีรสเปรี้ยวบูด กินแล้วท้องเสีย,0.043,DIFFERENT
กิ่งไม้ใหญ่หักโค่นพาดขวางถนนตรง ตึก EN รถสัญจรไม่ได้,ต้นไม้ล้มขวางทางจราจรบริเวณ อาคารคณะวิศวกรรมศาสตร์ รถผ่านไม่ได้ การจราจรติดขัด,0.9347,DUPLICATE
หลอดไฟทางเดินหน้า โรงอาหารสงวนเสริมศรี ดับสนิท มืดมาก,ถังขยะหน้า โรงอาหารสงวนเสริมศรี ขยะล้นถัง ส่งกลิ่นเหม็นเน่า,0.075,DIFFERENT
ตารางสอบปลายภาควิชา GEN001 ชนกัน ขอทำเรื่องสอบซ้ำ,ลิฟต์โดยสาร ตึก ICT ค้างที่ชั้น 1 ใช้งานไม่ได้,0.0285,DIFFERENT
มีคนร้ายกรีดเบาะรถและขโมยหมวกกันน็อคตรงลานจอด หอพักลุมพินี,โดนขโมยหมวกกันน็อคและเบาะรถจักรยานยนต์โดนกรีดที่ลานจอดรถ หอพักใน มพ.,0.9615,DUPLICATE
สอบถามขั้นตอนการขอทุนการศึกษานิสิตขาดแคลนทุนทรัพย์,มีคนร้ายขโมยหมวกกันน็อคตรงลานจอดรถ คณะแพทยศาสตร์,0.0119,DIFFERENT
สุนัขจรจัดฝูงใหญ่ดุมาก วิ่งไล่กวดรถมอเตอร์ไซค์ตรง ตึก PKY,หมาจรจัดตรง อาคารสงวนเสริมศรี ดุ วิ่งไล่เห่านิสิตที่เดินผ่านตอนกลางคืน,0.9618,DUPLICATE
เครื่องปรับอากาศห้อง 1303 ตึก EN เสีย ไม่เย็น,เครื่องปรับอากาศห้อง 3202 ตึก EN เสีย ไม่เย็น,0.1789,DIFFERENT
กิ่งไม้ใหญ่หักโค่นพาดขวางถนนตรง โรงอาหารสงวนเสริมศรี รถสัญจรไม่ได้,ต้นไม้ล้มขวางทางจราจรบริเวณ โรงอาหาร PKY รถผ่านไม่ได้ การจราจรติดขัด,0.9793,DUPLICATE
สุนัขจรจัดฝูงใหญ่ดุมาก วิ่งไล่กวดรถมอเตอร์ไซค์ตรง คณะนิติศาสตร์,หมาจรจัดตรง ตึกนิติศาสตร์ ดุ วิ่งไล่เห่านิสิตที่เดินผ่านตอนกลางคืน,0.9326,DUPLICATE
สายชำระและก๊อกน้ำห้องน้ำชั้น 3 ตึก PKY แตก น้ำไหลนองเต็มพื้น,สายฉีดก้นกับก๊อกน้ำชำรุด น้ำรั่วท่วมห้องน้ำชั้น 3 อาคารสงวนเสริมศรี,0.9306,DUPLICATE
แอร์ห้อง 3402 คณะนิติศาสตร์ มีน้ำรั่วหยดและไม่เย็นเลย,สายชำระห้องน้ำหญิงชั้น 5 คณะนิติศาสตร์ แตก น้ำนองพื้น,0.0643,DIFFERENT
ก๊อกน้ำและท่อประปาที่ โรงอาหารสงวนเสริมศรี ไหลช้ามาก มีสีขุ่นเหลือง,ทางเดิน Skywalk ลื่นมากหลังฝนตก มีนิสิตลื่นล้มหลายคน,0.0483,DIFFERENT
สัญญาณอินเทอร์เน็ต UP-WiFi หอพักลุมพินี หลุดบ่อยมาก เชื่อมต่อไม่ได้เลย,เน็ตไวไฟ UP-WiFi ที่ หอพักใน มพ. ต่อไม่ติด หลุดทุก 5 นาที ทำงานไม่ได้,0.9727,DUPLICATE
ลิฟต์โดยสาร คณะพยาบาลศาสตร์ ค้างที่ชั้น 4 ประตูปิดไม่สนิท น่ากลัวมาก,ลิฟต์ ตึกพยาบาล เสีย ติดค้างอยู่ที่ชั้น 4 กดปุ่มเปิดไม่ไป,0.9424,DUPLICATE
รถเมล์มอสาย 3 รอนานมาก ไม่ยอมจอดรับที่ป้าย,อาหารที่โรงอาหาร ตึก PKY มีรสเปรี้ยวบูด กินแล้วท้องเสีย,0.004,DIFFERENT
สัญญาณอินเทอร์เน็ต UP-WiFi หอพักลุมพินี หลุดบ่อยมาก เชื่อมต่อไม่ได้เลย,เน็ตไวไฟ UP-WiFi ที่ หอพักใน มพ. ต่อไม่ติด หลุดทุก 5 นาที ทำงานไม่ได้,0.988,DUPLICATE
หลอดไฟทางเดินหน้า คณะพยาบาลศาสตร์ ดับสนิท มืดมาก,ถังขยะหน้า คณะพยาบาลศาสตร์ ขยะล้นถัง ส่งกลิ่นเหม็นเน่า,0.0671,DIFFERENT
สายชำระและก๊อกน้ำห้องน้ำชั้น 2 ทางเดิน Skywalk แตก น้ำไหลนองเต็มพื้น,สายฉีดก้นกับก๊อกน้ำชำรุด น้ำรั่วท่วมห้องน้ำชั้น 2 สะพานสกายวอล์ค,0.9222,DUPLICATE
เว็บลงทะเบียนเรียน Reg UP ล่ม เข้าสู่ระบบไม่ได้ หน้าจอขึ้น 504 Gateway Timeout,ระบบ REG ม.พะเยา ค้าง เข้าเช็คผลการเรียนและลงทะเบียนวิชาไม่ได้เลย,0.9353,DUPLICATE
มีคนร้ายกรีดเบาะรถและขโมยหมวกกันน็อคตรงลานจอด โรงอาหารสงวนเสริมศรี,โดนขโมยหมวกกันน็อคและเบาะรถจักรยานยนต์โดนกรีดที่ลานจอดรถ โรงอาหาร PKY,0.9362,DUPLICATE
คนขับรถชัตเติลบัสสาย 1 (สีม่วง) ขับเร็วและเบรกกระชากแรงมากตรง คณะเภสัชศาสตร์,รถเมล์ มพ. สาย 1 (สีม่วง) ซิ่งเร็ว เบรกกะทันหัน ผู้โดยสารเกือบหัวทิ่มแถว ตึกเภสัช,0.9104,DUPLICATE
สายชำระและก๊อกน้ำห้องน้ำชั้น 4 ป้ายรถเมล์หน้า ม. แตก น้ำไหลนองเต็มพื้น,สายฉีดก้นกับก๊อกน้ำชำรุด น้ำรั่วท่วมห้องน้ำชั้น 4 ป้ายรถบัสหน้ามหาวิทยาลัยพะเยา,0.9212,DUPLICATE
สัญญาณเน็ต UP-WiFi ทางเดิน Skywalk หลุดบ่อย เล่นไม่ได้,สุนัขจรจัดดุมาก วิ่งไล่กวดนิสิตตรง ทางเดิน Skywalk,0.0552,DIFFERENT
สัญญาณเน็ต UP-WiFi คณะนิติศาสตร์ หลุดบ่อย เล่นไม่ได้,สุนัขจรจัดดุมาก วิ่งไล่กวดนิสิตตรง คณะนิติศาสตร์,0.0341,DIFFERENT
ลิฟต์โดยสาร คณะนิติศาสตร์ ค้างที่ชั้น 5 ประตูปิดไม่สนิท น่ากลัวมาก,ลิฟต์ ตึกนิติศาสตร์ เสีย ติดค้างอยู่ที่ชั้น 5 กดปุ่มเปิดไม่ไป,0.9688,DUPLICATE
สายชำระและก๊อกน้ำห้องน้ำชั้น 2 ตึก ICT แตก น้ำไหลนองเต็มพื้น,สายฉีดก้นกับก๊อกน้ำชำรุด น้ำรั่วท่วมห้องน้ำชั้น 2 อาคารเทคโนโลยีสารสนเทศและการสื่อสาร,0.9261,DUPLICATE
โปรเจกเตอร์ห้อง 4204 คณะพยาบาลศาสตร์ เปิดไม่ติด ภาพไม่ขึ้นจอ อาจารย์สอนไม่ได้,เครื่องฉายโปรเจกเตอร์ห้องเรียน 4204 ตึกพยาบาล พัง จอภาพมืดสนิท,0.9658,DUPLICATE
สุนัขจรจัดฝูงใหญ่ดุมาก วิ่งไล่กวดรถมอเตอร์ไซค์ตรง คณะเภสัชศาสตร์,หมาจรจัดตรง ตึกเภสัช ดุ วิ่งไล่เห่านิสิตที่เดินผ่านตอนกลางคืน,0.9614,DUPLICATE
คนขับรถชัตเติลบัสสาย 3 (สีแดง) ขับเร็วและเบรกกระชากแรงมากตรง คณะแพทยศาสตร์,รถเมล์ มพ. สาย 3 (สีแดง) ซิ่งเร็ว เบรกกะทันหัน ผู้โดยสารเกือบหัวทิ่มแถว ตึกแพทย์,0.9156,DUPLICATE
เว็บลงทะเบียนเรียน Reg UP ล่ม เข้าสู่ระบบไม่ได้ หน้าจอขึ้น 504 Gateway Timeout,ระบบ REG ม.พะเยา ค้าง เข้าเช็คผลการเรียนและลงทะเบียนวิชาไม่ได้เลย,0.9536,DUPLICATE
สัญญาณอินเทอร์เน็ต UP-WiFi ตึก EN หลุดบ่อยมาก เชื่อมต่อไม่ได้เลย,เน็ตไวไฟ UP-WiFi ที่ อาคารคณะวิศวกรรมศาสตร์ ต่อไม่ติด หลุดทุก 5 นาที ทำงานไม่ได้,0.9829,DUPLICATE
รถเมล์มอสาย 3 รอนานมาก ไม่ยอมจอดรับที่ป้าย,อาหารที่โรงอาหาร คณะแพทยศาสตร์ มีรสเปรี้ยวบูด กินแล้วท้องเสีย,0.0118,DIFFERENT
ไฟในห้องน้ำหญิง คณะเภสัชศาสตร์ ดับสนิท มืดมาก มองไม่เห็นทาง,หลอดไฟห้องน้ำหญิง ตึกเภสัช ขาด เสีย มืดตึ๊ดตื๋อ เข้าใช้งานไม่ได้,0.9835,DUPLICATE
รถเมล์มอสาย 1 (สีม่วง) รอนานมากเกิน 45 นาที รถไม่พอ นิสิตยืนล้นป้าย ประตู 1 ม.พะเยา,รอรถบัส มพ. สาย 1 (สีม่วง) ที่ ประตูหน้ามอ นานมาก คนเบียดกันแน่น รถขาดระยะ,0.923,DUPLICATE
โปรเจกเตอร์ห้อง 3303 คณะนิติศาสตร์ เปิดไม่ติด ภาพไม่ขึ้นจอ อาจารย์สอนไม่ได้,เครื่องฉายโปรเจกเตอร์ห้องเรียน 3303 ตึกนิติศาสตร์ พัง จอภาพมืดสนิท,0.9293,DUPLICATE
แอร์ห้อง 4403 คณะเกษตรศาสตร์ มีน้ำรั่วหยดและไม่เย็นเลย,สายชำระห้องน้ำหญิงชั้น 1 คณะเกษตรศาสตร์ แตก น้ำนองพื้น,0.0323,DIFFERENT
รถเมล์มอสาย 2 (สีเขียว) รอนานมากเกิน 45 นาที รถไม่พอ นิสิตยืนล้นป้าย ป้ายหอพักใน,รอรถบัส มพ. สาย 2 (สีเขียว) ที่ ป้ายรอรถหอใน มพ. นานมาก คนเบียดกันแน่น รถขาดระยะ,0.9795,DUPLICATE
ถังขยะหน้า ตึก ICT ขยะล้นถัง ส่งกลิ่นเหม็นเน่า ไม่มีเจ้าหน้าที่มาเก็บ,ขยะเน่าล้นถังขยะบริเวณ อาคารเทคโนโลยีสารสนเทศและการสื่อสาร เหม็นคลุ้งมาก เกลื่อนเต็มพื้น,0.9518,DUPLICATE
สายชำระและก๊อกน้ำห้องน้ำชั้น 8 ป้ายรถเมล์หน้า ม. แตก น้ำไหลนองเต็มพื้น,สายฉีดก้นกับก๊อกน้ำชำรุด น้ำรั่วท่วมห้องน้ำชั้น 8 ป้ายรถบัสหน้ามหาวิทยาลัยพะเยา,0.9464,DUPLICATE
เครื่องปรับอากาศห้อง 1303 ตึก CE เสีย ไม่เย็น,เครื่องปรับอากาศห้อง 3303 ตึก CE เสีย ไม่เย็น,0.1744,DIFFERENT
เว็บลงทะเบียนเรียน Reg UP ล่ม เข้าสู่ระบบไม่ได้ หน้าจอขึ้น 504 Gateway Timeout,ระบบ REG ม.พะเยา ค้าง เข้าเช็คผลการเรียนและลงทะเบียนวิชาไม่ได้เลย,0.9612,DUPLICATE
แอร์ห้อง 4402 ประตู 1 ม.พะเยา มีน้ำรั่วหยดและไม่เย็นเลย ร้อนมาก,เครื่องปรับอากาศห้อง 4402 ประตูหน้ามอ น้ำหยดลงพื้น แอร์ไม่ฉ่ำเลย นั่งเรียนไม่ได้,0.9353,DUPLICATE
เว็บลงทะเบียนเรียน Reg UP ล่ม เข้าสู่ระบบไม่ได้ หน้าจอขึ้น 504 Gateway Timeout,ระบบ REG ม.พะเยา ค้าง เข้าเช็คผลการเรียนและลงทะเบียนวิชาไม่ได้เลย,0.94,DUPLICATE
หลอดไฟทางเดินหน้า โรงอาหารกลาง ดับสนิท มืดมาก,ถังขยะหน้า โรงอาหารกลาง ขยะล้นถัง ส่งกลิ่นเหม็นเน่า,0.0869,DIFFERENT
พบแมลงสาบและสิ่งสกปรกปนเปื้อนในจานข้าวที่ ตึก EN,เจอแมลงสาบตัวเล็กในอาหารร้านข้าวที่ อาคารคณะวิศวกรรมศาสตร์ สกปรกมาก ไม่ถูกสุขอนามัย,0.991,DUPLICATE
รถเมล์มอสาย 4 รอนานมาก ไม่ยอมจอดรับที่ป้าย,อาหารที่โรงอาหาร ป้ายรถเมล์หน้า ม. มีรสเปรี้ยวบูด กินแล้วท้องเสีย,0.0105,DIFFERENT
รถเมล์มอสาย 2 (สีเขียว) รอนานมากเกิน 45 นาที รถไม่พอ นิสิตยืนล้นป้าย โรงอาหารสงวนเสริมศรี,รอรถบัส มพ. สาย 2 (สีเขียว) ที่ โรงอาหาร PKY นานมาก คนเบียดกันแน่น รถขาดระยะ,0.9572,DUPLICATE
สัญญาณเน็ต UP-WiFi ตึก PKY หลุดบ่อย เล่นไม่ได้,สุนัขจรจัดดุมาก วิ่งไล่กวดนิสิตตรง ตึก PKY,0.0264,DIFFERENT
สุนัขจรจัดฝูงใหญ่ดุมาก วิ่งไล่กวดรถมอเตอร์ไซค์ตรง ตึก EN,หมาจรจัดตรง อาคารคณะวิศวกรรมศาสตร์ ดุ วิ่งไล่เห่านิสิตที่เดินผ่านตอนกลางคืน,0.9722,DUPLICATE
แอร์ห้อง 3301 โรงอาหารกลาง มีน้ำรั่วหยดและไม่เย็นเลย ร้อนมาก,เครื่องปรับอากาศห้อง 3301 โรงอาหารใหญ่ น้ำหยดลงพื้น แอร์ไม่ฉ่ำเลย นั่งเรียนไม่ได้,0.9407,DUPLICATE
รถเมล์มอสาย 1 รอนานมาก ไม่ยอมจอดรับที่ป้าย,อาหารที่โรงอาหาร ตึก ICT มีรสเปรี้ยวบูด กินแล้วท้องเสีย,0.0246,DIFFERENT
แอร์ห้อง 4303 ป้ายหอพักใน มีน้ำรั่วหยดและไม่เย็นเลย,สายชำระห้องน้ำหญิงชั้น 3 ป้ายหอพักใน แตก น้ำนองพื้น,0.0323,DIFFERENT
สอบถามขั้นตอนการขอทุนการศึกษานิสิตขาดแคลนทุนทรัพย์,มีคนร้ายขโมยหมวกกันน็อคตรงลานจอดรถ ตึก CE,0.0,DIFFERENT
กิ่งไม้ใหญ่หักโค่นพาดขวางถนนตรง คณะศิลปศาสตร์ รถสัญจรไม่ได้,ต้นไม้ล้มขวางทางจราจรบริเวณ ตึกศิลปศาสตร์ รถผ่านไม่ได้ การจราจรติดขัด,0.9725,DUPLICATE
หลอดไฟทางเดินหน้า ตึก PKY ดับสนิท มืดมาก,ถังขยะหน้า ตึก PKY ขยะล้นถัง ส่งกลิ่นเหม็นเน่า,0.0863,DIFFERENT
พบแมลงสาบและสิ่งสกปรกปนเปื้อนในจานข้าวที่ ป้ายรถเมล์หน้า ม.,เจอแมลงสาบตัวเล็กในอาหารร้านข้าวที่ ป้ายรถบัสหน้ามหาวิทยาลัยพะเยา สกปรกมาก ไม่ถูกสุขอนามัย,0.9731,DUPLICATE
ตารางสอบปลายภาควิชา GEN001 ชนกัน ขอทำเรื่องสอบซ้ำ,ลิฟต์โดยสาร คณะเภสัชศาสตร์ ค้างที่ชั้น 8 ใช้งานไม่ได้,0.0307,DIFFERENT
สัญญาณอินเทอร์เน็ต UP-WiFi คณะศิลปศาสตร์ หลุดบ่อยมาก เชื่อมต่อไม่ได้เลย,เน็ตไวไฟ UP-WiFi ที่ ตึกศิลปศาสตร์ ต่อไม่ติด หลุดทุก 5 นาที ทำงานไม่ได้,0.9369,DUPLICATE
คนขับรถชัตเติลบัสสาย 3 (สีแดง) ขับเร็วและเบรกกระชากแรงมากตรง ป้ายรถเมล์หน้า ม.,รถเมล์ มพ. สาย 3 (สีแดง) ซิ่งเร็ว เบรกกะทันหัน ผู้โดยสารเกือบหัวทิ่มแถว ป้ายรถบัสหน้ามหาวิทยาลัยพะเยา,0.9431,DUPLICATE
เครื่องปรับอากาศห้อง 1403 คณะศิลปศาสตร์ เสีย ไม่เย็น,เครื่องปรับอากาศห้อง 3101 คณะศิลปศาสตร์ เสีย ไม่เย็น,0.1586,DIFFERENT
สอบถามขั้นตอนการขอทุนการศึกษานิสิตขาดแคลนทุนทรัพย์,มีคนร้ายขโมยหมวกกันน็อคตรงลานจอดรถ โรงอาหารกลาง,0.0002,DIFFERENT
ถังขยะหน้า ป้ายรถเมล์หน้า ม. ขยะล้นถัง ส่งกลิ่นเหม็นเน่า ไม่มีเจ้าหน้าที่มาเก็บ,ขยะเน่าล้นถังขยะบริเวณ ป้ายรถบัสหน้ามหาวิทยาลัยพะเยา เหม็นคลุ้งมาก เกลื่อนเต็มพื้น,0.9491,DUPLICATE
แอร์ห้อง 4204 หอพักลุมพินี มีน้ำรั่วหยดและไม่เย็นเลย,สายชำระห้องน้ำหญิงชั้น 5 หอพักลุมพินี แตก น้ำนองพื้น,0.0476,DIFFERENT
คนขับรถชัตเติลบัสสาย 1 (สีม่วง) ขับเร็วและเบรกกระชากแรงมากตรง ตึก EN,รถเมล์ มพ. สาย 1 (สีม่วง) ซิ่งเร็ว เบรกกะทันหัน ผู้โดยสารเกือบหัวทิ่มแถว อาคารคณะวิศวกรรมศาสตร์,0.9469,DUPLICATE
สุนัขจรจัดฝูงใหญ่ดุมาก วิ่งไล่กวดรถมอเตอร์ไซค์ตรง หอพักลุมพินี,หมาจรจัดตรง หอพักใน มพ. ดุ วิ่งไล่เห่านิสิตที่เดินผ่านตอนกลางคืน,0.9402,DUPLICATE
ตารางสอบปลายภาควิชา GEN001 ชนกัน ขอทำเรื่องสอบซ้ำ,ลิฟต์โดยสาร ตึก CE ค้างที่ชั้น 7 ใช้งานไม่ได้,0.0,DIFFERENT
สัญญาณอินเทอร์เน็ต UP-WiFi ตึก ICT หลุดบ่อยมาก เชื่อมต่อไม่ได้เลย,เน็ตไวไฟ UP-WiFi ที่ อาคารเทคโนโลยีสารสนเทศและการสื่อสาร ต่อไม่ติด หลุดทุก 5 นาที ทำงานไม่ได้,0.9638,DUPLICATE
ตารางสอบปลายภาควิชา GEN001 ชนกัน ขอทำเรื่องสอบซ้ำ,ลิฟต์โดยสาร คณะเกษตรศาสตร์ ค้างที่ชั้น 1 ใช้งานไม่ได้,0.0236,DIFFERENT
ก๊อกน้ำและท่อประปาที่ คณะเภสัชศาสตร์ ไหลช้ามาก มีสีขุ่นเหลือง,ทางเดิน Skywalk ลื่นมากหลังฝนตก มีนิสิตลื่นล้มหลายคน,0.0455,DIFFERENT
ถังขยะหน้า ประตู 1 ม.พะเยา ขยะล้นถัง ส่งกลิ่นเหม็นเน่า ไม่มีเจ้าหน้าที่มาเก็บ,ขยะเน่าล้นถังขยะบริเวณ ประตูหน้ามอ เหม็นคลุ้งมาก เกลื่อนเต็มพื้น,0.9605,DUPLICATE
มีคนร้ายกรีดเบาะรถและขโมยหมวกกันน็อคตรงลานจอด ตึก PKY,โดนขโมยหมวกกันน็อคและเบาะรถจักรยานยนต์โดนกรีดที่ลานจอดรถ อาคารสงวนเสริมศรี,0.9705,DUPLICATE
ตารางสอบปลายภาควิชา GEN001 ชนกัน ขอทำเรื่องสอบซ้ำ,ลิฟต์โดยสาร ประตู 1 ม.พะเยา ค้างที่ชั้น 7 ใช้งานไม่ได้,0.0,DIFFERENT
สัญญาณเน็ต UP-WiFi ประตู 1 ม.พะเยา หลุดบ่อย เล่นไม่ได้,สุนัขจรจัดดุมาก วิ่งไล่กวดนิสิตตรง ประตู 1 ม.พะเยา,0.024,DIFFERENT
สอบถามขั้นตอนการขอทุนการศึกษานิสิตขาดแคลนทุนทรัพย์,มีคนร้ายขโมยหมวกกันน็อคตรงลานจอดรถ ประตู 1 ม.พะเยา,0.0314,DIFFERENT
สุนัขจรจัดฝูงใหญ่ดุมาก วิ่งไล่กวดรถมอเตอร์ไซค์ตรง โรงอาหารกลาง,หมาจรจัดตรง โรงอาหารใหญ่ ดุ วิ่งไล่เห่านิสิตที่เดินผ่านตอนกลางคืน,0.9375,DUPLICATE
คนขับรถชัตเติลบัสสาย 2 (สีเขียว) ขับเร็วและเบรกกระชากแรงมากตรง ป้ายรถเมล์หน้า ม.,รถเมล์ มพ. สาย 2 (สีเขียว) ซิ่งเร็ว เบรกกะทันหัน ผู้โดยสารเกือบหัวทิ่มแถว ป้ายรถบัสหน้ามหาวิทยาลัยพะเยา,0.9629,DUPLICATE
มีคนร้ายกรีดเบาะรถและขโมยหมวกกันน็อคตรงลานจอด ประตู 1 ม.พะเยา,โดนขโมยหมวกกันน็อคและเบาะรถจักรยานยนต์โดนกรีดที่ลานจอดรถ ประตูหน้ามอ,0.9669,DUPLICATE
ลิฟต์โดยสาร โรงอาหารสงวนเสริมศรี ค้างที่ชั้น 5 ประตูปิดไม่สนิท น่ากลัวมาก,ลิฟต์ โรงอาหาร PKY เสีย ติดค้างอยู่ที่ชั้น 5 กดปุ่มเปิดไม่ไป,0.9702,DUPLICATE
ถังขยะหน้า ป้ายรถเมล์หน้า ม. ขยะล้นถัง ส่งกลิ่นเหม็นเน่า ไม่มีเจ้าหน้าที่มาเก็บ,ขยะเน่าล้นถังขยะบริเวณ ป้ายรถบัสหน้ามหาวิทยาลัยพะเยา เหม็นคลุ้งมาก เกลื่อนเต็มพื้น,0.938,DUPLICATE
สุนัขจรจัดฝูงใหญ่ดุมาก วิ่งไล่กวดรถมอเตอร์ไซค์ตรง กองพัฒนานิสิต DSA,หมาจรจัดตรง ตึกกิจกรรมนิสิต DSA ดุ วิ่งไล่เห่านิสิตที่เดินผ่านตอนกลางคืน,0.9791,DUPLICATE
หลอดไฟทางเดินหน้า ตึก ICT ดับสนิท มืดมาก,ถังขยะหน้า ตึก ICT ขยะล้นถัง ส่งกลิ่นเหม็นเน่า,0.0849,DIFFERENT
รถเมล์มอสาย 1 (สีม่วง) รอนานมากเกิน 45 นาที รถไม่พอ นิสิตยืนล้นป้าย หอพักลุมพินี,รอรถบัส มพ. สาย 1 (สีม่วง) ที่ หอพักใน มพ. นานมาก คนเบียดกันแน่น รถขาดระยะ,0.9733,DUPLICATE
หลอดไฟทางเดินหน้า ตึก ICT ดับสนิท มืดมาก,ถังขยะหน้า ตึก ICT ขยะล้นถัง ส่งกลิ่นเหม็นเน่า,0.0751,DIFFERENT
กิ่งไม้ใหญ่หักโค่นพาดขวางถนนตรง ประตู 1 ม.พะเยา รถสัญจรไม่ได้,ต้นไม้ล้มขวางทางจราจรบริเวณ ประตูหน้ามอ รถผ่านไม่ได้ การจราจรติดขัด,0.9268,DUPLICATE
ก๊อกน้ำและท่อประปาที่ คณะพยาบาลศาสตร์ ไหลช้ามาก มีสีขุ่นเหลือง,ทางเดิน Skywalk ลื่นมากหลังฝนตก มีนิสิตลื่นล้มหลายคน,0.0647,DIFFERENT
เครื่องปรับอากาศห้อง 1301 ตึก ICT เสีย ไม่เย็น,เครื่องปรับอากาศห้อง 3104 ตึก ICT เสีย ไม่เย็น,0.1342,DIFFERENT
คนขับรถชัตเติลบัสสาย 1 (สีม่วง) ขับเร็วและเบรกกระชากแรงมากตรง คณะแพทยศาสตร์,รถเมล์ มพ. สาย 1 (สีม่วง) ซิ่งเร็ว เบรกกะทันหัน ผู้โดยสารเกือบหัวทิ่มแถว ตึกแพทย์,0.9177,DUPLICATE
หลอดไฟทางเดินหน้า ตึก EN ดับสนิท มืดมาก,ถังขยะหน้า ตึก EN ขยะล้นถัง ส่งกลิ่นเหม็นเน่า,0.0746,DIFFERENT
ตารางสอบปลายภาควิชา GEN001 ชนกัน ขอทำเรื่องสอบซ้ำ,ลิฟต์โดยสาร ทางเดิน Skywalk ค้างที่ชั้น 8 ใช้งานไม่ได้,0.0154,DIFFERENT
สัญญาณเน็ต UP-WiFi ตึก EN หลุดบ่อย เล่นไม่ได้,สุนัขจรจัดดุมาก วิ่งไล่กวดนิสิตตรง ตึก EN,0.0144,DIFFERENT
มีคนร้ายกรีดเบาะรถและขโมยหมวกกันน็อคตรงลานจอด คณะพยาบาลศาสตร์,โดนขโมยหมวกกันน็อคและเบาะรถจักรยานยนต์โดนกรีดที่ลานจอดรถ ตึกพยาบาล,0.9681,DUPLICATE
ไฟในห้องน้ำหญิง กองพัฒนานิสิต DSA ดับสนิท มืดมาก มองไม่เห็นทาง,หลอดไฟห้องน้ำหญิง ตึกกิจกรรมนิสิต DSA ขาด เสีย มืดตึ๊ดตื๋อ เข้าใช้งานไม่ได้,0.9449,DUPLICATE
ก๊อกน้ำและท่อประปาที่ ป้ายรถเมล์หน้า ม. ไหลช้ามาก มีสีขุ่นเหลือง,ทางเดิน Skywalk ลื่นมากหลังฝนตก มีนิสิตลื่นล้มหลายคน,0.0588,DIFFERENT
สายชำระและก๊อกน้ำห้องน้ำชั้น 2 ตึก ICT แตก น้ำไหลนองเต็มพื้น,สายฉีดก้นกับก๊อกน้ำชำรุด น้ำรั่วท่วมห้องน้ำชั้น 2 อาคารเทคโนโลยีสารสนเทศและการสื่อสาร,0.9233,DUPLICATE
มีคนร้ายกรีดเบาะรถและขโมยหมวกกันน็อคตรงลานจอด ตึก PKY,โดนขโมยหมวกกันน็อคและเบาะรถจักรยานยนต์โดนกรีดที่ลานจอดรถ อาคารสงวนเสริมศรี,0.9788,DUPLICATE
ลิฟต์โดยสาร หอพักลุมพินี ค้างที่ชั้น 2 ประตูปิดไม่สนิท น่ากลัวมาก,ลิฟต์ หอพักใน มพ. เสีย ติดค้างอยู่ที่ชั้น 2 กดปุ่มเปิดไม่ไป,0.9381,DUPLICATE
สุนัขจรจัดฝูงใหญ่ดุมาก วิ่งไล่กวดรถมอเตอร์ไซค์ตรง คณะเกษตรศาสตร์,หมาจรจัดตรง ตึกเกษตร ดุ วิ่งไล่เห่านิสิตที่เดินผ่านตอนกลางคืน,0.9778,DUPLICATE
รถเมล์มอสาย 2 (สีเขียว) รอนานมากเกิน 45 นาที รถไม่พอ นิสิตยืนล้นป้าย โรงอาหารสงวนเสริมศรี,รอรถบัส มพ. สาย 2 (สีเขียว) ที่ โรงอาหาร PKY นานมาก คนเบียดกันแน่น รถขาดระยะ,0.9658,DUPLICATE
แอร์ห้อง 2203 โรงอาหารสงวนเสริมศรี มีน้ำรั่วหยดและไม่เย็นเลย,สายชำระห้องน้ำหญิงชั้น 8 โรงอาหารสงวนเสริมศรี แตก น้ำนองพื้น,0.0381,DIFFERENT
แอร์ห้อง 2204 ตึก PKY มีน้ำรั่วหยดและไม่เย็นเลย ร้อนมาก,เครื่องปรับอากาศห้อง 2204 อาคารสงวนเสริมศรี น้ำหยดลงพื้น แอร์ไม่ฉ่ำเลย นั่งเรียนไม่ได้,0.9429,DUPLICATE
กิ่งไม้ใหญ่หักโค่นพาดขวางถนนตรง โรงอาหารกลาง รถสัญจรไม่ได้,ต้นไม้ล้มขวางทางจราจรบริเวณ โรงอาหารใหญ่ รถผ่านไม่ได้ การจราจรติดขัด,0.9464,DUPLICATE
สัญญาณอินเทอร์เน็ต UP-WiFi คณะเภสัชศาสตร์ หลุดบ่อยมาก เชื่อมต่อไม่ได้เลย,เน็ตไวไฟ UP-WiFi ที่ ตึกเภสัช ต่อไม่ติด หลุดทุก 5 นาที ทำงานไม่ได้,0.9439,DUPLICATE
รถเมล์มอสาย 2 (สีเขียว) รอนานมากเกิน 45 นาที รถไม่พอ นิสิตยืนล้นป้าย ประตู 1 ม.พะเยา,รอรถบัส มพ. สาย 2 (สีเขียว) ที่ ประตูหน้ามอ นานมาก คนเบียดกันแน่น รถขาดระยะ,0.9448,DUPLICATE
ก๊อกน้ำและท่อประปาที่ คณะแพทยศาสตร์ ไหลช้ามาก มีสีขุ่นเหลือง,ทางเดิน Skywalk ลื่นมากหลังฝนตก มีนิสิตลื่นล้มหลายคน,0.0885,DIFFERENT
สัญญาณอินเทอร์เน็ต UP-WiFi ตึก CE หลุดบ่อยมาก เชื่อมต่อไม่ได้เลย,เน็ตไวไฟ UP-WiFi ที่ อาคารเรียนรวม CE ต่อไม่ติด หลุดทุก 5 นาที ทำงานไม่ได้,0.9688,DUPLICATE
ตารางสอบปลายภาควิชา GEN001 ชนกัน ขอทำเรื่องสอบซ้ำ,ลิฟต์โดยสาร ตึก PKY ค้างที่ชั้น 7 ใช้งานไม่ได้,0.036,DIFFERENT
มีคนร้ายกรีดเบาะรถและขโมยหมวกกันน็อคตรงลานจอด ป้ายรถเมล์หน้า ม.,โดนขโมยหมวกกันน็อคและเบาะรถจักรยานยนต์โดนกรีดที่ลานจอดรถ ป้ายรถบัสหน้ามหาวิทยาลัยพะเยา,0.9685,DUPLICATE
หลอดไฟทางเดินหน้า ตึก EN ดับสนิท มืดมาก,ถังขยะหน้า ตึก EN ขยะล้นถัง ส่งกลิ่นเหม็นเน่า,0.0959,DIFFERENT
ตารางสอบปลายภาควิชา GEN001 ชนกัน ขอทำเรื่องสอบซ้ำ,ลิฟต์โดยสาร ตึก EN ค้างที่ชั้น 7 ใช้งานไม่ได้,0.0223,DIFFERENT
สัญญาณเน็ต UP-WiFi โรงอาหารสงวนเสริมศรี หลุดบ่อย เล่นไม่ได้,สุนัขจรจัดดุมาก วิ่งไล่กวดนิสิตตรง โรงอาหารสงวนเสริมศรี,0.0405,DIFFERENT
มีคนร้ายกรีดเบาะรถและขโมยหมวกกันน็อคตรงลานจอด คณะนิติศาสตร์,โดนขโมยหมวกกันน็อคและเบาะรถจักรยานยนต์โดนกรีดที่ลานจอดรถ ตึกนิติศาสตร์,0.9667,DUPLICATE
เครื่องปรับอากาศห้อง 1304 โรงอาหารสงวนเสริมศรี เสีย ไม่เย็น,เครื่องปรับอากาศห้อง 3201 โรงอาหารสงวนเสริมศรี เสีย ไม่เย็น,0.1445,DIFFERENT
พบแมลงสาบและสิ่งสกปรกปนเปื้อนในจานข้าวที่ คณะนิติศาสตร์,เจอแมลงสาบตัวเล็กในอาหารร้านข้าวที่ ตึกนิติศาสตร์ สกปรกมาก ไม่ถูกสุขอนามัย,0.9537,DUPLICATE
กิ่งไม้ใหญ่หักโค่นพาดขวางถนนตรง ป้ายหอพักใน รถสัญจรไม่ได้,ต้นไม้ล้มขวางทางจราจรบริเวณ ป้ายรอรถหอใน มพ. รถผ่านไม่ได้ การจราจรติดขัด,0.9417,DUPLICATE
สัญญาณเน็ต UP-WiFi คณะนิติศาสตร์ หลุดบ่อย เล่นไม่ได้,สุนัขจรจัดดุมาก วิ่งไล่กวดนิสิตตรง คณะนิติศาสตร์,0.0338,DIFFERENT
สายชำระและก๊อกน้ำห้องน้ำชั้น 7 คณะวิทยาศาสตร์ แตก น้ำไหลนองเต็มพื้น,สายฉีดก้นกับก๊อกน้ำชำรุด น้ำรั่วท่วมห้องน้ำชั้น 7 ตึกวิทย์,0.9464,DUPLICATE
ก๊อกน้ำและท่อประปาที่ ทางเดิน Skywalk ไหลช้ามาก มีสีขุ่นเหลือง,ทางเดิน Skywalk ลื่นมากหลังฝนตก มีนิสิตลื่นล้มหลายคน,0.0479,DIFFERENT
หลอดไฟทางเดินหน้า คณะเภสัชศาสตร์ ดับสนิท มืดมาก,ถังขยะหน้า คณะเภสัชศาสตร์ ขยะล้นถัง ส่งกลิ่นเหม็นเน่า,0.0668,DIFFERENT
สุนัขจรจัดฝูงใหญ่ดุมาก วิ่งไล่กวดรถมอเตอร์ไซค์ตรง คณะศิลปศาสตร์,หมาจรจัดตรง ตึกศิลปศาสตร์ ดุ วิ่งไล่เห่านิสิตที่เดินผ่านตอนกลางคืน,0.9676,DUPLICATE
รถเมล์มอสาย 4 รอนานมาก ไม่ยอมจอดรับที่ป้าย,อาหารที่โรงอาหาร ตึก PKY มีรสเปรี้ยวบูด กินแล้วท้องเสีย,0.049,DIFFERENT
โปรเจกเตอร์ห้อง 3204 หอพักลุมพินี เปิดไม่ติด ภาพไม่ขึ้นจอ อาจารย์สอนไม่ได้,เครื่องฉายโปรเจกเตอร์ห้องเรียน 3204 หอพักใน มพ. พัง จอภาพมืดสนิท,0.9601,DUPLICATE
เครื่องปรับอากาศห้อง 1403 คณะนิติศาสตร์ เสีย ไม่เย็น,เครื่องปรับอากาศห้อง 3401 คณะนิติศาสตร์ เสีย ไม่เย็น,0.1615,DIFFERENT
สอบถามขั้นตอนการขอทุนการศึกษานิสิตขาดแคลนทุนทรัพย์,มีคนร้ายขโมยหมวกกันน็อคตรงลานจอดรถ คณะศิลปศาสตร์,0.0021,DIFFERENT
สุนัขจรจัดฝูงใหญ่ดุมาก วิ่งไล่กวดรถมอเตอร์ไซค์ตรง คณะพยาบาลศาสตร์,หมาจรจัดตรง ตึกพยาบาล ดุ วิ่งไล่เห่านิสิตที่เดินผ่านตอนกลางคืน,0.9717,DUPLICATE
ลิฟต์โดยสาร ตึก CE ค้างที่ชั้น 7 ประตูปิดไม่สนิท น่ากลัวมาก,ลิฟต์ อาคารเรียนรวม CE เสีย ติดค้างอยู่ที่ชั้น 7 กดปุ่มเปิดไม่ไป,0.9532,DUPLICATE
รถเมล์มอสาย 1 (สีม่วง) รอนานมากเกิน 45 นาที รถไม่พอ นิสิตยืนล้นป้าย โรงอาหารสงวนเสริมศรี,รอรถบัส มพ. สาย 1 (สีม่วง) ที่ โรงอาหาร PKY นานมาก คนเบียดกันแน่น รถขาดระยะ,0.9585,DUPLICATE
เครื่องปรับอากาศห้อง 1301 หอพักลุมพินี เสีย ไม่เย็น,เครื่องปรับอากาศห้อง 3201 หอพักลุมพินี เสีย ไม่เย็น,0.1549,DIFFERENT
สุนัขจรจัดฝูงใหญ่ดุมาก วิ่งไล่กวดรถมอเตอร์ไซค์ตรง ตึก CE,หมาจรจัดตรง อาคารเรียนรวม CE ดุ วิ่งไล่เห่านิสิตที่เดินผ่านตอนกลางคืน,0.9457,DUPLICATE
หลอดไฟทางเดินหน้า ตึก PKY ดับสนิท มืดมาก,ถังขยะหน้า ตึก PKY ขยะล้นถัง ส่งกลิ่นเหม็นเน่า,0.0728,DIFFERENT
พบแมลงสาบและสิ่งสกปรกปนเปื้อนในจานข้าวที่ ตึก PKY,เจอแมลงสาบตัวเล็กในอาหารร้านข้าวที่ อาคารสงวนเสริมศรี สกปรกมาก ไม่ถูกสุขอนามัย,0.9911,DUPLICATE
รถเมล์มอสาย 1 รอนานมาก ไม่ยอมจอดรับที่ป้าย,อาหารที่โรงอาหาร กองพัฒนานิสิต DSA มีรสเปรี้ยวบูด กินแล้วท้องเสีย,0.0248,DIFFERENT
คนขับรถชัตเติลบัสสาย 3 (สีแดง) ขับเร็วและเบรกกระชากแรงมากตรง โรงอาหารกลาง,รถเมล์ มพ. สาย 3 (สีแดง) ซิ่งเร็ว เบรกกะทันหัน ผู้โดยสารเกือบหัวทิ่มแถว โรงอาหารใหญ่,0.9386,DUPLICATE
